m,g0_cooperative,g0_conditional_cooperator,g0_compensating_cooperator,g0_selfish,g0_sanctioning,g1_cooperative,g1_conditional_cooperator,g1_compensating_cooperator,g1_selfish,g1_sanctioning,g2_cooperative,g2_conditional_cooperator,g2_compensating_cooperator,g2_selfish,g2_sanctioning,g3_cooperative,g3_conditional_cooperator,g3_compensating_cooperator,g3_selfish,g3_sanctioning,outsider_cooperative,outsider_conditional_cooperator,outsider_compensating_cooperator,outsider_selfish,outsider_sanctioning,welfare_efficiency,collapsed
4,0,0,1,0,1,0,0,0,2,0,0,0,1,0,1,0,1,0,0,1,0,0,0,4,0,0.011202255027431088,True
4,0,1,0,0,1,0,1,0,0,1,1,0,1,0,0,0,1,0,1,0,3,0,1,0,0,0.09830815719918032,True
4,0,1,0,0,1,0,0,1,1,0,0,2,0,0,0,0,0,0,1,1,0,1,0,1,2,0.0072929131898020316,True
4,0,0,2,0,0,0,2,0,0,0,0,0,1,1,0,0,2,0,0,0,2,1,0,1,0,0.0741590671603554,True
4,2,0,0,0,0,1,1,0,0,0,2,0,0,0,0,1,0,0,0,1,0,1,2,0,1,0.9473461055664312,False
4,0,0,0,2,0,1,0,0,1,0,0,0,0,0,2,0,0,1,1,0,0,1,2,1,0,0.031213064960372842,True
4,0,2,0,0,0,0,1,1,0,0,0,1,0,0,1,0,0,0,2,0,0,1,1,2,0,0.04880424253424001,True
4,0,1,0,0,1,0,2,0,0,0,0,2,0,0,0,0,0,0,2,0,0,0,0,1,3,-0.007795409281794039,True
4,0,1,0,0,1,0,1,0,0,1,0,1,0,0,1,0,0,0,1,1,2,0,1,0,1,0.8990908809831051,False
4,2,0,0,0,0,0,2,0,0,0,0,2,0,0,0,0,1,0,0,1,0,1,2,0,1,0.04511297510876526,True
4,0,0,1,0,1,2,0,0,0,0,0,0,2,0,0,0,1,0,0,1,0,1,1,0,2,0.9181400451865773,False
4,0,2,0,0,0,2,0,0,0,0,1,0,0,1,0,0,2,0,0,0,0,3,0,0,1,0.05650573913743092,True
4,0,0,1,0,1,0,0,2,0,0,1,0,1,0,0,0,1,1,0,0,2,1,0,0,1,0.9526354064242182,False
4,1,1,0,0,0,0,1,0,0,1,0,1,1,0,0,0,1,1,0,0,2,0,1,1,0,0.07330403432577472,True
4,1,0,0,1,0,0,1,0,1,0,0,1,0,1,0,0,2,0,0,0,0,1,2,1,0,0.06724374999999999,True
4,0,0,2,0,0,2,0,0,0,0,1,0,1,0,0,0,1,0,0,1,0,0,0,1,3,0.9182445569037981,False
4,0,0,1,1,0,0,0,0,1,1,0,0,1,0,1,0,0,1,1,0,3,0,1,0,0,0.14332058816520785,True
4,0,0,0,2,0,0,0,0,0,2,0,1,1,0,0,1,1,0,0,0,0,3,0,1,0,0.03155116548787353,True
4,2,0,0,0,0,0,2,0,0,0,1,1,0,0,0,0,0,1,0,1,0,0,3,0,1,0.09448918833621806,True
4,0,0,2,0,0,0,0,1,0,1,0,2,0,0,0,0,1,1,0,0,0,1,3,0,0,0.08575337210629125,True
4,1,0,1,0,0,0,2,0,0,0,0,0,0,1,1,0,0,0,2,0,0,1,0,1,2,0.01898427344379015,True
4,0,1,0,0,1,0,0,0,0,2,0,0,0,0,2,0,0,0,0,2,0,0,1,3,0,0.04332058816520816,True
4,0,0,1,1,0,0,0,1,1,0,0,0,0,0,2,1,0,0,0,1,2,0,1,1,0,0.09997463294020437,True
4,2,0,0,0,0,0,1,0,0,1,0,0,0,2,0,1,1,0,0,0,0,0,1,3,0,0.05232812020728311,True
4,1,0,1,0,0,0,0,1,1,0,1,0,0,1,0,1,0,0,0,1,0,2,1,1,0,0.06954037900022986,True
4,1,1,0,0,0,0,0,0,0,2,1,1,0,0,0,0,0,1,1,0,0,0,2,0,2,0.05382791002757007,True
4,0,0,1,0,1,0,0,1,1,0,0,0,0,1,1,0,0,0,0,2,0,2,0,1,1,0.10932989350297148,True
4,0,1,1,0,0,1,0,1,0,0,0,2,0,0,0,0,1,0,1,0,1,0,1,2,0,0.07316434554840524,True
4,0,0,0,2,0,2,0,0,0,0,1,0,0,0,1,1,1,0,0,0,4,0,0,0,0,0.10760056426778129,True
4,0,1,0,1,0,0,0,0,2,0,0,0,0,0,2,0,2,0,0,0,4,0,0,0,0,0.03316005389067191,True
4,0,1,0,0,1,1,0,0,0,1,0,0,2,0,0,1,1,0,0,0,1,1,1,1,0,0.10566306923329292,True
4,0,0,1,1,0,0,0,0,2,0,1,0,0,1,0,1,0,1,0,0,0,1,0,2,1,0.052211117800412585,True
4,0,0,1,1,0,2,0,0,0,0,0,0,0,0,2,0,0,2,0,0,0,1,1,0,2,0.9071617059767828,False
4,0,0,0,0,2,0,1,1,0,0,0,0,0,2,0,0,0,1,0,1,1,0,2,1,0,0.03592476557341188,True
4,1,1,0,0,0,0,0,1,0,1,0,0,0,0,2,0,2,0,0,0,2,1,0,1,0,0.029991247393168326,True
4,0,1,0,0,1,0,1,0,0,1,0,2,0,0,0,1,0,1,0,0,0,0,3,1,0,0.06609893904495105,True
4,0,2,0,0,0,0,0,1,1,0,0,1,1,0,0,2,0,0,0,0,1,2,0,0,1,0.06502066687917667,True
4,0,0,0,2,0,2,0,0,0,0,0,2,0,0,0,1,1,0,0,0,4,0,0,0,0,0.08077865733495475,True
4,2,0,0,0,0,1,1,0,0,0,0,0,0,0,2,1,0,0,0,1,1,1,0,2,0,0.07192592140729437,True
4,0,1,0,0,1,0,1,1,0,0,0,0,0,2,0,2,0,0,0,0,0,0,0,0,4,0.0024158895324432965,True
4,0,0,0,1,1,0,1,0,1,0,1,0,0,0,1,0,0,2,0,0,0,3,0,0,1,0.04580019625124699,True
4,1,0,0,0,1,2,0,0,0,0,0,0,0,0,2,0,1,0,1,0,1,2,0,1,0,0.033396922710032,True
4,0,1,0,0,1,0,0,0,1,1,2,0,0,0,0,0,1,1,0,0,2,0,0,0,2,0.8982001304548467,False
4,0,2,0,0,0,0,0,2,0,0,0,1,0,1,0,0,0,0,2,0,1,0,0,2,1,0.05056345253749068,True
4,1,1,0,0,0,1,1,0,0,0,0,0,0,0,2,0,0,1,1,0,0,3,0,0,1,0.03249123392651866,True
4,1,0,1,0,0,0,0,1,1,0,0,1,0,1,0,0,0,1,1,0,0,1,0,0,3,0.022316418110970213,True
4,1,0,0,1,0,0,0,0,2,0,0,0,2,0,0,0,0,1,0,1,0,0,2,0,2,0.0598985599546071,True
4,1,0,0,0,1,0,0,1,0,1,0,1,0,1,0,1,0,0,0,1,1,0,1,1,1,0.13572889750783598,True
4,1,1,0,0,0,0,1,0,0,1,0,0,0,1,1,0,0,0,0,2,0,0,1,1,2,0.7573275352014315,False
4,0,1,0,1,0,0,1,0,1,0,0,1,0,1,0,0,0,1,0,1,0,1,1,2,0,0.046299305555555594,True
4,0,0,0,1,1,0,1,0,1,0,0,0,2,0,0,0,0,0,0,2,0,2,1,0,1,0.03804178694995771,True
4,0,1,0,0,1,0,0,0,1,1,1,0,1,0,0,0,2,0,0,0,0,1,2,0,1,0.06029840678786171,True
4,0,0,0,0,2,0,0,0,2,0,1,0,0,1,0,0,0,2,0,0,0,0,2,0,2,0.03989855995460713,True
4,0,2,0,0,0,0,0,1,0,1,0,1,1,0,0,0,1,0,1,0,0,1,3,0,0,0.0582920853575893,True
4,0,0,1,0,1,0,1,0,1,0,0,0,0,0,2,0,0,1,0,1,1,0,0,3,0,0.008096135744838808,True
4,1,0,0,1,0,0,0,0,2,0,1,0,1,0,0,0,0,1,1,0,1,0,1,0,2,0.043262729530535636,True
4,0,0,1,1,0,1,1,0,0,0,0,1,0,1,0,0,0,1,1,0,0,0,0,0,4,-0.001883026200510887,True
4,1,0,1,0,0,0,0,1,1,0,0,1,0,1,0,0,1,0,0,1,0,0,0,3,1,0.0430001226657214,True
4,0,1,0,1,0,1,0,0,1,0,0,1,1,0,0,0,1,0,0,1,0,1,0,1,2,0.018984273444480223,True
4,1,0,1,0,0,0,0,1,0,1,0,0,2,0,0,0,0,0,1,1,0,0,0,0,4,0.8771128178087125,False
4,1,0,0,1,0,1,1,0,0,0,0,1,0,1,0,0,1,0,0,1,1,0,1,2,0,0.05301866469166701,True
4,0,0,0,1,1,1,0,1,0,0,1,0,1,0,0,0,2,0,0,0,0,0,2,0,2,0.1422325680612183,True
4,1,0,1,0,0,0,1,0,1,0,1,0,0,0,1,0,0,0,0,2,1,1,0,0,2,0.11652026898390667,True
4,0,0,0,1,1,0,1,0,1,0,1,0,0,1,0,0,0,1,0,1,0,1,1,2,0,0.03433780876146751,True
4,1,1,0,0,0,0,1,1,0,0,0,2,0,0,0,0,0,2,0,0,0,0,2,1,1,0.0707245027855392,True
4,0,0,1,1,0,0,0,2,0,0,0,1,0,0,1,0,0,1,0,1,0,3,0,1,0,0.050613281511885516,True
4,0,0,0,0,2,0,2,0,0,0,1,1,0,0,0,0,0,0,1,1,1,1,0,0,2,-0.002333707919314091,True
4,0,1,1,0,0,0,0,0,0,2,0,0,2,0,0,0,0,2,0,0,4,0,0,0,0,0.9565770996457067,False
4,1,0,0,1,0,0,0,0,1,1,1,0,0,1,0,1,0,0,1,0,0,0,3,0,1,0.05592782407070034,True
4,0,0,2,0,0,2,0,0,0,0,1,1,0,0,0,0,1,0,1,0,0,3,1,0,0,0.08295183968156425,True
4,0,0,1,1,0,1,0,0,1,0,1,0,1,0,0,0,2,0,0,0,1,1,2,0,0,0.08363034315581057,True
4,1,0,0,0,1,0,0,2,0,0,0,0,1,0,1,0,2,0,0,0,0,0,4,0,0,0.6219449834827744,False
4,2,0,0,0,0,0,1,0,0,1,0,0,0,0,2,1,0,0,0,1,2,1,0,1,0,0.8976891753644433,False
4,1,1,0,0,0,0,1,0,1,0,0,0,0,0,2,0,0,0,0,2,1,0,0,1,2,-0.010245966116196142,True
4,0,0,0,0,2,0,2,0,0,0,0,0,1,0,1,2,0,0,0,0,0,0,0,1,3,0.09482196407286334,True
4,1,0,0,1,0,0,0,1,1,0,0,0,2,0,0,2,0,0,0,0,1,0,1,0,2,0.6084658076495366,False
4,0,0,0,1,1,0,1,1,0,0,0,0,1,1,0,0,0,0,0,2,0,3,0,0,1,0.025800196251247024,True
4,0,2,0,0,0,2,0,0,0,0,1,0,1,0,0,1,0,0,1,0,4,0,0,0,0,0.1338178614153331,True
4,0,0,0,2,0,0,0,0,2,0,0,0,0,1,1,1,0,1,0,0,4,0,0,0,0,0.05724388479075506,True
4,0,0,0,0,2,1,0,0,0,1,0,0,1,0,1,0,2,0,0,0,1,1,1,0,1,0.1161470776889118,True
4,0,1,0,0,1,1,0,1,0,0,0,0,0,2,0,1,0,1,0,0,0,0,1,0,3,0.10332058816520794,True
4,0,0,1,0,1,0,1,1,0,0,0,0,2,0,0,2,0,0,0,0,4,0,0,0,0,0.9748840445269624,False
4,0,1,1,0,0,0,1,0,0,1,1,0,0,0,1,0,0,1,1,0,0,0,0,2,2,0.036897024562602826,True
4,1,0,0,0,1,0,1,0,1,0,0,1,1,0,0,0,1,1,0,0,0,0,0,1,3,0.008998195324300845,True
4,0,0,0,2,0,0,1,0,0,1,0,0,2,0,0,0,0,0,2,0,1,0,2,1,0,0.051202255027431046,True
4,0,0,0,1,1,2,0,0,0,0,0,1,0,0,1,0,0,1,1,0,2,0,0,0,2,0.8998114937127917,False
4,1,0,0,1,0,0,2,0,0,0,0,0,1,0,1,1,1,0,0,0,0,2,0,1,1,0.04192971298964694,True
4,1,0,0,1,0,0,0,1,0,1,0,0,2,0,0,1,0,0,1,0,1,2,1,0,0,0.08957353954619372,True
4,0,0,0,2,0,0,0,1,0,1,0,0,0,0,2,2,0,0,0,0,0,1,3,0,0,0.10676443854343153,True
4,0,2,0,0,0,0,1,0,1,0,0,0,1,1,0,0,0,1,1,0,0,0,0,2,2,0.030563452537490713,True
4,0,1,1,0,0,2,0,0,0,0,0,1,1,0,0,2,0,0,0,0,0,0,1,1,2,0.17815028380700138,True
4,1,0,1,0,0,1,0,1,0,0,1,1,0,0,0,0,1,0,0,1,2,1,0,1,0,0.12533464543520478,True
4,0,0,0,0,2,0,1,1,0,0,1,0,0,1,0,0,2,0,0,0,2,1,0,0,1,0.029167517567839796,True
4,0,0,0,0,2,0,2,0,0,0,0,0,0,2,0,0,0,0,0,2,0,1,0,0,3,-0.05397228655757314,True
4,0,2,0,0,0,1,0,0,1,0,0,2,0,0,0,0,0,0,1,1,4,0,0,0,0,0.05972932658891094,True
4,1,1,0,0,0,1,0,0,1,0,1,1,0,0,0,1,0,0,1,0,1,0,0,1,2,0.04579389218381704,True
4,1,1,0,0,0,0,0,1,0,1,0,0,0,1,1,0,0,0,1,1,0,2,0,0,2,0.1185075606362047,True
4,1,0,0,0,1,1,1,0,0,0,2,0,0,0,0,0,0,0,2,0,1,1,1,1,0,0.06503003347085874,True
4,0,1,0,0,1,0,0,0,1,1,0,0,0,1,1,0,0,2,0,0,3,1,0,0,0,0.9289260295324667,False
4,0,0,1,1,0,0,1,1,0,0,0,0,2,0,0,0,1,1,0,0,0,0,1,1,2,0.06975403388380373,True
4,0,0,2,0,0,0,0,0,2,0,1,0,1,0,0,0,1,0,0,1,0,2,2,0,0,0.07469844319274181,True
4,0,0,0,2,0,1,0,0,0,1,0,0,0,1,1,0,0,0,1,1,1,2,0,0,1,0.0176379342353072,True
4,0,0,0,0,2,0,0,1,1,0,0,1,0,1,0,1,0,1,0,0,0,1,1,1,1,0.03393224929401007,True
4,0,0,0,2,0,0,0,0,0,2,0,0,2,0,0,0,0,1,0,1,2,0,2,0,0,0.5884658076495367,False
4,1,0,0,0,1,0,0,0,0,2,0,1,0,1,0,0,1,0,1,0,0,4,0,0,0,0.01251316662766634,True
4,0,0,2,0,0,1,0,0,1,0,0,0,1,1,0,0,0,1,1,0,2,1,0,0,1,0.07814144860379774,True
4,1,0,0,1,0,1,0,0,1,0,1,0,1,0,0,0,0,0,0,2,3,1,0,0,0,0.1267644385434315,True
4,1,0,0,0,1,2,0,0,0,0,1,0,0,0,1,1,0,1,0,0,0,1,0,2,1,0.9385257305823794,False
4,2,0,0,0,0,1,0,0,0,1,2,0,0,0,0,0,0,1,0,1,0,0,2,1,1,0.9383302715604998,False
4,0,1,0,1,0,1,0,1,0,0,0,0,0,1,1,0,0,1,1,0,1,1,1,1,0,0.060120099666913944,True
4,1,0,0,1,0,0,0,0,1,1,1,1,0,0,0,0,2,0,0,0,1,0,2,1,0,0.06057320002439706,True
4,1,0,0,1,0,0,0,1,0,1,0,2,0,0,0,0,0,1,1,0,1,2,1,0,0,0.05849048966595443,True
4,2,0,0,0,0,1,0,1,0,0,0,1,0,1,0,1,0,1,0,0,1,1,1,1,0,0.1113348656495538,True
4,0,1,0,0,1,0,0,0,2,0,1,1,0,0,0,0,1,0,0,1,0,1,2,1,0,0.037128387764386005,True
4,0,0,1,0,1,0,0,2,0,0,1,0,0,1,0,1,0,1,0,0,1,1,1,0,1,0.9477430535942305,False
4,2,0,0,0,0,0,0,0,0,2,0,0,2,0,0,0,0,1,0,1,0,0,0,1,3,0.8777739250108333,False
4,0,0,0,2,0,1,0,0,1,0,0,1,0,0,1,0,0,0,1,1,3,1,0,0,0,0.04025391205138413,True
4,0,0,1,1,0,0,0,0,0,2,0,0,0,2,0,0,0,2,0,0,2,1,0,1,0,0.04111600667880517,True
4,1,1,0,0,0,0,1,1,0,0,2,0,0,0,0,0,1,0,1,0,0,0,0,0,4,0.01556039243925717,True
4,0,0,1,0,1,2,0,0,0,0,0,1,0,0,1,0,1,1,0,0,1,2,0,0,1,0.8191100633698197,False
4,0,0,0,0,2,0,0,2,0,0,2,0,0,0,0,1,1,0,0,0,0,0,1,1,2,0.9091421266805955,False
4,0,1,0,0,1,0,0,1,0,1,0,0,0,0,2,0,1,0,0,1,1,1,2,0,0,0.893845338527343,False
4,0,0,1,0,1,0,1,0,0,1,1,1,0,0,0,0,0,0,0,2,1,1,0,2,0,0.02615242303415438,True
4,0,0,0,0,2,0,0,0,2,0,1,0,0,1,0,0,1,1,0,0,0,0,2,2,0,0.032299753032952565,True
4,1,0,0,0,1,1,0,0,0,1,0,1,0,0,1,0,0,1,1,0,0,0,0,1,3,0.8604411465574573,False
4,0,2,0,0,0,0,1,1,0,0,0,2,0,0,0,0,0,0,1,1,0,0,0,1,3,-0.0018181752723451625,True
4,1,1,0,0,0,0,0,1,0,1,0,2,0,0,0,0,0,0,0,2,0,1,0,0,3,-0.010512457771933433,True
4,0,0,0,2,0,0,0,0,0,2,1,0,1,0,0,1,0,0,1,0,0,2,2,0,0,0.04379557519797194,True
4,1,0,0,0,1,0,0,0,0,2,0,0,0,2,0,0,0,2,0,0,0,1,0,2,1,0.029148338638582096,True
4,0,0,0,0,2,0,2,0,0,0,0,0,1,1,0,0,0,2,0,0,0,1,1,1,1,0.03887076691370803,True
4,1,0,0,1,0,0,0,1,0,1,1,0,1,0,0,0,1,0,1,0,1,1,0,2,0,0.05712114468004462,True
4,0,2,0,0,0,0,1,0,1,0,1,0,0,1,0,0,2,0,0,0,1,1,0,1,1,0.05060111975600003,True
4,0,0,1,0,1,1,1,0,0,0,0,0,0,1,1,0,2,0,0,0,0,1,2,1,0,0.04515609708999212,True
4,0,1,0,0,1,0,0,0,0,2,0,0,0,0,2,0,2,0,0,0,3,1,0,0,0,0.019811746266331486,True
4,0,1,0,0,1,0,0,0,0,2,0,0,0,2,0,1,1,0,0,0,2,0,1,1,0,0.02645426852631145,True
4,0,0,2,0,0,2,0,0,0,0,1,1,0,0,0,0,1,0,1,0,1,0,0,2,1,0.07857372419718116,True
4,1,0,0,0,1,0,0,2,0,0,0,0,1,1,0,1,0,1,0,0,0,4,0,0,0,0.08312017646985234,True
4,1,0,0,0,1,0,2,0,0,0,0,0,0,2,0,0,0,0,0,2,1,0,1,1,1,0.005793892183817102,True
4,0,0,1,1,0,1,0,0,1,0,0,1,1,0,0,0,2,0,0,0,1,0,0,1,2,0.03793160080855594,True
4,1,0,0,1,0,0,0,1,1,0,2,0,0,0,0,0,0,2,0,0,0,2,1,0,1,0.1130065974569768,True
4,0,1,1,0,0,0,0,0,1,1,0,0,0,1,1,0,1,1,0,0,0,0,0,2,2,0.027890876373274826,True
4,1,0,0,0,1,0,1,1,0,0,0,0,0,1,1,1,0,0,1,0,1,1,1,1,0,0.056275208585199105,True
4,0,0,2,0,0,1,0,0,0,1,0,0,2,0,0,0,1,1,0,0,0,2,0,2,0,0.08187476314281725,True
4,0,0,1,1,0,2,0,0,0,0,1,1,0,0,0,1,1,0,0,0,1,0,0,1,2,0.06975403388380373,True
4,1,0,1,0,0,0,0,2,0,0,0,1,0,0,1,0,1,0,0,1,0,1,1,1,1,0.9387288696306115,False
4,1,1,0,0,0,0,0,0,2,0,0,2,0,0,0,1,0,1,0,0,1,1,0,2,0,0.06961735068500968,True
4,0,0,0,2,0,0,0,0,1,1,0,1,0,1,0,0,2,0,0,0,2,1,1,0,0,0.04997266304288566,True
4,0,0,0,0,2,0,0,2,0,0,1,0,0,1,0,0,1,0,0,1,1,1,1,0,1,0.9010710923532176,False
4,0,0,0,0,2,0,0,1,0,1,1,0,1,0,0,0,1,0,0,1,0,0,3,1,0,0.9132882564718074,False
4,1,0,1,0,0,0,1,0,0,1,1,1,0,0,0,0,0,0,2,0,1,0,1,0,2,0.042415889532443234,True
4,0,1,1,0,0,0,1,0,0,1,0,0,0,0,2,0,1,0,1,0,0,0,0,1,3,-0.022143552024861457,True
4,0,0,1,1,0,0,1,0,1,0,1,1,0,0,0,1,0,0,0,1,0,1,1,0,2,0.02602771344242673,True
4,1,0,1,0,0,0,1,0,0,1,2,0,0,0,0,2,0,0,0,0,1,2,0,0,1,0.9588573767084396,False
4,0,0,0,0,2,0,0,0,2,0,0,0,1,0,1,0,0,2,0,0,0,0,1,3,0,0.023262729530535688,True
4,0,0,2,0,0,0,1,1,0,0,0,0,2,0,0,0,0,0,0,2,0,0,2,0,2,0.9194386893236984,False
4,0,0,2,0,0,0,0,1,0,1,1,0,0,0,1,0,0,0,0,2,0,0,1,3,0,0.5684658076495366,False
4,0,1,0,1,0,0,0,1,0,1,1,0,0,0,1,1,0,0,1,0,0,0,2,2,0,0.04249129418505983,True
4,0,1,0,0,1,0,1,0,1,0,1,0,1,0,0,0,0,0,1,1,1,0,1,1,1,0.056440489688543025,True
4,0,1,0,0,1,0,0,0,0,2,0,0,2,0,0,0,1,1,0,0,2,0,0,1,1,0.8962883272890376,False
4,0,2,0,0,0,0,0,0,0,2,0,0,2,0,0,0,0,0,2,0,0,1,2,0,1,0.026027713442426728,True
4,0,0,1,1,0,0,0,1,1,0,0,0,0,1,1,0,0,1,0,1,0,3,0,0,1,0.03819192937057949,True
4,0,2,0,0,0,0,0,2,0,0,0,0,1,1,0,0,1,0,1,0,0,3,1,0,0,0.0714859314203057,True
4,0,0,0,0,2,1,0,0,1,0,0,1,0,0,1,0,0,1,1,0,1,1,0,1,1,0.028385713876920154,True
4,0,0,1,0,1,0,0,0,1,1,1,0,0,0,1,1,0,1,0,0,1,0,1,1,1,0.9183064539983679,False
4,1,0,0,1,0,2,0,0,0,0,0,1,0,1,0,0,2,0,0,0,0,0,1,1,2,0.03793160080855594,True
4,0,0,2,0,0,1,0,0,1,0,0,1,0,1,0,0,0,0,1,1,0,0,2,1,1,0.052886137525525706,True
4,1,0,1,0,0,1,0,0,0,1,2,0,0,0,0,0,1,1,0,0,3,1,0,0,0,0.9028390145055742,False
4,0,1,0,0,1,0,1,0,0,1,1,0,0,1,0,2,0,0,0,0,1,0,0,3,0,0.0469322188276867,True
4,1,1,0,0,0,1,0,0,1,0,0,1,0,0,1,0,2,0,0,0,0,2,0,2,0,0.05094764506109099,True
4,0,1,0,0,1,0,0,2,0,0,0,1,0,0,1,2,0,0,0,0,0,1,0,0,3,0.8997402176677701,False
4,0,1,1,0,0,0,0,1,0,1,0,0,1,0,1,2,0,0,0,0,1,0,1,2,0,0.2702427966714433,False
4,1,0,0,1,0,0,2,0,0,0,0,1,0,1,0,0,0,1,1,0,2,0,1,0,1,0.05316005389067188,True
4,0,1,0,0,1,0,1,1,0,0,0,0,0,0,2,0,0,2,0,0,2,0,1,1,0,0.4081674094602605,True
4,0,0,0,0,2,1,0,1,0,0,0,0,0,2,0,0,0,1,0,1,2,1,0,0,1,0.12136228911061311,True
4,1,1,0,0,0,0,1,0,1,0,1,0,1,0,0,1,0,0,1,0,0,0,2,2,0,0.07525329447918506,True
4,0,1,1,0,0,0,0,1,1,0,0,0,1,0,1,1,1,0,0,0,0,0,0,0,4,0.03383293334003997,True
4,1,0,1,0,0,1,0,0,0,1,0,0,0,1,1,0,2,0,0,0,0,1,2,1,0,0.05940871111902917,True
4,0,0,0,2,0,0,0,0,0,2,0,2,0,0,0,0,0,2,0,0,2,0,0,0,2,0.012189117648897026,True
4,0,1,0,1,0,0,0,1,0,1,0,0,1,0,1,0,0,1,0,1,0,1,0,3,0,0.020595513949421242,True
4,1,0,0,1,0,1,0,0,1,0,0,2,0,0,0,1,0,0,1,0,2,1,0,0,1,0.055551525013205684,True
4,0,0,1,0,1,1,0,1,0,0,1,0,0,0,1,0,0,0,2,0,0,2,0,1,1,0.04983591698472439,True
4,0,2,0,0,0,1,1,0,0,0,0,1,0,0,1,0,0,1,1,0,0,3,1,0,0,0.054840396813287284,True
4,0,0,0,0,2,0,0,0,2,0,1,1,0,0,0,0,1,1,0,0,0,1,0,2,1,0.01910948055289812,True
4,0,0,2,0,0,0,0,1,0,1,1,0,1,0,0,0,0,0,2,0,1,1,2,0,0,0.14676443854343146,True
4,2,0,0,0,0,1,0,1,0,0,2,0,0,0,0,0,1,0,1,0,1,1,1,0,1,0.1965307920470541,True
4,0,2,0,0,0,1,1,0,0,0,0,2,0,0,0,1,0,0,0,1,0,1,2,1,0,0.054975580722962124,True
4,0,0,1,1,0,0,0,0,2,0,0,1,0,1,0,0,1,0,1,0,0,2,2,0,0,0.06521597222222222,True
4,0,2,0,0,0,2,0,0,0,0,1,0,0,1,0,0,0,0,2,0,0,2,1,0,1,0.05366717140157759,True
4,1,0,0,1,0,0,1,1,0,0,1,1,0,0,0,0,0,2,0,0,0,1,0,3,0,0.07451542656193272,True
4,0,0,0,0,2,0,0,0,2,0,0,0,1,0,1,1,0,0,0,1,0,1,2,1,0,0.025695225464261496,True
4,0,0,0,0,2,0,2,0,0,0,0,0,0,1,1,0,0,1,1,0,0,0,0,0,4,-0.032207566761298184,True
4,0,0,0,1,1,0,1,0,0,1,0,2,0,0,0,0,0,1,0,1,0,2,1,1,0,0.024597562664938687,True
4,1,0,1,0,0,1,0,1,0,0,0,0,0,2,0,0,1,1,0,0,1,0,0,0,3,0.06760056426778137,True
4,0,0,1,1,0,0,0,0,2,0,0,0,1,0,1,0,0,1,1,0,2,1,1,0,0,0.05701089975020052,True
4,1,0,0,0,1,0,0,0,1,1,0,2,0,0,0,0,2,0,0,0,3,0,1,0,0,0.04813027761087222,True
4,0,0,0,2,0,2,0,0,0,0,0,2,0,0,0,0,0,0,0,2,2,1,0,0,1,0.026027713442426728,True
4,0,0,2,0,0,1,1,0,0,0,0,0,2,0,0,1,1,0,0,0,0,0,2,1,1,0.20302004418600625,True
4,0,0,2,0,0,1,1,0,0,0,0,0,1,1,0,1,0,0,1,0,1,0,2,1,0,0.09592476557341177,True
4,0,0,0,2,0,2,0,0,0,0,0,1,0,0,1,0,0,0,0,2,2,0,0,1,1,0.04848801510610684,True
4,0,0,2,0,0,0,1,0,0,1,0,2,0,0,0,1,0,0,1,0,0,0,1,3,0,0.055262900014522214,True
4,0,0,1,0,1,0,1,1,0,0,0,0,1,0,1,0,0,0,1,1,0,0,0,3,1,0.14302392905503294,True
4,0,0,0,0,2,1,0,0,1,0,1,1,0,0,0,0,1,0,0,1,1,0,0,1,2,0.039988306477400634,True
4,0,0,1,0,1,0,0,1,0,1,1,0,0,0,1,0,0,0,2,0,0,1,2,1,0,0.04569522546426147,True
4,1,0,1,0,0,1,0,1,0,0,0,1,0,0,1,1,0,0,0,1,0,1,1,0,2,0.9190423712936565,False
4,2,0,0,0,0,0,0,0,2,0,0,1,0,1,0,0,1,0,1,0,2,0,1,1,0,0.06772980415104694,True
4,0,1,0,1,0,0,0,1,0,1,0,0,1,0,1,0,0,0,1,1,1,2,1,0,0,0.0391032645989676,True
4,2,0,0,0,0,1,0,0,1,0,0,1,1,0,0,1,0,0,1,0,0,0,0,4,0,0.07010140587626941,True
4,0,1,0,0,1,0,1,0,0,1,2,0,0,0,0,0,0,1,1,0,2,1,0,0,1,0.8138816732012186,False
4,0,0,0,0,2,2,0,0,0,0,1,0,1,0,0,0,1,0,1,0,0,0,0,0,4,0.5380640392467386,False
4,0,0,1,0,1,0,1,1,0,0,0,0,2,0,0,0,0,0,0,2,0,2,2,0,0,0.2581411024720921,False
4,0,1,0,0,1,1,0,1,0,0,0,0,0,0,2,0,0,2,0,0,1,0,1,1,1,0.9177026872737128,False
4,0,0,0,2,0,0,2,0,0,0,0,1,1,0,0,1,0,1,0,0,1,0,0,3,0,0.06845813223946548,True
4,0,0,0,2,0,1,0,0,0,1,0,0,1,1,0,0,0,0,1,1,0,0,0,4,0,0.02561435386278335,True
4,1,0,0,0,1,0,1,0,1,0,1,0,1,0,0,1,0,0,1,0,1,0,0,3,0,0.054963327954978214,True
4,1,0,0,1,0,0,0,0,0,2,0,0,0,2,0,2,0,0,0,0,2,1,1,0,0,0.05419881268284677,True
4,0,0,1,1,0,0,0,0,0,2,1,0,0,0,1,1,0,0,0,1,2,0,0,0,2,0.8670865615323217,False
4,0,1,0,1,0,1,0,1,0,0,1,0,1,0,0,0,0,2,0,0,2,2,0,0,0,0.11450125448340198,True
4,0,0,0,2,0,0,1,0,0,1,0,1,0,1,0,0,1,0,0,1,0,1,0,2,1,0.012429374025619725,True
4,0,0,2,0,0,0,2,0,0,0,2,0,0,0,0,0,0,0,0,2,2,0,0,0,2,0.5775498086671358,False
4,1,1,0,0,0,0,0,0,2,0,0,0,0,0,2,1,1,0,0,0,0,0,1,0,3,-0.007810882351102939,True
4,0,0,1,0,1,1,0,0,1,0,0,1,0,0,1,0,0,1,0,1,3,0,0,0,1,0.9059058776352371,False
4,1,0,0,0,1,0,0,2,0,0,1,0,0,0,1,1,1,0,0,0,1,2,0,0,1,0.9233874135999408,False
4,2,0,0,0,0,1,0,1,0,0,0,0,1,1,0,0,1,0,0,1,0,0,2,0,2,0.9271617059767826,False
4,0,0,1,1,0,0,2,0,0,0,0,1,0,1,0,0,0,1,1,0,1,0,1,1,1,0.05168373089815092,True
4,0,2,0,0,0,0,1,0,1,0,1,0,0,0,1,0,2,0,0,0,0,2,0,1,1,0.03276071000000006,True
4,0,0,0,1,1,0,1,1,0,0,2,0,0,0,0,0,0,1,0,1,2,1,0,1,0,0.10533464543520482,True
4,1,0,0,1,0,0,2,0,0,0,1,1,0,0,0,0,1,1,0,0,1,0,0,0,3,0.022945851819266415,True
4,1,1,0,0,0,0,2,0,0,0,1,0,1,0,0,0,0,0,1,1,0,3,0,1,0,0.05631391917919927,True
4,0,2,0,0,0,2,0,0,0,0,1,0,0,1,0,0,1,1,0,0,1,3,0,0,0,0.07650582841705623,True
4,0,0,0,0,2,0,2,0,0,0,1,0,0,1,0,0,2,0,0,0,1,0,1,1,1,0.020030642187083628,True
4,1,1,0,0,0,0,0,2,0,0,0,0,0,0,2,1,1,0,0,0,1,0,0,1,2,0.136847163801049,True
4,0,2,0,0,0,1,0,0,1,0,1,0,1,0,0,1,0,0,0,1,0,2,0,1,1,0.05223059362915922,True
4,0,0,0,2,0,1,1,0,0,0,0,1,0,0,1,1,0,1,0,0,2,0,0,0,2,0.042415889532443234,True
4,0,0,1,1,0,0,0,1,0,1,0,0,0,2,0,0,0,0,2,0,0,2,1,0,1,0.02803979551075839,True
4,0,2,0,0,0,0,0,1,1,0,2,0,0,0,0,0,1,0,0,1,0,0,3,0,1,0.06780523958018997,True
4,0,0,0,2,0,0,0,0,1,1,0,0,0,2,0,1,0,0,1,0,3,1,0,0,0,0.04759917604582885,True
4,1,0,1,0,0,1,0,0,0,1,0,0,0,1,1,1,0,0,0,1,0,0,3,1,0,0.9318028055530815,False
4,0,0,2,0,0,0,2,0,0,0,0,0,1,1,0,0,1,1,0,0,1,0,2,1,0,0.08452335913449811,True
4,0,0,1,0,1,0,0,1,1,0,0,0,0,0,2,0,0,0,0,2,0,0,2,0,2,0.8474219005302958,False
4,0,0,0,2,0,1,0,0,0,1,0,1,0,1,0,0,1,0,0,1,0,1,1,1,1,0.015822415645554002,True
4,0,0,0,2,0,2,0,0,0,0,0,0,1,0,1,1,1,0,0,0,3,0,1,0,0,0.10760056426778129,True
4,1,0,0,1,0,2,0,0,0,0,0,0,1,1,0,0,1,0,1,0,1,0,0,3,0,0.0682508047786385,True
4,0,0,0,2,0,1,1,0,0,0,2,0,0,0,0,2,0,0,0,0,0,1,1,1,1,0.07393224929401,True
4,0,0,2,0,0,0,1,0,0,1,1,0,0,1,0,0,1,0,1,0,2,2,0,0,0,0.06222573615985825,True
4,1,0,0,1,0,0,1,0,1,0,0,0,0,1,1,1,1,0,0,0,3,0,0,0,1,0.045263684473248605,True
4,1,0,1,0,0,0,1,1,0,0,0,1,1,0,0,0,0,0,2,0,0,1,0,1,2,0.04192013877397927,True
4,0,0,1,0,1,0,1,0,1,0,0,1,1,0,0,1,0,0,0,1,4,0,0,0,0,0.09382539812293532,True
4,1,0,0,0,1,0,1,0,1,0,0,0,0,0,2,0,0,2,0,0,4,0,0,0,0,0.5980734280008385,False
4,1,1,0,0,0,0,0,1,1,0,0,0,0,1,1,0,1,0,0,1,3,0,0,1,0,0.06134788957033336,True
4,0,0,0,0,2,0,1,0,0,1,1,0,0,1,0,0,0,0,1,1,0,2,0,0,2,0.08993034755022018,True
4,1,0,0,1,0,1,0,0,1,0,0,0,1,1,0,0,2,0,0,0,1,1,0,2,0,0.06782216638215159,True
4,0,1,0,0,1,0,0,1,1,0,0,1,0,1,0,1,0,0,1,0,3,1,0,0,0,0.05691083518833651,True
4,1,1,0,0,0,0,0,1,1,0,0,1,0,0,1,0,0,0,0,2,1,0,1,2,0,0.03301554545551463,True
4,0,1,1,0,0,0,1,0,0,1,1,0,0,0,1,0,1,0,1,0,0,4,0,0,0,0.036260712229316615,True
4,0,2,0,0,0,1,0,1,0,0,1,0,1,0,0,0,1,0,0,1,0,1,3,0,0,0.1040800120684699,True
4,2,0,0,0,0,1,0,0,0,1,0,1,1,0,0,0,0,1,0,1,0,0,0,0,4,0.8712150634186832,False
4,1,1,0,0,0,0,2,0,0,0,1,1,0,0,0,2,0,0,0,0,2,0,0,1,1,0.06837278510484161,True
4,0,0,0,2,0,0,0,1,0,1,0,1,0,0,1,1,0,1,0,0,0,1,0,0,3,0.029332135892752857,True
4,0,0,0,0,2,1,1,0,0,0,0,1,1,0,0,0,0,0,0,2,0,1,0,3,0,0.0036303431558106745,True
4,0,1,0,0,1,0,0,0,1,1,0,1,0,0,1,0,1,0,0,1,0,1,0,1,2,0.8717584053079649,False
4,0,0,0,0,2,0,0,0,1,1,0,1,0,0,1,0,0,2,0,0,1,1,0,0,2,0.8795010889982232,False
4,2,0,0,0,0,0,0,2,0,0,1,0,0,1,0,0,1,0,1,0,2,2,0,0,0,0.08729404040188331,True
4,0,1,0,0,1,0,0,1,1,0,0,0,2,0,0,0,1,0,1,0,3,0,0,1,0,0.06645426852631138,True
4,0,1,0,0,1,0,0,2,0,0,0,0,2,0,0,1,0,1,0,0,1,1,0,0,2,0.936795698801449,False
4,2,0,0,0,0,0,1,0,1,0,0,0,2,0,0,0,0,0,1,1,0,1,2,0,1,0.10063100002014821,True
4,0,0,1,1,0,0,1,0,1,0,0,1,0,0,1,0,0,1,1,0,0,0,0,0,4,-0.018405198268408973,True
4,0,0,0,0,2,0,0,0,0,2,0,1,0,0,1,0,1,1,0,0,2,0,0,2,0,0.04206780135700983,True
4,0,0,2,0,0,0,1,1,0,0,1,0,1,0,0,1,0,1,0,0,1,2,1,0,0,0.31863439380264025,False
4,1,0,1,0,0,0,1,1,0,0,1,1,0,0,0,0,0,0,2,0,1,0,0,2,1,0.061714063000500585,True
4,1,0,0,0,1,0,0,0,0,2,0,0,2,0,0,0,0,0,1,1,1,2,1,0,0,0.8982270670449318,False
4,0,1,0,0,1,0,0,2,0,0,0,0,1,1,0,0,0,2,0,0,0,0,3,1,0,0.42464387430982975,True
4,0,0,0,2,0,0,0,0,2,0,2,0,0,0,0,0,0,1,1,0,1,0,0,3,0,0.061376930194130465,True
4,0,0,1,1,0,0,0,0,1,1,1,0,1,0,0,0,1,1,0,0,2,0,2,0,0,0.17849653136961827,True
4,2,0,0,0,0,0,0,1,1,0,0,0,0,0,2,0,0,0,2,0,0,2,0,0,2,0.0087236036124187,True
4,0,0,1,0,1,0,1,1,0,0,0,1,0,0,1,2,0,0,0,0,3,1,0,0,0,0.426951890412821,True
4,0,1,0,0,1,0,0,0,0,2,0,1,1,0,0,1,0,1,0,0,0,2,1,1,0,0.048233200165673173,True
4,1,1,0,0,0,0,0,2,0,0,1,1,0,0,0,0,1,0,1,0,0,0,1,0,3,0.03556829193529227,True
4,1,0,0,1,0,0,0,0,1,1,0,1,0,1,0,0,0,0,0,2,0,3,0,0,1,0.0038745918916975757,True
4,0,1,0,0,1,0,0,1,0,1,0,0,0,0,2,2,0,0,0,0,1,0,0,3,0,0.10332058816520806,True
4,1,0,1,0,0,2,0,0,0,0,0,0,1,1,0,0,0,0,2,0,0,2,0,2,0,0.07107790188682825,True
4,0,1,1,0,0,1,0,0,0,1,0,1,0,0,1,0,0,0,0,2,0,1,2,0,1,0.8835516979029133,False
4,0,0,0,0,2,1,0,1,0,0,1,0,0,1,0,0,0,2,0,0,0,0,1,1,2,0.9036267327616334,False
4,0,1,1,0,0,0,2,0,0,0,1,0,0,1,0,0,1,1,0,0,0,2,1,0,1,0.05810859779326645,True
4,0,0,0,0,2,0,2,0,0,0,1,0,1,0,0,1,1,0,0,0,1,0,0,0,3,0.03242887896924184,True
4,1,0,0,1,0,0,0,0,1,1,0,0,1,0,1,0,0,1,1,0,0,0,0,1,3,0.028488015104373352,True
4,0,2,0,0,0,1,0,1,0,0,0,1,0,0,1,1,0,0,0,1,0,0,1,3,0,0.04526368454055804,True
4,1,1,0,0,0,0,2,0,0,0,0,1,0,1,0,0,2,0,0,0,2,1,0,1,0,0.06924375,True
4,1,1,0,0,0,1,1,0,0,0,2,0,0,0,0,1,1,0,0,0,2,1,0,1,0,0.08979171850231925,True
4,0,0,0,2,0,1,1,0,0,0,0,0,1,1,0,0,0,2,0,0,0,1,1,0,2,0.042316418110970186,True
4,0,1,1,0,0,0,0,1,1,0,0,0,0,1,1,0,0,1,0,1,1,1,0,1,1,0.057493471840154915,True
4,0,1,0,0,1,0,2,0,0,0,0,0,1,1,0,0,1,1,0,0,0,0,0,1,3,0.004449947933321592,True
4,0,0,1,1,0,0,0,2,0,0,2,0,0,0,0,0,0,0,0,2,2,0,1,1,0,0.8792914573541749,False
4,0,0,1,0,1,0,0,2,0,0,1,0,1,0,0,1,0,1,0,0,1,1,1,0,1,0.9552900618023964,False
4,1,0,1,0,0,1,0,0,1,0,0,1,0,1,0,0,0,1,1,0,3,0,0,0,1,0.0680961357448387,True
4,0,0,0,0,2,0,2,0,0,0,0,0,2,0,0,0,1,0,1,0,0,2,1,0,1,0.025023432539531903,True
4,0,2,0,0,0,0,0,1,1,0,1,0,0,0,1,0,0,0,0,2,1,0,2,1,0,0.040525233903659766,True
4,0,2,0,0,0,1,1,0,0,0,1,0,0,0,1,1,0,1,0,0,0,0,1,0,3,0.05312778555766293,True
4,0,0,0,2,0,1,0,0,0,1,0,1,0,0,1,0,0,0,0,2,0,1,1,2,0,0.00022224758220146723,True
4,1,0,0,1,0,0,2,0,0,0,0,0,1,1,0,0,0,1,1,0,0,1,0,3,0,0.0655781328354871,True
4,1,0,0,0,1,1,1,0,0,0,1,0,1,0,0,1,1,0,0,0,0,0,1,0,3,0.577113938372579,False
4,1,0,1,0,0,0,0,1,0,1,0,0,0,1,1,0,0,2,0,0,3,0,1,0,0,0.9563968686396461,False
4,0,2,0,0,0,1,0,1,0,0,0,0,0,2,0,0,0,2,0,0,3,0,0,1,0,0.081667168250454,True
4,0,0,1,1,0,0,2,0,0,0,1,1,0,0,0,1,1,0,0,0,0,0,0,2,2,0.037873003893664846,True
4,0,1,0,1,0,0,0,1,0,1,1,1,0,0,0,0,0,1,1,0,0,1,1,0,2,0.02602771344242673,True
4,0,0,0,0,2,0,0,1,0,1,0,0,0,1,1,0,2,0,0,0,2,0,0,1,1,0.04091440519133784,True
4,1,0,0,0,1,0,1,0,1,0,0,1,0,1,0,0,0,1,1,0,3,1,0,0,0,0.05451542656193273,True
4,0,1,0,0,1,0,1,0,1,0,0,0,2,0,0,0,2,0,0,0,1,1,0,1,1,0.041703835323802334,True
4,0,0,0,1,1,1,0,0,0,1,0,0,1,1,0,0,0,0,1,1,3,0,0,0,1,0.8981724718910121,False
4,2,0,0,0,0,0,1,0,0,1,1,0,0,1,0,0,0,1,1,0,3,0,0,1,0,0.0888940539909026,True
4,1,0,0,1,0,0,0,0,2,0,0,0,1,0,1,0,0,0,0,2,2,2,0,0,0,0.02379557519797198,True
4,0,1,1,0,0,1,0,1,0,0,1,0,0,1,0,0,0,0,2,0,1,0,1,1,1,0.062052283062933755,True
4,1,0,1,0,0,1,0,0,0,1,0,1,1,0,0,1,1,0,0,0,1,1,2,0,0,0.15628614599414353,True
4,1,0,0,1,0,0,1,1,0,0,1,0,1,0,0,0,0,1,1,0,0,0,3,1,0,0.09592476557341177,True
4,0,2,0,0,0,0,1,0,0,1,0,0,0,2,0,0,0,1,0,1,0,2,1,0,1,0.019183766137480723,True
4,0,0,0,2,0,2,0,0,0,0,0,1,0,0,1,0,0,0,0,2,1,1,0,1,1,0.028385713876920154,True
4,1,0,0,1,0,0,1,1,0,0,0,1,0,0,1,1,0,0,1,0,1,0,0,0,3,0.022415889532443264,True
4,0,0,0,2,0,0,1,0,1,0,0,1,0,0,1,1,1,0,0,0,2,1,0,0,1,0.0335324073117632,True
4,0,0,1,1,0,2,0,0,0,0,0,1,1,0,0,0,0,1,0,1,0,0,3,0,1,0.6181015758152251,False
4,1,1,0,0,0,0,1,0,1,0,0,0,1,0,1,1,0,0,1,0,0,0,0,0,4,-0.0078108823511029365,True
4,0,1,0,0,1,0,1,0,0,1,0,0,0,2,0,1,1,0,0,0,0,2,0,2,0,0.030536181129864674,True
4,1,0,0,0,1,1,0,0,0,1,2,0,0,0,0,1,0,0,0,1,0,0,2,2,0,0.9187035354263883,False
4,0,0,2,0,0,0,0,0,1,1,1,0,1,0,0,0,1,1,0,0,0,0,2,2,0,0.12206780135700972,True
4,0,1,0,1,0,0,1,1,0,0,0,1,1,0,0,0,0,0,2,0,1,0,0,2,1,0.05056345253749068,True
4,1,0,1,0,0,0,0,0,2,0,2,0,0,0,0,0,1,0,0,1,1,1,0,1,1,0.06838571387692009,True
4,1,1,0,0,0,0,0,2,0,0,0,2,0,0,0,0,0,1,1,0,1,2,1,0,0,0.08040011138376095,True
4,0,2,0,0,0,0,1,1,0,0,0,2,0,0,0,1,1,0,0,0,0,0,0,2,2,0.03394960163510379,True
4,2,0,0,0,0,0,1,0,0,1,2,0,0,0,0,0,0,0,2,0,0,2,2,0,0,0.07469844319274181,True
4,0,0,0,2,0,0,1,0,1,0,1,0,0,1,0,0,0,0,2,0,0,2,1,0,1,0.04333055555555559,True
4,1,0,0,0,1,0,1,0,1,0,0,0,0,1,1,0,1,0,1,0,2,2,0,0,0,0.0360829269930088,True
4,0,2,0,0,0,0,0,0,0,2,0,0,0,2,0,2,0,0,0,0,0,1,1,2,0,0.03245067639381742,True
4,0,0,1,0,1,0,1,0,1,0,1,0,0,0,1,1,1,0,0,0,0,0,1,2,1,0.03857372419718122,True
4,0,0,0,0,2,1,0,0,1,0,1,1,0,0,0,1,0,1,0,0,1,3,0,0,0,0.055560392439257096,True
4,0,0,2,0,0,1,1,0,0,0,0,0,1,1,0,1,1,0,0,0,4,0,0,0,0,0.1338329333400398,True
4,1,0,0,0,1,1,0,0,0,1,0,1,0,1,0,0,0,0,0,2,1,0,0,0,3,0.5180546474163159,False
4,1,0,1,0,0,0,1,0,1,0,0,1,0,1,0,0,2,0,0,0,1,0,1,2,0,0.06889515118229103,True
4,1,0,0,1,0,0,0,1,1,0,0,0,0,1,1,1,0,0,0,1,2,0,0,1,1,0.06848801510437329,True
4,0,1,0,0,1,0,1,0,1,0,0,0,2,0,0,0,0,2,0,0,0,2,0,0,2,0.058055174940906805,True
4,0,2,0,0,0,0,1,1,0,0,0,0,0,1,1,1,1,0,0,0,4,0,0,0,0,0.06833094459421735,True
4,0,1,1,0,0,0,2,0,0,0,1,0,0,0,1,0,0,0,0,2,2,0,0,2,0,0.029292097330890464,True
4,1,0,0,1,0,0,0,1,0,1,0,1,0,1,0,0,1,1,0,0,0,0,1,3,0,0.05090185458865974,True
4,0,0,2,0,0,0,2,0,0,0,0,0,0,1,1,0,0,2,0,0,2,1,1,0,0,0.10477168603963452,True
4,0,2,0,0,0,0,0,0,0,2,0,1,1,0,0,0,2,0,0,0,1,0,0,3,0,0.03148593142030573,True
4,0,0,2,0,0,0,1,1,0,0,0,2,0,0,0,1,0,1,0,0,1,1,1,1,0,0.09071123932062253,True
4,0,0,0,2,0,0,1,0,0,1,1,1,0,0,0,0,1,1,0,0,0,2,0,1,1,0.03712566431369771,True
4,0,1,1,0,0,0,0,1,1,0,0,1,1,0,0,0,1,1,0,0,2,0,0,1,1,0.06899819532430074,True
4,0,1,0,0,1,0,0,1,0,1,0,1,1,0,0,0,0,0,0,2,0,1,1,0,2,0.8634000092876675,False
4,0,0,0,0,2,1,0,0,0,1,0,1,0,1,0,0,1,0,0,1,0,0,2,1,1,0.03998830647740063,True
4,0,0,0,2,0,0,0,1,0,1,0,2,0,0,0,0,1,0,0,1,0,0,3,1,0,0.037877498287261765,True
4,0,0,0,2,0,0,0,0,1,1,2,0,0,0,0,1,0,0,0,1,0,0,0,3,1,0.03666422533571168,True
4,1,0,0,0,1,1,1,0,0,0,0,0,2,0,0,1,0,0,1,0,0,0,2,2,0,0.08769508483620995,True
4,0,1,1,0,0,2,0,0,0,0,1,0,1,0,0,0,1,1,0,0,0,0,3,0,1,0.6411977797567896,False
4,0,0,0,2,0,2,0,0,0,0,0,2,0,0,0,1,0,0,0,1,4,0,0,0,0,0.07218911764889692,True
4,0,1,1,0,0,1,0,0,0,1,0,1,0,0,1,1,1,0,0,0,0,0,3,0,1,0.14155845875694886,True
4,0,1,1,0,0,1,0,1,0,0,0,0,0,2,0,1,1,0,0,0,0,0,0,3,1,0.058911467220142275,True
4,1,0,0,0,1,1,1,0,0,0,0,1,0,1,0,0,0,0,0,2,1,2,0,0,1,0.019127383649152712,True
4,0,1,0,0,1,1,0,0,1,0,1,0,1,0,0,1,1,0,0,0,0,0,0,4,0,0.05480449950307992,True
4,1,1,0,0,0,0,0,0,1,1,0,0,0,0,2,0,1,0,1,0,0,1,0,1,2,-0.00828172835718678,True
4,0,0,1,0,1,0,1,0,1,0,1,0,1,0,0,0,0,0,2,0,0,1,0,3,0,0.04695579923525142,True
4,0,1,0,0,1,0,1,1,0,0,0,2,0,0,0,2,0,0,0,0,0,2,1,1,0,0.059887675746624014,True
4,0,0,1,0,1,0,0,1,1,0,2,0,0,0,0,1,0,0,1,0,3,0,0,0,1,0.6084658076495366,False
4,1,0,0,0,1,2,0,0,0,0,1,1,0,0,0,0,1,0,0,1,1,0,0,3,0,0.06241588953244321,True
4,0,2,0,0,0,2,0,0,0,0,0,1,0,1,0,2,0,0,0,0,0,0,1,0,3,0.035558812292712336,True
4,0,0,1,0,1,1,0,0,1,0,0,0,2,0,0,0,0,0,0,2,1,2,1,0,0,0.25365615413799303,False
4,0,1,0,1,0,0,0,2,0,0,0,1,0,1,0,0,1,1,0,0,1,2,0,1,0,0.07062652380471626,True
4,1,1,0,0,0,0,1,1,0,0,1,0,1,0,0,1,0,0,1,0,0,2,1,0,1,0.0791425486756646,True
4,0,0,1,0,1,0,0,2,0,0,0,0,2,0,0,1,0,0,1,0,2,0,0,2,0,0.2776482522129493,False
4,0,0,0,0,2,1,0,1,0,0,0,1,0,1,0,0,1,0,1,0,0,2,2,0,0,0.038490489665954454,True
4,1,0,0,1,0,0,0,0,1,1,1,0,1,0,0,0,0,0,2,0,0,2,0,2,0,0.04940370332198048,True
4,0,0,0,1,1,0,0,2,0,0,0,0,2,0,0,0,0,2,0,0,0,0,1,0,3,0.9132497592260671,False
4,1,0,0,0,1,1,1,0,0,0,1,0,1,0,0,0,0,2,0,0,2,0,0,1,1,0.9491464644936275,False
4,1,0,0,0,1,2,0,0,0,0,0,0,0,0,2,0,0,2,0,0,0,1,0,1,2,0.8990622146536411,False
4,1,0,0,0,1,0,0,0,1,1,0,1,1,0,0,0,1,0,1,0,0,2,1,0,1,0.03197437042664263,True
4,0,1,1,0,0,0,0,1,1,0,1,0,0,1,0,1,1,0,0,0,1,0,0,0,3,0.032189117648896995,True
4,0,0,1,1,0,0,0,0,0,2,0,0,1,1,0,0,0,2,0,0,3,0,0,0,1,0.5884658076495367,False
4,0,1,1,0,0,0,0,1,0,1,0,0,0,1,1,0,0,0,1,1,1,0,1,0,2,0.8773195810193036,False
4,0,0,0,1,1,0,0,1,1,0,2,0,0,0,0,0,1,0,1,0,0,0,1,1,2,0.03288613752552574,True
4,1,0,0,0,1,2,0,0,0,0,1,0,0,1,0,0,0,0,1,1,0,1,1,0,2,0.9004180923437748,False
4,2,0,0,0,0,0,0,1,0,1,1,0,0,0,1,1,0,1,0,0,1,0,1,2,0,0.9388615100414036,False
4,1,1,0,0,0,0,0,0,0,2,0,0,1,0,1,0,1,0,0,1,3,1,0,0,0,0.38282104723358384,True
4,0,1,0,1,0,0,0,0,1,1,0,0,2,0,0,1,0,0,0,1,1,1,2,0,0,0.08132097257482623,True
4,1,1,0,0,0,2,0,0,0,0,1,0,1,0,0,0,1,1,0,0,0,0,2,0,2,0.6192307422483094,False
4,1,0,0,1,0,0,0,0,0,2,0,2,0,0,0,1,0,0,0,1,2,0,0,1,1,0.029754033883803793,True
4,2,0,0,0,0,1,1,0,0,0,0,1,0,1,0,0,2,0,0,0,2,0,0,2,0,0.07316434554840524,True
4,0,1,1,0,0,0,0,0,0,2,1,1,0,0,0,2,0,0,0,0,0,1,0,3,0,0.04363034315581061,True
4,0,0,1,0,1,1,0,0,0,1,0,0,1,1,0,1,0,1,0,0,0,4,0,0,0,0.06311480368231234,True
4,0,0,2,0,0,0,1,0,0,1,0,1,1,0,0,0,0,1,1,0,0,3,1,0,0,0.0684184094321656,True
4,0,1,0,0,1,0,1,0,1,0,0,2,0,0,0,1,0,1,0,0,1,0,0,2,1,0.04154047050398183,True
4,0,0,0,0,2,2,0,0,0,0,1,0,1,0,0,0,0,1,0,1,1,3,0,0,0,0.5975498086671355,False
4,1,0,0,1,0,1,1,0,0,0,0,1,0,0,1,0,0,1,1,0,0,0,0,2,2,0.027093242259850416,True
4,0,0,0,1,1,0,1,0,0,1,0,0,1,0,1,0,0,0,2,0,1,0,1,1,1,0.027331664718164412,True
4,0,1,0,1,0,0,0,1,0,1,1,0,1,0,0,0,1,0,1,0,2,2,0,0,0,0.05849048966595443,True
4,1,0,0,0,1,0,0,1,0,1,1,1,0,0,0,0,0,0,1,1,1,1,0,0,2,0.8850072821597699,False
4,0,2,0,0,0,0,1,0,1,0,0,0,2,0,0,0,1,0,1,0,0,1,1,1,1,0.05236397553332493,True
4,0,2,0,0,0,2,0,0,0,0,1,0,0,1,0,1,0,0,0,1,0,1,0,3,0,0.05451542656193274,True
4,1,0,0,0,1,0,1,0,1,0,0,0,1,0,1,0,0,0,1,1,3,0,0,0,1,0.11844535144331675,True
4,0,1,0,0,1,0,1,1,0,0,1,0,1,0,0,1,0,0,1,0,0,2,0,1,1,0.06537380147102584,True
4,1,0,0,1,0,0,0,0,0,2,0,0,0,2,0,0,2,0,0,0,0,0,2,2,0,0.029202627576270592,True
4,0,0,2,0,0,0,1,1,0,0,0,0,2,0,0,2,0,0,0,0,1,0,0,3,0,0.1276005642677812,True
4,1,0,0,0,1,0,0,0,2,0,1,1,0,0,0,0,0,1,0,1,0,2,1,1,0,0.03905814843227061,True
4,0,0,0,2,0,0,0,1,1,0,0,0,0,1,1,0,1,0,0,1,1,1,0,2,0,0.02956615080600887,True
4,0,0,0,1,1,0,1,1,0,0,0,0,2,0,0,1,0,0,0,1,0,3,0,1,0,0.053376126821936556,True
4,0,1,1,0,0,0,0,1,0,1,0,2,0,0,0,0,1,0,0,1,1,1,1,1,0,0.04521648990826167,True
4,0,0,0,0,2,0,1,0,1,0,2,0,0,0,0,0,0,1,0,1,1,0,0,3,0,0.028096135744838775,True
4,0,0,1,1,0,1,0,1,0,0,0,1,0,0,1,1,1,0,0,0,2,0,2,0,0,0.17848118344285363,True
4,1,0,0,1,0,0,0,1,1,0,0,1,0,0,1,0,0,0,2,0,0,1,0,0,3,-0.005565015543477144,True
4,0,0,2,0,0,1,0,0,1,0,1,0,0,0,1,0,2,0,0,0,1,1,0,0,2,0.05005239026128306,True
4,0,1,1,0,0,0,0,1,1,0,1,0,0,0,1,0,0,0,1,1,2,1,0,1,0,0.056275208585199105,True
4,0,0,1,1,0,1,0,0,1,0,2,0,0,0,0,2,0,0,0,0,0,0,4,0,0,0.6484658076495367,False
4,0,1,0,0,1,0,0,0,1,1,0,1,0,1,0,0,0,0,0,2,1,0,2,1,0,0.02134788957033342,True
4,0,0,0,0,2,0,0,0,2,0,2,0,0,0,0,0,0,0,2,0,0,0,2,0,2,0.0032627295305357037,True
4,0,1,1,0,0,1,0,0,0,1,0,0,0,1,1,0,1,0,0,1,0,0,2,0,2,0.8833953283334781,False
4,1,0,0,0,1,1,1,0,0,0,0,0,1,1,0,2,0,0,0,0,0,0,3,0,1,0.6180828136796179,False
4,0,0,1,0,1,1,0,1,0,0,1,0,1,0,0,0,0,1,1,0,1,0,0,0,3,0.9074723876387876,False
4,1,0,0,0,1,0,1,0,1,0,0,1,0,0,1,1,0,0,1,0,0,0,1,2,1,0.027093242259850412,True
4,1,0,0,1,0,0,2,0,0,0,0,0,1,1,0,1,1,0,0,0,0,2,0,1,1,0.05441333748011401,True
4,1,0,0,1,0,0,1,0,1,0,1,0,1,0,0,0,1,0,1,0,1,0,0,1,2,0.03536568351561808,True
4,0,0,0,0,2,1,0,0,1,0,0,0,0,2,0,0,2,0,0,0,0,1,0,1,2,-0.006491657413790263,True
4,0,1,1,0,0,0,1,0,0,1,0,0,1,1,0,1,0,0,0,1,0,2,2,0,0,0.059106931643162074,True
4,0,0,1,0,1,1,0,1,0,0,2,0,0,0,0,0,0,0,0,2,0,1,1,0,2,0.8986526380746189,False
4,0,1,0,0,1,1,1,0,0,0,1,0,0,0,1,0,0,2,0,0,0,0,0,3,1,0.16099996324056287,True
4,0,2,0,0,0,1,0,0,1,0,1,0,0,0,1,0,2,0,0,0,1,1,1,1,0,0.054159067160355435,True
4,1,0,0,1,0,1,1,0,0,0,0,0,0,2,0,0,0,0,1,1,0,1,3,0,0,0.05691083518743844,True
4,0,1,0,0,1,0,1,0,0,1,0,1,0,1,0,0,1,0,1,0,0,1,0,0,3,-0.02108331311433942,True
4,0,2,0,0,0,1,0,0,1,0,0,1,0,0,1,0,1,0,0,1,1,2,0,1,0,0.03645789500808612,True
4,0,1,0,0,1,0,0,0,1,1,0,0,0,0,2,0,0,0,2,0,1,0,1,1,1,0.007331664718164443,True
4,1,0,0,1,0,0,1,0,0,1,2,0,0,0,0,0,0,1,0,1,1,0,0,0,3,0.8854363548597174,False
4,0,0,0,2,0,1,0,1,0,0,2,0,0,0,0,0,0,0,0,2,0,1,0,2,1,0.04914833863858206,True
4,1,0,1,0,0,1,1,0,0,0,1,1,0,0,0,0,0,0,2,0,0,1,0,2,1,0.05910948055289805,True
4,1,0,0,0,1,1,0,0,1,0,0,0,1,0,1,0,0,1,1,0,4,0,0,0,0,0.6084658076495366,False
4,0,0,0,0,2,0,0,0,1,1,2,0,0,0,0,0,0,1,0,1,2,0,0,1,1,0.8989069433984364,False
4,0,1,0,0,1,0,1,1,0,0,0,0,1,0,1,2,0,0,0,0,1,2,1,0,0,0.10677061662314406,True
4,0,1,0,1,0,0,0,2,0,0,0,2,0,0,0,1,0,0,1,0,0,0,0,2,2,0.03581431566916105,True
4,0,0,0,1,1,0,1,0,1,0,1,1,0,0,0,0,1,0,1,0,0,0,2,0,2,0.017724887159910403,True
4,0,0,2,0,0,0,0,0,2,0,1,0,0,0,1,0,0,1,1,0,1,0,0,0,3,0.039898559954607137,True
4,1,1,0,0,0,0,1,0,0,1,0,0,0,1,1,0,0,1,1,0,1,0,0,2,1,0.04433896044585986,True
4,0,0,0,0,2,0,2,0,0,0,0,0,0,2,0,0,0,1,0,1,0,3,0,0,1,-0.0005022798857427517,True
4,1,0,1,0,0,1,1,0,0,0,0,0,2,0,0,0,0,0,1,1,2,0,1,0,1,0.9456953273504285,False
4,0,0,1,1,0,1,1,0,0,0,0,1,0,0,1,2,0,0,0,0,1,1,0,1,1,0.07749347203707427,True
4,0,1,0,0,1,2,0,0,0,0,0,0,1,1,0,0,0,0,2,0,1,1,1,0,1,0.04770541893137893,True
4,1,1,0,0,0,0,0,0,0,2,0,0,0,1,1,0,1,1,0,0,1,1,1,1,0,0.039240130980864915,True
4,0,0,1,0,1,0,1,0,1,0,1,0,1,0,0,0,0,0,2,0,1,1,1,0,1,0.04231641811097018,True
4,0,0,1,0,1,0,0,0,1,1,0,2,0,0,0,0,2,0,0,0,1,1,0,0,2,0.00493566283713252,True
4,1,0,0,1,0,2,0,0,0,0,1,0,0,0,1,0,1,0,0,1,1,0,2,0,1,0.9256777334803071,False
4,0,0,2,0,0,0,2,0,0,0,1,0,1,0,0,0,0,0,2,0,0,1,2,1,0,0.0769707699654051,True
4,0,1,0,1,0,1,0,0,0,1,0,1,0,1,0,0,1,0,0,1,0,3,1,0,0,0.0334008980483453,True
4,1,0,1,0,0,0,0,0,1,1,0,0,1,1,0,0,2,0,0,0,0,0,1,0,3,0.027803104988048267,True
4,0,0,0,0,2,0,0,1,0,1,2,0,0,0,0,1,1,0,0,0,1,0,1,2,0,0.2502427966714433,False
4,0,0,0,0,2,0,0,0,2,0,1,0,0,1,0,1,0,1,0,0,1,0,2,0,1,0.0598985599546071,True
4,0,0,2,0,0,0,0,0,1,1,1,0,0,1,0,1,0,0,1,0,0,2,0,1,1,0.057667787188521925,True
4,1,1,0,0,0,2,0,0,0,0,1,0,1,0,0,0,0,1,1,0,1,0,0,1,2,0.1757288975078359,True
4,2,0,0,0,0,1,0,0,0,1,0,0,1,1,0,2,0,0,0,0,1,2,0,0,1,0.9422693583427882,False
4,0,1,0,1,0,0,0,0,2,0,0,0,0,2,0,0,1,1,0,0,3,1,0,0,0,0.0655781328354871,True
4,0,0,1,0,1,0,2,0,0,0,0,0,0,0,2,0,0,1,1,0,2,0,2,0,0,0.0738354447478916,True
4,1,0,1,0,0,0,0,1,0,1,0,0,1,0,1,0,0,0,1,1,0,3,0,1,0,0.06193474484730504,True
4,2,0,0,0,0,0,0,2,0,0,0,0,1,1,0,0,1,0,0,1,0,0,2,1,1,0.9422962043629027,False
4,0,0,2,0,0,1,0,0,0,1,0,1,0,1,0,0,0,1,1,0,0,2,0,0,2,0.034294704862541325,True
4,0,0,0,2,0,0,0,2,0,0,0,0,0,1,1,0,0,0,1,1,0,3,1,0,0,0.04141252380314936,True
4,1,0,0,1,0,1,0,1,0,0,0,2,0,0,0,0,1,0,1,0,3,0,1,0,0,0.08077865733495475,True
4,0,1,1,0,0,0,1,0,1,0,0,2,0,0,0,1,1,0,0,0,1,0,1,1,1,0.054852394570974405,True
4,0,0,1,0,1,0,0,0,1,1,0,0,0,2,0,1,1,0,0,0,0,0,0,1,3,-0.007113862474474196,True
4,0,0,1,1,0,0,0,0,0,2,0,2,0,0,0,0,0,2,0,0,1,0,0,1,2,0.029754033883803793,True
4,0,0,1,0,1,0,1,0,1,0,0,1,0,1,0,1,0,0,0,1,2,0,0,0,2,0.012189117648897026,True
4,0,1,0,0,1,0,0,0,1,1,0,1,1,0,0,0,0,1,0,1,0,0,1,1,2,0.7809357459989716,False
4,1,0,0,1,0,0,1,1,0,0,1,0,1,0,0,0,0,2,0,0,2,2,0,0,0,0.11450125448340198,True
4,0,0,0,0,2,0,0,0,0,2,0,0,0,1,1,1,0,0,1,0,3,1,0,0,0,0.3652372928800856,True
4,0,1,0,1,0,0,0,1,0,1,0,0,0,1,1,0,0,1,1,0,0,2,0,1,1,0.023587105579312657,True
4,0,2,0,0,0,0,0,0,1,1,0,0,2,0,0,0,0,0,1,1,0,0,1,3,0,0.041412523803149345,True
4,0,0,1,1,0,0,0,1,0,1,0,1,0,0,1,0,1,0,1,0,3,1,0,0,0,0.04931339563551706,True
4,0,1,0,0,1,0,0,0,2,0,1,0,0,0,1,0,0,0,1,1,0,0,0,1,3,-0.012668335281835521,True
4,0,1,0,1,0,1,0,1,0,0,0,1,1,0,0,0,0,0,1,1,2,0,1,0,1,0.0678031049880482,True
4,0,0,0,1,1,0,0,0,0,2,0,2,0,0,0,1,0,0,0,1,1,2,0,0,1,0.01788877079686885,True
4,1,0,0,0,1,0,1,1,0,0,0,0,2,0,0,0,1,0,0,1,1,0,0,3,0,0.06241588953244321,True
4,0,0,0,2,0,0,0,2,0,0,1,0,1,0,0,0,1,0,1,0,0,0,1,1,2,0.042052283062933786,True
4,0,1,0,0,1,1,0,0,0,1,0,1,1,0,0,1,0,0,0,1,0,0,0,0,4,0.8473461055664311,False
4,0,0,0,2,0,1,1,0,0,0,0,1,0,0,1,1,1,0,0,0,0,2,0,0,2,0.019183766137480726,True
4,0,0,1,0,1,2,0,0,0,0,1,0,1,0,0,1,0,0,1,0,0,0,2,0,2,0.9274219005302956,False
4,0,0,2,0,0,0,0,1,1,0,0,0,0,2,0,1,0,0,1,0,0,2,0,0,2,0.03481824101458871,True
4,0,0,0,0,2,0,1,0,0,1,0,0,0,0,2,0,0,0,0,2,0,1,2,1,0,0.8398932248311152,False
4,0,0,1,0,1,0,0,0,0,2,0,0,0,2,0,0,1,1,0,0,2,0,0,0,2,0.02760056426778143,True
4,1,1,0,0,0,0,0,2,0,0,1,0,0,0,1,1,0,0,1,0,1,0,2,0,1,0.6180859415559805,False
4,2,0,0,0,0,1,0,0,1,0,0,0,0,0,2,1,0,0,0,1,1,0,1,2,0,0.23764825221294938,False
4,2,0,0,0,0,1,1,0,0,0,0,0,0,2,0,0,0,0,2,0,1,0,0,1,2,0.03244806206036395,True
4,1,0,0,1,0,0,0,0,1,1,0,0,0,1,1,0,0,1,1,0,0,1,1,0,2,0.028003171126104183,True
4,0,0,0,0,2,0,1,0,0,1,0,1,0,0,1,0,1,0,1,0,0,0,0,4,0,-0.007306507681649359,True
4,0,0,0,1,1,0,0,2,0,0,0,0,0,1,1,0,0,1,1,0,1,0,1,1,1,0.8106046209076289,False
4,1,0,0,1,0,0,2,0,0,0,0,2,0,0,0,0,0,0,2,0,0,0,0,2,2,0.029099823302469206,True
4,0,0,0,1,1,1,1,0,0,0,0,1,0,0,1,0,1,0,0,1,0,3,0,0,1,0.047398335372891016,True
4,0,0,1,0,1,1,1,0,0,0,1,0,0,1,0,0,1,1,0,0,0,1,0,3,0,0.05451542656193274,True
4,0,0,0,2,0,0,0,0,2,0,1,1,0,0,0,0,0,0,2,0,1,0,0,0,3,0.004077285939848664,True
4,0,0,0,0,2,0,0,0,0,2,0,0,2,0,0,0,0,1,0,1,0,1,0,1,2,0.8584844418435869,False
4,0,0,0,2,0,1,0,0,0,1,0,0,0,2,0,0,0,0,0,2,1,1,0,2,0,0.00727897702980234,True
4,0,1,0,0,1,0,0,0,2,0,1,0,0,0,1,0,0,0,0,2,0,0,3,0,1,0.08332058816520796,True
4,1,0,0,0,1,1,0,0,1,0,0,2,0,0,0,1,0,1,0,0,0,0,1,0,3,0.05382288605268972,True
4,1,1,0,0,0,0,0,0,1,1,0,0,0,1,1,1,0,1,0,0,0,2,0,1,1,0.09408913195787028,True
4,0,0,1,1,0,0,1,1,0,0,0,0,1,1,0,0,0,1,0,1,0,2,1,0,1,0.054294704862541295,True
4,0,2,0,0,0,0,0,0,1,1,0,0,1,0,1,0,0,1,0,1,0,1,2,0,1,0.06452647033455167,True
4,0,0,2,0,0,0,0,0,2,0,0,1,1,0,0,0,1,0,0,1,0,0,4,0,0,0.08241588953244317,True
4,1,0,1,0,0,0,0,1,0,1,0,0,0,2,0,0,0,1,0,1,0,3,0,1,0,0.04166716825045405,True
4,0,0,2,0,0,1,1,0,0,0,1,1,0,0,0,0,1,0,0,1,1,0,0,1,2,0.08237922073005277,True
4,0,0,2,0,0,0,0,0,2,0,0,0,1,0,1,0,0,1,1,0,0,1,2,1,0,0.061116006678805145,True
4,0,1,1,0,0,0,1,0,0,1,0,0,1,1,0,1,0,1,0,0,1,0,0,3,0,0.06159480173159092,True
4,0,2,0,0,0,0,1,0,1,0,0,1,0,0,1,1,0,1,0,0,0,0,0,0,4,-0.011597738408459797,True
4,0,0,0,2,0,0,0,1,1,0,0,2,0,0,0,0,1,1,0,0,2,0,0,0,2,0.03316005389067192,True
4,0,1,0,0,1,0,0,1,0,1,0,0,1,1,0,0,0,0,2,0,0,0,1,1,2,0.007305824569765054,True
4,1,0,0,1,0,1,0,1,0,0,0,2,0,0,0,0,0,2,0,0,0,3,0,0,1,0.07250233742518147,True
4,0,1,0,0,1,1,0,1,0,0,0,1,0,1,0,1,0,0,0,1,2,0,2,0,0,0.15846583033033632,True
4,1,0,0,0,1,2,0,0,0,0,1,1,0,0,0,1,1,0,0,0,0,3,0,0,1,0.07887812354746321,True
4,0,0,1,1,0,1,0,0,0,1,0,2,0,0,0,0,1,1,0,0,1,1,0,1,1,0.0448501556107475,True
4,0,0,0,2,0,0,2,0,0,0,0,1,0,1,0,1,1,0,0,0,0,2,1,1,0,0.06724374999999999,True
4,0,0,2,0,0,0,1,0,0,1,1,1,0,0,0,1,0,1,0,0,0,0,2,2,0,0.12206780135700972,True
4,0,0,2,0,0,1,0,0,1,0,0,0,0,2,0,0,1,0,0,1,1,2,0,0,1,0.04269168001992824,True
4,0,0,2,0,0,1,1,0,0,0,0,0,2,0,0,0,2,0,0,0,0,0,1,3,0,0.08077865733495473,True
4,0,0,1,1,0,0,1,0,1,0,1,0,1,0,0,2,0,0,0,0,1,1,1,1,0,0.08503003347085872,True
4,0,0,0,2,0,0,0,2,0,0,1,0,1,0,0,0,0,1,0,1,3,0,0,0,1,0.6084658076495366,False
4,0,0,0,0,2,0,2,0,0,0,2,0,0,0,0,0,1,0,0,1,1,2,1,0,0,0.038673775710183114,True
4,0,0,1,1,0,0,0,0,1,1,0,0,1,1,0,0,1,0,1,0,1,1,0,2,0,0.048711361747139414,True
4,0,0,1,0,1,0,0,1,0,1,0,1,0,0,1,1,1,0,0,0,1,1,0,2,0,0.046152423034154344,True
4,0,0,0,2,0,0,0,1,1,0,2,0,0,0,0,0,1,0,1,0,0,4,0,0,0,0.06728678506432172,True
4,2,0,0,0,0,1,0,1,0,0,0,1,0,0,1,0,1,0,0,1,1,0,1,1,1,0.9392498455360746,False
4,1,0,0,0,1,0,0,1,0,1,0,0,2,0,0,0,0,1,0,1,1,2,0,1,0,0.5987936526180644,False
4,0,0,0,2,0,1,0,1,0,0,1,0,0,0,1,2,0,0,0,0,1,0,2,1,0,0.13997463294020432,True
4,1,0,0,1,0,0,0,1,0,1,0,0,0,2,0,0,0,1,1,0,0,2,0,0,2,0.014818241014588746,True
4,2,0,0,0,0,2,0,0,0,0,1,0,0,1,0,1,0,1,0,0,1,1,1,1,0,0.3064326293092484,False
4,0,1,0,1,0,2,0,0,0,0,0,2,0,0,0,0,0,0,2,0,1,0,0,3,0,0.06521597222222222,True
4,0,0,0,1,1,0,0,2,0,0,0,1,0,1,0,0,0,0,1,1,0,1,1,1,1,0.04480693046408228,True
4,1,0,0,0,1,0,1,0,1,0,1,1,0,0,0,1,0,0,0,1,1,2,1,0,0,0.05016986273147541,True
4,0,0,1,0,1,1,0,0,1,0,1,0,0,0,1,0,1,1,0,0,0,2,1,0,1,0.08426857816175957,True
4,0,0,2,0,0,0,0,1,1,0,0,0,1,0,1,1,0,0,0,1,1,0,0,1,2,0.9036832631095842,False
4,0,1,0,0,1,0,1,1,0,0,0,0,2,0,0,0,1,1,0,0,1,3,0,0,0,0.07007475738496734,True
4,0,0,1,0,1,1,0,0,0,1,0,2,0,0,0,0,0,0,0,2,1,2,0,1,0,0.015344014408713276,True
4,1,0,1,0,0,0,0,0,1,1,0,1,0,0,1,1,0,0,1,0,3,1,0,0,0,0.1456398000073118,True
4,0,0,0,2,0,0,0,1,1,0,0,2,0,0,0,0,1,0,1,0,0,2,2,0,0,0.0667888888888889,True
4,0,2,0,0,0,0,2,0,0,0,1,0,1,0,0,2,0,0,0,0,4,0,0,0,0,0.09481168571790105,True
4,1,0,1,0,0,1,0,0,0,1,0,0,0,1,1,0,1,0,0,1,0,0,3,0,1,0.9184002986363214,False
4,0,0,2,0,0,1,1,0,0,0,0,0,1,0,1,1,0,0,0,1,2,2,0,0,0,0.2745115598379214,False
4,0,0,0,1,1,0,0,0,1,1,0,1,0,0,1,2,0,0,0,0,3,0,0,0,1,0.9184992041437682,False
4,1,0,0,0,1,0,0,1,0,1,1,0,0,1,0,0,1,0,1,0,0,0,2,2,0,0.04249129418505983,True
4,0,0,0,0,2,0,0,1,0,1,0,0,0,0,2,0,1,0,1,0,0,2,0,1,1,-0.0010578816736246176,True
4,0,1,0,1,0,0,0,0,2,0,0,1,0,0,1,0,0,0,0,2,2,0,2,0,0,0.02159480173159095,True
4,1,0,0,1,0,0,0,0,2,0,1,0,1,0,0,1,1,0,0,0,0,0,0,0,4,0.008096135744838811,True
4,0,0,0,1,1,0,0,1,1,0,0,1,1,0,0,0,2,0,0,0,1,3,0,0,0,0.05484031391561936,True
4,1,1,0,0,0,0,1,0,1,0,0,1,1,0,0,2,0,0,0,0,0,0,0,2,2,0.044663228537961605,True
4,0,1,1,0,0,2,0,0,0,0,0,0,0,2,0,0,1,0,0,1,1,0,0,0,3,0.022415889532443264,True
4,0,2,0,0,0,0,0,1,0,1,0,0,0,1,1,0,0,0,2,0,0,1,0,0,3,-0.018266535139381763,True
4,0,0,1,1,0,0,1,0,0,1,1,0,1,0,0,0,0,1,0,1,1,0,0,3,0,0.055927824073458504,True
4,1,0,1,0,0,1,0,1,0,0,0,1,0,1,0,0,1,0,0,1,0,1,2,1,0,0.07627520888630457,True
4,0,0,2,0,0,1,0,0,0,1,0,0,1,1,0,1,1,0,0,0,0,1,0,3,0,0.06059551394942118,True
4,1,0,0,1,0,0,2,0,0,0,1,1,0,0,0,1,0,0,0,1,0,1,1,2,0,0.05444959735574132,True
4,0,1,0,0,1,1,1,0,0,0,1,0,0,1,0,0,0,1,1,0,1,0,3,0,0,0.08241588953244317,True
4,1,0,1,0,0,0,1,0,0,1,0,0,1,0,1,2,0,0,0,0,0,1,3,0,0,0.9579308631021802,False
4,0,2,0,0,0,0,0,0,1,1,0,1,0,1,0,0,0,0,2,0,1,0,0,3,0,0.0456286310413571,True
4,0,0,0,0,2,0,0,1,0,1,0,1,0,0,1,1,1,0,0,0,0,3,1,0,0,0.028119618976771746,True
4,0,1,1,0,0,1,1,0,0,0,1,0,0,0,1,0,0,0,1,1,0,0,4,0,0,0.16289656050197013,True
4,0,0,0,2,0,1,0,0,0,1,0,1,0,0,1,1,0,0,1,0,1,1,1,1,0,0.03653208099187665,True
4,1,0,0,1,0,0,0,1,1,0,0,2,0,0,0,0,1,0,1,0,0,0,2,2,0,0.06725643486847335,True
4,0,2,0,0,0,0,1,0,0,1,0,1,0,1,0,1,0,0,0,1,0,0,0,3,1,0.019326096360682988,True
4,0,1,0,0,1,1,0,0,0,1,2,0,0,0,0,0,1,1,0,0,0,2,1,0,1,0.8183438744581177,False
4,0,0,1,0,1,0,0,2,0,0,0,0,1,0,1,0,2,0,0,0,0,0,4,0,0,0.6228479118307486,False
4,0,0,0,0,2,0,0,0,1,1,0,1,0,0,1,0,0,0,1,1,0,1,1,2,0,0.013261314557816394,True
4,0,0,2,0,0,1,0,1,0,0,1,0,1,0,0,0,2,0,0,0,0,0,0,3,1,0.10321457659657737,True
4,0,0,0,1,1,0,1,0,0,1,1,0,1,0,0,1,0,0,1,0,0,3,0,0,1,0.08752778627609407,True
4,0,2,0,0,0,0,2,0,0,0,0,0,1,1,0,1,0,0,1,0,0,0,0,4,0,0.065775,True
4,1,0,1,0,0,1,0,1,0,0,0,0,0,1,1,0,0,1,0,1,0,2,1,0,1,0.9387663299405852,False
4,0,0,1,0,1,0,0,1,1,0,0,0,1,1,0,0,0,1,0,1,2,0,2,0,0,0.6084658076495366,False
4,2,0,0,0,0,1,0,0,0,1,0,1,0,0,1,1,1,0,0,0,2,1,0,0,1,0.922394673862385,False
4,1,0,0,0,1,1,0,1,0,0,0,0,1,0,1,1,0,0,0,1,1,0,0,0,3,0.8785234692889144,False
4,0,1,1,0,0,1,0,1,0,0,0,0,0,1,1,0,0,1,1,0,0,0,1,0,3,0.11848629999453371,True
4,1,1,0,0,0,0,2,0,0,0,0,1,1,0,0,1,0,1,0,0,0,3,1,0,0,0.07683338477525814,True
4,0,0,0,1,1,1,0,0,1,0,0,0,0,0,2,0,0,0,1,1,2,0,0,0,2,0.8579493633072217,False
4,0,1,0,1,0,0,2,0,0,0,0,0,1,0,1,0,0,0,0,2,0,0,2,0,2,-0.004433287799028794,True
4,0,0,1,1,0,2,0,0,0,0,0,1,1,0,0,0,0,0,1,1,0,0,3,1,0,0.09684272668028435,True
4,0,1,0,0,1,0,0,0,0,2,0,0,1,1,0,0,2,0,0,0,0,0,2,1,1,0.017856447975138474,True
4,1,0,1,0,0,0,0,0,0,2,0,0,0,0,2,1,1,0,0,0,1,0,1,0,2,0.8706685043475401,False
4,1,0,0,0,1,2,0,0,0,0,2,0,0,0,0,0,0,0,2,0,0,0,0,4,0,0.05430488028326097,True
4,0,0,0,2,0,0,1,1,0,0,0,1,1,0,0,1,1,0,0,0,1,2,1,0,0,0.07368194674308529,True
4,1,1,0,0,0,0,1,0,0,1,2,0,0,0,0,0,0,0,1,1,1,2,0,0,1,0.15354697725973468,True
4,2,0,0,0,0,0,1,1,0,0,0,0,0,0,2,1,0,0,1,0,0,0,2,0,2,0.5780765569020844,False
4,2,0,0,0,0,0,2,0,0,0,0,2,0,0,0,0,0,0,0,2,0,3,0,0,1,0.022092347122396327,True
4,0,0,1,1,0,0,0,0,2,0,0,0,0,1,1,1,1,0,0,0,0,2,0,0,2,0.016047612099612144,True
4,0,0,1,1,0,0,1,1,0,0,2,0,0,0,0,1,0,0,1,0,1,0,2,0,1,0.10760056426778129,True
4,0,0,1,1,0,0,1,1,0,0,0,0,1,1,0,2,0,0,0,0,0,1,1,0,2,0.06458344752606832,True
4,0,0,0,0,2,0,0,1,0,1,0,0,2,0,0,0,0,1,0,1,0,0,2,0,2,0.8750854384899873,False
4,0,1,0,0,1,0,0,0,0,2,1,0,0,1,0,0,1,0,1,0,0,0,3,0,1,0.022415889532443257,True
4,0,1,0,1,0,1,1,0,0,0,2,0,0,0,0,0,2,0,0,0,0,0,3,0,1,0.06294944470336364,True
4,0,0,1,0,1,2,0,0,0,0,0,1,1,0,0,0,1,0,0,1,0,0,1,2,1,0.8203222596284913,False
4,0,0,0,1,1,0,0,2,0,0,1,0,1,0,0,0,1,0,1,0,0,0,3,0,1,0.15850676044084974,True
4,1,1,0,0,0,1,0,0,1,0,2,0,0,0,0,0,0,0,1,1,2,1,1,0,0,0.10129982682959322,True
4,0,0,0,1,1,0,0,1,0,1,2,0,0,0,0,0,0,0,2,0,0,0,3,0,1,0.1233205881652079,True
4,0,2,0,0,0,1,0,0,0,1,0,0,1,1,0,2,0,0,0,0,0,0,0,2,2,0.03857372419718122,True
4,0,0,0,2,0,0,0,1,1,0,2,0,0,0,0,0,1,0,1,0,0,0,0,0,4,-0.005036672045021657,True
4,0,0,0,2,0,2,0,0,0,0,0,1,1,0,0,0,1,1,0,0,0,0,2,2,0,0.07525329447918506,True
4,0,0,1,1,0,0,0,0,1,1,0,0,0,1,1,0,0,0,2,0,3,1,0,0,0,0.04025391205121077,True
4,0,1,0,1,0,1,1,0,0,0,1,0,0,0,1,0,0,1,1,0,1,0,1,1,1,0.045793892183817034,True
4,0,0,0,2,0,2,0,0,0,0,0,1,0,1,0,2,0,0,0,0,0,0,2,0,2,0.04809613574483874,True
4,1,0,1,0,0,2,0,0,0,0,0,2,0,0,0,0,0,1,0,1,2,0,0,0,2,0.5975498086671358,False
4,0,1,0,1,0,1,1,0,0,0,0,1,1,0,0,0,0,2,0,0,2,1,0,1,0,0.07917708937822965,True
4,0,1,0,0,1,0,0,1,1,0,1,1,0,0,0,0,1,0,0,1,0,1,3,0,0,0.06524719600856699,True
4,0,2,0,0,0,0,0,0,1,1,0,0,1,0,1,0,1,1,0,0,0,0,2,1,1,0.04006597201899129,True
4,0,0,0,0,2,2,0,0,0,0,1,0,0,0,1,0,1,0,1,0,1,0,0,3,0,0.028096135744838775,True
4,0,2,0,0,0,0,0,0,1,1,1,0,0,0,1,0,1,0,0,1,0,1,0,0,3,-0.0027127683823328147,True
4,1,0,1,0,0,0,2,0,0,0,0,0,1,1,0,0,0,0,2,0,0,3,0,0,1,0.05235614384703318,True
4,1,0,0,0,1,0,0,0,2,0,0,0,0,1,1,0,0,2,0,0,1,0,0,1,2,0.04848801510437332,True
4,2,0,0,0,0,0,0,0,0,2,0,0,0,1,1,1,0,0,1,0,0,2,2,0,0,0.08502350136900792,True
4,0,0,0,1,1,2,0,0,0,0,0,0,2,0,0,0,0,1,0,1,1,0,2,0,1,0.9367756294191344,False
4,0,0,0,0,2,0,1,0,0,1,0,2,0,0,0,1,0,0,0,1,2,0,0,0,2,0.07520631720673655,True
4,1,0,0,0,1,0,0,0,2,0,0,1,0,0,1,0,0,0,1,1,1,2,0,1,0,0.01914716804444739,True
4,0,1,1,0,0,0,0,1,1,0,1,1,0,0,0,0,0,2,0,0,1,0,2,1,0,0.10052523390365967,True
4,0,0,0,2,0,0,0,2,0,0,0,0,0,2,0,1,0,1,0,0,2,1,1,0,0,0.07701089975020048,True
4,1,0,0,1,0,0,0,1,1,0,2,0,0,0,0,0,0,0,1,1,0,0,0,0,4,0.08332058816520796,True
4,0,0,0,2,0,1,0,0,0,1,0,0,2,0,0,0,0,1,1,0,2,1,0,1,0,0.061116006678805145,True
4,1,0,0,1,0,1,0,1,0,0,0,0,0,1,1,2,0,0,0,0,2,0,1,1,0,0.42464387430982975,True
4,0,2,0,0,0,0,1,1,0,0,0,2,0,0,0,1,0,0,1,0,1,0,0,0,3,0.016505828417056334,True
4,0,1,1,0,0,0,1,1,0,0,2,0,0,0,0,2,0,0,0,0,1,1,0,0,2,0.17685896935660445,True
4,0,1,0,0,1,0,1,0,0,1,0,2,0,0,0,0,0,1,1,0,2,2,0,0,0,0.041669826343976105,True
4,0,2,0,0,0,0,2,0,0,0,0,0,1,0,1,0,0,0,0,2,0,0,0,3,1,0.00247489308740193,True
4,0,0,2,0,0,0,0,0,1,1,0,2,0,0,0,1,0,0,0,1,1,0,2,1,0,0.08205488985365943,True
4,0,1,0,0,1,0,1,0,1,0,0,0,2,0,0,1,0,0,0,1,1,2,0,0,1,0.0580350966613409,True
4,0,0,1,0,1,0,0,2,0,0,0,0,2,0,0,1,0,1,0,0,2,2,0,0,0,0.9682319591597919,False
4,0,0,1,1,0,2,0,0,0,0,0,0,0,2,0,1,1,0,0,0,0,1,2,1,0,0.07431947378530457,True
4,0,1,0,1,0,1,0,0,0,1,1,0,0,1,0,0,0,0,1,1,2,0,1,0,1,0.04241588950407071,True
4,0,0,0,2,0,0,1,0,0,1,0,1,0,0,1,0,0,0,2,0,1,1,0,1,1,0.010665291163847075,True
4,0,1,0,0,1,0,0,2,0,0,0,0,0,0,2,0,0,1,1,0,1,1,1,0,1,0.9020321418399369,False
4,1,1,0,0,0,0,0,0,0,2,0,1,0,1,0,0,0,0,0,2,0,0,1,0,3,-0.006184651151793763,True
4,0,0,0,1,1,0,0,1,1,0,1,1,0,0,0,1,0,0,0,1,1,0,0,0,3,0.0984453514433168,True
4,0,0,0,1,1,1,1,0,0,0,0,0,1,0,1,0,0,0,0,2,1,1,1,0,1,0.8833724193516421,False
4,0,1,1,0,0,1,0,0,0,1,0,1,0,0,1,1,1,0,0,0,0,1,2,1,0,0.059408728164677245,True
4,0,0,1,1,0,0,0,0,0,2,1,0,1,0,0,1,0,0,1,0,3,0,0,0,1,0.5884658076495367,False
4,0,1,0,1,0,1,0,1,0,0,1,0,1,0,0,0,0,0,1,1,0,0,0,0,4,0.09846071147341413,True
4,0,0,0,0,2,1,0,0,0,1,1,1,0,0,0,0,1,0,0,1,1,2,0,1,0,0.027442971978539683,True
4,0,1,1,0,0,0,2,0,0,0,0,0,0,0,2,1,0,0,0,1,0,4,0,0,0,0.01789326987543975,True
4,1,0,1,0,0,1,0,1,0,0,0,0,0,1,1,0,1,0,1,0,0,1,0,2,1,0.06491085276076607,True
4,0,1,1,0,0,0,0,0,2,0,0,0,0,0,2,0,1,0,1,0,1,2,0,1,0,0.029056514929069466,True
4,0,0,0,2,0,0,0,1,0,1,0,1,1,0,0,1,0,0,1,0,0,0,4,0,0,0.0680961357448387,True
4,0,0,0,1,1,0,0,2,0,0,1,1,0,0,0,1,0,1,0,0,0,1,1,1,1,0.8424415565039335,False
4,0,0,0,2,0,0,0,1,0,1,0,0,0,2,0,0,1,1,0,0,0,1,0,3,0,0.04355063778837542,True
4,0,0,0,2,0,0,0,0,2,0,0,1,1,0,0,0,0,0,2,0,1,0,0,1,2,0.023404132192219033,True
4,0,0,0,0,2,0,1,1,0,0,0,0,1,1,0,0,1,0,1,0,1,0,1,2,0,0.03525329447918512,True
4,1,1,0,0,0,0,0,0,2,0,0,1,1,0,0,0,0,1,0,1,1,1,0,0,2,0.02602771344242673,True
4,0,2,0,0,0,0,2,0,0,0,0,2,0,0,0,0,0,1,1,0,0,0,0,4,0,0.06724374999999999,True
4,0,0,0,0,2,0,0,1,1,0,0,0,0,1,1,0,0,0,0,2,0,4,0,0,0,-0.0070597611783732965,True
4,0,1,0,1,0,0,2,0,0,0,1,0,1,0,0,0,0,0,1,1,0,2,1,1,0,0.053924360283445175,True
4,0,0,2,0,0,2,0,0,0,0,1,0,1,0,0,0,0,0,1,1,0,0,4,0,0,0.9748141310675774,False
4,2,0,0,0,0,0,0,1,0,1,0,0,2,0,0,1,0,0,0,1,0,0,0,3,1,0.9373571467143252,False
4,1,1,0,0,0,1,1,0,0,0,1,0,1,0,0,0,0,2,0,0,0,1,3,0,0,0.17833471241833526,True
4,0,0,2,0,0,1,0,1,0,0,0,1,0,1,0,2,0,0,0,0,0,1,0,3,0,0.08059551394942115,True
4,0,0,0,2,0,1,0,1,0,0,1,0,0,0,1,0,1,1,0,0,0,1,0,1,2,0.03393224929401008,True
4,2,0,0,0,0,1,1,0,0,0,0,0,0,0,2,1,0,1,0,0,2,0,0,0,2,0.9096509321198153,False
4,0,0,1,1,0,0,0,0,1,1,1,0,0,0,1,1,0,0,1,0,1,1,0,1,1,0.04838571387230532,True
4,0,1,0,1,0,0,1,1,0,0,0,0,0,0,2,0,2,0,0,0,2,0,1,1,0,0.03721587610026258,True
4,0,1,1,0,0,0,0,1,0,1,0,0,0,0,2,0,0,0,2,0,4,0,0,0,0,0.06760056426778137,True
4,0,0,0,0,2,1,1,0,0,0,0,0,0,1,1,0,0,0,0,2,1,0,0,3,0,0.0024158895040708095,True
4,0,0,0,1,1,0,2,0,0,0,0,0,1,1,0,2,0,0,0,0,1,0,2,0,1,0.06780097091336947,True
4,0,0,1,0,1,0,0,1,1,0,0,0,0,1,1,0,2,0,0,0,1,0,2,0,1,0.04780737272465952,True
4,1,1,0,0,0,1,0,1,0,0,0,0,0,2,0,1,0,1,0,0,3,0,0,0,1,0.10760056426778129,True
4,1,0,1,0,0,2,0,0,0,0,0,0,0,1,1,2,0,0,0,0,0,3,1,0,0,0.1787785087066547,True
4,0,0,1,1,0,0,1,0,1,0,0,1,1,0,0,0,1,0,0,1,2,0,1,0,1,0.0452636845405581,True
4,0,0,1,1,0,1,0,0,1,0,2,0,0,0,0,1,0,0,0,1,0,1,0,1,2,0.07217550737042938,True
4,0,1,1,0,0,0,0,0,0,2,0,0,0,2,0,0,0,0,1,1,3,0,0,0,1,0.022415889504070738,True
4,1,0,0,0,1,0,1,1,0,0,2,0,0,0,0,0,2,0,0,0,0,2,1,0,1,0.05971141461596479,True
4,0,0,0,0,2,0,1,0,0,1,0,0,1,0,1,1,0,1,0,0,1,0,3,0,0,0.9172823563868862,False
4,0,1,0,1,0,2,0,0,0,0,0,1,1,0,0,1,0,0,0,1,0,0,0,3,1,0.051648585129738814,True
4,1,0,0,0,1,0,0,1,0,1,0,1,0,1,0,0,1,1,0,0,0,0,4,0,0,0.09384548872359903,True
4,1,0,0,0,1,0,0,0,2,0,0,0,0,1,1,0,0,1,0,1,2,0,0,1,1,0.04848801510437332,True
4,0,0,1,1,0,2,0,0,0,0,2,0,0,0,0,2,0,0,0,0,0,2,2,0,0,0.3136398314326452,False
4,1,1,0,0,0,1,0,0,1,0,0,1,0,0,1,0,2,0,0,0,0,0,0,1,3,0.004449947933321592,True
4,0,0,2,0,0,1,1,0,0,0,0,0,2,0,0,0,1,1,0,0,1,0,1,2,0,0.1129831042098998,True
4,0,0,2,0,0,2,0,0,0,0,0,1,0,1,0,1,0,1,0,0,1,1,0,2,0,0.09090414465983973,True
4,0,2,0,0,0,0,2,0,0,0,0,0,1,1,0,1,0,0,1,0,0,0,0,2,2,0.03226377717552535,True
4,0,1,1,0,0,1,0,1,0,0,0,0,1,1,0,0,0,0,2,0,0,0,0,0,4,0.008096135744838811,True
4,1,1,0,0,0,0,1,0,0,1,0,2,0,0,0,0,1,0,0,1,0,0,1,1,2,0.01228864814144126,True
4,1,0,0,1,0,0,0,1,1,0,0,0,2,0,0,2,0,0,0,0,0,1,1,0,2,0.16136228911061307,True
4,0,1,1,0,0,0,2,0,0,0,1,0,1,0,0,0,1,1,0,0,1,3,0,0,0,0.07696699640685929,True
4,0,0,0,0,2,0,1,0,0,1,0,0,0,1,1,1,0,0,1,0,0,0,1,1,2,0.7506046209076289,False
4,0,1,0,0,1,0,0,2,0,0,0,1,0,0,1,0,1,0,1,0,0,2,2,0,0,0.05173203081236289,True
4,0,0,1,0,1,0,1,0,1,0,1,0,1,0,0,0,0,1,1,0,1,1,0,2,0,0.05712114468004462,True
4,0,1,0,1,0,2,0,0,0,0,0,0,0,0,2,0,0,0,1,1,1,2,0,0,1,0.0380150038712539,True
4,0,0,2,0,0,0,0,0,2,0,0,1,0,1,0,0,1,0,0,1,0,0,2,2,0,0.05020800462214111,True
4,2,0,0,0,0,0,0,1,0,1,0,1,0,0,1,1,0,0,0,1,0,0,1,3,0,0.12332058816520804,True
4,0,0,1,1,0,0,2,0,0,0,2,0,0,0,0,0,1,1,0,0,0,0,1,2,1,0.06466322853796157,True
4,0,0,0,2,0,0,0,2,0,0,0,0,1,0,1,1,0,0,0,1,0,0,0,2,2,0.05132782919784504,True
4,0,1,1,0,0,0,0,1,1,0,0,0,1,0,1,0,1,0,1,0,1,2,0,0,1,0.04212353422103652,True
4,0,2,0,0,0,0,2,0,0,0,0,0,0,2,0,1,0,0,0,1,1,1,2,0,0,0.05251316662766628,True
4,0,0,1,1,0,0,0,1,1,0,0,0,1,1,0,0,1,0,1,0,2,1,1,0,0,0.0720072844003771,True
4,1,1,0,0,0,2,0,0,0,0,0,0,0,2,0,0,0,2,0,0,0,0,0,1,3,0.044174046593551966,True
4,0,1,1,0,0,0,0,1,1,0,1,0,0,0,1,0,0,0,2,0,0,2,2,0,0,0.056136934785297625,True
4,1,0,0,1,0,0,0,0,2,0,2,0,0,0,0,0,0,1,1,0,0,1,2,0,1,0.05803531060205055,True
4,0,0,1,0,1,0,0,1,1,0,0,1,1,0,0,0,0,0,0,2,0,0,0,4,0,0.018268187137122922,True
4,0,0,1,1,0,0,0,0,1,1,0,1,0,1,0,1,0,0,1,0,0,1,0,1,2,0.015822415645477792,True
4,0,0,1,1,0,0,0,0,1,1,1,0,0,1,0,0,0,2,0,0,1,0,2,1,0,0.08889405398791518,True
4,0,0,1,0,1,1,1,0,0,0,0,1,0,0,1,0,2,0,0,0,0,0,3,1,0,0.05337634709606877,True
4,0,0,2,0,0,0,1,1,0,0,0,0,2,0,0,0,0,2,0,0,2,0,1,0,1,0.9796164528510642,False
4,0,0,1,1,0,1,1,0,0,0,0,2,0,0,0,2,0,0,0,0,0,0,0,3,1,0.06161245739187108,True
4,0,1,0,0,1,0,0,0,2,0,1,1,0,0,0,0,1,0,1,0,1,1,1,0,1,0.0335324073117632,True
4,0,0,0,0,2,0,0,0,2,0,0,0,1,1,0,0,0,0,2,0,1,1,0,2,0,0.023215031790857422,True
4,0,1,0,1,0,0,0,0,0,2,0,0,1,0,1,1,0,1,0,0,0,2,0,2,0,0.02267852561553542,True
4,0,0,1,0,1,1,0,0,0,1,0,0,0,2,0,0,2,0,0,0,1,0,2,1,0,0.041667168250454065,True
4,1,0,0,0,1,0,2,0,0,0,0,0,1,1,0,0,0,2,0,0,0,1,2,1,0,0.06832578390212862,True
4,2,0,0,0,0,0,0,1,0,1,1,1,0,0,0,0,0,0,1,1,1,0,1,2,0,0.10206780135700974,True
4,1,0,0,0,1,0,1,1,0,0,2,0,0,0,0,1,0,1,0,0,0,1,0,2,1,0.8381031659887065,False
4,0,1,1,0,0,0,1,0,0,1,0,0,1,0,1,0,0,0,0,2,1,0,0,0,3,0.8450563947615726,False
4,0,0,0,0,2,2,0,0,0,0,1,1,0,0,0,0,0,0,2,0,2,0,0,0,2,0.04760056426778139,True
4,0,1,0,0,1,0,0,0,2,0,2,0,0,0,0,2,0,0,0,0,0,0,2,2,0,0.06755125780955727,True
4,0,1,0,1,0,0,0,0,2,0,0,0,0,1,1,0,1,0,1,0,1,0,0,2,1,0.028107647376543275,True
4,0,0,0,2,0,0,2,0,0,0,0,0,0,2,0,1,1,0,0,0,0,1,0,1,2,0.02746661063600007,True
4,0,0,0,0,2,0,0,1,1,0,0,0,0,1,1,0,1,0,0,1,2,0,1,1,0,0.09344782842886681,True
4,0,1,1,0,0,2,0,0,0,0,1,0,1,0,0,0,0,0,2,0,0,1,0,0,3,0.044583447526068354,True
4,0,0,2,0,0,1,0,0,0,1,0,0,1,0,1,0,2,0,0,0,0,1,2,0,1,0.16155336058558134,True
4,2,0,0,0,0,0,1,0,0,1,0,1,0,0,1,0,2,0,0,0,0,2,0,1,1,0.03908038040232052,True
4,0,1,0,1,0,1,1,0,0,0,1,1,0,0,0,0,0,0,0,2,1,1,2,0,0,0.046117739241702094,True
4,0,0,1,0,1,0,0,0,2,0,1,1,0,0,0,0,0,2,0,0,0,0,0,4,0,0.05010140587626945,True
4,0,0,1,0,1,0,0,0,1,1,1,1,0,0,0,0,0,1,0,1,0,1,1,1,1,0.8004433440964077,False
4,0,1,1,0,0,0,0,0,0,2,0,0,1,1,0,0,1,1,0,0,1,1,0,0,2,0.030058914857507647,True
4,0,0,0,0,2,0,0,0,2,0,0,0,0,2,0,0,0,0,0,2,1,2,1,0,0,-0.006664909966844172,True
4,0,0,0,1,1,1,0,0,0,1,0,2,0,0,0,0,0,0,0,2,0,0,3,1,0,0.04157188447983988,True
4,0,2,0,0,0,0,0,1,0,1,1,0,0,0,1,0,0,1,0,1,0,2,0,2,0,0.025358296215525166,True
4,0,0,2,0,0,0,2,0,0,0,0,0,1,0,1,0,1,0,1,0,2,1,0,1,0,0.05917708937822968,True
4,0,0,0,1,1,0,2,0,0,0,0,0,0,0,2,0,0,0,0,2,0,0,1,2,1,-0.0012943043385338152,True
4,1,0,0,0,1,0,0,0,0,2,0,0,0,2,0,1,0,0,1,0,1,0,2,1,0,0.030441643427594856,True
4,0,1,0,0,1,0,0,0,1,1,0,1,0,0,1,0,0,0,2,0,0,1,2,1,0,0.020826267875454225,True
4,1,1,0,0,0,0,0,2,0,0,0,1,0,0,1,1,0,0,1,0,1,0,0,0,3,0.11846071147341411,True
4,1,0,0,1,0,0,1,0,1,0,0,0,0,1,1,0,1,1,0,0,1,1,0,2,0,0.05089624309505545,True
4,0,0,2,0,0,0,2,0,0,0,0,0,1,1,0,0,0,0,0,2,2,0,0,2,0,0.04619581722830155,True
4,0,2,0,0,0,0,2,0,0,0,1,0,1,0,0,2,0,0,0,0,0,1,0,3,0,0.07251316662766626,True
4,0,0,1,0,1,0,0,0,0,2,0,0,1,1,0,1,0,1,0,0,1,0,3,0,0,0.9275208984907615,False
4,1,0,0,1,0,1,0,1,0,0,0,0,1,0,1,0,0,0,2,0,0,2,1,1,0,0.056070115378581815,True
4,0,0,0,1,1,0,1,0,0,1,1,0,0,0,1,1,0,0,0,1,2,0,1,1,0,0.9098834820796271,False
4,0,1,0,1,0,2,0,0,0,0,1,0,1,0,0,0,1,1,0,0,0,0,2,0,2,0.09383544474789156,True
4,0,0,1,1,0,0,0,2,0,0,0,1,0,0,1,0,0,1,1,0,2,0,0,1,1,0.08848801510610677,True
4,1,0,0,1,0,0,0,1,1,0,1,1,0,0,0,0,0,1,0,1,2,0,0,1,1,0.06417404659355191,True
4,0,0,0,0,2,1,0,1,0,0,1,0,0,1,0,0,0,0,1,1,1,0,0,2,1,0.7865652905410774,False
4,1,0,1,0,0,0,0,2,0,0,0,0,1,0,1,1,0,0,0,1,0,0,3,1,0,0.9526133827304148,False
4,2,0,0,0,0,0,0,0,1,1,1,0,0,0,1,0,1,0,1,0,2,1,1,0,0,0.08129982682959327,True
4,0,1,0,0,1,0,1,0,0,1,1,0,0,1,0,0,1,0,0,1,1,0,2,1,0,0.06875086776827079,True
4,0,0,0,0,2,0,0,2,0,0,0,0,0,2,0,1,0,0,0,1,2,0,2,0,0,0.5884658076495367,False
4,1,0,0,0,1,2,0,0,0,0,1,0,1,0,0,0,1,0,0,1,0,0,1,3,0,0.14332058816520798,True
4,0,0,0,2,0,0,0,0,0,2,1,0,1,0,0,0,2,0,0,0,0,1,1,1,1,0.021920138773979306,True
4,0,1,1,0,0,0,0,0,1,1,1,1,0,0,0,1,0,0,1,0,1,0,1,2,0,0.061205186267110405,True
4,0,1,0,1,0,0,1,1,0,0,0,0,0,0,2,0,1,0,0,1,0,0,2,0,2,0.00780097156831408,True
4,1,0,1,0,0,1,0,0,1,0,0,2,0,0,0,0,0,0,0,2,0,1,1,0,2,0.030050215117486595,True
4,0,0,0,2,0,0,0,1,0,1,0,0,0,1,1,1,0,0,0,1,0,0,4,0,0,0.1233205881652079,True
4,0,1,0,0,1,0,1,0,1,0,1,0,0,0,1,0,1,1,0,0,2,0,0,1,1,0.037856447975138444,True
4,0,0,0,0,2,0,1,0,0,1,1,0,0,0,1,1,1,0,0,0,2,1,0,0,1,0.8823946738623852,False
4,1,0,0,0,1,0,1,0,0,1,0,0,1,0,1,0,0,2,0,0,0,3,0,0,1,0.9197576925149634,False
4,0,0,0,2,0,0,0,0,2,0,0,0,1,0,1,1,0,0,0,1,2,1,0,1,0,0.031213064960372842,True
4,0,0,0,1,1,0,1,1,0,0,0,0,2,0,0,0,2,0,0,0,0,1,1,0,2,0.04042781424413332,True
4,0,0,0,1,1,1,1,0,0,0,0,0,0,2,0,0,1,0,0,1,3,0,0,1,0,0.0416294887665997,True
4,1,0,0,1,0,0,0,1,1,0,1,0,0,0,1,0,1,1,0,0,1,1,0,2,0,0.05712114468004462,True
4,0,1,0,0,1,0,0,1,0,1,2,0,0,0,0,0,1,0,1,0,0,0,2,1,1,0.07998830647740057,True
4,0,0,0,1,1,0,0,1,1,0,1,1,0,0,0,0,0,0,2,0,1,0,1,0,2,0.021594801730756334,True
4,0,0,1,0,1,0,0,0,0,2,0,0,0,0,2,0,0,0,0,2,0,3,0,0,1,0.8383148529004603,False
4,0,1,0,1,0,1,1,0,0,0,0,0,2,0,0,1,0,1,0,0,0,3,0,0,1,0.07250233742518147,True
4,0,2,0,0,0,1,0,1,0,0,0,1,1,0,0,0,2,0,0,0,0,1,1,0,2,0.04076296143032092,True
4,1,1,0,0,0,0,0,1,0,1,1,0,0,1,0,1,0,0,1,0,0,0,2,0,2,0.06760056426778137,True
4,0,0,1,0,1,0,0,0,2,0,0,0,1,1,0,0,1,0,0,1,1,0,3,0,0,0.05592782407345849,True
4,0,2,0,0,0,1,0,0,0,1,1,0,0,0,1,0,1,1,0,0,1,1,1,0,1,0.050081915147868084,True
4,0,1,0,0,1,0,2,0,0,0,0,0,1,0,1,0,0,0,2,0,2,1,0,0,1,0.02173346492883621,True
4,1,0,1,0,0,0,1,1,0,0,1,0,0,1,0,0,0,1,1,0,0,0,3,1,0,0.09592476557341177,True
4,0,1,0,1,0,1,0,0,0,1,0,1,1,0,0,0,0,1,0,1,2,1,1,0,0,0.06311301255492104,True
4,0,1,0,0,1,0,0,2,0,0,0,2,0,0,0,0,0,0,1,1,1,0,2,1,0,0.06620106903533318,True
4,2,0,0,0,0,0,0,1,0,1,2,0,0,0,0,0,1,1,0,0,0,1,0,2,1,0.8381031659887065,False
4,0,0,0,0,2,0,0,0,1,1,0,0,0,1,1,1,0,1,0,0,1,0,0,0,3,0.8592678247850652,False
4,1,0,0,0,1,1,1,0,0,0,0,0,0,0,2,1,1,0,0,0,1,1,1,1,0,0.05405371272249076,True
4,1,0,1,0,0,0,0,2,0,0,0,0,0,2,0,1,0,0,1,0,1,3,0,0,0,0.07811697379948898,True
4,0,1,0,0,1,0,0,1,1,0,0,0,0,2,0,0,1,0,0,1,2,0,0,1,1,0.021913653833116057,True
4,1,1,0,0,0,1,0,1,0,0,2,0,0,0,0,0,0,1,0,1,1,1,0,2,0,0.1119259214072943,True
4,0,0,0,1,1,1,0,1,0,0,0,0,0,2,0,0,1,0,1,0,0,1,2,1,0,0.05213115998257312,True
4,0,0,1,1,0,0,0,2,0,0,0,0,2,0,0,0,0,1,0,1,0,3,0,0,1,0.8341124207518098,False
4,0,1,0,1,0,1,1,0,0,0,0,0,2,0,0,1,0,0,0,1,1,1,2,0,0,0.0831165947105962,True
4,0,0,2,0,0,2,0,0,0,0,1,0,1,0,0,0,1,0,0,1,2,0,2,0,0,0.9765745463172207,False
4,0,1,0,0,1,0,0,1,1,0,0,1,1,0,0,0,1,0,1,0,3,0,0,0,1,0.0452636845405581,True
4,0,0,1,1,0,0,2,0,0,0,0,1,0,0,1,0,0,0,2,0,0,1,1,2,0,0.04707767136137036,True
4,0,0,1,1,0,1,1,0,0,0,1,0,1,0,0,0,2,0,0,0,1,0,0,1,2,0.04899819532430078,True
4,1,0,0,1,0,0,0,2,0,0,1,1,0,0,0,0,0,0,1,1,0,0,0,2,2,0.056897024550427756,True
4,0,0,1,1,0,0,1,0,0,1,1,0,0,0,1,0,0,0,2,0,1,0,1,1,1,0.02730582456976502,True
4,0,0,0,0,2,0,1,0,0,1,0,2,0,0,0,0,0,0,2,0,1,2,1,0,0,0.016082927019145578,True
4,0,0,2,0,0,0,1,0,0,1,0,1,1,0,0,2,0,0,0,0,1,0,2,0,1,0.9519614256942849,False
4,1,1,0,0,0,0,0,0,1,1,0,0,0,2,0,1,1,0,0,0,0,0,1,1,2,0.021524304811332315,True
4,1,1,0,0,0,0,1,0,0,1,1,0,1,0,0,0,0,0,2,0,2,0,0,2,0,0.05775234406352506,True
4,2,0,0,0,0,0,1,0,0,1,1,0,0,1,0,0,1,0,1,0,0,1,2,0,1,0.053251003201194615,True
4,0,2,0,0,0,0,0,1,0,1,1,0,0,1,0,0,0,2,0,0,0,0,0,2,2,0.03857372419718122,True
4,0,2,0,0,0,0,1,0,1,0,0,2,0,0,0,1,0,1,0,0,0,2,0,2,0,0.06871597222222223,True
4,0,0,1,1,0,1,0,0,0,1,2,0,0,0,0,0,0,1,1,0,0,1,0,2,1,0.06914833863858204,True
4,0,0,0,1,1,0,0,0,2,0,0,2,0,0,0,0,0,0,1,1,1,0,0,3,0,0.028549292561728452,True
4,0,1,0,0,1,1,1,0,0,0,1,0,1,0,0,1,0,0,0,1,1,1,0,2,0,0.0661524230341543,True
4,2,0,0,0,0,0,0,0,0,2,0,0,0,2,0,0,0,0,2,0,0,2,0,0,2,-0.005181758985411221,True
4,0,0,1,1,0,2,0,0,0,0,0,1,0,1,0,0,1,0,1,0,0,0,0,0,4,-0.001883026200510887,True
4,0,0,1,1,0,2,0,0,0,0,0,0,2,0,0,0,1,0,1,0,2,0,1,1,0,0.09592476557341177,True
4,1,1,0,0,0,2,0,0,0,0,0,0,0,2,0,0,0,2,0,0,0,0,4,0,0,0.12760056426778127,True
4,1,1,0,0,0,0,1,1,0,0,0,0,1,1,0,1,0,0,1,0,0,0,1,1,2,0.04579389218381704,True
4,0,1,0,1,0,0,0,0,0,2,0,0,1,0,1,0,0,1,0,1,3,0,1,0,0,0.5780796854616652,False
4,0,0,0,2,0,0,0,0,1,1,0,0,1,1,0,0,1,0,1,0,0,1,0,3,0,0.04340720299104211,True
4,1,0,1,0,0,0,0,1,0,1,0,0,1,0,1,0,1,0,1,0,0,1,1,0,2,0.13656234702064626,True
4,1,0,0,1,0,0,0,0,0,2,2,0,0,0,0,0,2,0,0,0,0,4,0,0,0,0.0382794599671366,True
4,0,0,2,0,0,0,0,0,1,1,1,0,0,1,0,2,0,0,0,0,1,1,2,0,0,0.4453384431488504,True
4,0,1,0,1,0,0,1,0,0,1,1,0,1,0,0,1,0,0,1,0,2,0,0,1,1,0.05288613752808344,True
4,0,0,0,0,2,0,1,0,0,1,0,0,1,0,1,0,1,0,0,1,0,2,1,0,1,0.8796151071742134,False
4,1,0,0,0,1,0,0,0,2,0,1,1,0,0,0,1,1,0,0,0,3,0,0,1,0,0.06166716825045403,True
4,0,1,0,0,1,0,0,1,0,1,0,0,0,0,2,0,0,0,1,1,0,0,1,3,0,0.026990897758241934,True
4,0,0,0,2,0,2,0,0,0,0,1,0,1,0,0,1,1,0,0,0,0,1,1,0,2,0.06458344752606832,True
4,0,0,0,0,2,1,1,0,0,0,1,1,0,0,0,0,0,0,0,2,3,0,0,1,0,0.09406081678497275,True
4,0,0,1,1,0,0,1,1,0,0,2,0,0,0,0,0,0,1,1,0,0,1,0,1,2,0.05393224929401004,True
4,0,1,0,0,1,1,1,0,0,0,0,0,1,1,0,1,0,1,0,0,4,0,0,0,0,0.178460711473414,True
4,0,0,1,0,1,0,0,1,0,1,1,0,1,0,0,0,0,1,0,1,1,3,0,0,0,0.6000349328416172,False
4,1,1,0,0,0,0,1,0,1,0,1,0,0,0,1,0,2,0,0,0,1,1,1,0,1,0.040140138997108096,True
4,0,0,0,0,2,1,0,1,0,0,0,1,1,0,0,0,0,0,2,0,4,0,0,0,0,0.08760056426778132,True
4,0,2,0,0,0,0,1,0,0,1,0,1,0,1,0,1,0,0,1,0,0,0,2,1,1,0.03578547126207556,True
4,1,0,0,1,0,0,0,1,0,1,0,1,0,0,1,0,0,0,0,2,1,0,2,0,1,0.8862573919876905,False
4,1,0,0,0,1,1,0,0,0,1,0,0,1,1,0,0,2,0,0,0,1,0,0,1,2,0.029754033883803793,True
4,2,0,0,0,0,0,1,0,0,1,2,0,0,0,0,2,0,0,0,0,0,1,0,2,1,0.955100382367588,False
4,0,0,0,0,2,0,1,1,0,0,0,0,2,0,0,2,0,0,0,0,1,2,1,0,0,0.2755809192513482,False
4,0,0,1,1,0,0,2,0,0,0,1,0,0,1,0,1,1,0,0,0,0,0,1,1,2,0.03793160080855594,True
4,0,0,0,1,1,1,1,0,0,0,0,0,1,0,1,0,0,0,2,0,0,3,1,0,0,0.03772488715991038,True
4,0,2,0,0,0,0,0,2,0,0,1,0,1,0,0,1,1,0,0,0,0,0,2,2,0,0.08929209733089037,True
4,2,0,0,0,0,0,2,0,0,0,2,0,0,0,0,0,0,1,0,1,1,1,0,2,0,0.07452912703100617,True
4,0,0,0,0,2,1,1,0,0,0,1,0,0,0,1,2,0,0,0,0,0,0,0,0,4,0.8483182031290896,False
4,0,0,0,1,1,0,0,0,1,1,2,0,0,0,0,0,0,2,0,0,1,0,0,2,1,0.9372795083334808,False
4,0,1,0,0,1,0,0,0,1,1,0,1,0,1,0,0,0,2,0,0,3,0,1,0,0,0.09832027282428397,True
4,1,0,0,1,0,1,0,0,1,0,2,0,0,0,0,1,0,0,1,0,0,0,1,2,1,0.0679251176442044,True
4,0,1,1,0,0,2,0,0,0,0,0,0,0,0,2,0,0,1,0,1,3,0,1,0,0,0.9323778714777424,False
4,1,0,0,1,0,0,1,1,0,0,0,2,0,0,0,1,0,0,0,1,0,0,0,4,0,0.04981636071591018,True
4,0,0,1,1,0,0,0,1,1,0,1,0,0,0,1,0,0,0,1,1,0,0,1,2,1,0.0477002930647277,True
4,0,0,1,1,0,0,0,0,0,2,0,0,1,1,0,0,0,1,0,1,0,0,1,3,0,0.023262729530535688,True
4,0,0,2,0,0,0,1,0,0,1,0,1,0,0,1,2,0,0,0,0,3,0,0,0,1,0.9392962702181622,False
4,0,0,2,0,0,0,0,0,1,1,1,0,0,0,1,0,0,1,0,1,1,0,2,0,1,0.9169808457149903,False
4,0,0,1,0,1,0,1,1,0,0,1,0,0,0,1,1,0,0,0,1,0,0,3,1,0,0.8634238377431296,False
4,0,0,1,1,0,0,1,1,0,0,1,0,0,0,1,0,0,1,0,1,2,1,0,0,1,0.1565518310647852,True
4,0,0,1,1,0,0,1,0,1,0,0,0,2,0,0,0,0,2,0,0,2,2,0,0,0,0.08729404040188331,True
4,0,0,0,0,2,0,0,1,0,1,0,0,0,0,2,0,2,0,0,0,0,0,0,1,3,0.05482196407286341,True
4,0,0,0,1,1,2,0,0,0,0,0,1,0,0,1,0,1,1,0,0,1,0,1,1,1,0.81893605753781,False
4,0,1,0,0,1,0,0,1,1,0,0,1,0,1,0,0,0,0,1,1,2,1,0,1,0,0.03712838776382231,True
4,1,1,0,0,0,1,1,0,0,0,0,1,0,1,0,0,1,1,0,0,0,3,1,0,0,0.07248995546479435,True
4,0,0,0,0,2,0,0,0,1,1,2,0,0,0,0,0,2,0,0,0,0,0,0,4,0,0.01787749828635044,True
4,0,0,0,2,0,2,0,0,0,0,0,1,0,1,0,1,0,1,0,0,0,0,3,1,0,0.07826818713712283,True
4,0,1,0,0,1,2,0,0,0,0,0,2,0,0,0,0,1,1,0,0,0,2,0,1,1,0.04891691883054482,True
4,0,1,0,1,0,1,0,0,1,0,0,0,0,1,1,0,1,0,0,1,0,0,2,2,0,0.03507430346315381,True
4,0,0,0,1,1,0,0,2,0,0,0,1,1,0,0,2,0,0,0,0,1,1,1,1,0,0.1261508253773921,True
4,0,1,0,0,1,1,0,1,0,0,0,1,1,0,0,0,1,0,0,1,0,0,4,0,0,0.945932728358429,False
4,0,0,0,1,1,0,2,0,0,0,0,2,0,0,0,0,1,0,1,0,1,1,1,1,0,0.05085657885775003,True
4,0,1,0,1,0,0,0,2,0,0,0,2,0,0,0,1,0,0,1,0,3,0,0,1,0,0.07525900765681742,True
4,0,0,1,0,1,1,0,0,0,1,0,0,1,0,1,0,0,0,2,0,1,2,0,1,0,0.02954037900022993,True
4,0,0,0,1,1,0,1,0,1,0,1,1,0,0,0,0,0,0,0,2,1,0,1,2,0,0.021205186267110467,True
4,1,1,0,0,0,0,0,0,0,2,0,0,2,0,0,0,1,1,0,0,0,2,0,1,1,0.06262031777332573,True
4,0,0,2,0,0,0,0,1,0,1,0,0,1,1,0,0,0,2,0,0,4,0,0,0,0,0.9675428285486121,False
4,0,0,0,1,1,0,2,0,0,0,0,0,2,0,0,0,1,0,0,1,1,0,1,2,0,0.050511373679538195,True
4,0,1,0,1,0,1,0,0,1,0,0,0,0,2,0,0,1,1,0,0,1,1,0,2,0,0.06462222222222223,True
4,0,0,1,0,1,0,0,2,0,0,0,0,1,0,1,0,0,1,0,1,3,0,0,0,1,0.9156528568590135,False
4,0,0,0,2,0,0,0,1,1,0,0,0,0,2,0,0,1,0,0,1,1,2,0,0,1,0.026954632689042194,True
4,1,0,0,0,1,0,0,0,2,0,0,0,0,1,1,0,1,0,1,0,2,1,0,0,1,0.018304751801953754,True
4,0,0,2,0,0,0,1,1,0,0,0,0,0,0,2,0,0,0,1,1,1,0,2,0,1,0.9119239303872182,False
4,0,1,1,0,0,1,1,0,0,0,0,0,1,1,0,2,0,0,0,0,1,3,0,0,0,0.0829494447033636,True
4,0,1,0,0,1,0,1,1,0,0,0,1,0,1,0,0,2,0,0,0,0,2,0,1,1,0.035031307480985666,True
4,0,0,0,0,2,1,1,0,0,0,1,1,0,0,0,1,0,1,0,0,0,2,0,0,2,0.06404860802816387,True
4,0,0,0,0,2,0,0,0,2,0,1,0,1,0,0,0,1,1,0,0,1,0,2,1,0,0.05592476557341184,True
4,0,0,1,0,1,0,0,0,2,0,2,0,0,0,0,1,1,0,0,0,2,0,1,1,0,0.07592476557341181,True
4,0,0,0,2,0,0,1,0,1,0,1,0,1,0,0,0,1,0,0,1,2,0,0,0,2,0.021594801731590955,True
4,0,2,0,0,0,0,1,1,0,0,1,0,1,0,0,1,0,0,0,1,0,2,1,0,1,0.06045929935411366,True
4,0,0,1,1,0,0,0,2,0,0,0,0,0,1,1,1,0,0,0,1,1,1,0,2,0,0.06034479720253814,True
4,1,0,1,0,0,1,0,0,1,0,1,0,0,1,0,0,0,0,0,2,0,1,1,2,0,0.04656966703413083,True
4,0,0,2,0,0,0,0,0,2,0,1,1,0,0,0,0,1,1,0,0,1,1,0,2,0,0.07245067639381736,True
4,0,0,1,1,0,0,1,0,0,1,0,0,0,1,1,0,0,1,0,1,0,0,0,0,4,0.8402002433277188,False
4,1,0,1,0,0,0,1,1,0,0,0,1,0,1,0,1,1,0,0,0,0,1,3,0,0,0.08612810833240074,True
4,2,0,0,0,0,0,0,0,0,2,0,1,1,0,0,2,0,0,0,0,2,0,2,0,0,0.9517853846471803,False
4,0,0,0,2,0,2,0,0,0,0,1,0,0,1,0,1,1,0,0,0,0,0,0,1,3,0.02205228306293382,True
4,1,0,0,0,1,0,1,0,1,0,1,0,1,0,0,1,1,0,0,0,0,2,1,0,1,0.059136862678990904,True
4,0,1,1,0,0,1,1,0,0,0,1,0,0,1,0,1,1,0,0,0,0,1,1,2,0,0.07444959735574129,True
4,0,1,0,1,0,1,0,1,0,0,0,1,0,1,0,0,1,0,1,0,2,0,1,0,1,0.05316005389067188,True
4,2,0,0,0,0,1,0,0,1,0,1,0,1,0,0,0,0,0,1,1,0,1,0,0,3,0.9005953858878284,False
4,2,0,0,0,0,1,0,1,0,0,0,1,1,0,0,0,0,1,1,0,0,1,0,2,1,0.09834393729387854,True
4,0,0,2,0,0,0,0,0,2,0,1,0,0,1,0,1,0,0,1,0,2,1,0,0,1,0.05803531060205055,True
4,1,0,0,0,1,0,1,1,0,0,2,0,0,0,0,0,1,0,0,1,0,2,0,0,2,0.7973684741169835,False
4,0,0,0,0,2,1,0,1,0,0,0,2,0,0,0,0,0,0,0,2,0,0,0,1,3,0.07482196407286339,True
4,0,1,0,1,0,2,0,0,0,0,0,0,0,1,1,0,0,0,2,0,0,0,2,0,2,0.021594801730756334,True
4,0,0,0,0,2,1,1,0,0,0,0,0,0,2,0,1,0,0,1,0,1,0,0,0,3,-0.011903864255161158,True
4,0,0,0,2,0,0,0,1,0,1,0,0,1,1,0,1,0,0,0,1,1,0,0,2,1,0.02792511764420447,True
4,0,1,0,1,0,0,0,1,0,1,2,0,0,0,0,1,0,0,0,1,0,0,1,1,2,0.13572889750783598,True
4,0,0,2,0,0,1,0,0,1,0,1,0,0,0,1,0,1,0,1,0,2,0,0,2,0,0.062491294185059804,True
4,0,1,0,1,0,0,0,0,1,1,1,0,1,0,0,0,2,0,0,0,1,3,0,0,0,0.0548374698366603,True
4,2,0,0,0,0,0,0,0,1,1,1,0,0,0,1,0,2,0,0,0,2,0,2,0,0,0.1580856476888021,True
4,0,0,0,1,1,0,1,0,0,1,0,0,2,0,0,1,0,0,1,0,2,0,0,0,2,0.9002002433277188,False
4,0,0,2,0,0,1,0,1,0,0,0,1,0,0,1,0,1,0,0,1,2,0,1,0,1,0.9377989499059496,False
4,0,1,0,0,1,0,0,1,1,0,0,0,0,0,2,0,2,0,0,0,1,1,1,0,1,0.01812610395577995,True
4,0,1,1,0,0,1,1,0,0,0,0,0,1,0,1,0,0,1,0,1,1,0,0,1,2,0.13878820921008583,True
4,1,0,1,0,0,0,0,1,1,0,0,0,0,0,2,0,0,0,0,2,1,1,0,1,1,0.8790754159373949,False
4,0,0,0,2,0,0,0,0,2,0,2,0,0,0,0,1,1,0,0,0,1,0,0,1,2,0.03244806206036395,True
4,0,0,0,2,0,1,0,0,0,1,0,1,0,0,1,1,0,0,0,1,1,1,0,1,1,0.028385713876920154,True
4,0,0,1,0,1,1,0,1,0,0,0,1,0,1,0,0,2,0,0,0,0,2,0,0,2,0.025020666879176746,True
4,1,0,0,1,0,0,0,0,2,0,0,0,0,2,0,1,1,0,0,0,0,0,2,2,0,0.062996520797221,True
4,0,2,0,0,0,0,0,0,1,1,1,0,1,0,0,0,0,1,1,0,0,3,0,0,1,0.04783521220347521,True
4,0,2,0,0,0,1,0,0,1,0,0,0,0,0,2,0,1,0,1,0,0,0,0,2,2,-0.00418568433083888,True
4,0,0,2,0,0,1,0,0,1,0,0,0,1,1,0,0,1,0,1,0,0,3,0,0,1,0.05632962724837029,True
4,0,1,0,0,1,0,0,0,0,2,1,0,1,0,0,0,0,0,1,1,1,0,2,0,1,0.8989079388484613,False
4,0,1,0,1,0,1,0,1,0,0,1,0,0,0,1,0,2,0,0,0,0,0,4,0,0,0.07557303064362703,True
4,0,0,0,1,1,2,0,0,0,0,0,0,2,0,0,0,0,0,0,2,0,0,3,0,1,0.9171128178087125,False
4,0,0,0,0,2,0,0,0,1,1,0,1,0,0,1,1,0,0,1,0,0,1,1,0,2,0.7538638549083557,False
4,0,1,0,0,1,0,0,0,0,2,0,0,0,0,2,0,1,1,0,0,0,0,0,4,0,-0.013545731473688514,True
4,0,0,0,2,0,0,1,0,0,1,0,0,2,0,0,0,1,1,0,0,0,2,0,1,1,0.04358710558010423,True
4,1,0,0,0,1,0,0,1,1,0,1,1,0,0,0,0,1,0,1,0,1,0,2,1,0,0.06166716825045403,True
4,0,2,0,0,0,0,1,0,1,0,1,1,0,0,0,0,1,1,0,0,0,2,0,1,1,0.05276071000000003,True
4,0,0,1,0,1,0,0,2,0,0,0,0,1,1,0,0,1,1,0,0,2,2,0,0,0,0.09450750276882072,True
4,1,0,0,1,0,0,0,1,0,1,0,0,2,0,0,0,1,0,1,0,0,0,2,2,0,0.062491294185059804,True
4,0,2,0,0,0,0,0,0,2,0,0,0,0,1,1,0,0,1,1,0,1,2,0,0,1,0.03223957305614777,True
4,0,1,0,1,0,0,2,0,0,0,0,0,0,1,1,1,1,0,0,0,0,3,0,1,0,0.0507794846133044,True
4,0,1,0,0,1,0,0,1,0,1,2,0,0,0,0,1,0,0,1,0,2,2,0,0,0,0.10501991352889495,True
4,2,0,0,0,0,0,1,0,0,1,1,0,0,0,1,0,1,0,0,1,1,0,0,1,2,0.8985582460450062,False
4,1,0,0,0,1,1,1,0,0,0,0,0,1,0,1,1,0,1,0,0,0,1,1,0,2,0.9092827282743654,False
4,0,0,0,0,2,2,0,0,0,0,0,0,1,0,1,0,0,0,1,1,2,1,1,0,0,0.9150179426635746,False
4,1,0,0,1,0,0,0,0,2,0,1,1,0,0,0,1,0,0,0,1,1,2,0,1,0,0.05169800124265175,True
4,0,1,0,0,1,0,0,2,0,0,0,0,0,2,0,1,0,1,0,0,3,0,0,1,0,0.0888940539909026,True
4,0,0,0,2,0,0,0,1,1,0,0,1,0,0,1,0,1,1,0,0,1,0,2,0,1,0.04159480173159092,True
4,0,0,1,1,0,1,1,0,0,0,2,0,0,0,0,0,2,0,0,0,0,1,1,2,0,0.07444959735574129,True
4,1,0,0,1,0,0,1,0,1,0,1,0,0,0,1,0,0,0,2,0,1,0,0,2,1,0.030699167761893107,True
4,0,0,0,0,2,0,0,0,0,2,1,0,1,0,0,0,0,0,0,2,0,1,0,3,0,0.0467644385434316,True
4,0,0,0,0,2,0,1,1,0,0,0,1,0,0,1,1,0,0,0,1,0,0,1,1,2,0.8632778868326193,False
4,0,0,0,1,1,0,0,1,1,0,1,0,0,0,1,1,0,0,1,0,1,1,1,0,1,0.06933213589042785,True
4,1,0,1,0,0,0,0,0,0,2,0,0,2,0,0,0,0,0,1,1,0,0,0,3,1,0.9168431623849518,False
4,0,1,1,0,0,1,0,1,0,0,0,0,2,0,0,0,0,1,1,0,0,2,0,1,1,0.09894211832637523,True
4,1,1,0,0,0,0,0,0,2,0,0,1,0,1,0,2,0,0,0,0,0,0,4,0,0,0.07811697379948898,True
4,0,1,0,0,1,1,0,0,0,1,0,0,1,0,1,1,0,0,1,0,0,0,1,2,1,0.7865652905410774,False
4,2,0,0,0,0,1,0,0,0,1,1,0,0,1,0,1,0,0,1,0,0,2,0,0,2,0.07300659745697687,True
4,0,0,1,0,1,0,0,2,0,0,2,0,0,0,0,0,1,0,0,1,0,2,0,2,0,0.07918398479460288,True
4,0,1,0,0,1,0,2,0,0,0,1,0,0,1,0,1,0,1,0,0,0,2,0,0,2,0.03197093659244407,True
4,1,0,1,0,0,0,0,0,0,2,0,0,0,1,1,2,0,0,0,0,0,0,1,2,1,0.9179814203366364,False
4,0,0,0,0,2,1,0,0,1,0,0,0,0,0,2,0,2,0,0,0,0,0,1,1,2,-0.010245966116196142,True
4,0,1,1,0,0,1,1,0,0,0,0,2,0,0,0,0,2,0,0,0,0,2,2,0,0,0.07567871609190442,True
4,0,0,0,1,1,0,1,1,0,0,0,1,0,1,0,0,1,1,0,0,0,0,4,0,0,0.06841830474003112,True
4,1,0,0,1,0,0,0,0,0,2,1,0,1,0,0,0,0,1,1,0,3,1,0,0,0,0.1267644385434315,True
4,0,0,0,0,2,0,0,0,2,0,0,1,1,0,0,1,0,0,0,1,0,2,1,1,0,0.019058148432270636,True
4,0,0,2,0,0,1,0,0,1,0,0,0,1,1,0,0,0,0,1,1,1,0,2,0,1,0.14332058816520787,True
4,0,1,1,0,0,2,0,0,0,0,0,2,0,0,0,1,0,1,0,0,0,1,2,1,0,0.09045153018665113,True
4,0,2,0,0,0,1,0,0,0,1,0,0,0,0,2,0,2,0,0,0,0,2,1,1,0,0.016395261539563676,True
4,0,0,0,0,2,2,0,0,0,0,0,0,1,1,0,1,0,0,1,0,0,2,1,0,1,0.07300659745697687,True
4,1,0,0,0,1,0,1,0,1,0,0,1,0,0,1,0,1,0,0,1,0,0,2,2,0,0.02626092334028867,True
4,0,0,1,0,1,1,0,1,0,0,0,1,0,0,1,0,1,0,0,1,0,1,1,2,0,0.07472264308645628,True
4,0,1,1,0,0,2,0,0,0,0,1,0,0,0,1,0,0,0,0,2,3,0,0,0,1,0.9096509321198152,False
4,1,0,1,0,0,1,0,1,0,0,0,0,0,1,1,0,0,0,2,0,0,1,0,2,1,0.05717023510932658,True
4,1,0,0,0,1,1,0,0,0,1,0,1,0,0,1,0,1,1,0,0,0,0,1,3,0,0.04241588953244324,True
4,0,0,2,0,0,1,1,0,0,0,1,1,0,0,0,1,0,1,0,0,1,0,0,3,0,0.09218911764889684,True
4,1,0,1,0,0,0,1,0,1,0,2,0,0,0,0,1,0,0,1,0,0,3,0,1,0,0.07525900765681742,True
4,1,0,1,0,0,0,1,0,1,0,1,1,0,0,0,0,0,0,0,2,1,0,3,0,0,0.09383293334003988,True
4,2,0,0,0,0,1,0,0,1,0,0,0,1,0,1,0,0,0,1,1,0,0,2,2,0,0.0916865742651291,True
4,0,0,0,0,2,0,0,2,0,0,1,0,0,0,1,0,1,1,0,0,0,2,0,2,0,0.0418747631428173,True
4,1,0,0,0,1,1,0,1,0,0,1,0,0,1,0,0,0,1,0,1,0,0,0,1,3,0.8832989440124203,False
4,1,1,0,0,0,0,2,0,0,0,0,1,0,0,1,0,1,0,1,0,0,2,0,0,2,0.016386966664368008,True
4,0,2,0,0,0,0,1,0,1,0,0,2,0,0,0,0,1,1,0,0,1,0,0,2,1,0.05159644256172842,True
4,0,0,0,2,0,0,0,0,1,1,0,1,1,0,0,0,2,0,0,0,0,1,0,0,3,-0.004068593203181802,True
4,1,0,0,1,0,0,0,1,1,0,0,0,0,2,0,1,0,0,0,1,1,3,0,0,0,0.050901854588659784,True
4,0,2,0,0,0,0,0,1,0,1,0,1,0,1,0,0,1,0,0,1,1,1,0,0,2,0.00461274617046588,True
4,1,0,0,0,1,0,0,0,0,2,1,0,1,0,0,1,0,0,1,0,0,0,3,1,0,0.8592914573541749,False
4,0,1,0,0,1,1,0,1,0,0,0,1,0,1,0,0,1,0,0,1,2,1,0,0,1,0.05697433778595943,True
4,1,0,0,1,0,1,1,0,0,0,0,0,0,1,1,0,1,1,0,0,2,1,1,0,0,0.07294340163217929,True
4,0,1,0,1,0,0,1,0,0,1,1,1,0,0,0,2,0,0,0,0,0,1,0,1,2,0.03171827224799834,True
4,1,0,0,0,1,0,1,1,0,0,0,1,1,0,0,1,0,1,0,0,0,2,0,2,0,0.06535829621552511,True
4,0,1,0,0,1,2,0,0,0,0,0,0,1,0,1,0,1,0,0,1,4,0,0,0,0,0.9398846250342558,False
4,0,1,1,0,0,2,0,0,0,0,1,0,0,0,1,1,0,0,0,1,1,1,0,0,2,0.9068175161201389,False
4,0,0,0,0,2,0,0,0,1,1,1,0,0,1,0,1,0,0,0,1,1,1,2,0,0,0.38527777652949424,True
4,2,0,0,0,0,1,0,1,0,0,1,0,1,0,0,1,0,0,0,1,0,1,1,1,1,0.9587017276186093,False
4,0,1,0,1,0,2,0,0,0,0,0,1,0,0,1,0,0,0,2,0,0,1,1,1,1,0.03582241564555397,True
4,0,0,0,2,0,0,1,0,0,1,0,1,0,0,1,0,1,0,0,1,2,0,0,1,1,0.016682804846689964,True
4,0,1,1,0,0,1,1,0,0,0,1,0,0,1,0,0,1,1,0,0,0,0,0,1,3,0.028998195324300813,True
4,0,2,0,0,0,1,0,0,1,0,1,0,0,1,0,0,0,1,0,1,2,0,0,2,0,0.05525329447918509,True
4,1,0,0,0,1,0,1,0,0,1,0,0,0,1,1,0,1,0,0,1,1,0,1,2,0,0.10187554402708095,True
4,0,0,0,2,0,0,0,0,2,0,0,1,1,0,0,2,0,0,0,0,3,1,0,0,0,0.0720072844003771,True
4,0,2,0,0,0,0,0,0,0,2,0,1,0,1,0,0,0,1,1,0,0,2,2,0,0,0.03368194674308536,True
4,1,0,1,0,0,0,0,2,0,0,0,2,0,0,0,0,1,1,0,0,0,0,3,1,0,0.10407133307654923,True
4,0,0,0,2,0,0,0,2,0,0,0,0,2,0,0,0,2,0,0,0,2,1,0,0,1,0.06602771344242665,True
4,0,1,0,1,0,0,1,0,1,0,0,0,0,2,0,0,1,0,0,1,1,0,1,2,0,0.04498081520177782,True
4,0,2,0,0,0,1,1,0,0,0,0,1,0,1,0,0,1,0,0,1,1,0,0,2,1,0.0361663630853526,True
4,0,0,0,0,2,0,1,1,0,0,1,1,0,0,0,0,0,1,0,1,1,1,0,2,0,0.034529127031006225,True
4,1,0,0,1,0,0,1,1,0,0,0,0,0,0,2,0,0,2,0,0,0,0,0,3,1,0.05773424789700065,True
4,2,0,0,0,0,0,0,0,1,1,2,0,0,0,0,1,0,0,1,0,1,0,0,2,1,0.8265652905410774,False
4,0,0,0,1,1,1,0,1,0,0,0,1,0,1,0,0,0,0,1,1,1,1,1,1,0,0.049189621517366715,True
4,0,0,2,0,0,0,1,0,1,0,0,1,1,0,0,0,2,0,0,0,0,1,3,0,0,0.07829524065977642,True
4,0,2,0,0,0,0,0,0,1,1,1,1,0,0,0,0,0,0,2,0,1,1,0,0,2,0.015931406796818162,True
4,1,1,0,0,0,0,1,0,0,1,0,0,2,0,0,1,0,1,0,0,0,0,2,2,0,0.12206780135700972,True
4,0,1,1,0,0,0,1,1,0,0,0,1,0,1,0,0,0,0,1,1,0,0,4,0,0,0.06841830474003112,True
4,1,1,0,0,0,0,0,1,1,0,0,1,1,0,0,0,1,0,0,1,0,0,1,0,3,0.027803105643044064,True
4,0,0,0,0,2,1,1,0,0,0,1,0,0,0,1,0,0,2,0,0,0,0,1,0,3,0.8723778714777427,False
4,0,0,0,0,2,1,0,0,1,0,0,2,0,0,0,0,0,0,2,0,0,3,1,0,0,0.030140675235751632,True
4,0,0,1,1,0,0,2,0,0,0,1,0,0,1,0,1,0,0,0,1,0,1,2,1,0,0.056970769965405135,True
4,0,1,1,0,0,0,1,0,1,0,0,1,1,0,0,1,1,0,0,0,2,1,0,1,0,0.0741590671603554,True
4,0,0,2,0,0,1,0,0,0,1,0,1,0,1,0,0,0,0,0,2,0,2,1,1,0,0.033396922710032,True
4,1,0,0,0,1,0,0,0,0,2,1,0,1,0,0,0,0,0,2,0,0,2,0,0,2,0.033006597456976934,True
4,0,0,0,0,2,0,0,0,1,1,0,0,0,1,1,1,0,0,1,0,0,1,1,0,2,0.7538638549083557,False
4,0,0,2,0,0,1,0,0,0,1,0,0,0,0,2,0,0,0,1,1,2,2,0,0,0,0.8931253806523687,False
4,0,1,0,0,1,1,1,0,0,0,1,0,0,0,1,0,0,0,0,2,2,1,1,0,0,0.38136943883253843,True
4,0,0,1,1,0,0,0,0,2,0,0,2,0,0,0,1,0,1,0,0,0,0,0,2,2,0.03334755828869989,True
4,0,1,0,0,1,1,0,0,0,1,1,0,0,0,1,0,2,0,0,0,1,0,3,0,0,0.13947357767197807,True
4,0,0,0,2,0,0,0,0,2,0,0,0,0,2,0,0,0,1,0,1,0,1,3,0,0,0.044397335112651974,True
4,0,1,0,0,1,0,2,0,0,0,0,0,1,0,1,1,1,0,0,0,0,1,0,0,3,-0.001554821480489627,True
4,1,0,0,0,1,0,1,1,0,0,0,0,0,0,2,0,1,0,0,1,0,1,1,2,0,0.02615242303415438,True
4,2,0,0,0,0,0,0,0,0,2,0,0,0,0,2,1,0,1,0,0,2,1,1,0,0,0.9158148189469857,False
4,1,0,0,0,1,0,0,1,0,1,0,0,0,0,2,0,0,0,2,0,0,3,1,0,0,0.012189117648897007,True
4,1,0,1,0,0,0,0,0,2,0,2,0,0,0,0,0,1,0,0,1,1,3,0,0,0,0.06526368454055806,True
4,0,0,0,2,0,0,0,1,1,0,1,0,0,1,0,1,0,1,0,0,2,0,0,2,0,0.06888400541297386,True
4,0,0,2,0,0,0,0,1,0,1,0,1,0,1,0,1,0,1,0,0,1,0,0,1,2,0.15572889750783597,True
4,0,0,0,0,2,1,0,0,1,0,1,0,1,0,0,0,0,2,0,0,2,1,1,0,0,0.882980696508161,False
4,2,0,0,0,0,1,0,1,0,0,1,0,0,1,0,0,0,0,1,1,1,0,0,0,3,0.9034593296966339,False
4,0,0,1,1,0,0,1,0,0,1,1,0,0,0,1,0,2,0,0,0,1,1,0,2,0,0.03695597412861158,True
4,2,0,0,0,0,0,1,0,0,1,1,0,0,0,1,1,0,1,0,0,2,1,1,0,0,0.9545922956127879,False
4,0,0,1,1,0,0,0,0,0,2,1,0,0,1,0,0,1,0,0,1,4,0,0,0,0,0.1233205881652079,True
4,2,0,0,0,0,0,1,0,1,0,1,0,1,0,0,0,0,1,0,1,1,1,0,1,1,0.10364671968070546,True
4,1,0,0,0,1,0,0,1,1,0,0,0,1,1,0,0,0,2,0,0,0,2,1,0,1,0.09300659745697683,True
4,0,0,1,1,0,0,0,2,0,0,1,0,0,1,0,0,0,0,1,1,1,0,0,0,3,0.10332058816520794,True
4,0,1,0,0,1,1,0,0,0,1,0,1,0,0,1,2,0,0,0,0,3,1,0,0,0,0.9299924174998608,False
4,1,0,0,0,1,1,1,0,0,0,0,1,0,0,1,0,0,2,0,0,3,0,0,0,1,0.9250563947615725,False
4,0,0,1,0,1,1,0,0,0,1,1,0,0,1,0,1,1,0,0,0,0,4,0,0,0,0.04611644282588113,True
4,0,1,1,0,0,0,0,1,0,1,1,0,1,0,0,0,0,1,1,0,0,2,1,1,0,0.07339692271003193,True
4,1,0,0,0,1,2,0,0,0,0,0,0,2,0,0,1,0,0,0,1,1,3,0,0,0,0.6175498086671355,False
4,1,0,0,0,1,0,0,0,2,0,1,1,0,0,0,0,1,0,0,1,2,1,1,0,0,0.04931339563551706,True
4,0,0,1,0,1,0,1,0,0,1,0,1,0,0,1,1,1,0,0,0,1,0,0,3,0,0.03245785199029113,True
4,0,1,1,0,0,0,0,2,0,0,0,0,1,0,1,0,0,0,2,0,0,0,0,3,1,0.04735460881881825,True
4,1,1,0,0,0,1,0,0,0,1,1,0,1,0,0,0,1,0,1,0,2,0,2,0,0,0.11382791002756996,True
4,0,0,2,0,0,0,1,1,0,0,0,1,0,1,0,0,0,0,0,2,3,0,0,0,1,0.0738329333400399,True
4,2,0,0,0,0,0,2,0,0,0,0,0,1,1,0,0,0,1,0,1,0,1,1,1,1,0.058870766913707996,True
4,1,0,1,0,0,2,0,0,0,0,1,0,0,0,1,0,1,0,0,1,0,2,0,2,0,0.07918398479460288,True
4,1,0,0,0,1,1,1,0,0,0,1,0,0,0,1,0,0,1,1,0,1,0,0,3,0,0.04809613574483874,True
4,0,0,1,0,1,1,1,0,0,0,1,0,0,1,0,0,1,0,0,1,1,0,2,1,0,0.07684272668508749,True
4,1,1,0,0,0,0,1,1,0,0,0,0,0,0,2,0,0,2,0,0,0,0,0,3,1,0.06221092054789178,True
4,1,0,1,0,0,1,0,0,1,0,1,0,1,0,0,0,0,1,1,0,1,0,1,1,1,0.1802078280337494,True
4,1,0,1,0,0,0,0,0,0,2,0,0,2,0,0,1,0,0,1,0,0,0,0,4,0,0.05044164342759486,True
4,0,2,0,0,0,0,0,0,2,0,0,1,1,0,0,0,0,1,1,0,1,2,0,0,1,0.05081160612453378,True
4,0,1,0,1,0,0,0,0,2,0,1,0,0,1,0,1,1,0,0,0,0,0,0,1,3,0.009535399773552182,True
4,0,0,0,0,2,0,1,0,1,0,0,0,1,0,1,0,0,1,1,0,0,1,2,0,1,0.02458344752606838,True
4,2,0,0,0,0,1,0,1,0,0,0,2,0,0,0,1,0,1,0,0,0,2,0,0,2,0.10561002263373104,True
4,0,2,0,0,0,0,0,0,0,2,1,0,0,1,0,0,1,0,1,0,2,0,0,2,0,0.03136759283445241,True
4,0,0,1,0,1,2,0,0,0,0,1,0,0,1,0,0,1,0,1,0,0,1,0,3,0,0.052007284400377114,True
4,1,1,0,0,0,0,2,0,0,0,0,0,2,0,0,0,0,1,1,0,1,0,3,0,0,0.09557934776734031,True
4,1,0,0,0,1,1,0,0,0,1,1,0,0,0,1,0,0,0,0,2,0,2,2,0,0,0.8834688990636742,False
4,0,1,1,0,0,2,0,0,0,0,0,0,0,0,2,0,0,0,1,1,1,2,1,0,0,0.08535000556617557,True
4,0,0,0,2,0,0,0,2,0,0,0,1,1,0,0,0,0,2,0,0,0,0,4,0,0,0.12760056426778127,True
4,0,0,2,0,0,0,0,0,0,2,1,0,0,0,1,0,0,0,2,0,0,0,0,0,4,0.5084658076495367,False
4,0,0,1,1,0,0,0,2,0,0,0,0,0,0,2,1,0,0,0,1,0,1,2,1,0,0.2464326293092485,False
4,0,1,1,0,0,0,0,0,1,1,0,0,1,1,0,0,0,1,0,1,1,0,2,1,0,0.07684272668028437,True
4,0,0,1,0,1,2,0,0,0,0,0,0,0,1,1,0,0,0,2,0,2,0,1,1,0,0.06889405398791522,True
4,0,2,0,0,0,0,0,1,1,0,1,0,1,0,0,1,0,0,0,1,0,2,1,1,0,0.06155902475525545,True
4,1,1,0,0,0,0,0,1,0,1,1,0,1,0,0,0,1,0,1,0,1,0,2,0,1,0.09383544474789156,True
4,0,0,1,0,1,0,0,0,1,1,1,0,1,0,0,1,0,0,1,0,0,0,3,0,1,0.9241828170167533,False
4,0,0,0,1,1,0,0,0,2,0,0,0,1,0,1,1,0,0,0,1,1,1,0,0,2,0.029332135890427914,True
4,0,2,0,0,0,0,0,0,0,2,0,0,1,1,0,1,1,0,0,0,0,1,1,2,0,0.034449597355741345,True
4,0,1,0,0,1,0,0,2,0,0,0,0,0,2,0,2,0,0,0,0,2,0,1,0,1,0.14332058816520787,True
4,1,1,0,0,0,0,0,1,1,0,0,0,0,2,0,0,1,1,0,0,2,0,0,0,2,0.03811697379948904,True
4,1,1,0,0,0,1,0,0,0,1,0,1,0,0,1,2,0,0,0,0,0,1,2,1,0,0.10500359548374913,True
4,1,0,1,0,0,1,0,0,0,1,0,0,2,0,0,0,0,0,1,1,0,0,1,1,2,0.9176471225134957,False
4,0,1,1,0,0,0,0,2,0,0,0,1,0,1,0,0,0,1,0,1,3,0,1,0,0,0.113845488723599,True
4,0,0,1,0,1,0,1,1,0,0,1,0,0,1,0,1,0,0,0,1,1,0,3,0,0,0.6180921962840797,False
4,0,0,2,0,0,0,0,1,1,0,0,0,2,0,0,0,0,0,1,1,0,3,1,0,0,0.0878223054695637,True
4,1,0,0,0,1,1,0,1,0,0,0,1,0,0,1,0,0,0,0,2,0,0,2,1,1,0.8987017276186091,False
4,0,2,0,0,0,0,0,1,0,1,0,0,2,0,0,0,0,0,1,1,0,0,2,1,1,0.08568711012658194,True
4,0,1,0,1,0,1,0,0,0,1,2,0,0,0,0,2,0,0,0,0,1,0,0,3,0,0.0680961357448387,True
4,0,0,2,0,0,1,1,0,0,0,0,0,2,0,0,0,0,2,0,0,0,2,1,0,1,0.9705411092782562,False
4,1,0,0,1,0,0,1,0,1,0,1,0,0,1,0,0,0,0,0,2,1,2,1,0,0,0.03613693478529766,True
4,0,0,0,2,0,0,1,0,1,0,0,0,0,2,0,0,1,1,0,0,0,0,3,1,0,0.06426190304318477,True
4,0,1,0,0,1,0,1,0,1,0,0,0,1,0,1,0,0,1,0,1,2,0,0,1,1,0.059988306477400596,True
4,0,0,1,1,0,0,1,0,0,1,0,0,0,1,1,1,1,0,0,0,0,1,0,2,1,0.03689872974301311,True
4,1,1,0,0,0,0,0,0,1,1,1,0,0,0,1,0,0,2,0,0,2,0,2,0,0,0.9502234952006895,False
4,0,0,2,0,0,0,1,0,0,1,1,0,0,1,0,1,0,0,1,0,0,1,1,2,0,0.06022224758220137,True
4,1,0,1,0,0,0,1,0,0,1,0,0,1,1,0,2,0,0,0,0,0,0,3,0,1,0.9475584971813664,False
4,0,0,0,2,0,1,0,1,0,0,0,1,0,0,1,0,0,0,0,2,3,0,0,0,1,0.10332058816520794,True
4,0,0,1,1,0,0,1,1,0,0,0,0,0,1,1,0,1,1,0,0,2,0,0,1,1,0.05785644751998399,True
4,0,1,0,0,1,0,0,0,2,0,0,0,0,0,2,0,2,0,0,0,0,0,1,2,1,-0.001217862040697795,True
4,0,1,0,0,1,0,2,0,0,0,0,0,1,0,1,0,0,0,1,1,2,0,0,0,2,0.039158009050250894,True
4,0,0,1,0,1,0,0,0,0,2,1,0,1,0,0,1,1,0,0,0,0,2,2,0,0,0.2550495600519396,False
4,2,0,0,0,0,0,2,0,0,0,0,2,0,0,0,0,0,2,0,0,0,0,2,0,2,0.0563125762182188,True
4,0,1,0,0,1,1,0,0,1,0,0,1,0,1,0,0,0,0,0,2,1,0,1,0,2,0.002415889532443292,True
4,0,0,2,0,0,0,0,0,0,2,1,0,0,1,0,0,0,2,0,0,4,0,0,0,0,0.9474723876387876,False
4,0,0,0,2,0,2,0,0,0,0,1,1,0,0,0,0,0,0,2,0,1,2,1,0,0,0.06996538101829312,True
4,0,1,0,1,0,0,0,1,0,1,1,0,0,0,1,1,0,1,0,0,0,0,3,0,1,0.5980921962840797,False
4,0,0,0,2,0,1,0,1,0,0,0,0,1,0,1,0,0,1,1,0,0,2,1,1,0,0.056070115378581815,True
4,1,1,0,0,0,1,0,1,0,0,0,1,1,0,0,2,0,0,0,0,3,0,1,0,0,0.6584026021283318,False
4,0,0,0,0,2,0,0,1,1,0,0,1,1,0,0,0,0,2,0,0,0,0,2,2,0,0.06769508483620999,True
4,1,0,0,0,1,0,0,1,1,0,1,0,0,0,1,0,0,0,2,0,0,0,1,2,1,0.02792511764420447,True
4,0,0,0,2,0,0,0,2,0,0,0,2,0,0,0,1,1,0,0,0,0,3,0,0,1,0.05455974025829555,True
4,0,1,0,0,1,0,0,1,1,0,0,0,2,0,0,0,0,0,0,2,0,1,0,3,0,0.024890672090425447,True
4,0,1,1,0,0,0,0,0,2,0,1,0,1,0,0,1,0,0,1,0,0,2,2,0,0,0.0761369347852976,True
4,0,0,0,1,1,0,0,1,0,1,0,0,1,1,0,0,0,0,2,0,2,0,2,0,0,0.055927824070700335,True
4,0,0,2,0,0,1,0,1,0,0,0,0,2,0,0,0,1,0,1,0,1,1,1,0,1,0.19659388068387243,True
4,0,1,0,1,0,0,0,0,2,0,0,2,0,0,0,0,2,0,0,0,0,0,1,3,0,0.06521597222222222,True
4,0,0,0,1,1,1,0,0,1,0,0,0,2,0,0,0,0,1,1,0,0,0,0,3,1,0.05666422533571166,True
4,1,0,0,1,0,0,0,1,1,0,1,0,0,0,1,0,0,1,1,0,0,1,3,0,0,0.07419881268284674,True
4,2,0,0,0,0,0,0,0,1,1,0,1,1,0,0,1,1,0,0,0,0,2,0,0,2,0.05923003423474111,True
4,1,0,0,0,1,0,0,1,1,0,0,0,1,0,1,0,1,0,0,1,1,1,0,2,0,0.04034479721271342,True
4,0,0,1,0,1,2,0,0,0,0,1,0,1,0,0,0,0,0,1,1,0,0,0,4,0,0.06889405398791516,True
4,1,0,0,0,1,1,0,0,0,1,1,1,0,0,0,0,0,0,2,0,2,1,0,0,1,0.04458344752606835,True
4,0,1,0,1,0,0,0,0,1,1,1,0,0,0,1,1,0,0,0,1,0,0,3,1,0,0.05684272668028441,True
4,0,0,2,0,0,0,0,0,0,2,0,1,0,0,1,0,0,0,2,0,0,0,4,0,0,0.1233205881652079,True
4,1,0,0,0,1,2,0,0,0,0,0,1,0,1,0,0,2,0,0,0,0,1,0,1,2,0.024850155610747535,True
4,0,1,0,0,1,2,0,0,0,0,1,0,1,0,0,0,0,2,0,0,0,0,1,3,0,0.16332058816520797,True
4,2,0,0,0,0,0,1,0,1,0,0,0,1,0,1,1,1,0,0,0,0,1,1,1,1,0.058870766913707996,True
4,0,1,1,0,0,0,0,0,1,1,1,1,0,0,0,0,1,0,0,1,0,1,0,3,0,0.03725938796377792,True
4,1,0,0,0,1,0,2,0,0,0,0,0,0,1,1,1,0,0,1,0,0,0,1,1,2,0.017856447519984064,True
4,1,0,0,1,0,0,1,1,0,0,0,1,0,1,0,0,0,1,0,1,0,1,1,0,2,0.02602771344242673,True
4,0,0,0,2,0,0,0,0,1,1,0,2,0,0,0,0,1,1,0,0,0,3,0,0,1,0.033243454379500915,True
4,0,1,0,0,1,0,2,0,0,0,2,0,0,0,0,0,0,0,1,1,1,0,1,2,0,0.050511373679538195,True
4,0,1,0,1,0,0,0,1,0,1,1,0,0,0,1,0,1,0,1,0,2,0,0,0,2,0.012189117648897026,True
4,1,0,1,0,0,0,1,0,1,0,0,0,0,1,1,1,0,1,0,0,0,0,0,3,1,0.06443935321363777,True
4,0,0,2,0,0,0,0,0,2,0,0,2,0,0,0,0,1,1,0,0,2,0,0,2,0,0.07136759283445235,True
4,0,1,0,1,0,0,0,0,0,2,0,1,0,1,0,1,0,0,0,1,1,0,0,2,1,0.0017140630005006848,True
4,0,0,2,0,0,1,1,0,0,0,0,2,0,0,0,1,0,0,1,0,0,0,2,1,1,0.06899819532430074,True
4,0,0,2,0,0,1,1,0,0,0,0,0,1,0,1,0,0,0,0,2,0,3,0,1,0,0.04333791463083802,True
4,0,0,1,1,0,0,0,2,0,0,0,0,0,0,2,0,0,0,0,2,0,1,2,0,1,0.8875584971813667,False
4,0,0,0,0,2,0,0,0,2,0,1,0,1,0,0,1,0,0,0,1,1,1,1,0,1,0.12136228911061311,True
4,1,0,0,1,0,1,0,1,0,0,0,1,1,0,0,0,0,1,0,1,2,1,1,0,0,0.15512359861371733,True
4,0,1,1,0,0,0,2,0,0,0,0,0,0,0,2,2,0,0,0,0,0,2,0,2,0,0.03777771294287684,True
4,1,0,0,1,0,0,0,1,1,0,1,0,0,0,1,0,0,2,0,0,0,0,1,2,1,0.09132782919784496,True
4,0,0,0,2,0,0,2,0,0,0,0,0,2,0,0,0,1,1,0,0,1,2,0,0,1,0.056115145167057644,True
4,0,1,0,1,0,1,0,1,0,0,0,1,0,0,1,0,0,0,0,2,0,2,2,0,0,0.03910143740594248,True
4,1,0,0,0,1,1,0,1,0,0,0,0,0,0,2,0,0,1,1,0,0,0,0,1,3,0.8632989440124201,False
4,0,2,0,0,0,1,0,1,0,0,1,0,0,1,0,1,0,1,0,0,0,2,0,1,1,0.07223059362915919,True
4,0,0,1,1,0,0,1,0,0,1,1,0,0,0,1,1,0,0,1,0,2,0,1,0,1,0.1233205881652079,True
4,1,0,0,0,1,0,0,2,0,0,0,0,1,1,0,1,0,0,0,1,0,0,1,3,0,0.07989855995460714,True
4,0,1,1,0,0,1,0,0,1,0,1,0,0,1,0,0,0,0,2,0,0,2,2,0,0,0.06996538101829312,True
4,1,0,1,0,0,0,1,0,0,1,0,1,1,0,0,0,1,1,0,0,0,0,3,0,1,0.16545485421531353,True
4,0,0,0,0,2,0,0,0,1,1,2,0,0,0,0,0,0,1,0,1,0,1,0,1,2,0.8789431262837173,False
4,0,1,0,1,0,0,0,0,2,0,0,0,0,1,1,0,0,0,0,2,1,0,1,1,1,-0.0019464140384910166,True
4,0,0,0,1,1,0,0,1,0,1,0,0,1,0,1,0,0,1,1,0,1,1,1,0,1,0.9014368121175395,False
4,0,0,0,0,2,0,0,0,1,1,0,1,1,0,0,0,0,1,1,0,0,1,1,1,1,0.037493471840154946,True
4,0,0,0,2,0,0,0,0,0,2,0,0,0,1,1,0,0,1,0,1,3,1,0,0,0,0.034316152838725564,True
4,1,0,0,0,1,0,1,1,0,0,0,0,0,2,0,0,0,2,0,0,0,2,2,0,0,0.06729404040188333,True
4,0,0,0,2,0,0,0,0,0,2,1,0,1,0,0,0,1,1,0,0,0,2,0,0,2,0.014294704862541358,True
4,1,0,0,0,1,1,0,0,1,0,0,0,0,1,1,2,0,0,0,0,1,1,1,1,0,0.09887758469531757,True
4,0,1,1,0,0,0,0,0,1,1,1,0,0,1,0,1,0,1,0,0,1,2,0,1,0,0.06635953631654432,True
4,0,0,1,0,1,0,1,0,0,1,1,1,0,0,0,0,0,0,0,2,0,2,2,0,0,0.06630256007490644,True
4,0,1,1,0,0,0,2,0,0,0,1,0,0,0,1,1,0,0,0,1,0,0,2,2,0,0.049292097330890426,True
4,1,0,0,0,1,1,0,0,1,0,0,1,0,1,0,0,0,1,0,1,1,1,1,0,1,0.04458344752606835,True
4,0,2,0,0,0,0,0,0,0,2,0,1,0,1,0,1,0,0,1,0,3,0,0,0,1,0.020778657334954844,True
4,0,2,0,0,0,1,0,0,1,0,0,0,1,1,0,1,0,0,0,1,2,1,0,1,0,0.056970769965405135,True
4,0,1,0,0,1,0,1,0,1,0,0,0,0,2,0,0,0,0,0,2,0,0,1,0,3,-0.03840519826840894,True
4,0,0,0,0,2,0,0,2,0,0,0,0,0,2,0,0,0,0,1,1,0,3,0,1,0,0.017877498286350428,True
4,1,0,0,1,0,1,0,0,1,0,0,0,0,1,1,1,0,1,0,0,0,0,1,1,2,0.06848801510437329,True
4,0,1,0,1,0,2,0,0,0,0,0,0,0,0,2,0,1,0,1,0,0,0,4,0,0,0.05218911764889696,True
4,0,1,0,0,1,0,0,1,0,1,0,0,1,1,0,0,1,1,0,0,1,1,0,1,1,0.0574934720370743,True
4,1,1,0,0,0,1,0,1,0,0,0,0,0,0,2,1,0,1,0,0,3,1,0,0,0,0.8828390145055742,False
4,1,1,0,0,0,0,2,0,0,0,0,0,2,0,0,0,0,0,1,1,0,1,2,1,0,0.06533241766902226,True
4,0,0,1,0,1,0,1,0,1,0,0,0,0,0,2,0,1,1,0,0,1,1,0,2,0,0.019945202279539123,True
4,0,0,0,1,1,1,0,1,0,0,0,0,0,1,1,2,0,0,0,0,0,0,2,1,1,0.9383906678382705,False
4,0,2,0,0,0,0,0,1,1,0,1,0,1,0,0,1,0,0,0,1,1,0,0,3,0,0.058116973799489,True
4,0,0,2,0,0,0,0,1,1,0,2,0,0,0,0,0,0,2,0,0,1,2,1,0,0,0.3136806268561607,False
4,0,2,0,0,0,0,1,0,1,0,0,0,0,2,0,0,2,0,0,0,1,1,2,0,0,0.06804930555555555,True
4,0,0,2,0,0,0,0,2,0,0,0,1,0,0,1,1,1,0,0,0,0,0,4,0,0,0.9789628899888013,False
4,0,2,0,0,0,0,0,0,2,0,0,1,0,1,0,0,1,0,0,1,2,1,1,0,0,0.04997266304295393,True
4,0,0,0,1,1,0,0,1,0,1,0,1,0,1,0,0,1,0,1,0,0,0,4,0,0,0.045263684473248605,True
4,1,0,0,1,0,1,0,1,0,0,1,0,0,0,1,0,1,1,0,0,2,2,0,0,0,0.09448875455759279,True
4,0,1,0,0,1,1,0,1,0,0,0,0,0,2,0,1,1,0,0,0,1,3,0,0,0,0.05772488720910193,True
4,0,0,1,0,1,0,2,0,0,0,0,0,2,0,0,0,1,0,0,1,0,0,3,1,0,0.08264959885653385,True
4,0,0,0,2,0,1,0,0,1,0,0,1,0,0,1,1,0,1,0,0,1,1,1,0,1,0.04770541893137893,True
4,2,0,0,0,0,1,0,1,0,0,0,1,0,1,0,0,1,1,0,0,0,2,1,0,1,0.0791425486756646,True
4,0,0,0,0,2,0,0,2,0,0,0,0,2,0,0,0,1,0,1,0,0,2,0,1,1,0.05894211832637529,True
4,0,1,0,1,0,0,0,0,1,1,0,0,1,0,1,0,1,1,0,0,3,0,1,0,0,0.0678031049880482,True
4,0,1,0,1,0,1,0,0,1,0,0,0,1,1,0,1,1,0,0,0,0,0,1,0,3,0.018116973799489077,True
4,0,0,0,2,0,1,0,0,1,0,0,0,0,2,0,0,0,1,0,1,1,0,0,1,2,0.009124954214929638,True
4,1,0,0,0,1,0,1,0,0,1,0,0,0,1,1,0,0,1,1,0,1,0,0,3,0,0.0269322188268682,True
4,1,0,1,0,0,0,1,0,0,1,2,0,0,0,0,0,1,0,0,1,0,1,2,0,1,0.939558545368319,False
4,0,1,0,1,0,0,1,0,0,1,0,0,1,0,1,1,0,0,1,0,0,2,0,2,0,0.03187918207107024,True
4,0,0,0,0,2,0,0,1,1,0,1,0,0,0,1,0,0,0,1,1,0,0,2,0,2,0.8638156347990301,False
4,1,0,1,0,0,0,1,0,1,0,0,1,0,0,1,1,0,1,0,0,0,0,3,0,1,0.15849141597009622,True
4,1,0,0,0,1,0,0,1,1,0,0,0,0,2,0,1,0,0,0,1,0,0,3,1,0,0.05044164342759483,True
4,0,0,2,0,0,0,0,0,2,0,0,0,1,1,0,0,1,1,0,0,0,2,1,1,0,0.07169800124265173,True
4,0,0,0,1,1,0,2,0,0,0,0,1,0,0,1,0,1,1,0,0,1,2,1,0,0,0.04248362645280199,True
4,0,0,1,0,1,2,0,0,0,0,2,0,0,0,0,0,1,0,0,1,0,3,1,0,0,0.15877850870665475,True
4,0,1,0,1,0,0,0,0,0,2,1,1,0,0,0,0,0,1,1,0,1,1,1,1,0,0.036970769965405166,True
4,0,0,2,0,0,0,1,0,0,1,0,1,1,0,0,0,2,0,0,0,1,1,1,1,0,0.06539242080834441,True
4,0,2,0,0,0,0,1,1,0,0,2,0,0,0,0,0,1,0,1,0,0,0,0,2,2,0.037873003893664846,True
4,0,0,1,0,1,0,1,0,0,1,0,1,1,0,0,0,1,1,0,0,0,2,1,1,0,0.04895193231464798,True
4,0,0,0,0,2,0,0,0,0,2,0,0,1,1,0,0,1,1,0,0,0,2,1,0,1,0.04426857816175964,True
4,0,1,0,1,0,1,0,0,0,1,0,2,0,0,0,2,0,0,0,0,0,2,1,1,0,0.05556796893166404,True
4,0,1,0,0,1,1,0,0,1,0,0,0,1,0,1,1,0,0,1,0,0,0,2,1,1,0.06848801510610682,True
4,1,0,1,0,0,0,0,2,0,0,0,2,0,0,0,0,0,0,2,0,0,1,0,3,0,0.06916001556035199,True
4,1,0,1,0,0,1,0,0,1,0,0,2,0,0,0,0,0,0,1,1,0,1,1,2,0,0.056955974125007504,True
4,0,1,0,1,0,2,0,0,0,0,0,0,0,0,2,0,1,0,0,1,1,0,2,0,1,0.11845047202998156,True
4,0,2,0,0,0,0,0,1,0,1,0,0,1,1,0,0,0,0,1,1,0,0,1,0,3,0.007803104988048303,True
4,2,0,0,0,0,0,0,1,1,0,0,0,0,0,2,0,1,0,0,1,0,1,0,3,0,0.024890672090425447,True
4,0,2,0,0,0,0,0,0,1,1,0,0,0,1,1,0,1,1,0,0,2,0,0,2,0,0.040874259753836316,True
4,0,0,0,2,0,0,0,0,2,0,0,1,1,0,0,0,0,0,2,0,1,0,0,0,3,0.004077285939848664,True
4,0,1,0,1,0,0,0,0,1,1,0,1,1,0,0,0,0,1,0,1,0,0,0,2,2,0.011438500415195032,True
4,0,0,0,1,1,0,1,1,0,0,0,0,0,1,1,0,1,0,1,0,1,2,0,0,1,0.02752928226556756,True
4,1,0,0,0,1,0,0,0,0,2,1,1,0,0,0,1,1,0,0,0,2,1,0,0,1,0.13246521836537292,True
4,0,0,2,0,0,1,0,0,0,1,0,1,0,1,0,0,1,1,0,0,3,0,0,1,0,0.0805252339036597,True
4,1,0,0,0,1,0,0,1,1,0,1,1,0,0,0,0,2,0,0,0,2,1,0,0,1,0.04916751756783976,True
4,2,0,0,0,0,0,0,1,1,0,0,2,0,0,0,0,2,0,0,0,2,0,0,2,0,0.07316434554840524,True
4,0,2,0,0,0,0,2,0,0,0,0,0,0,0,2,0,0,2,0,0,0,1,1,1,1,0.026016320543170744,True
4,2,0,0,0,0,1,1,0,0,0,0,0,0,2,0,0,0,0,1,1,2,1,0,1,0,0.060120099666913944,True
4,0,0,0,1,1,0,0,0,1,1,0,0,1,1,0,0,1,1,0,0,1,2,0,1,0,0.04244060101404999,True
4,1,0,1,0,0,0,0,2,0,0,0,1,0,0,1,0,0,2,0,0,3,0,0,1,0,0.9731971444513033,False
4,1,0,0,1,0,0,0,0,1,1,0,1,1,0,0,0,2,0,0,0,3,1,0,0,0,0.06209318149572158,True
4,1,0,0,0,1,0,0,0,1,1,2,0,0,0,0,0,0,0,0,2,2,0,0,0,2,0.879739313194165,False
4,0,0,0,1,1,0,1,0,1,0,0,0,1,0,1,1,0,0,0,1,1,0,1,1,1,0.0599883064758137,True
4,0,1,0,0,1,1,1,0,0,0,0,0,1,0,1,0,0,0,1,1,1,2,0,1,0,0.0375839946418381,True
4,0,0,1,0,1,1,1,0,0,0,0,0,0,1,1,0,0,0,2,0,2,0,1,1,0,0.04645426852350311,True
4,0,0,2,0,0,1,1,0,0,0,0,0,2,0,0,0,1,0,1,0,0,1,2,0,1,0.09007413404430924,True
4,1,0,0,1,0,1,1,0,0,0,1,0,1,0,0,0,1,0,0,1,0,0,3,1,0,0.09684272668508744,True
4,0,1,0,0,1,0,2,0,0,0,0,0,1,1,0,0,2,0,0,0,1,2,0,1,0,0.05093969960693362,True
4,0,0,1,0,1,0,1,0,1,0,2,0,0,0,0,0,1,1,0,0,2,2,0,0,0,0.07017554458963045,True
4,0,0,0,1,1,0,0,0,1,1,0,2,0,0,0,1,1,0,0,0,0,2,0,2,0,0.03434816464271037,True
4,0,1,1,0,0,1,1,0,0,0,1,0,0,1,0,1,0,0,1,0,0,0,1,1,2,0.04579389218381704,True
4,0,1,0,0,1,0,1,1,0,0,0,0,0,2,0,1,0,0,1,0,0,0,1,1,2,0.018053585961674633,True
4,0,0,0,1,1,1,0,1,0,0,0,0,1,0,1,1,0,0,0,1,0,0,0,1,3,0.8786254410162558,False
4,0,1,0,1,0,0,0,0,1,1,0,1,0,0,1,0,1,0,1,0,1,0,3,0,0,0.04141252380341129,True
4,0,0,1,0,1,1,0,1,0,0,1,0,0,0,1,1,0,0,1,0,0,1,1,2,0,0.08520308237749318,True
4,0,0,0,1,1,0,1,0,0,1,0,0,1,0,1,1,0,1,0,0,0,1,3,0,0,0.9373372564772152,False
4,0,1,0,0,1,2,0,0,0,0,0,0,0,1,1,1,0,1,0,0,0,2,2,0,0,0.41951503131493834,True
4,0,0,0,1,1,0,1,0,1,0,0,2,0,0,0,1,1,0,0,0,3,0,1,0,0,0.05973162961341057,True
4,0,0,2,0,0,0,0,1,1,0,0,2,0,0,0,0,0,0,0,2,0,0,1,0,3,0.03383795599016512,True
4,0,0,1,1,0,1,0,0,1,0,0,2,0,0,0,1,1,0,0,0,0,0,1,2,1,0.05581431566916102,True
4,0,0,1,0,1,0,1,0,1,0,1,0,0,0,1,0,0,0,2,0,1,1,0,0,2,0.0023164181109702436,True
4,1,0,0,1,0,0,0,1,1,0,0,0,2,0,0,0,1,1,0,0,1,0,2,0,1,0.10760056426778129,True
4,0,1,1,0,0,0,0,1,0,1,0,0,2,0,0,1,0,0,1,0,1,2,1,0,0,0.09450542013126044,True
4,2,0,0,0,0,1,1,0,0,0,1,1,0,0,0,0,0,1,0,1,0,1,0,0,3,0.1346904465500089,True
4,0,0,0,2,0,0,1,0,1,0,1,1,0,0,0,0,0,1,1,0,0,2,0,2,0,0.06462222222222222,True
4,0,2,0,0,0,1,0,0,0,1,0,0,0,2,0,0,0,0,2,0,1,0,1,2,0,0.045290369653148047,True
4,1,0,1,0,0,2,0,0,0,0,0,0,2,0,0,0,0,0,1,1,2,0,0,1,1,0.9581100258332748,False
4,1,0,1,0,0,0,0,1,1,0,0,0,0,1,1,1,1,0,0,0,0,1,2,1,0,0.07627520858519907,True
4,0,0,2,0,0,0,1,1,0,0,2,0,0,0,0,2,0,0,0,0,0,0,1,3,0,0.1276005642677812,True
4,1,0,0,0,1,1,0,0,1,0,1,1,0,0,0,2,0,0,0,0,0,3,0,1,0,0.06452335913449814,True
4,1,1,0,0,0,0,1,0,1,0,1,1,0,0,0,0,1,0,0,1,0,1,2,0,1,0.04461407473442485,True
4,2,0,0,0,0,2,0,0,0,0,0,0,0,1,1,1,1,0,0,0,0,1,2,1,0,0.1250035954837491,True
4,1,0,0,1,0,0,0,1,0,1,0,1,0,0,1,1,0,1,0,0,0,0,0,4,0,0.041661760608910796,True
4,0,0,0,1,1,1,0,0,1,0,0,1,1,0,0,0,1,0,0,1,0,2,1,1,0,0.04244060101471751,True
4,0,2,0,0,0,0,2,0,0,0,0,0,1,1,0,0,0,2,0,0,0,3,1,0,0,0.07249525950969274,True
4,0,0,0,1,1,1,1,0,0,0,0,0,1,0,1,1,0,0,1,0,0,3,0,1,0,0.0405732000243971,True
4,0,0,2,0,0,0,0,1,0,1,0,0,0,1,1,0,0,2,0,0,1,1,1,1,0,0.9352947352457166,False
4,0,0,1,0,1,1,0,1,0,0,0,0,0,0,2,0,2,0,0,0,0,3,0,0,1,0.04155358471687539,True
4,0,0,0,0,2,2,0,0,0,0,1,0,1,0,0,1,0,1,0,0,2,0,2,0,0,0.9571110074443839,False
4,0,2,0,0,0,0,1,0,0,1,0,1,1,0,0,1,0,0,0,1,1,0,2,1,0,0.053231535675295344,True
4,1,0,1,0,0,0,2,0,0,0,0,0,0,0,2,1,0,0,0,1,1,3,0,0,0,0.034811685717901136,True
4,1,0,0,1,0,1,0,0,0,1,0,0,1,1,0,0,0,2,0,0,3,1,0,0,0,0.14676443854343146,True
4,0,1,0,1,0,0,0,0,2,0,1,0,0,0,1,0,0,1,1,0,0,0,0,4,0,0.04202178627006118,True
4,0,1,1,0,0,1,0,0,1,0,0,2,0,0,0,0,2,0,0,0,0,1,2,0,1,0.05493546810532064,True
4,1,0,0,1,0,0,0,0,1,1,0,1,0,1,0,0,1,0,1,0,0,1,3,0,0,0.05264122932996527,True
4,0,0,2,0,0,1,0,0,0,1,1,0,1,0,0,2,0,0,0,0,0,0,2,2,0,0.9590219376739791,False
4,0,1,0,0,1,0,1,0,0,1,0,1,1,0,0,0,0,0,1,1,0,0,1,3,0,0.02689615214827078,True
4,2,0,0,0,0,0,0,1,0,1,0,0,1,0,1,0,2,0,0,0,2,0,2,0,0,0.6192307422483094,False
4,0,0,1,0,1,2,0,0,0,0,0,1,0,0,1,0,1,0,1,0,0,0,0,3,1,0.044439353214424805,True
4,0,1,0,1,0,1,0,0,1,0,0,0,0,2,0,0,0,0,1,1,2,1,0,0,1,0.030819564662072446,True
4,1,0,0,0,1,0,0,1,0,1,1,0,0,1,0,0,0,1,1,0,0,0,0,1,3,0.10020782803374953,True
4,1,0,0,1,0,2,0,0,0,0,0,0,0,2,0,0,0,1,1,0,0,1,0,1,2,0.03453036075617758,True
4,1,0,0,0,1,0,0,0,2,0,1,0,0,0,1,0,0,0,2,0,0,4,0,0,0,0.029160015560352064,True
4,0,0,0,1,1,1,0,0,1,0,0,2,0,0,0,0,1,1,0,0,0,2,1,1,0,0.053924360283445175,True
4,1,0,1,0,0,1,0,1,0,0,0,0,0,0,2,0,1,0,0,1,0,3,0,0,1,0.9196151071742136,False
4,0,0,0,2,0,1,0,0,1,0,0,0,1,0,1,0,1,0,0,1,1,0,1,1,1,0.02730582456976502,True
4,0,0,1,1,0,2,0,0,0,0,0,0,0,0,2,0,0,0,1,1,4,0,0,0,0,0.9234593296966339,False
4,0,0,0,1,1,1,0,0,0,1,1,0,1,0,0,0,0,1,1,0,1,0,0,2,1,0.8065652905410774,False
4,0,0,1,1,0,0,0,0,2,0,0,0,1,1,0,1,0,1,0,0,0,4,0,0,0,0.069160015560352,True
4,0,0,0,2,0,1,0,0,0,1,1,0,0,0,1,0,0,0,0,2,0,1,1,1,1,0.03217550737042945,True
4,1,0,0,1,0,0,0,1,1,0,0,0,1,0,1,1,0,1,0,0,1,1,0,2,0,0.06656966703413081,True
4,0,0,0,0,2,1,0,0,1,0,0,2,0,0,0,0,0,1,1,0,2,0,0,1,1,0.02579389218381707,True
4,0,1,0,0,1,0,0,2,0,0,1,0,0,1,0,2,0,0,0,0,0,0,2,2,0,0.11168657426512907,True
4,0,0,0,1,1,1,0,0,0,1,1,0,0,1,0,0,1,1,0,0,1,3,0,0,0,0.04840215703400591,True
4,1,0,0,0,1,0,0,0,1,1,0,0,2,0,0,0,1,0,0,1,1,0,0,0,3,0.8791226873571579,False
4,0,0,0,0,2,0,2,0,0,0,1,0,1,0,0,0,2,0,0,0,1,0,0,1,2,0.00893331625781098,True
4,0,0,0,1,1,0,0,1,1,0,0,1,0,1,0,0,0,2,0,0,0,1,3,0,0,0.06931339557064356,True
4,0,2,0,0,0,0,1,1,0,0,0,2,0,0,0,1,0,0,1,0,0,0,1,3,0,0.06804930555555555,True
4,2,0,0,0,0,0,0,1,0,1,0,1,0,1,0,0,0,0,0,2,1,0,1,1,1,0.13572889750783598,True
4,0,0,1,1,0,1,1,0,0,0,1,0,0,0,1,0,0,0,2,0,1,0,0,3,0,0.04825080477863853,True
4,1,1,0,0,0,0,0,2,0,0,0,0,0,1,1,1,0,0,0,1,0,0,1,2,1,0.8203222596284913,False
4,0,1,1,0,0,2,0,0,0,0,1,1,0,0,0,0,0,0,2,0,1,1,1,1,0,0.0769707699654051,True
4,1,1,0,0,0,0,0,0,1,1,1,0,0,0,1,2,0,0,0,0,0,0,2,0,2,0.9087141749904916,False
4,0,0,0,0,2,1,0,0,0,1,0,0,1,0,1,0,0,2,0,0,1,1,1,1,0,0.9039306539208571,False
4,0,0,2,0,0,0,2,0,0,0,0,0,1,1,0,0,0,0,2,0,0,1,2,0,1,0.055551525013205684,True
4,0,0,0,0,2,1,0,0,0,1,0,0,0,2,0,0,0,1,0,1,2,1,0,0,1,0.10136228911061315,True
4,0,1,0,0,1,1,0,0,1,0,0,1,0,0,1,0,1,0,0,1,1,3,0,0,0,0.03120141900695079,True
4,0,2,0,0,0,0,0,0,2,0,1,0,1,0,0,0,0,0,2,0,1,0,3,0,0,0.07090185458865975,True
4,0,0,1,0,1,0,0,1,0,1,0,1,1,0,0,0,1,0,0,1,0,0,2,2,0,0.08206780135700976,True
4,0,2,0,0,0,0,0,1,1,0,0,0,0,1,1,1,1,0,0,0,0,0,1,3,0,0.051576199168365235,True
4,1,0,0,0,1,1,1,0,0,0,0,1,1,0,0,1,0,1,0,0,0,1,3,0,0,0.1571181812215048,True
4,0,2,0,0,0,1,0,0,0,1,0,0,0,0,2,1,1,0,0,0,0,2,1,1,0,0.022761640562386384,True
4,1,0,1,0,0,1,0,1,0,0,0,0,1,1,0,0,0,0,2,0,1,0,0,0,3,0.0598985599546071,True
4,1,0,0,0,1,1,0,0,0,1,1,1,0,0,0,0,0,0,2,0,1,0,0,2,1,0.03356485939894916,True
4,0,0,0,0,2,0,1,0,0,1,0,1,0,0,1,1,0,0,0,1,0,1,2,0,1,0.8800032425263944,False
4,0,1,1,0,0,1,0,0,1,0,0,0,1,0,1,0,0,1,1,0,1,2,0,1,0,0.05905814843227057,True
4,0,0,1,0,1,0,0,1,0,1,1,0,1,0,0,0,0,1,1,0,3,0,0,1,0,0.8792914573541749,False
4,0,1,1,0,0,0,2,0,0,0,0,0,1,0,1,0,0,1,0,1,0,3,0,1,0,0.038486837834297544,True
4,0,0,1,0,1,0,1,0,1,0,0,0,2,0,0,0,0,0,1,1,3,0,1,0,0,0.15848629999453365,True
4,0,1,0,0,1,0,1,0,0,1,2,0,0,0,0,0,2,0,0,0,0,3,0,1,0,0.039453788164324585,True
4,1,0,0,1,0,0,0,0,0,2,0,1,1,0,0,0,1,0,0,1,1,1,0,1,1,0.03749347203707434,True
4,1,0,1,0,0,0,0,1,1,0,0,0,0,2,0,0,0,1,1,0,0,3,0,0,1,0.052663666241860814,True
4,1,0,0,1,0,0,1,1,0,0,0,0,0,2,0,0,1,0,0,1,0,1,0,2,1,0.033884118642377156,True
4,0,1,1,0,0,0,0,2,0,0,0,0,2,0,0,0,0,0,0,2,2,0,0,2,0,0.2702427966714433,False
4,0,0,1,1,0,0,0,1,0,1,0,0,2,0,0,1,1,0,0,0,0,0,0,2,2,0.08295652791258988,True
4,0,2,0,0,0,1,1,0,0,0,0,0,2,0,0,0,0,0,2,0,3,0,0,1,0,0.07525900765681742,True
4,1,0,1,0,0,0,2,0,0,0,0,0,2,0,0,0,2,0,0,0,0,4,0,0,0,0.08344234850679996,True
4,2,0,0,0,0,2,0,0,0,0,0,1,0,1,0,1,1,0,0,0,0,0,0,1,3,0.04975403388380376,True
4,0,0,1,0,1,0,2,0,0,0,0,1,0,0,1,1,0,1,0,0,1,3,0,0,0,0.048924519246869795,True
4,0,0,1,1,0,0,0,2,0,0,0,0,1,0,1,0,0,2,0,0,0,0,3,0,1,0.9475276638488883,False
4,1,1,0,0,0,1,1,0,0,0,0,1,0,1,0,0,1,0,0,1,1,0,2,0,1,0.04840372996003755,True
4,0,0,0,0,2,0,0,1,1,0,0,1,0,1,0,0,0,0,1,1,3,0,0,1,0,0.026454268523503143,True
4,0,0,1,0,1,0,0,0,0,2,0,0,0,0,2,1,0,1,0,0,1,0,2,1,0,0.8931953994815314,False
4,0,0,1,1,0,0,0,0,2,0,0,1,1,0,0,0,1,1,0,0,2,0,1,0,1,0.05811697379948901,True
4,0,0,1,0,1,2,0,0,0,0,0,0,1,1,0,0,0,1,1,0,1,2,0,0,1,0.09300659745697683,True
4,1,0,0,0,1,0,1,0,0,1,0,1,1,0,0,0,1,0,0,1,2,0,0,0,2,0.878423906408001,False
4,0,1,0,1,0,0,2,0,0,0,0,1,1,0,0,0,2,0,0,0,0,3,1,0,0,0.06963263888888889,True
4,0,1,0,1,0,0,0,0,0,2,0,1,0,0,1,1,0,0,1,0,0,0,3,1,0,0.02645426852631145,True
4,0,1,0,1,0,1,0,0,1,0,1,1,0,0,0,1,1,0,0,0,0,0,0,2,2,0.03581431566916105,True
4,1,1,0,0,0,1,1,0,0,0,1,1,0,0,0,1,1,0,0,0,2,0,0,0,2,0.054145897388846106,True
4,0,2,0,0,0,0,0,0,0,2,0,0,0,1,1,1,1,0,0,0,0,3,1,0,0,0.01961102761593703,True
4,0,2,0,0,0,0,1,0,1,0,2,0,0,0,0,0,0,0,1,1,0,0,2,1,1,0.0444499464012655,True
4,0,0,0,0,2,1,0,1,0,0,0,0,1,0,1,1,0,1,0,0,3,0,1,0,0,0.9369715168488353,False
4,0,0,1,1,0,1,0,1,0,0,1,0,0,1,0,2,0,0,0,0,2,0,0,2,0,0.10131290343677331,True
4,0,0,0,1,1,0,0,2,0,0,0,1,0,0,1,0,1,0,1,0,1,1,0,0,2,0.03698434658837929,True
4,0,1,0,0,1,0,1,0,0,1,1,0,0,1,0,0,0,2,0,0,0,0,0,0,4,0.8596240535328116,False
4,1,0,0,0,1,0,0,2,0,0,0,0,0,1,1,0,1,1,0,0,2,2,0,0,0,0.10723327426783211,True
4,0,1,0,0,1,0,0,0,0,2,1,0,0,0,1,0,0,0,1,1,1,1,1,1,0,0.3493596806515299,True
4,0,1,0,1,0,1,0,0,0,1,0,0,1,1,0,0,0,1,1,0,0,1,2,1,0,0.0543194737853046,True
4,0,0,1,0,1,0,0,1,1,0,1,0,0,1,0,0,0,1,0,1,1,1,0,2,0,0.04656966703413083,True
4,0,2,0,0,0,2,0,0,0,0,1,0,0,0,1,0,1,0,0,1,3,0,0,1,0,0.0808351536067857,True
4,0,0,2,0,0,0,0,0,0,2,2,0,0,0,0,2,0,0,0,0,1,0,0,0,3,0.8985234692889146,False
4,0,0,2,0,0,1,0,1,0,0,2,0,0,0,0,0,0,0,0,2,1,0,2,0,1,0.9359124220027285,False
4,1,0,1,0,0,0,1,0,0,1,0,1,0,0,1,1,1,0,0,0,0,2,1,1,0,0.057760405267241174,True
4,0,1,0,1,0,0,0,2,0,0,0,0,1,1,0,0,0,0,0,2,0,1,0,2,1,0.027669855712541328,True
4,1,1,0,0,0,1,0,0,1,0,1,0,0,1,0,2,0,0,0,0,0,3,1,0,0,0.08077865733495476,True
4,2,0,0,0,0,0,0,0,2,0,1,0,1,0,0,0,1,1,0,0,2,0,0,0,2,0.08760056426778133,True
4,0,0,0,1,1,0,1,0,1,0,1,1,0,0,0,1,0,0,1,0,3,1,0,0,0,0.05972125766951504,True
4,0,2,0,0,0,0,0,0,2,0,2,0,0,0,0,0,0,2,0,0,2,0,0,2,0,0.07525329447918506,True
4,0,0,0,1,1,0,0,1,1,0,0,0,0,0,2,1,1,0,0,0,0,1,0,1,2,0.01749347184015498,True
4,0,0,2,0,0,0,0,0,0,2,1,1,0,0,0,1,0,0,0,1,0,2,2,0,0,0.2550495600519396,False
4,0,1,1,0,0,0,0,2,0,0,1,1,0,0,0,1,0,0,1,0,2,1,0,1,0,0.08832578390212857,True
4,0,1,0,0,1,1,0,0,1,0,0,0,0,2,0,1,0,1,0,0,1,1,1,0,1,0.04770541893137893,True
4,1,1,0,0,0,1,1,0,0,0,0,0,1,1,0,0,1,1,0,0,0,0,2,0,2,0.055571451156618525,True
4,1,0,0,0,1,0,1,0,0,1,1,0,1,0,0,1,0,1,0,0,0,3,0,0,1,0.9396151071742137,False
4,0,1,1,0,0,1,0,0,0,1,0,0,1,1,0,0,2,0,0,0,0,3,0,0,1,0.0420765276558187,True
4,1,0,1,0,0,1,0,0,1,0,0,1,0,0,1,1,1,0,0,0,0,0,1,1,2,0.07998830647740057,True
4,1,0,0,0,1,0,1,0,0,1,0,0,1,0,1,0,0,2,0,0,3,0,0,0,1,0.9179723763943541,False
4,0,0,2,0,0,0,0,1,0,1,0,0,0,0,2,1,0,0,1,0,0,0,2,1,1,0.9037371266137151,False
4,0,0,0,0,2,1,0,1,0,0,0,0,0,1,1,1,1,0,0,0,0,1,0,3,0,0.029313395570643608,True
4,0,1,0,1,0,0,1,1,0,0,0,2,0,0,0,0,1,0,0,1,1,0,2,0,1,0.03973800460998519,True
4,0,0,0,1,1,1,0,1,0,0,0,2,0,0,0,1,0,0,0,1,0,2,0,1,1,0.04735261542461126,True
4,0,0,0,0,2,1,0,1,0,0,0,0,1,1,0,1,0,0,0,1,2,2,0,0,0,0.25363574981097253,False
4,1,1,0,0,0,0,0,2,0,0,0,0,0,2,0,2,0,0,0,0,2,1,0,1,0,0.08503003347085872,True
4,0,1,0,1,0,0,0,2,0,0,0,1,1,0,0,0,1,0,0,1,2,0,2,0,0,0.08781377395304886,True
4,0,0,0,0,2,2,0,0,0,0,0,0,1,0,1,0,1,0,0,1,1,0,1,2,0,0.8951301688794133,False
4,0,1,0,0,1,0,0,0,2,0,0,0,0,0,2,0,0,1,0,1,1,3,0,0,0,0.005263684540558161,True
4,0,0,1,0,1,0,0,1,1,0,0,0,1,1,0,1,0,0,0,1,1,0,0,1,2,0.1202078280337495,True
4,0,0,1,0,1,1,0,0,0,1,0,2,0,0,0,0,0,1,1,0,1,2,0,0,1,0.03913875812964307,True
4,0,1,1,0,0,1,0,1,0,0,0,2,0,0,0,0,1,0,0,1,0,3,0,0,1,0.04957066873374129,True
4,0,0,1,0,1,0,0,0,1,1,0,1,1,0,0,0,0,0,1,1,0,1,1,0,2,0.7811008235084163,False
4,0,0,1,0,1,0,0,1,0,1,0,0,2,0,0,0,1,0,1,0,1,2,1,0,0,0.07450542013126048,True
4,0,0,0,1,1,0,1,0,1,0,1,0,0,1,0,1,1,0,0,0,0,0,1,1,2,0.021524304811332315,True
4,0,1,0,1,0,2,0,0,0,0,0,0,1,0,1,1,1,0,0,0,0,1,0,0,3,0.030045864412276208,True
4,2,0,0,0,0,0,1,0,1,0,0,0,1,1,0,0,0,1,1,0,1,1,0,0,2,0.042316418110970186,True
4,0,1,0,1,0,0,1,0,1,0,2,0,0,0,0,0,1,0,0,1,0,1,2,0,1,0.04173346492883618,True
4,1,0,0,0,1,0,1,0,0,1,2,0,0,0,0,0,0,0,2,0,1,1,1,1,0,0.051267630168758085,True
4,0,0,1,0,1,0,1,0,0,1,0,1,0,1,0,0,1,1,0,0,1,0,1,1,1,0.037856447975138444,True
4,1,0,0,1,0,0,0,0,0,2,0,1,1,0,0,0,2,0,0,0,2,1,0,1,0,0.03917708937822971,True
4,1,1,0,0,0,0,1,0,1,0,0,0,1,1,0,1,0,1,0,0,2,1,1,0,0,0.08363034315581057,True
4,1,0,1,0,0,1,1,0,0,0,0,0,2,0,0,0,2,0,0,0,0,4,0,0,0,0.07875106015594525,True
4,1,0,0,0,1,0,0,1,1,0,1,0,0,0,1,0,0,1,0,1,1,0,0,1,2,0.8832989440124202,False
4,1,1,0,0,0,0,1,1,0,0,1,0,0,1,0,0,0,2,0,0,0,1,0,2,1,0.07193980401976521,True
4,0,2,0,0,0,0,0,2,0,0,1,1,0,0,0,0,0,1,0,1,2,0,0,2,0,0.0692920973308904,True
4,1,0,0,1,0,0,1,0,1,0,1,0,1,0,0,0,0,1,1,0,0,0,0,3,1,0.05562382415704078,True
4,1,0,1,0,0,1,0,1,0,0,0,0,1,0,1,0,1,0,1,0,1,1,1,1,0,0.09133486564955384,True
4,0,1,0,1,0,0,1,0,0,1,0,1,1,0,0,0,1,0,1,0,1,0,0,1,2,0.015785471262075593,True
4,0,0,0,0,2,0,0,1,1,0,1,1,0,0,0,0,0,0,2,0,0,0,0,2,2,-0.0017048804270250457,True
4,1,1,0,0,0,0,1,0,1,0,0,1,0,0,1,0,1,0,1,0,1,1,0,0,2,0.01593140682302057,True
4,0,0,0,1,1,0,0,1,1,0,0,2,0,0,0,0,1,0,1,0,1,0,3,0,0,0.05772488715991033,True
4,0,0,1,0,1,0,0,1,1,0,0,0,0,1,1,0,0,0,1,1,1,0,1,1,1,0.790604620907629,False
4,1,0,1,0,0,0,1,0,1,0,1,0,1,0,0,0,0,1,0,1,0,2,0,1,1,0.07894211832637525,True
4,0,0,0,0,2,0,2,0,0,0,0,2,0,0,0,0,0,0,0,2,0,0,0,4,0,-0.008448834512126422,True
4,1,0,0,0,1,1,0,0,1,0,0,0,0,0,2,0,2,0,0,0,1,0,0,0,3,0.013810323217012902,True
4,1,0,0,1,0,0,0,0,0,2,1,0,1,0,0,0,1,0,0,1,1,1,0,2,0,0.04034479721271342,True
4,0,1,0,0,1,0,0,2,0,0,1,0,0,1,0,0,1,1,0,0,0,1,1,0,2,0.08063495645543645,True
4,0,0,1,0,1,1,0,0,1,0,0,0,1,1,0,1,0,0,1,0,0,3,1,0,0,0.058116973799489005,True
4,0,0,2,0,0,0,0,1,0,1,0,1,1,0,0,1,0,1,0,0,1,0,2,0,1,0.9594386893236986,False
4,1,0,0,0,1,1,0,0,0,1,0,1,0,0,1,0,0,2,0,0,0,3,0,0,1,0.9196151071742136,False
4,0,0,2,0,0,0,0,0,2,0,2,0,0,0,0,0,0,1,0,1,0,1,0,1,2,0.07217550737042938,True
4,0,1,0,0,1,0,1,0,0,1,0,0,0,0,2,1,0,0,0,1,0,0,0,1,3,0.8385582460450058,False
4,1,1,0,0,0,0,0,0,0,2,0,0,1,1,0,0,1,0,1,0,0,0,0,3,1,0.018911467220142347,True
4,1,1,0,0,0,0,2,0,0,0,1,0,0,1,0,0,0,0,1,1,0,0,1,3,0,0.051576199168365235,True
4,0,0,0,0,2,1,0,0,1,0,0,0,1,0,1,1,1,0,0,0,1,0,1,0,2,0.5580702987578907,False
4,0,2,0,0,0,1,0,1,0,0,1,0,0,0,1,0,0,2,0,0,1,2,1,0,0,0.09564528174561128,True
4,0,0,0,1,1,0,0,0,1,1,0,2,0,0,0,1,0,0,1,0,2,2,0,0,0,0.041664965831414574,True
4,0,2,0,0,0,0,2,0,0,0,1,0,0,1,0,0,1,0,0,1,1,0,1,1,1,0.03776386609102773,True
4,0,0,0,1,1,0,0,0,1,1,0,1,1,0,0,0,0,0,1,1,1,0,1,1,1,0.1396556773747951,True
4,0,1,1,0,0,0,0,1,0,1,1,0,0,1,0,0,1,0,1,0,1,0,0,0,3,0.01218911764889703,True
4,0,1,0,0,1,0,1,0,0,1,0,0,0,1,1,0,0,1,1,0,1,0,1,0,2,0.7739350691965584,False
4,0,1,0,1,0,0,1,0,1,0,0,1,0,0,1,2,0,0,0,0,0,0,2,2,0,0.05301866469166701,True
4,0,1,1,0,0,1,0,0,0,1,1,0,1,0,0,1,0,0,0,1,1,2,0,1,0,0.09374029682728979,True
4,0,1,1,0,0,0,1,0,1,0,1,0,0,0,1,0,0,0,0,2,1,0,0,0,3,0.013817861415333315,True
4,1,0,0,1,0,0,1,0,1,0,1,0,0,1,0,0,2,0,0,0,1,2,0,1,0,0.06724375,True
4,0,1,0,0,1,1,0,0,0,1,1,0,0,0,1,1,1,0,0,0,1,1,1,1,0,0.08466989877829353,True
4,0,1,1,0,0,2,0,0,0,0,0,0,0,2,0,1,0,0,1,0,0,0,0,2,2,0.03829511957297489,True
4,1,0,0,1,0,0,0,2,0,0,1,0,0,1,0,0,0,0,2,0,1,1,0,2,0,0.06727897702980225,True
4,0,1,0,0,1,0,0,2,0,0,0,2,0,0,0,0,2,0,0,0,1,1,0,2,0,0.05440572511539384,True
4,0,0,0,0,2,0,1,1,0,0,1,0,0,0,1,0,2,0,0,0,0,0,1,3,0,0.020778657334954827,True
4,0,0,1,1,0,1,0,0,1,0,0,0,0,2,0,1,0,0,1,0,0,2,1,1,0,0.06490172887386528,True
4,1,0,0,1,0,0,0,1,0,1,0,0,0,0,2,1,0,0,1,0,0,1,2,1,0,0.04569522546426147,True
4,0,2,0,0,0,1,0,0,1,0,0,0,0,2,0,0,1,0,1,0,1,3,0,0,0,0.0667888888888889,True
4,2,0,0,0,0,0,0,1,1,0,1,1,0,0,0,0,0,0,0,2,1,0,1,1,1,0.15572889750783594,True
4,0,0,1,1,0,1,1,0,0,0,0,1,0,1,0,1,0,0,0,1,0,2,2,0,0,0.05849048966595443,True
4,0,2,0,0,0,0,1,1,0,0,0,1,0,0,1,0,0,0,2,0,0,1,1,0,2,0.01593140682302057,True
4,0,0,0,1,1,0,0,1,1,0,0,0,0,0,2,0,0,2,0,0,0,0,1,3,0,0.0359278240707004,True
4,0,0,1,0,1,2,0,0,0,0,0,0,0,1,1,0,1,1,0,0,1,1,1,1,0,0.10566306923329292,True
4,0,1,0,0,1,0,0,0,0,2,0,0,1,1,0,0,1,0,1,0,1,0,1,0,2,0.002415889532443292,True
4,0,1,0,1,0,1,1,0,0,0,0,0,1,0,1,0,0,1,0,1,0,0,2,2,0,0.04619581722830155,True
4,0,0,1,1,0,0,1,0,1,0,1,0,0,1,0,1,0,0,1,0,2,2,0,0,0,0.06996538101829312,True
4,0,0,2,0,0,0,0,0,2,0,0,0,1,1,0,0,1,0,1,0,1,0,0,3,0,0.06407728593984857,True
4,1,1,0,0,0,0,0,1,1,0,1,1,0,0,0,0,0,0,2,0,0,0,0,0,4,-0.001883026200510887,True
4,0,0,1,0,1,0,0,2,0,0,0,2,0,0,0,0,0,1,1,0,1,0,0,1,2,0.04975403388380376,True
4,0,0,0,1,1,0,0,0,0,2,2,0,0,0,0,2,0,0,0,0,0,1,1,2,0,0.13395091110770393,True
4,2,0,0,0,0,1,0,0,1,0,0,0,1,0,1,1,0,1,0,0,2,2,0,0,0,0.29363574981097246,False
4,0,1,0,1,0,1,0,0,0,1,0,0,1,0,1,1,1,0,0,0,1,1,0,0,2,0.030045864412276205,True
4,0,0,0,1,1,0,1,1,0,0,2,0,0,0,0,1,0,0,1,0,1,2,0,1,0,0.06635953631654432,True
4,0,1,0,0,1,0,0,1,1,0,2,0,0,0,0,1,1,0,0,0,2,1,1,0,0,0.10130775792577741,True
4,0,1,0,1,0,0,0,1,1,0,0,0,0,1,1,0,0,1,0,1,0,0,2,2,0,0.0377523440631046,True
4,0,0,1,0,1,2,0,0,0,0,0,0,2,0,0,0,0,0,1,1,2,2,0,0,0,0.9376496960373215,False
4,1,0,0,0,1,0,0,1,0,1,0,0,0,0,2,0,0,0,2,0,1,1,0,0,2,0.08136228911061318,True
4,0,1,1,0,0,0,0,2,0,0,0,0,1,0,1,0,0,1,1,0,1,2,1,0,0,0.09451166767122587,True
4,1,0,1,0,0,0,0,2,0,0,0,1,1,0,0,1,1,0,0,0,0,0,2,1,1,0.20302004418600625,True
4,0,0,2,0,0,0,0,1,0,1,0,2,0,0,0,2,0,0,0,0,3,0,1,0,0,0.6396357884361086,False
4,1,0,1,0,0,0,1,1,0,0,0,0,2,0,0,1,0,0,0,1,0,1,1,2,0,0.1119259214072943,True
4,1,0,0,1,0,0,0,0,1,1,0,1,0,1,0,0,1,1,0,0,1,0,1,2,0,0.053018664691434673,True
4,0,0,2,0,0,2,0,0,0,0,0,2,0,0,0,1,0,1,0,0,0,0,1,2,1,0.1276739900000275,True
4,1,0,1,0,0,0,2,0,0,0,0,1,1,0,0,0,0,1,1,0,0,0,2,0,2,0.055576189370344364,True
4,2,0,0,0,0,0,0,0,2,0,0,1,1,0,0,0,1,0,0,1,1,0,2,0,1,0.062415889532443196,True
4,0,0,2,0,0,1,0,1,0,0,0,1,1,0,0,1,1,0,0,0,0,0,4,0,0,0.6628479118307485,False
4,0,1,0,0,1,0,1,0,1,0,0,0,2,0,0,1,0,1,0,0,0,1,2,0,1,0.10064286815825838,True
4,0,0,1,0,1,0,1,1,0,0,0,0,1,0,1,1,1,0,0,0,0,0,3,0,1,0.6011977797567897,False
4,0,2,0,0,0,0,0,1,0,1,0,0,1,1,0,0,1,1,0,0,0,0,2,2,0,0.057755167988369036,True
4,0,1,1,0,0,2,0,0,0,0,1,0,0,1,0,1,0,1,0,0,0,0,1,0,3,0.5980796854616652,False
4,1,0,0,1,0,0,0,0,0,2,0,0,1,0,1,0,1,1,0,0,0,0,1,3,0,0.028096135744838775,True
4,1,1,0,0,0,0,0,1,1,0,1,1,0,0,0,0,1,0,0,1,0,1,3,0,0,0.07294976099644077,True
4,0,0,1,1,0,0,0,0,2,0,1,0,0,1,0,0,2,0,0,0,0,1,2,0,1,0.04969048972977401,True
4,0,0,1,1,0,2,0,0,0,0,0,0,0,2,0,0,0,0,1,1,1,1,0,2,0,0.0512425343054698,True
4,0,2,0,0,0,0,1,0,1,0,1,0,0,1,0,1,1,0,0,0,0,2,2,0,0,0.07057161598934551,True
4,1,0,1,0,0,1,1,0,0,0,0,0,0,0,2,1,1,0,0,0,0,0,3,1,0,0.13540348421823503,True
4,0,0,0,2,0,0,0,0,1,1,0,1,1,0,0,0,0,2,0,0,0,1,1,0,2,0.0332510031524558,True
4,0,1,0,1,0,2,0,0,0,0,0,0,1,0,1,0,0,1,1,0,0,0,2,2,0,0.062491294185059804,True
4,0,0,0,1,1,0,0,1,1,0,1,0,0,1,0,0,1,0,0,1,0,0,2,2,0,0.041424861958527626,True
4,0,0,1,0,1,0,0,1,0,1,0,0,0,1,1,0,0,2,0,0,1,1,0,0,2,0.8977973647652109,False
4,0,0,2,0,0,0,0,1,0,1,1,1,0,0,0,0,0,0,0,2,0,0,1,3,0,0.06760056426778131,True
4,0,0,2,0,0,0,0,1,0,1,0,0,0,0,2,0,0,1,0,1,0,0,1,2,1,0.896642897248937,False
4,1,0,1,0,0,0,0,1,1,0,0,0,1,1,0,0,0,0,0,2,2,0,0,2,0,0.06131290343677337,True
4,0,1,0,1,0,0,1,1,0,0,0,0,0,1,1,1,0,0,0,1,0,0,3,0,1,0.04780523892514299,True
4,2,0,0,0,0,0,0,0,0,2,0,2,0,0,0,2,0,0,0,0,1,2,0,1,0,0.05512191536712468,True
4,0,0,2,0,0,0,2,0,0,0,0,1,1,0,0,0,0,1,1,0,1,0,1,1,1,0.06899819532430074,True
4,0,0,2,0,0,0,1,0,1,0,0,1,0,0,1,1,0,0,1,0,2,0,0,0,2,0.042415889532443234,True
4,0,0,1,0,1,1,0,0,1,0,1,0,1,0,0,0,0,1,1,0,1,0,1,2,0,0.08131290343677335,True
4,2,0,0,0,0,0,0,1,1,0,0,0,0,1,1,1,0,1,0,0,0,1,2,1,0,0.11887758469531753,True
4,0,2,0,0,0,0,2,0,0,0,0,0,0,1,1,0,0,0,2,0,1,2,0,1,0,0.04957026555555559,True
4,0,2,0,0,0,1,1,0,0,0,2,0,0,0,0,0,2,0,0,0,0,4,0,0,0,0.06995555555555555,True
4,0,0,2,0,0,0,0,0,2,0,0,0,0,0,2,0,1,0,0,1,1,0,1,0,2,0.08332058816520796,True
4,1,0,0,0,1,0,0,0,1,1,2,0,0,0,0,0,2,0,0,0,0,0,3,1,0,0.08157188447983982,True
4,0,0,0,0,2,0,1,0,0,1,0,0,0,1,1,2,0,0,0,0,1,1,1,0,1,0.8989472890653428,False
4,1,0,0,0,1,0,1,0,0,1,1,0,0,1,0,0,2,0,0,0,0,0,2,2,0,0.041205186276427844,True
4,0,0,0,0,2,0,0,0,0,2,2,0,0,0,0,1,0,1,0,0,3,0,1,0,0,0.918857574656676,False
4,1,0,0,0,1,0,0,0,2,0,0,0,0,2,0,1,0,0,0,1,0,3,0,1,0,0.02772980415104702,True
4,0,0,0,2,0,1,0,1,0,0,1,0,0,1,0,0,0,0,1,1,1,2,0,0,1,0.042691680019314754,True
4,0,1,1,0,0,0,0,0,2,0,0,1,0,0,1,1,1,0,0,0,2,2,0,0,0,0.056082927019145516,True
4,2,0,0,0,0,0,0,0,2,0,0,0,0,2,0,1,0,0,0,1,0,0,2,1,1,0.03772512403235552,True
4,1,0,0,0,1,1,0,1,0,0,0,1,0,1,0,0,0,2,0,0,1,2,0,0,1,0.10427247676421632,True
4,0,0,0,2,0,1,0,0,0,1,1,0,1,0,0,0,1,0,0,1,1,1,1,0,1,0.06933213589275279,True
4,0,0,0,2,0,0,0,0,0,2,0,1,1,0,0,0,0,1,0,1,0,4,0,0,0,0.01660898680556328,True
4,0,1,0,1,0,0,2,0,0,0,1,0,1,0,0,2,0,0,0,0,0,0,2,2,0,0.07775516798836901,True
4,1,0,0,1,0,0,0,0,0,2,0,0,0,0,2,0,0,2,0,0,0,2,1,1,0,0.04983904327308931,True
4,0,0,0,2,0,1,0,0,0,1,1,0,1,0,0,1,0,0,0,1,1,1,0,0,2,0.12136228911061311,True
4,0,1,0,1,0,0,0,0,2,0,1,0,1,0,0,0,0,0,2,0,2,0,1,0,1,0.04825080477863853,True
4,0,0,0,0,2,1,0,0,1,0,0,0,1,0,1,0,0,0,2,0,0,1,0,3,0,0.009077521795140125,True
4,0,0,0,0,2,0,0,0,0,2,1,0,0,0,1,1,0,0,0,1,2,0,1,1,0,0.8732503967782445,False
4,2,0,0,0,0,1,1,0,0,0,0,0,1,1,0,0,1,1,0,0,1,0,2,1,0,0.10052523390365967,True
4,0,2,0,0,0,0,1,0,1,0,1,0,0,1,0,0,0,0,2,0,0,3,0,1,0,0.065775,True
4,1,0,1,0,0,0,0,1,0,1,0,1,1,0,0,0,1,0,1,0,0,1,0,0,3,0.030058914857507647,True
4,0,0,0,2,0,0,2,0,0,0,0,0,2,0,0,0,0,0,1,1,1,0,0,2,1,0.03878213795913626,True
4,0,0,2,0,0,0,0,0,2,0,2,0,0,0,0,1,0,0,1,0,0,0,1,0,3,0.0598985599546071,True
4,0,0,2,0,0,1,0,0,0,1,0,1,1,0,0,2,0,0,0,0,0,0,0,2,2,0.9231044152432397,False
4,1,0,0,1,0,2,0,0,0,0,0,0,0,2,0,2,0,0,0,0,3,0,0,1,0,0.09044164342759475,True
4,0,1,0,0,1,0,0,0,0,2,1,0,1,0,0,0,1,0,0,1,0,0,1,0,3,0.8595230089114066,False
4,0,0,1,1,0,0,1,1,0,0,0,0,0,0,2,0,0,0,2,0,0,1,2,1,0,0.03431947378530464,True
4,0,0,1,1,0,0,0,0,0,2,0,1,0,0,1,1,0,1,0,0,1,1,0,0,2,0.8806780018726477,False
4,1,1,0,0,0,0,0,1,1,0,2,0,0,0,0,0,1,0,1,0,0,3,1,0,0,0.07503009718716727,True
4,0,1,0,1,0,1,0,1,0,0,0,1,0,0,1,1,0,0,1,0,1,0,2,1,0,0.06645426852631138,True
4,0,0,0,0,2,1,0,0,1,0,0,2,0,0,0,0,0,0,0,2,0,3,0,1,0,-0.002784123899737369,True
4,1,1,0,0,0,0,0,0,1,1,1,0,0,0,1,0,1,1,0,0,2,2,0,0,0,0.058924717507795724,True
4,0,0,2,0,0,0,1,0,0,1,0,1,0,0,1,1,0,0,1,0,0,3,1,0,0,0.057364784575948444,True
4,0,0,1,0,1,0,0,0,0,2,0,0,0,1,1,2,0,0,0,0,1,1,1,1,0,0.9001418461928978,False
4,0,0,2,0,0,1,0,0,0,1,1,1,0,0,0,0,0,2,0,0,2,0,0,0,2,0.9348840445269625,False
4,1,0,1,0,0,0,0,0,2,0,0,0,1,0,1,0,1,1,0,0,2,1,0,1,0,0.06503003347085874,True
4,0,1,1,0,0,0,1,1,0,0,2,0,0,0,0,0,1,1,0,0,2,0,0,1,1,0.09117336458319049,True
4,1,0,0,1,0,2,0,0,0,0,0,1,0,0,1,0,0,2,0,0,1,3,0,0,0,0.08779883735599435,True
4,1,0,0,1,0,2,0,0,0,0,0,2,0,0,0,0,2,0,0,0,0,2,2,0,0,0.07498484918043274,True
4,0,0,0,1,1,0,0,1,0,1,0,1,0,0,1,1,0,0,0,1,0,0,1,1,2,0.8788835951477515,False
4,0,1,0,0,1,1,0,0,0,1,0,0,0,2,0,2,0,0,0,0,0,1,0,2,1,0.03717023510984483,True
4,1,1,0,0,0,0,2,0,0,0,0,0,0,0,2,2,0,0,0,0,0,0,2,2,0,0.049292097330890426,True
4,0,0,0,1,1,1,0,1,0,0,1,0,0,1,0,1,1,0,0,0,0,1,3,0,0,0.10131833002697133,True
4,0,1,1,0,0,0,1,0,0,1,0,0,0,0,2,2,0,0,0,0,1,0,0,0,3,0.8673461055664311,False
4,0,1,0,1,0,1,1,0,0,0,0,2,0,0,0,0,0,1,1,0,2,0,0,2,0,0.06889515118229103,True
4,2,0,0,0,0,2,0,0,0,0,0,0,0,1,1,1,0,1,0,0,0,0,0,1,3,0.9189069433984367,False
4,0,0,1,0,1,0,1,1,0,0,0,0,0,0,2,0,0,1,0,1,1,0,2,0,1,0.8953419434291273,False
4,0,0,0,1,1,1,0,1,0,0,1,0,0,1,0,1,0,0,1,0,0,3,0,1,0,0.05787749828635036,True
4,1,1,0,0,0,0,1,1,0,0,0,2,0,0,0,1,0,1,0,0,1,0,1,2,0,0.0798153251648471,True
4,1,0,0,1,0,0,0,1,0,1,0,1,1,0,0,0,0,0,2,0,1,0,0,2,1,0.03829511957297489,True
4,0,0,1,1,0,0,0,0,1,1,0,2,0,0,0,1,0,0,1,0,0,1,0,0,3,0.0017334648606182048,True
4,0,0,1,1,0,0,1,0,1,0,1,0,1,0,0,0,2,0,0,0,0,0,1,1,2,0.03793160080855594,True
4,0,0,2,0,0,0,0,1,0,1,0,0,1,1,0,0,1,0,1,0,0,1,0,1,2,0.03393224929401008,True
4,0,1,1,0,0,0,0,1,0,1,0,2,0,0,0,0,0,2,0,0,0,0,2,2,0,0.0692920973308904,True
4,1,0,0,1,0,0,1,0,0,1,0,1,0,1,0,0,0,1,0,1,0,0,1,2,1,0.027093242259850412,True
4,1,1,0,0,0,0,2,0,0,0,0,0,2,0,0,1,0,0,1,0,0,2,1,0,1,0.06502343253953184,True
4,0,0,0,2,0,1,0,0,0,1,1,0,0,1,0,0,1,0,0,1,2,1,1,0,0,0.044890672090425396,True
4,0,0,0,0,2,1,0,1,0,0,0,1,1,0,0,0,0,1,1,0,3,0,0,0,1,0.5980828136796181,False
4,1,0,1,0,0,0,1,1,0,0,0,1,0,0,1,1,1,0,0,0,3,0,1,0,0,0.1808740498532917,True
4,1,0,0,1,0,1,0,1,0,0,0,1,0,0,1,1,1,0,0,0,1,0,2,0,1,0.15846583033033632,True
4,0,1,0,0,1,1,0,0,1,0,1,0,0,0,1,0,0,0,2,0,0,1,1,2,0,0.031242534305573656,True
4,0,0,2,0,0,1,0,1,0,0,1,0,0,0,1,1,0,0,0,1,3,1,0,0,0,0.9566736774532832,False
4,1,0,0,0,1,0,0,0,2,0,1,1,0,0,0,2,0,0,0,0,0,1,1,1,1,0.05393224929401004,True
4,0,1,1,0,0,2,0,0,0,0,0,0,0,2,0,1,0,0,1,0,3,1,0,0,0,0.08059551394942113,True
4,2,0,0,0,0,0,0,0,0,2,1,0,1,0,0,1,0,1,0,0,0,0,4,0,0,0.9554621902801539,False
4,0,1,1,0,0,0,0,1,0,1,0,0,0,2,0,0,0,1,0,1,1,1,0,2,0,0.037121144680044654,True
4,0,0,1,0,1,0,0,0,0,2,0,1,0,0,1,2,0,0,0,0,3,0,0,0,1,0.8996966426956887,False
4,0,1,1,0,0,0,0,2,0,0,0,1,0,0,1,0,1,1,0,0,1,0,0,3,0,0.065263684540558,True
4,1,0,0,0,1,1,1,0,0,0,0,1,0,0,1,0,1,0,1,0,1,2,0,1,0,0.038442656417182024,True
4,1,0,0,0,1,0,1,0,1,0,0,1,1,0,0,0,0,0,0,2,1,2,0,0,1,0.019133071422383515,True
4,0,0,1,1,0,0,0,2,0,0,1,0,1,0,0,0,1,1,0,0,0,2,1,0,1,0.12430365192991812,True
4,0,1,0,1,0,0,0,1,1,0,1,0,0,1,0,0,0,1,1,0,1,0,1,2,0,0.06666639312745606,True
4,1,1,0,0,0,0,2,0,0,0,0,1,0,1,0,0,0,2,0,0,0,1,0,3,0,0.06867669850284758,True
4,0,0,0,1,1,0,0,1,0,1,0,0,2,0,0,1,0,0,0,1,0,2,0,0,2,0.8991867576709007,False
4,0,0,0,1,1,0,1,0,1,0,0,0,2,0,0,2,0,0,0,0,1,0,3,0,0,0.17849141597009616,True
4,1,0,0,0,1,1,0,1,0,0,1,0,0,1,0,0,0,2,0,0,0,1,1,1,1,0.9409148173579642,False
4,2,0,0,0,0,0,1,1,0,0,1,0,0,1,0,0,2,0,0,0,2,1,0,1,0,0.07917708937822965,True
4,0,0,1,1,0,0,1,1,0,0,1,0,0,1,0,0,1,0,1,0,1,0,0,0,3,0.018116973799489077,True
4,0,0,0,1,1,1,0,0,0,1,0,0,0,1,1,1,0,0,1,0,1,0,0,2,1,0.12532382700029934,True
4,0,1,1,0,0,0,1,0,0,1,1,0,0,0,1,2,0,0,0,0,0,1,1,1,1,0.8182246040138248,False
4,0,1,0,0,1,0,1,0,1,0,0,0,2,0,0,1,0,1,0,0,0,1,0,0,3,0.06062704319652568,True
4,1,1,0,0,0,1,0,0,1,0,1,0,0,0,1,0,0,0,1,1,2,1,1,0,0,0.08129982682959327,True
4,0,1,0,0,1,0,0,1,1,0,0,0,2,0,0,0,0,1,0,1,0,4,0,0,0,0.05295450351365248,True
4,0,2,0,0,0,0,1,0,0,1,0,0,2,0,0,1,0,1,0,0,1,0,1,1,1,0.10475803419405748,True
4,0,0,0,1,1,1,0,1,0,0,0,0,2,0,0,1,0,1,0,0,2,0,0,0,2,0.9369532576650366,False
4,0,0,1,1,0,2,0,0,0,0,0,0,0,1,1,0,2,0,0,0,1,2,0,0,1,0.051970828228540523,True
4,0,1,0,1,0,0,1,1,0,0,0,2,0,0,0,0,1,0,0,1,0,2,2,0,0,0.053572446134238616,True
4,2,0,0,0,0,1,0,0,1,0,0,0,0,0,2,2,0,0,0,0,0,0,1,1,2,0.902972087910804,False
4,0,2,0,0,0,0,0,1,0,1,0,0,2,0,0,1,0,0,1,0,2,2,0,0,0,0.07017980524069266,True
4,1,1,0,0,0,0,0,0,2,0,0,0,0,0,2,1,1,0,0,0,0,0,4,0,0,0.05218911764889696,True
4,0,1,0,0,1,1,0,1,0,0,0,0,1,0,1,1,1,0,0,0,0,0,0,4,0,0.04645426852631139,True
4,0,0,0,1,1,1,0,1,0,0,1,0,0,1,0,0,0,2,0,0,2,0,2,0,0,0.9642472568415886,False
4,1,0,0,0,1,1,0,0,0,1,0,0,0,2,0,0,0,0,2,0,1,0,0,0,3,-0.016737270469464265,True
4,0,0,0,2,0,0,0,0,2,0,0,1,1,0,0,0,0,1,1,0,4,0,0,0,0,0.0682508047786385,True
4,1,0,1,0,0,1,0,0,1,0,0,0,1,0,1,0,0,1,1,0,0,1,1,2,0,0.06656966703413081,True
4,0,1,0,1,0,0,1,0,0,1,0,1,0,0,1,0,1,1,0,0,0,0,1,1,2,0.01130515165010632,True
4,0,2,0,0,0,1,0,0,0,1,0,1,1,0,0,1,0,1,0,0,0,3,0,1,0,0.0583409194956729,True
4,0,1,0,0,1,1,0,0,0,1,1,0,0,1,0,0,0,0,0,2,0,0,2,1,1,0.8796823918539526,False
4,1,0,1,0,0,1,0,0,0,1,1,1,0,0,0,0,1,1,0,0,0,0,0,4,0,0.06166716825045407,True
4,0,0,1,1,0,0,0,0,0,2,1,0,1,0,0,0,0,1,0,1,0,2,0,0,2,0.8810710923532177,False
4,2,0,0,0,0,0,0,1,1,0,0,1,1,0,0,0,0,0,0,2,0,0,2,0,2,0.5780859415559805,False
4,1,1,0,0,0,1,1,0,0,0,0,0,2,0,0,1,1,0,0,0,0,2,1,0,1,0.08045929935411363,True
4,0,1,0,1,0,1,0,0,1,0,0,0,1,0,1,0,0,2,0,0,3,0,1,0,0,0.10760056426778129,True
4,0,1,0,0,1,0,1,0,0,1,1,0,0,1,0,0,1,0,1,0,0,0,3,1,0,0.041629488768315404,True
4,2,0,0,0,0,0,0,2,0,0,0,0,2,0,0,0,0,1,1,0,0,4,0,0,0,0.10312554836549957,True
4,0,1,0,0,1,2,0,0,0,0,0,0,0,0,2,0,0,2,0,0,0,3,0,0,1,0.9196151071742136,False
4,0,2,0,0,0,0,0,0,2,0,2,0,0,0,0,0,1,0,0,1,0,0,1,0,3,0.005263684540558165,True
4,0,2,0,0,0,2,0,0,0,0,0,1,0,0,1,0,1,0,1,0,0,4,0,0,0,0.05243294301037926,True
4,2,0,0,0,0,1,0,0,1,0,1,1,0,0,0,0,1,0,0,1,0,1,0,2,1,0.06491085276745849,True
4,0,1,0,1,0,0,0,0,2,0,0,0,0,0,2,1,0,0,0,1,1,0,2,0,1,0.008096135744838804,True
4,1,0,0,1,0,0,0,1,0,1,0,1,0,0,1,2,0,0,0,0,1,0,0,3,0,0.055927824073458504,True
4,0,2,0,0,0,0,2,0,0,0,0,0,0,1,1,0,0,0,1,1,0,1,1,0,2,0.0023105002261004236,True
4,1,0,0,1,0,0,1,1,0,0,1,1,0,0,0,0,0,2,0,0,1,2,0,1,0,0.08155902475525542,True
4,0,1,0,1,0,1,0,0,1,0,1,0,0,0,1,2,0,0,0,0,0,1,1,0,2,0.04458344752606835,True
4,1,0,1,0,0,0,1,1,0,0,0,0,2,0,0,1,0,0,1,0,0,0,1,0,3,0.5980984496462604,False
4,0,0,0,2,0,0,0,0,1,1,2,0,0,0,0,2,0,0,0,0,1,1,0,0,2,0.06933213589042785,True
4,0,0,2,0,0,1,0,0,1,0,2,0,0,0,0,1,1,0,0,0,0,2,0,2,0,0.08267852561553532,True
4,0,1,1,0,0,0,0,1,0,1,1,1,0,0,0,0,0,0,0,2,2,1,1,0,0,0.11543693510916787,True
4,0,1,0,1,0,0,0,2,0,0,1,1,0,0,0,0,0,2,0,0,0,1,0,2,1,0.07193980401976521,True
4,0,0,0,1,1,2,0,0,0,0,0,0,0,2,0,0,1,0,0,1,0,1,2,1,0,0.04464839985429145,True
4,0,1,0,0,1,0,0,1,1,0,0,0,1,0,1,0,2,0,0,0,1,1,0,2,0,0.03695597412861158,True
4,0,1,0,0,1,0,1,0,1,0,1,0,0,0,1,0,1,1,0,0,0,4,0,0,0,0.036260712229316615,True
4,0,0,1,1,0,1,0,0,1,0,0,1,0,0,1,0,0,0,0,2,2,0,0,2,0,0.02755125780955733,True
4,0,1,1,0,0,0,2,0,0,0,1,0,1,0,0,1,1,0,0,0,0,0,0,2,2,0.045637105518651765,True
4,1,1,0,0,0,0,1,0,1,0,1,1,0,0,0,0,0,2,0,0,0,0,2,1,1,0.06899819532430074,True
4,1,0,0,0,1,1,0,1,0,0,2,0,0,0,0,0,2,0,0,0,0,0,3,0,1,0.6188197091460258,False
4,0,2,0,0,0,0,1,1,0,0,0,0,0,1,1,0,1,0,1,0,2,1,0,0,1,0.03787071264800901,True
4,0,0,2,0,0,0,0,2,0,0,0,0,0,1,1,0,0,0,2,0,1,0,0,0,3,0.10332058816520794,True
4,0,0,1,1,0,0,0,0,1,1,1,0,1,0,0,0,0,1,1,0,0,1,1,2,0,0.06022224758137663,True
4,0,0,2,0,0,0,0,1,0,1,1,0,0,0,1,0,0,0,1,1,1,3,0,0,0,0.1415584587569489,True
4,2,0,0,0,0,0,0,1,1,0,0,2,0,0,0,0,1,1,0,0,0,1,2,0,1,0.0691776296589043,True
4,0,1,1,0,0,1,0,1,0,0,1,0,0,0,1,1,0,1,0,0,0,3,0,0,1,0.8405621384189376,False
4,0,1,1,0,0,1,0,1,0,0,1,0,0,0,1,0,0,2,0,0,2,0,2,0,0,0.9773211626391091,False
4,0,0,1,1,0,0,1,0,1,0,0,1,0,1,0,0,1,0,0,1,1,0,3,0,0,0.05526290001452225,True
4,0,1,0,0,1,1,0,1,0,0,0,0,2,0,0,0,2,0,0,0,0,0,0,4,0,0.05787749828726172,True
4,0,1,0,1,0,0,0,0,0,2,0,0,2,0,0,0,0,2,0,0,1,0,0,3,0,0.04809613574483874,True
4,1,0,0,1,0,0,2,0,0,0,0,0,1,1,0,1,0,0,0,1,0,2,0,1,1,0.039304895467264234,True
4,1,0,0,0,1,1,1,0,0,0,0,0,1,1,0,0,0,1,0,1,2,0,0,0,2,0.5780734280008385,False
4,0,1,1,0,0,0,1,0,1,0,1,0,0,0,1,0,1,0,1,0,0,0,3,1,0,0.055259007656817447,True
4,0,0,2,0,0,1,1,0,0,0,0,1,0,0,1,1,0,1,0,0,0,1,2,0,1,0.9449557334939503,False
4,0,0,0,2,0,1,0,0,1,0,0,0,0,0,2,1,1,0,0,0,0,4,0,0,0,0.031011869269938232,True
4,1,0,1,0,0,0,2,0,0,0,1,1,0,0,0,2,0,0,0,0,0,0,1,1,2,0.07008916895879916,True
4,0,1,0,1,0,0,1,0,0,1,1,0,0,1,0,0,0,1,0,1,1,0,0,3,0,0.032328120207283144,True
4,1,1,0,0,0,0,0,0,1,1,0,0,2,0,0,0,0,1,0,1,1,1,0,1,1,0.8209357459989717,False
4,0,2,0,0,0,0,1,0,1,0,0,1,0,1,0,0,0,0,1,1,0,0,1,1,2,0.012204590718185226,True
4,1,0,0,0,1,0,0,0,0,2,0,0,0,1,1,0,0,0,1,1,1,0,2,0,1,0.8791856237024213,False
4,1,0,0,0,1,0,0,1,1,0,0,1,0,1,0,0,1,0,1,0,0,2,1,1,0,0.04905651492906943,True
4,1,0,1,0,0,0,0,1,1,0,0,2,0,0,0,0,0,1,1,0,0,2,2,0,0,0.0784904896659544,True
4,1,0,0,0,1,0,0,0,1,1,1,1,0,0,0,2,0,0,0,0,0,3,1,0,0,0.0672483668088628,True
4,1,0,0,1,0,0,1,1,0,0,0,1,0,1,0,0,0,0,2,0,0,1,2,0,1,0.04969048972977401,True
4,0,0,2,0,0,0,0,2,0,0,0,1,0,1,0,0,1,1,0,0,1,0,2,1,0,0.10052523390365967,True
4,0,1,0,0,1,0,0,1,1,0,0,0,0,1,1,0,0,1,0,1,1,0,2,1,0,0.11344782842886679,True
4,0,0,1,1,0,1,0,0,0,1,1,0,0,1,0,1,0,0,0,1,2,1,0,1,0,0.06569522546426144,True
4,0,0,1,1,0,0,0,0,1,1,0,1,0,0,1,0,1,1,0,0,1,0,2,0,1,0.07832834801926833,True
4,2,0,0,0,0,1,0,0,0,1,0,0,2,0,0,0,1,0,1,0,0,2,0,2,0,0.06267852561553536,True
4,0,2,0,0,0,1,0,0,0,1,0,0,2,0,0,0,0,0,2,0,0,2,2,0,0,0.05849048966595443,True
4,1,1,0,0,0,0,0,0,2,0,0,1,1,0,0,0,0,2,0,0,1,1,0,2,0,0.07245067639381736,True
4,0,0,2,0,0,0,1,1,0,0,0,0,0,0,2,1,1,0,0,0,1,0,3,0,0,0.6211977797567897,False
4,0,1,0,1,0,1,0,0,1,0,0,2,0,0,0,0,0,1,1,0,2,1,0,1,0,0.06838525838522644,True
4,0,0,2,0,0,2,0,0,0,0,0,1,1,0,0,0,0,0,1,1,1,2,0,1,0,0.08833066136923232,True
4,0,1,0,0,1,0,0,0,0,2,0,0,0,2,0,1,0,1,0,0,3,0,1,0,0,0.1233205881652079,True
4,1,0,1,0,0,2,0,0,0,0,0,0,1,1,0,1,0,0,0,1,0,1,0,0,3,0.9059262784537673,False
4,1,0,1,0,0,0,0,1,0,1,0,1,0,0,1,0,0,0,2,0,0,2,2,0,0,0.054698443192741836,True
4,0,0,1,0,1,1,0,0,1,0,1,0,0,1,0,1,0,0,0,1,1,0,0,3,0,0.04326272953053565,True
4,0,1,0,1,0,0,0,0,0,2,0,0,1,1,0,0,0,0,0,2,2,0,1,1,0,0.015924765573411905,True
4,0,0,0,1,1,0,0,1,1,0,0,1,0,0,1,1,0,1,0,0,2,0,0,1,1,0.8106046209076289,False
4,1,0,0,0,1,1,0,0,1,0,0,0,0,1,1,0,0,1,1,0,2,1,1,0,0,0.0743161528387255,True
4,1,0,0,0,1,0,2,0,0,0,0,1,0,1,0,1,0,0,1,0,0,3,0,0,1,0.034559740258295585,True
4,0,0,1,1,0,0,0,0,1,1,0,1,1,0,0,0,0,2,0,0,1,0,1,1,1,0.09998830647581364,True
4,0,2,0,0,0,0,0,2,0,0,0,0,0,0,2,0,1,1,0,0,0,2,0,2,0,0.03777771294287684,True
4,0,1,0,1,0,0,0,1,1,0,0,0,2,0,0,1,0,0,1,0,1,2,0,0,1,0.058787052138841396,True
4,0,0,0,0,2,0,0,0,1,1,0,1,0,1,0,0,0,0,0,2,0,1,3,0,0,0.02131040123440972,True
4,0,2,0,0,0,1,1,0,0,0,0,1,0,0,1,0,0,0,1,1,0,0,0,2,2,0.00819120078763869,True
4,0,0,0,1,1,0,1,0,1,0,0,0,2,0,0,0,2,0,0,0,0,0,0,3,1,0.03932609636061645,True
4,1,0,0,0,1,1,1,0,0,0,0,0,0,0,2,1,0,1,0,0,0,0,3,1,0,0.863195227356558,False
4,0,1,0,1,0,1,0,0,1,0,0,0,0,0,2,0,1,0,0,1,2,0,1,0,1,0.022415889532443257,True
4,0,2,0,0,0,1,0,1,0,0,1,0,0,0,1,0,0,1,1,0,0,0,0,4,0,0.05288982329508566,True
4,0,1,0,1,0,0,1,1,0,0,0,1,0,0,1,1,0,0,1,0,0,1,2,0,1,0.04173346492883618,True
4,0,1,1,0,0,0,0,2,0,0,0,0,2,0,0,1,0,0,0,1,0,0,3,0,1,0.9602398786220695,False
4,0,1,0,0,1,2,0,0,0,0,1,0,0,1,0,0,0,0,2,0,0,0,4,0,0,0.07592782407345845,True
4,1,0,0,1,0,1,0,1,0,0,0,0,2,0,0,0,2,0,0,0,0,2,2,0,0,0.09018548511876498,True
4,1,0,0,0,1,0,1,1,0,0,1,0,1,0,0,1,0,1,0,0,1,3,0,0,0,0.11448918833621803,True
4,0,1,0,1,0,0,1,0,0,1,1,0,0,0,1,0,0,1,0,1,1,1,0,0,2,0.04060329408013619,True
4,0,0,1,0,1,1,0,1,0,0,0,1,0,0,1,0,1,0,1,0,0,2,2,0,0,0.059106931643162074,True
4,0,0,2,0,0,2,0,0,0,0,1,0,0,0,1,1,0,1,0,0,1,1,0,0,2,0.9383236709339611,False
4,1,0,0,1,0,0,1,1,0,0,0,2,0,0,0,0,1,0,0,1,0,0,1,0,3,0.008405198251933397,True
4,0,1,0,1,0,0,0,0,0,2,0,1,0,1,0,0,0,0,2,0,0,1,0,2,1,0.007801648099922937,True
4,0,1,1,0,0,0,1,1,0,0,0,0,1,0,1,0,0,1,1,0,0,0,2,1,1,0.06975403388380373,True
4,0,0,1,0,1,0,0,1,0,1,1,0,1,0,0,0,0,2,0,0,0,0,3,1,0,0.9523226928783823,False
4,1,0,1,0,0,0,0,1,0,1,0,2,0,0,0,0,0,0,0,2,0,0,2,0,2,0.5592307422483095,False
4,0,0,1,1,0,0,0,1,0,1,0,0,0,0,2,0,2,0,0,0,2,0,1,1,0,0.040525233903659766,True
4,2,0,0,0,0,1,1,0,0,0,0,0,1,1,0,0,0,0,2,0,2,1,1,0,0,0.08059551394942113,True
4,1,0,0,0,1,0,0,1,1,0,0,2,0,0,0,0,0,1,0,1,2,0,0,0,2,0.053825398122935394,True
4,0,1,0,0,1,1,1,0,0,0,1,0,0,0,1,2,0,0,0,0,0,2,1,0,1,0.816462357282404,False
4,0,0,2,0,0,0,1,0,1,0,1,0,0,1,0,1,0,1,0,0,1,2,0,1,0,0.07905814843227055,True
4,0,1,0,1,0,1,0,1,0,0,1,1,0,0,0,2,0,0,0,0,0,0,1,3,0,0.07811697379948895,True
4,1,0,0,1,0,0,0,1,1,0,0,1,1,0,0,0,0,0,0,2,0,2,0,0,2,0.014294704862541358,True
4,1,0,0,1,0,1,0,1,0,0,1,1,0,0,0,2,0,0,0,0,0,0,0,1,3,0.15572889750783597,True
4,1,0,0,0,1,0,0,0,0,2,2,0,0,0,0,0,1,0,1,0,0,2,1,1,0,0.033396922710032,True
4,1,0,1,0,0,0,0,2,0,0,1,0,1,0,0,1,0,0,0,1,2,0,0,0,2,0.9363376615053571,False
4,1,1,0,0,0,0,0,2,0,0,0,1,1,0,0,1,1,0,0,0,0,1,1,0,2,0.07180487737887778,True
4,0,1,0,0,1,1,1,0,0,0,0,0,0,0,2,0,1,1,0,0,0,1,2,0,1,0.062998136660664,True
4,1,1,0,0,0,0,0,2,0,0,0,0,0,2,0,1,0,0,0,1,1,2,1,0,0,0.06729404040188333,True
4,0,0,1,0,1,2,0,0,0,0,1,0,0,1,0,0,1,0,1,0,0,3,1,0,0,0.060778657334954786,True
4,1,0,0,1,0,1,0,1,0,0,1,0,1,0,0,0,0,0,1,1,0,1,0,3,0,0.06489067208928655,True
4,2,0,0,0,0,0,1,1,0,0,1,1,0,0,0,1,0,1,0,0,3,0,0,1,0,0.17496061981493688,True
4,0,1,0,0,1,0,1,0,0,1,0,2,0,0,0,0,0,0,1,1,0,0,2,2,0,0.025912987742003128,True
4,1,0,1,0,0,0,0,0,2,0,1,0,0,0,1,0,0,0,2,0,0,2,0,0,2,0.014818241014588746,True
4,1,0,1,0,0,1,0,1,0,0,0,0,0,2,0,0,0,0,1,1,0,3,1,0,0,0.06526368447324857,True
4,1,0,0,0,1,1,0,0,0,1,0,0,0,2,0,0,0,2,0,0,0,1,1,1,1,0.07217550737042938,True
4,1,0,1,0,0,0,1,0,0,1,0,0,0,1,1,2,0,0,0,0,0,0,3,1,0,0.9513966216863546,False
4,0,2,0,0,0,0,1,0,1,0,1,0,1,0,0,1,0,0,0,1,4,0,0,0,0,0.07556039243925707,True
4,0,2,0,0,0,1,0,1,0,0,0,0,0,2,0,1,1,0,0,0,1,0,2,0,1,0.06077865733495478,True
4,1,0,1,0,0,0,2,0,0,0,1,1,0,0,0,0,0,1,1,0,1,1,2,0,0,0.08612551643235936,True
4,1,0,1,0,0,1,0,1,0,0,0,0,2,0,0,0,1,0,1,0,0,3,1,0,0,0.09557776861005658,True
4,1,0,0,0,1,1,0,0,0,1,0,0,1,1,0,0,1,0,0,1,1,1,0,2,0,0.04034479721271342,True
4,1,0,0,1,0,0,0,1,0,1,0,0,0,2,0,0,0,2,0,0,1,0,1,1,1,0.05766806600277304,True
4,0,0,1,1,0,0,0,1,1,0,2,0,0,0,0,0,0,0,1,1,0,0,4,0,0,0.16332058816520784,True
4,0,1,1,0,0,0,0,0,1,1,1,0,1,0,0,1,0,1,0,0,3,1,0,0,0,0.4508942719320621,True
4,1,0,0,0,1,1,1,0,0,0,1,0,1,0,0,2,0,0,0,0,1,0,2,1,0,0.903040313177914,False
4,0,0,0,1,1,0,0,1,0,1,0,1,0,0,1,2,0,0,0,0,2,0,0,2,0,0.3723448698452067,True
4,0,0,1,0,1,0,1,1,0,0,0,0,0,0,2,1,0,0,0,1,1,0,2,1,0,0.8432719298935577,False
4,0,0,0,2,0,0,0,0,0,2,0,0,1,0,1,0,1,1,0,0,4,0,0,0,0,0.06760056426778137,True
4,0,0,0,1,1,1,0,0,1,0,0,2,0,0,0,0,0,1,0,1,2,0,0,1,1,0.03785644751998403,True
4,1,1,0,0,0,1,0,0,1,0,0,1,0,0,1,0,1,1,0,0,1,0,0,3,0,0.055262900014522214,True
4,1,0,1,0,0,0,0,0,1,1,0,1,1,0,0,1,0,1,0,0,1,0,0,0,3,0.9099558072671436,False
4,1,1,0,0,0,0,1,0,1,0,0,0,0,1,1,0,0,1,1,0,1,1,1,0,1,0.04173346486061814,True
4,1,0,0,0,1,0,0,0,2,0,0,0,0,2,0,0,0,0,0,2,0,0,2,0,2,-0.016737270469464265,True
4,0,0,1,1,0,1,0,0,0,1,0,1,1,0,0,0,0,1,0,1,0,2,0,0,2,0.0642724767642164,True
4,0,0,1,0,1,0,0,2,0,0,0,0,1,1,0,0,0,0,0,2,0,0,3,0,1,0.9075428285486122,False
4,0,0,0,1,1,0,0,0,2,0,0,1,0,1,0,0,0,0,2,0,4,0,0,0,0,0.04704403855540826,True
4,0,0,1,0,1,2,0,0,0,0,0,1,0,0,1,0,0,0,0,2,0,2,0,0,2,0.8788573767084389,False
4,0,0,0,0,2,0,1,1,0,0,0,1,0,1,0,2,0,0,0,0,1,1,2,0,0,0.0631112213284193,True
4,2,0,0,0,0,0,0,1,1,0,0,1,0,1,0,2,0,0,0,0,2,1,0,0,1,0.08458344752606828,True
4,0,0,0,0,2,1,0,0,1,0,0,2,0,0,0,0,0,0,0,2,1,2,1,0,0,0.01016986273147548,True
4,1,0,0,0,1,1,0,0,0,1,0,1,0,1,0,0,1,0,0,1,0,0,3,1,0,0.05684272668508751,True
4,0,1,1,0,0,0,0,1,0,1,1,0,1,0,0,0,1,0,1,0,1,1,1,0,1,0.07006326389241074,True
4,0,0,0,2,0,1,0,0,1,0,0,2,0,0,0,0,0,2,0,0,0,0,0,0,4,-0.001883026200510887,True
4,0,1,0,1,0,0,1,0,0,1,1,0,0,0,1,0,1,0,1,0,0,0,1,3,0,0.029481655268521766,True
4,1,0,0,0,1,0,1,0,0,1,0,0,0,2,0,0,0,0,1,1,2,1,1,0,0,0.039153101527082054,True
4,0,0,0,2,0,0,0,0,0,2,0,0,1,1,0,0,1,1,0,0,3,0,1,0,0,0.04809613574483874,True
4,1,1,0,0,0,0,1,1,0,0,0,1,0,0,1,0,1,1,0,0,0,0,1,1,2,0.03960897174466211,True
4,1,0,0,0,1,0,0,1,1,0,0,0,0,1,1,0,1,1,0,0,1,1,1,1,0,0.056275208585199105,True
4,1,1,0,0,0,0,2,0,0,0,0,0,1,0,1,0,0,0,0,2,0,2,1,0,1,0.019711414615964852,True
4,2,0,0,0,0,1,1,0,0,0,1,0,0,0,1,0,0,0,2,0,1,1,1,1,0,0.06503003347085874,True
4,1,1,0,0,0,0,0,1,1,0,1,0,0,0,1,0,0,2,0,0,1,2,0,0,1,0.10427247676421632,True
4,0,0,1,1,0,0,2,0,0,0,0,1,0,0,1,0,1,0,1,0,1,0,0,3,0,0.04769037869598768,True
4,0,0,0,1,1,0,2,0,0,0,0,2,0,0,0,0,0,0,1,1,1,2,0,0,1,0.02023232940576785,True
4,0,0,0,0,2,0,0,2,0,0,1,0,0,1,0,2,0,0,0,0,0,2,1,1,0,0.08983904327308924,True
4,0,2,0,0,0,1,0,0,0,1,0,0,0,0,2,0,1,0,0,1,0,3,0,1,0,0.001961271029722341,True
4,1,0,1,0,0,1,0,1,0,0,0,2,0,0,0,0,0,0,0,2,2,1,0,1,0,0.07444248921609829,True
4,1,0,0,0,1,0,0,0,0,2,0,0,1,0,1,0,0,1,1,0,0,1,0,1,2,0.859075415937395,False
4,0,0,2,0,0,1,1,0,0,0,1,0,0,0,1,0,0,0,1,1,2,0,0,2,0,0.10206780135700974,True
4,1,0,0,0,1,0,0,0,0,2,0,0,0,1,1,0,1,1,0,0,0,0,1,3,0,0.022415889504070776,True
4,1,0,0,1,0,1,1,0,0,0,0,0,2,0,0,0,1,1,0,0,0,0,3,0,1,0.11384799930364223,True
4,0,0,1,0,1,0,1,0,0,1,0,1,1,0,0,0,0,0,2,0,1,1,2,0,0,0.04931339563551706,True
4,0,1,0,1,0,0,0,0,0,2,0,1,0,1,0,0,0,1,1,0,0,1,2,0,1,0.015551525013205746,True
4,0,0,0,1,1,0,0,2,0,0,2,0,0,0,0,0,0,1,0,1,0,0,1,3,0,0.14332058816520798,True
4,0,2,0,0,0,0,0,1,0,1,1,0,0,0,1,2,0,0,0,0,1,1,2,0,0,0.13500578848639333,True
4,1,0,0,1,0,0,0,0,2,0,1,0,1,0,0,1,1,0,0,0,1,0,2,1,0,0.07826818713712283,True
4,0,0,0,2,0,0,1,0,0,1,1,0,1,0,0,0,0,0,0,2,0,1,0,2,1,0.01717023510984487,True
4,0,0,0,2,0,0,0,0,1,1,0,1,0,0,1,0,2,0,0,0,0,0,0,3,1,0.015200096479912242,True
4,0,1,1,0,0,1,0,0,1,0,0,1,1,0,0,0,1,0,1,0,1,1,0,1,1,0.055965751471069344,True
4,1,0,1,0,0,0,0,1,1,0,0,1,1,0,0,0,0,0,0,2,0,1,0,3,0,0.04059551394942121,True
4,1,1,0,0,0,1,1,0,0,0,2,0,0,0,0,0,2,0,0,0,0,2,1,1,0,0.07639526153956358,True
4,0,0,1,0,1,1,0,1,0,0,0,0,2,0,0,0,1,1,0,0,0,2,1,1,0,0.11500161117218052,True
4,1,0,1,0,0,0,1,1,0,0,1,1,0,0,0,0,0,1,1,0,0,1,3,0,0,0.1031255483654996,True
4,1,0,0,0,1,1,1,0,0,0,0,2,0,0,0,1,0,0,0,1,0,0,2,1,1,0.04981262844977961,True
4,0,0,0,0,2,0,1,0,0,1,0,0,2,0,0,0,1,0,1,0,0,2,2,0,0,0.039106931643162104,True
4,2,0,0,0,0,1,0,1,0,0,0,0,2,0,0,1,1,0,0,0,0,0,2,1,1,0.9711924886948686,False
4,0,1,0,1,0,0,0,1,1,0,0,0,2,0,0,2,0,0,0,0,0,3,0,1,0,0.07525900765681742,True
4,0,1,0,0,1,0,2,0,0,0,0,0,1,0,1,1,0,1,0,0,1,0,3,0,0,0.1635506140887813,True
4,0,0,0,1,1,0,0,0,0,2,2,0,0,0,0,0,0,0,2,0,0,0,2,1,1,0.04848801510437332,True
4,0,0,1,1,0,0,0,0,0,2,2,0,0,0,0,1,0,1,0,0,0,0,2,2,0,0.25764825221294935,False
4,0,0,0,2,0,2,0,0,0,0,0,1,1,0,0,0,0,1,0,1,0,1,3,0,0,0.07908536848282602,True
4,0,0,0,1,1,0,2,0,0,0,0,0,2,0,0,0,0,2,0,0,3,0,0,0,1,0.1635506140887813,True
4,1,0,0,0,1,0,2,0,0,0,1,0,0,1,0,0,1,0,1,0,0,0,0,1,3,-0.002068399191443995,True
4,2,0,0,0,0,0,0,1,0,1,0,0,2,0,0,1,0,1,0,0,2,0,1,0,1,0.9554621902801543,False
4,0,0,0,1,1,0,1,0,1,0,2,0,0,0,0,0,1,0,1,0,0,0,2,1,1,0.04152430481133228,True
4,1,1,0,0,0,0,1,0,1,0,1,0,0,1,0,0,0,0,0,2,0,1,3,0,0,0.04363034315581063,True
4,0,0,0,0,2,0,0,2,0,0,0,1,0,0,1,0,1,1,0,0,2,0,0,2,0,0.08206780135700976,True
4,2,0,0,0,0,0,0,0,0,2,2,0,0,0,0,0,2,0,0,0,1,0,0,3,0,0.0521891176488969,True
4,0,0,0,1,1,0,0,0,2,0,0,0,1,1,0,2,0,0,0,0,1,1,1,0,1,0.04770541892990428,True
4,0,0,0,0,2,0,0,2,0,0,0,0,0,1,1,0,1,0,0,1,0,3,0,1,0,0.025790040011225406,True
4,0,1,1,0,0,1,0,1,0,0,0,0,1,0,1,1,0,1,0,0,1,0,1,2,0,0.2902427966714432,False
4,0,0,1,0,1,0,0,1,0,1,0,1,0,1,0,0,1,0,0,1,0,3,1,0,0,0.02840960266802532,True
4,0,0,0,1,1,1,0,1,0,0,0,1,1,0,0,0,1,0,1,0,1,2,0,0,1,0.051976141361858366,True
4,0,1,0,1,0,0,1,0,1,0,1,1,0,0,0,1,0,0,0,1,2,0,0,0,2,0.020778657334954844,True
4,1,1,0,0,0,0,0,0,0,2,0,0,0,0,2,0,1,0,0,1,1,0,0,0,3,0.8258560303039857,False
4,0,0,1,0,1,0,0,1,1,0,0,0,2,0,0,1,0,0,0,1,2,0,1,0,1,0.927507991706829,False
4,1,0,0,0,1,1,0,0,0,1,1,0,0,0,1,1,1,0,0,0,0,2,1,1,0,0.0732710682740386,True
4,1,1,0,0,0,0,0,0,1,1,1,0,0,0,1,1,0,1,0,0,2,0,2,0,0,0.9492334809562315,False
4,1,0,1,0,0,0,0,1,0,1,0,0,0,0,2,0,0,1,0,1,0,2,1,0,1,0.8984622096257481,False
4,0,0,0,2,0,0,0,1,1,0,0,2,0,0,0,1,0,1,0,0,1,2,1,0,0,0.07200727591859733,True
4,1,0,0,1,0,1,1,0,0,0,1,0,0,1,0,1,0,0,1,0,2,0,0,2,0,0.0722997530329525,True
4,0,0,2,0,0,2,0,0,0,0,1,0,1,0,0,0,1,0,1,0,0,3,1,0,0,0.095573030643627,True
4,1,1,0,0,0,0,0,2,0,0,0,0,0,1,1,1,0,1,0,0,0,0,0,0,4,0.8899558072671436,False
4,0,0,1,1,0,0,1,1,0,0,0,0,1,1,0,2,0,0,0,0,3,1,0,0,0,0.09908536848282598,True
4,1,1,0,0,0,0,0,0,0,2,0,2,0,0,0,0,0,1,1,0,2,0,0,1,1,0.02899819532430081,True
4,1,0,0,1,0,1,0,1,0,0,0,0,1,0,1,1,1,0,0,0,0,0,4,0,0,0.6380984496462604,False
4,0,1,1,0,0,0,0,0,1,1,0,0,2,0,0,0,1,0,0,1,0,0,0,2,2,0.1429310193192019,True
4,1,1,0,0,0,0,0,2,0,0,1,1,0,0,0,0,0,1,1,0,0,1,1,1,1,0.07887076691370797,True
4,0,1,0,1,0,0,0,0,0,2,0,1,0,1,0,0,2,0,0,0,1,1,0,1,1,0.012363975533324993,True
4,1,1,0,0,0,0,2,0,0,0,1,0,0,1,0,2,0,0,0,0,1,0,0,3,0,0.07316005389067182,True
4,1,0,1,0,0,0,1,0,1,0,0,1,0,0,1,1,1,0,0,0,0,1,0,0,3,0.01812228652956763,True
4,0,0,0,1,1,0,0,0,1,1,0,0,0,0,2,0,1,0,1,0,2,0,2,0,0,0.0583041175892966,True
4,0,1,0,0,1,0,0,1,1,0,2,0,0,0,0,0,1,0,1,0,1,1,0,1,1,0.04741081739965363,True
4,0,0,1,1,0,1,0,0,0,1,1,0,0,1,0,0,0,2,0,0,1,2,1,0,0,0.08957353954619372,True
4,0,0,2,0,0,0,1,0,1,0,0,0,0,2,0,0,1,1,0,0,2,0,1,0,1,0.05811697379948901,True
4,0,0,0,2,0,0,0,0,2,0,0,1,0,0,1,1,0,0,0,1,0,2,0,1,1,0.010823605785801445,True
4,0,0,1,1,0,0,1,1,0,0,0,0,2,0,0,0,0,1,1,0,0,0,0,3,1,0.06735460881881822,True
4,1,0,1,0,0,0,0,1,0,1,0,2,0,0,0,0,0,0,0,2,2,2,0,0,0,0.05425168553750097,True
4,0,0,1,1,0,1,0,0,0,1,0,1,0,0,1,0,1,1,0,0,1,0,3,0,0,0.1584914159700962,True
4,1,0,0,1,0,0,1,0,0,1,0,0,0,0,2,1,1,0,0,0,2,0,0,0,2,0.09842998622260071,True
4,0,1,0,0,1,1,0,0,1,0,0,2,0,0,0,1,0,0,1,0,0,1,2,1,0,0.05464727182856639,True
4,2,0,0,0,0,1,1,0,0,0,1,0,0,0,1,1,0,0,1,0,1,2,0,1,0,0.07339692271003193,True
4,0,0,0,1,1,0,0,1,0,1,0,1,1,0,0,0,0,0,2,0,1,2,0,1,0,0.03613546518814293,True
4,1,0,1,0,0,0,1,1,0,0,0,1,0,1,0,0,0,0,0,2,2,0,0,1,1,0.049754033883803755,True
4,2,0,0,0,0,0,1,0,1,0,2,0,0,0,0,0,1,0,1,0,2,0,0,1,1,0.06579389218381701,True
4,0,2,0,0,0,0,0,2,0,0,0,1,0,1,0,0,0,0,0,2,0,2,0,1,1,0.021929712989646973,True
4,0,2,0,0,0,0,2,0,0,0,2,0,0,0,0,1,1,0,0,0,1,2,0,1,0,0.07237634691980316,True
4,0,0,0,2,0,0,1,0,0,1,0,0,1,0,1,0,1,0,1,0,2,0,1,1,0,0.03480449950307994,True
4,0,2,0,0,0,0,0,0,2,0,2,0,0,0,0,1,0,0,1,0,2,0,0,1,1,0.05536568351561805,True
4,0,0,0,1,1,1,0,0,0,1,1,0,1,0,0,0,0,0,1,1,0,0,1,2,1,0.9171767123354863,False
4,0,1,0,1,0,1,0,1,0,0,0,0,1,0,1,0,0,2,0,0,0,1,0,0,3,0.13656760411060506,True
4,0,0,0,2,0,0,1,1,0,0,0,2,0,0,0,0,1,0,0,1,0,1,2,0,1,0.03593140682302054,True
4,0,0,0,2,0,1,0,0,0,1,1,0,1,0,0,0,0,0,0,2,1,2,0,1,0,0.02954037900022993,True
4,0,1,1,0,0,2,0,0,0,0,1,0,0,0,1,2,0,0,0,0,0,1,1,2,0,0.1119259214072943,True
4,0,0,1,1,0,0,0,1,0,1,0,0,0,2,0,0,0,1,0,1,0,1,3,0,0,0.05419881268284677,True
4,1,0,0,0,1,1,0,1,0,0,0,0,1,0,1,0,0,0,0,2,0,1,0,3,0,0.08676443854343154,True
4,0,0,1,0,1,0,2,0,0,0,0,2,0,0,0,2,0,0,0,0,0,2,1,1,0,0.05653506715659635,True
4,0,0,1,1,0,0,0,1,1,0,0,1,0,0,1,0,0,0,0,2,1,2,0,0,1,0.02905874297640773,True
4,1,1,0,0,0,1,0,0,1,0,2,0,0,0,0,0,0,0,0,2,1,1,1,0,1,0.15651500656348247,True
4,0,2,0,0,0,0,0,1,1,0,1,0,0,1,0,0,0,1,0,1,0,0,0,0,4,-0.0078108823511029365,True
4,0,1,0,0,1,0,2,0,0,0,0,0,2,0,0,1,0,0,0,1,0,1,0,1,2,0.04037441345443369,True
4,0,0,1,0,1,0,0,2,0,0,0,1,0,1,0,0,1,1,0,0,1,1,2,0,0,0.08312733879919672,True
4,0,0,2,0,0,1,0,1,0,0,0,0,0,2,0,0,2,0,0,0,1,0,1,0,2,0.05218911764889696,True
4,0,0,0,1,1,0,0,0,2,0,0,1,1,0,0,0,0,2,0,0,0,3,0,0,1,0.04387459189169751,True
4,0,1,0,1,0,1,0,0,1,0,1,1,0,0,0,0,0,0,0,2,0,0,0,4,0,0.02772980415104702,True
4,1,0,1,0,0,0,1,0,0,1,1,1,0,0,0,0,0,1,1,0,0,3,0,1,0,0.060573201009030575,True
4,0,1,1,0,0,2,0,0,0,0,1,1,0,0,0,0,1,1,0,0,1,0,2,1,0,0.10342024486248391,True
4,0,0,1,1,0,0,1,1,0,0,0,1,0,1,0,1,0,1,0,0,1,0,2,1,0,0.081667168250454,True
4,0,0,1,0,1,0,0,0,1,1,0,0,0,1,1,0,2,0,0,0,3,0,0,1,0,0.04547824879680034,True
4,1,0,1,0,0,0,0,0,0,2,0,0,1,1,0,0,0,0,2,0,1,1,0,1,1,0.028326848875439258,True
4,0,0,2,0,0,0,0,1,1,0,2,0,0,0,0,0,0,0,2,0,3,0,1,0,0,0.11989855995460699,True
4,1,0,1,0,0,0,0,0,0,2,0,0,2,0,0,0,0,1,0,1,2,0,0,1,1,0.9169643367151278,False
4,0,1,0,0,1,1,0,1,0,0,0,0,1,1,0,0,0,0,2,0,1,1,0,1,1,0.04233464665705838,True
4,0,0,2,0,0,1,0,1,0,0,0,0,0,0,2,0,1,0,1,0,1,3,0,0,0,0.0555698715871741,True
4,0,1,1,0,0,0,1,1,0,0,1,0,0,0,1,0,1,0,1,0,4,0,0,0,0,0.07556513238420871,True
4,0,1,0,0,1,0,0,0,0,2,1,0,0,0,1,0,0,0,2,0,0,0,1,0,3,0.04332058816520803,True
4,0,0,1,0,1,1,0,0,1,0,0,2,0,0,0,0,0,0,2,0,0,1,1,2,0,0.04782216638215163,True
4,0,0,0,1,1,0,0,1,0,1,2,0,0,0,0,0,0,0,1,1,2,1,0,0,1,0.9193367776434108,False
4,0,0,0,0,2,2,0,0,0,0,2,0,0,0,0,0,0,0,1,1,1,0,1,2,0,0.9120316083963396,False
4,0,1,1,0,0,0,1,0,0,1,0,1,0,0,1,2,0,0,0,0,0,2,0,1,1,0.09408919677161484,True
4,0,2,0,0,0,1,0,1,0,0,0,2,0,0,0,1,0,0,0,1,0,1,0,1,2,0.025155952243859872,True
4,0,1,1,0,0,1,0,1,0,0,0,1,0,1,0,0,2,0,0,0,3,0,1,0,0,0.08295183968156424,True
4,1,0,1,0,0,0,1,0,1,0,0,0,0,2,0,2,0,0,0,0,3,0,0,1,0,0.07826818713712283,True
4,0,1,0,1,0,0,0,1,0,1,1,1,0,0,0,1,0,1,0,0,0,0,2,0,2,0.0738354447478916,True
4,0,0,1,1,0,1,0,1,0,0,0,0,0,2,0,1,0,1,0,0,1,0,1,0,2,0.07989855995460707,True
4,0,2,0,0,0,0,0,2,0,0,1,0,1,0,0,0,1,0,0,1,0,1,2,0,1,0.10601491737175243,True
4,0,2,0,0,0,1,1,0,0,0,0,0,0,1,1,0,1,0,1,0,1,1,2,0,0,0.05626107237493858,True
4,0,0,1,1,0,0,0,1,1,0,0,0,0,1,1,0,1,0,0,1,0,0,0,1,3,0.007331664718164447,True
4,0,0,1,0,1,0,0,1,0,1,1,0,1,0,0,0,0,0,2,0,4,0,0,0,0,0.6084658076495366,False
4,0,1,1,0,0,0,1,1,0,0,0,0,0,0,2,0,1,0,1,0,0,0,0,0,4,-0.02443486761579112,True
4,0,0,0,0,2,0,0,2,0,0,0,0,0,1,1,1,0,0,1,0,0,0,1,0,3,0.8638955146444166,False
4,0,0,0,2,0,0,1,1,0,0,0,1,0,1,0,0,0,1,1,0,1,0,2,1,0,0.06772980415104694,True
4,1,0,0,0,1,0,0,0,1,1,0,0,0,2,0,0,0,0,0,2,0,1,0,3,0,-0.0063365198740992544,True
4,1,0,0,0,1,0,0,0,2,0,1,0,0,1,0,1,0,0,1,0,0,0,0,0,4,-0.01673727046946426,True
4,0,0,0,1,1,1,0,0,1,0,2,0,0,0,0,0,1,0,1,0,1,1,0,1,1,0.04741081739756403,True
4,0,0,1,1,0,0,0,2,0,0,0,0,1,1,0,0,0,0,1,1,1,1,2,0,0,0.09431615283872548,True
4,0,0,1,1,0,0,1,1,0,0,0,1,0,1,0,0,2,0,0,0,0,1,0,2,1,0.05142584876543213,True
4,1,0,0,0,1,1,1,0,0,0,1,0,0,1,0,0,0,0,1,1,0,0,1,2,1,0.056897024550427756,True
4,1,1,0,0,0,2,0,0,0,0,0,0,1,1,0,0,1,0,0,1,1,2,1,0,0,0.07909777403973359,True
4,0,0,0,2,0,1,1,0,0,0,0,1,0,1,0,0,0,2,0,0,0,0,0,2,2,0.03334755828869989,True
4,1,0,1,0,0,0,0,0,1,1,0,0,2,0,0,0,0,0,2,0,1,2,0,0,1,0.06905874292435106,True
4,1,0,0,0,1,1,0,0,0,1,0,2,0,0,0,0,1,0,1,0,0,3,0,1,0,0.03293599995634188,True
4,0,0,1,1,0,0,0,0,2,0,1,1,0,0,0,0,0,0,0,2,0,2,1,1,0,0.03169800124265179,True
4,1,1,0,0,0,1,0,0,1,0,0,1,0,0,1,0,0,0,0,2,2,1,0,0,1,0.06059141426645014,True
4,0,1,1,0,0,2,0,0,0,0,1,0,1,0,0,0,0,2,0,0,1,0,0,2,1,0.9578937259612597,False
4,1,0,0,1,0,0,1,1,0,0,2,0,0,0,0,1,0,1,0,0,0,1,3,0,0,0.17512679151922747,True
4,0,0,1,0,1,0,0,0,0,2,0,2,0,0,0,0,0,2,0,0,2,2,0,0,0,0.05509454656324825,True
4,0,1,0,1,0,0,0,0,2,0,2,0,0,0,0,0,0,1,0,1,0,2,0,2,0,0.048464519652930305,True
4,0,1,0,0,1,0,1,1,0,0,1,0,0,1,0,1,0,0,0,1,0,0,0,1,3,0.039988306477400634,True
4,0,1,0,0,1,0,0,0,0,2,1,0,1,0,0,0,0,0,1,1,0,3,1,0,0,0.06021473755583905,True
4,0,0,2,0,0,0,1,0,1,0,0,2,0,0,0,0,0,0,2,0,0,2,1,1,0,0.06724375,True
4,0,0,0,2,0,0,1,0,0,1,0,1,0,1,0,0,0,0,1,1,0,4,0,0,0,0.030234688888786224,True
4,1,0,0,1,0,1,0,0,0,1,0,1,1,0,0,0,0,2,0,0,2,2,0,0,0,0.09449500507970056,True
4,1,0,0,1,0,0,0,0,1,1,0,2,0,0,0,1,0,0,0,1,2,0,1,0,1,0.04779029847601791,True
4,0,0,0,0,2,0,0,0,1,1,0,0,2,0,0,0,0,0,0,2,0,0,3,1,0,0.8919090813394022,False
4,0,2,0,0,0,0,1,0,0,1,0,1,0,1,0,0,2,0,0,0,2,1,0,0,1,0.03365808932969692,True
4,1,0,0,0,1,0,0,0,2,0,0,0,0,0,2,0,2,0,0,0,0,1,0,1,2,-0.01807986122602063,True
4,0,0,2,0,0,0,0,0,1,1,0,2,0,0,0,0,0,0,2,0,0,0,1,0,3,0.005263684473248673,True
4,0,0,0,1,1,1,1,0,0,0,0,1,1,0,0,0,0,0,2,0,1,1,0,0,2,0.02173346486061817,True
4,0,0,0,2,0,0,0,1,0,1,0,0,1,0,1,1,0,0,1,0,0,1,1,0,2,0.018141448603797843,True
4,0,2,0,0,0,0,1,0,1,0,1,1,0,0,0,0,0,0,0,2,0,4,0,0,0,0.030494036502382946,True
4,0,2,0,0,0,1,0,0,0,1,1,1,0,0,0,0,0,1,0,1,2,1,0,0,1,0.049487542228066464,True
4,0,2,0,0,0,0,0,2,0,0,0,1,1,0,0,0,0,0,2,0,0,0,3,1,0,0.07525900765681742,True
4,0,0,2,0,0,0,1,1,0,0,1,0,0,0,1,2,0,0,0,0,1,1,0,2,0,0.1119259214072943,True
4,2,0,0,0,0,0,0,2,0,0,1,0,1,0,0,0,0,0,1,1,0,0,2,0,2,0.9365745463172206,False
4,0,1,0,0,1,1,1,0,0,0,0,0,1,0,1,1,0,1,0,0,2,0,0,1,1,0.9230711443761084,False
4,0,0,0,1,1,0,0,1,1,0,0,2,0,0,0,0,0,0,2,0,0,0,0,2,2,0.011925459152316832,True
4,2,0,0,0,0,1,0,1,0,0,0,1,0,1,0,0,0,2,0,0,2,0,1,0,1,0.6380890690907883,False
4,0,0,1,1,0,1,0,0,1,0,1,1,0,0,0,0,0,0,1,1,1,0,1,0,2,0.04241588950407071,True
4,2,0,0,0,0,0,0,0,2,0,0,0,1,1,0,0,1,1,0,0,2,0,1,1,0,0.07826818713712283,True
4,1,1,0,0,0,0,0,1,0,1,0,2,0,0,0,0,1,0,0,1,0,1,1,1,1,0.03315599754285371,True
4,0,1,0,0,1,0,0,0,2,0,0,0,2,0,0,0,2,0,0,0,0,0,2,1,1,0.041524304812756756,True
4,0,1,1,0,0,2,0,0,0,0,0,1,1,0,0,0,0,1,0,1,0,0,1,3,0,0.07218911764889686,True
4,0,0,0,2,0,0,0,1,1,0,1,0,0,0,1,0,2,0,0,0,2,0,2,0,0,0.05811697379948901,True
4,1,0,0,1,0,0,1,0,1,0,0,0,1,0,1,1,0,1,0,0,2,0,0,0,2,0.06760056426778137,True
4,1,0,0,1,0,1,0,1,0,0,0,1,0,1,0,0,1,0,1,0,0,1,1,2,0,0.06782216638215159,True
4,2,0,0,0,0,1,0,1,0,0,0,0,1,1,0,0,0,1,1,0,0,1,3,0,0,0.16676443854343143,True
4,1,0,0,0,1,0,0,1,1,0,0,0,1,0,1,1,0,0,0,1,1,0,2,1,0,0.8592914573541749,False
4,1,1,0,0,0,0,0,1,1,0,0,2,0,0,0,2,0,0,0,0,2,0,1,1,0,0.08452335913449811,True
4,0,1,1,0,0,0,1,0,1,0,0,0,0,2,0,0,2,0,0,0,1,1,1,0,1,0.04938500070707137,True
4,0,0,2,0,0,0,1,0,1,0,0,0,0,1,1,0,0,2,0,0,1,2,0,0,1,0.07805517126290804,True
4,1,0,1,0,0,1,0,0,1,0,1,1,0,0,0,0,0,1,1,0,0,2,1,0,1,0.07429470486254126,True
4,2,0,0,0,0,0,1,1,0,0,1,1,0,0,0,1,0,0,0,1,0,0,1,0,3,0.577113938372579,False
4,1,1,0,0,0,0,0,0,2,0,0,2,0,0,0,2,0,0,0,0,0,0,1,1,2,0.03793160080855594,True
4,1,0,1,0,0,1,0,1,0,0,0,0,1,0,1,0,0,1,1,0,3,1,0,0,0,0.9029823743798473,False
4,1,0,0,0,1,0,0,0,0,2,1,0,0,0,1,0,0,1,1,0,0,1,0,1,2,0.8602716328069067,False
4,0,0,1,1,0,0,1,0,1,0,0,2,0,0,0,1,1,0,0,0,1,2,1,0,0,0.07057161598934551,True
4,0,0,0,0,2,1,0,0,0,1,0,0,0,0,2,1,0,0,1,0,0,0,1,1,2,0.842972087910804,False
4,0,2,0,0,0,0,0,1,1,0,0,0,0,0,2,0,2,0,0,0,0,0,1,3,0,0.030140675235751632,True
4,0,1,0,0,1,1,0,0,1,0,0,0,2,0,0,0,1,0,1,0,0,2,1,1,0,0.056135465188882384,True
4,0,1,0,1,0,0,1,0,0,1,0,0,0,2,0,0,0,1,1,0,0,1,1,2,0,0.04501604432098769,True
4,0,1,0,0,1,0,1,0,0,1,1,0,0,1,0,1,0,1,0,0,0,1,0,2,1,0.08503475227973009,True
4,0,0,0,2,0,0,0,2,0,0,0,0,1,1,0,0,2,0,0,0,0,1,1,0,2,0.03555152501320572,True
4,2,0,0,0,0,0,0,0,0,2,0,0,1,0,1,0,1,0,0,1,0,2,1,1,0,0.11859795315109926,True
4,0,0,0,0,2,0,2,0,0,0,1,0,1,0,0,0,0,0,1,1,0,4,0,0,0,0.02209081419715485,True
4,2,0,0,0,0,1,1,0,0,0,1,0,0,0,1,0,0,0,0,2,0,0,3,0,1,0.9112150634186831,False
4,1,0,0,0,1,0,0,2,0,0,0,0,0,2,0,0,1,0,1,0,0,2,2,0,0,0.056136934785297625,True
4,0,0,0,1,1,1,0,0,1,0,0,0,0,1,1,1,0,1,0,0,2,0,1,0,1,0.9183159565519037,False
4,0,0,0,2,0,1,1,0,0,0,0,0,0,2,0,0,1,0,0,1,1,0,1,0,2,0.012328120207283196,True
4,2,0,0,0,0,0,0,0,1,1,0,0,1,1,0,0,1,0,1,0,1,0,2,0,1,0.062415889504070676,True
4,0,1,0,0,1,0,2,0,0,0,1,0,1,0,0,0,0,0,0,2,0,0,0,1,3,0.020914405190168347,True
4,1,0,0,0,1,0,0,0,1,1,0,1,1,0,0,0,0,1,1,0,0,1,0,1,2,0.03749347184015495,True
4,2,0,0,0,0,0,2,0,0,0,1,0,1,0,0,0,0,1,0,1,0,2,0,2,0,0.06535829621552511,True
4,0,0,2,0,0,0,2,0,0,0,0,1,1,0,0,1,0,0,1,0,0,4,0,0,0,0.07366444949328928,True
4,0,1,0,1,0,1,0,1,0,0,0,0,1,1,0,0,0,0,2,0,0,1,1,1,1,0.0508896329461517,True
4,0,2,0,0,0,0,1,1,0,0,1,0,0,0,1,0,0,1,0,1,1,0,1,2,0,0.049292097330890426,True
4,0,2,0,0,0,0,1,0,0,1,1,0,0,0,1,0,1,0,0,1,2,1,0,0,1,0.03728722027186034,True
4,1,0,1,0,0,0,1,0,1,0,1,0,1,0,0,2,0,0,0,0,0,0,2,1,1,0.19572889750783587,True
4,0,0,2,0,0,0,0,1,0,1,1,1,0,0,0,0,2,0,0,0,0,0,0,2,2,0.04052079251294134,True
4,1,0,1,0,0,0,0,0,2,0,0,0,0,2,0,0,1,0,0,1,0,1,1,1,1,0.03221800461741143,True
4,1,0,0,1,0,0,0,1,1,0,0,1,0,1,0,1,0,0,1,0,0,2,2,0,0,0.06996538101829312,True
4,0,1,0,0,1,0,0,2,0,0,0,0,0,0,2,0,0,0,0,2,0,2,0,0,2,0.8598924718487907,False
4,0,0,0,2,0,0,2,0,0,0,0,2,0,0,0,0,0,0,0,2,0,0,0,4,0,0.025775000000000062,True
4,1,0,0,1,0,1,0,0,0,1,0,0,0,0,2,0,1,0,0,1,1,0,0,3,0,0.015927824073458566,True
4,1,1,0,0,0,0,1,0,1,0,0,1,0,0,1,0,0,0,1,1,1,0,1,0,2,0.017353227327112423,True
4,0,0,1,1,0,0,0,0,2,0,0,1,0,1,0,0,1,1,0,0,2,1,0,1,0,0.06663747301050783,True
4,0,0,1,0,1,1,1,0,0,0,1,0,0,1,0,1,0,0,1,0,1,0,1,2,0,0.062491294185059804,True
4,0,0,2,0,0,0,0,1,1,0,1,0,0,0,1,0,0,0,0,2,1,0,0,1,2,0.8835051118855725,False
4,0,0,0,2,0,1,0,0,0,1,0,0,1,0,1,0,0,0,1,1,1,2,0,0,1,0.029058742924351136,True
4,0,2,0,0,0,0,1,0,1,0,0,2,0,0,0,0,0,0,2,0,0,0,1,2,1,0.048873363070633384,True
4,1,0,0,1,0,0,1,0,0,1,0,1,0,1,0,0,0,2,0,0,0,4,0,0,0,0.054656101015103264,True
4,0,2,0,0,0,0,0,1,0,1,0,2,0,0,0,0,0,1,0,1,1,0,1,0,2,0.01589120798721336,True
4,0,0,1,0,1,1,0,0,0,1,0,2,0,0,0,0,1,0,0,1,0,0,0,2,2,0.019091044912310746,True
4,0,0,1,1,0,0,0,2,0,0,1,1,0,0,0,0,0,1,0,1,0,1,2,1,0,0.09133486564955384,True
4,1,0,1,0,0,1,0,0,1,0,0,0,2,0,0,0,0,0,2,0,3,0,0,0,1,0.09989855995460704,True
4,0,1,0,1,0,0,1,1,0,0,1,0,0,1,0,0,0,1,0,1,1,0,2,0,1,0.05218911764889696,True
4,0,1,0,1,0,0,0,1,0,1,0,0,1,0,1,1,1,0,0,0,3,0,0,0,1,0.07382539812293537,True
4,0,0,0,1,1,2,0,0,0,0,0,0,1,0,1,0,0,1,0,1,0,0,0,2,2,0.8979741902128323,False
4,2,0,0,0,0,0,1,0,1,0,0,0,1,0,1,0,0,1,1,0,1,0,2,1,0,0.07592476557341181,True
4,0,0,1,0,1,1,0,0,0,1,2,0,0,0,0,1,1,0,0,0,0,2,0,1,1,0.8163059707713424,False
4,0,0,0,0,2,0,0,0,2,0,0,0,1,0,1,0,1,0,0,1,1,0,1,0,2,0.063320588165208,True
4,0,0,0,1,1,1,1,0,0,0,0,0,0,2,0,0,0,0,2,0,1,0,0,2,1,0.029377421079918014,True
4,1,0,1,0,0,0,1,0,1,0,2,0,0,0,0,0,0,1,1,0,0,0,0,2,2,0.05356485939894913,True
4,1,0,0,0,1,0,2,0,0,0,0,1,1,0,0,0,0,2,0,0,0,1,3,0,0,0.08507651765502346,True
4,1,0,0,1,0,1,1,0,0,0,0,1,0,1,0,0,0,0,2,0,0,0,1,2,1,0.048490609621765955,True
4,0,0,1,0,1,0,0,1,0,1,0,0,2,0,0,0,0,0,0,2,1,0,1,2,0,0.8990499991487126,False
4,2,0,0,0,0,0,0,0,1,1,0,1,0,0,1,0,0,0,0,2,0,1,0,1,2,0.8770514941889265,False
4,0,0,1,0,1,1,1,0,0,0,0,0,0,2,0,0,0,2,0,0,0,0,3,0,1,0.08760056426778133,True
4,1,1,0,0,0,0,0,0,0,2,0,1,0,1,0,1,0,0,1,0,0,0,2,2,0,0.03525329447918512,True
4,0,0,2,0,0,0,0,2,0,0,0,0,2,0,0,0,1,1,0,0,2,1,1,0,0,0.9256037536079357,False
4,0,0,0,0,2,1,0,1,0,0,0,2,0,0,0,0,0,1,1,0,0,0,1,1,2,0.029754033883803793,True
4,0,0,1,1,0,0,0,0,2,0,0,0,0,2,0,2,0,0,0,0,1,0,0,3,0,0.061376930194130465,True
4,0,0,2,0,0,0,1,0,0,1,0,0,1,1,0,0,0,0,1,1,0,0,2,1,1,0.8106046209076289,False
4,0,2,0,0,0,0,2,0,0,0,0,0,0,2,0,0,0,2,0,0,1,1,0,2,0,0.06766388888888888,True
4,1,1,0,0,0,0,0,0,1,1,0,0,0,2,0,0,0,2,0,0,0,2,1,1,0,0.05613546518814289,True
4,0,1,1,0,0,1,0,1,0,0,1,1,0,0,0,0,0,0,0,2,2,1,0,1,0,0.07444248921609829,True
4,1,0,1,0,0,0,1,1,0,0,0,0,0,1,1,0,2,0,0,0,0,0,2,2,0,0.06407703478869216,True
4,1,1,0,0,0,0,0,1,0,1,1,1,0,0,0,1,0,0,1,0,1,0,3,0,0,0.11383293334003983,True
4,2,0,0,0,0,0,0,0,0,2,0,0,2,0,0,1,0,0,1,0,0,2,1,0,1,0.9196240535328116,False
4,1,0,0,1,0,1,0,0,1,0,0,0,1,1,0,0,2,0,0,0,0,3,0,1,0,0.06778549994759225,True
4,2,0,0,0,0,1,0,1,0,0,0,0,0,1,1,0,2,0,0,0,2,0,2,0,0,0.1801791537224711,True
4,0,0,0,1,1,0,0,2,0,0,1,0,0,1,0,0,1,0,1,0,1,0,1,1,1,0.052886137525525706,True
4,0,0,2,0,0,0,1,0,1,0,0,0,0,1,1,2,0,0,0,0,1,1,2,0,0,0.1013209725748262,True
4,0,1,0,0,1,1,0,1,0,0,0,0,1,0,1,0,0,0,2,0,3,0,0,0,1,0.1233205881652079,True
4,1,0,0,0,1,1,0,0,0,1,0,0,0,2,0,0,0,1,1,0,1,2,0,1,0,0.03607011537858185,True
4,0,0,1,0,1,0,0,0,0,2,1,1,0,0,0,1,0,1,0,0,2,0,0,0,2,0.8912150634186831,False
4,0,0,0,1,1,1,0,0,1,0,0,1,0,0,1,0,0,0,2,0,0,0,2,0,2,0.006932218826868217,True
4,1,0,0,0,1,1,0,0,0,1,1,1,0,0,0,0,1,1,0,0,1,1,0,1,1,0.08407112813866167,True
4,2,0,0,0,0,1,0,0,1,0,0,1,0,0,1,0,0,1,0,1,1,0,1,1,1,0.9190754159373948,False
4,0,0,0,2,0,0,0,0,0,2,1,1,0,0,0,1,0,1,0,0,0,0,0,0,4,0.007600564267781465,True
4,0,1,0,1,0,0,1,0,0,1,0,0,0,1,1,0,0,2,0,0,0,0,1,0,3,0.038320272824284074,True
4,0,0,1,1,0,0,0,0,2,0,0,0,0,0,2,0,0,2,0,0,1,1,1,1,0,0.04111600667880517,True
4,0,1,1,0,0,1,0,1,0,0,0,0,2,0,0,1,0,0,0,1,1,2,1,0,0,0.29713601703531356,False
4,0,2,0,0,0,0,1,0,1,0,0,1,0,1,0,2,0,0,0,0,0,0,2,0,2,0.035030097187167326,True
4,0,0,1,1,0,0,0,1,0,1,1,0,0,0,1,0,0,1,0,1,1,3,0,0,0,0.07383293334003999,True
4,0,0,0,0,2,2,0,0,0,0,2,0,0,0,0,0,1,1,0,0,0,0,1,0,3,0.8906685043475403,False
4,1,0,0,1,0,1,0,1,0,0,0,2,0,0,0,0,0,0,0,2,0,0,3,1,0,0.06052523390365974,True
4,0,0,0,0,2,0,0,0,1,1,2,0,0,0,0,0,0,1,1,0,1,2,1,0,0,0.08502708889950893,True
4,1,0,0,1,0,0,0,0,1,1,1,1,0,0,0,0,0,0,0,2,0,2,0,2,0,0.018811982536659833,True
4,0,2,0,0,0,0,0,0,2,0,0,1,0,1,0,1,1,0,0,0,3,0,0,0,1,0.0501406752357516,True
4,0,1,1,0,0,0,1,1,0,0,0,1,1,0,0,0,0,0,1,1,3,1,0,0,0,0.07410329422153501,True
4,0,2,0,0,0,0,0,1,0,1,0,0,0,0,2,0,0,1,1,0,1,1,2,0,0,0.043116594710596264,True
4,1,0,0,0,1,0,0,0,1,1,0,1,0,0,1,0,0,1,0,1,3,0,0,1,0,0.9099829910870018,False
4,0,0,0,1,1,0,1,0,0,1,0,1,1,0,0,0,1,0,1,0,3,1,0,0,0,0.04751331440654326,True
4,1,0,0,1,0,0,0,2,0,0,0,0,0,1,1,0,1,1,0,0,1,1,0,0,2,0.08062704319616229,True
4,2,0,0,0,0,0,1,0,0,1,2,0,0,0,0,0,2,0,0,0,0,0,1,0,3,0.11666795739994557,True
4,0,0,2,0,0,1,0,0,0,1,0,0,0,0,2,1,0,0,0,1,1,1,1,0,1,0.8986526380746189,False
4,0,0,2,0,0,0,1,0,0,1,1,0,1,0,0,0,1,1,0,0,3,1,0,0,0,0.4545972265075591,True
4,1,0,1,0,0,0,0,0,2,0,0,1,0,0,1,0,1,0,1,0,0,1,2,0,1,0.03830475180241078,True
4,0,1,1,0,0,0,0,0,0,2,0,0,0,0,2,0,1,0,1,0,0,1,1,0,2,-0.009949784882513338,True
4,1,0,0,1,0,0,1,0,1,0,0,0,0,2,0,1,1,0,0,0,0,0,0,0,4,-0.009098145411340117,True
4,1,0,0,1,0,1,0,0,0,1,0,1,1,0,0,0,0,0,1,1,1,0,0,2,1,0.056897024550427756,True
4,0,1,0,1,0,0,0,0,2,0,1,0,0,0,1,0,0,1,0,1,2,0,1,0,1,0.028096135744838772,True
4,0,0,1,0,1,0,0,2,0,0,0,1,0,0,1,0,0,1,1,0,0,0,0,2,2,0.7865652905410775,False
4,0,1,0,1,0,0,1,1,0,0,0,0,1,0,1,1,0,0,1,0,0,0,0,3,1,0.03891146722014231,True
4,0,1,1,0,0,0,0,1,0,1,0,0,0,0,2,1,0,1,0,0,1,2,0,0,1,0.9034000092876675,False
4,0,2,0,0,0,0,1,0,1,0,2,0,0,0,0,0,1,1,0,0,1,1,0,2,0,0.07107493111213194,True
4,0,0,0,1,1,1,0,0,0,1,0,0,1,1,0,0,0,2,0,0,1,0,0,1,2,0.8986214408910342,False
4,0,2,0,0,0,0,1,1,0,0,0,0,1,0,1,0,1,0,0,1,2,0,1,1,0,0.053304034325774755,True
4,2,0,0,0,0,0,0,0,1,1,0,0,1,1,0,0,1,0,0,1,2,1,0,0,1,0.8138816732012186,False
4,0,0,1,1,0,0,2,0,0,0,0,0,0,0,2,0,1,0,0,1,1,1,1,0,1,0.01812610395577995,True
4,0,1,1,0,0,0,1,1,0,0,1,0,0,1,0,0,1,0,0,1,2,0,0,2,0,0.06120518627642781,True
4,0,0,2,0,0,0,0,0,1,1,1,1,0,0,0,0,1,1,0,0,1,0,2,1,0,0.102412914280679,True
4,1,0,1,0,0,0,1,0,1,0,2,0,0,0,0,0,0,0,1,1,0,0,2,1,1,0.09998830647581364,True
4,0,1,0,0,1,0,0,1,1,0,0,0,2,0,0,0,1,0,0,1,0,0,1,0,3,0.8823618890570373,False
4,0,0,2,0,0,1,0,0,0,1,0,2,0,0,0,1,0,1,0,0,1,1,0,1,1,0.10694050923987894,True
4,1,1,0,0,0,0,1,0,0,1,0,0,1,0,1,0,0,1,1,0,0,3,0,0,1,0.04580023380532138,True
4,2,0,0,0,0,1,0,1,0,0,0,0,0,1,1,0,1,1,0,0,0,0,1,1,2,0.9231971711523,False
4,2,0,0,0,0,1,0,0,0,1,1,0,0,0,1,0,1,0,1,0,0,2,0,1,1,0.05894211832637529,True
4,0,2,0,0,0,2,0,0,0,0,0,0,0,2,0,0,0,0,0,2,0,0,0,4,0,0.02772980415104702,True
4,0,0,0,2,0,0,0,2,0,0,0,1,1,0,0,1,1,0,0,0,1,0,3,0,0,0.0921891176488969,True
4,0,1,0,0,1,0,0,2,0,0,1,0,1,0,0,1,0,1,0,0,0,2,0,2,0,0.09918398479460283,True
4,0,0,1,0,1,1,0,1,0,0,0,1,0,1,0,1,0,0,1,0,2,1,0,0,1,0.06458344752606832,True
4,0,1,0,1,0,1,0,1,0,0,0,0,1,0,1,0,0,0,0,2,0,2,0,0,2,0.04426077981860675,True
4,0,0,0,1,1,0,1,0,0,1,0,1,0,1,0,1,0,0,1,0,2,1,0,0,1,0.027269942454015178,True
4,0,0,0,1,1,0,2,0,0,0,1,0,1,0,0,0,0,0,2,0,1,2,1,0,0,0.05608292699300878,True
4,0,0,0,1,1,0,0,2,0,0,0,0,1,1,0,0,1,1,0,0,2,1,0,0,1,0.10063891250097547,True
4,1,0,0,0,1,0,0,0,2,0,0,0,0,0,2,1,1,0,0,0,0,0,3,1,0,0.03592476557341188,True
4,0,0,0,2,0,0,0,1,1,0,1,0,0,0,1,0,0,0,0,2,0,1,0,2,1,0.0024789313641557335,True
4,0,0,2,0,0,1,1,0,0,0,0,0,1,1,0,0,0,2,0,0,1,0,1,2,0,0.10769508483620992,True
4,0,0,0,0,2,1,0,0,0,1,0,0,0,0,2,0,0,2,0,0,1,0,0,2,1,0.8782658521452859,False
4,0,2,0,0,0,0,0,0,0,2,0,1,1,0,0,1,0,0,1,0,0,0,0,4,0,0.029816360715910213,True
4,1,0,0,0,1,0,2,0,0,0,0,2,0,0,0,2,0,0,0,0,0,2,0,1,1,0.042113446460759,True
4,0,2,0,0,0,1,1,0,0,0,0,1,0,1,0,0,1,0,0,1,2,0,1,0,1,0.03973224741003247,True
4,0,0,1,0,1,0,1,1,0,0,0,1,1,0,0,0,1,0,1,0,0,1,0,2,1,0.041772325037111736,True
4,0,0,1,1,0,0,1,0,0,1,0,0,0,1,1,0,1,0,0,1,0,2,0,2,0,0.019755748712460674,True
4,0,0,0,0,2,0,0,1,0,1,1,0,1,0,0,1,0,1,0,0,1,0,0,1,2,0.8977739250108334,False
4,0,0,1,0,1,0,1,1,0,0,0,0,1,0,1,1,0,1,0,0,0,0,1,2,1,0.9246948715676012,False
4,0,0,0,0,2,0,0,0,0,2,0,2,0,0,0,0,0,0,1,1,1,0,0,2,1,-0.0020772735326340403,True
4,0,0,1,0,1,0,0,2,0,0,0,0,0,2,0,0,2,0,0,0,1,0,1,0,2,0.032189117648896995,True
4,0,2,0,0,0,2,0,0,0,0,0,0,1,0,1,0,0,0,0,2,2,1,0,1,0,0.054151306643077615,True
4,1,0,0,1,0,1,0,0,1,0,0,0,1,1,0,0,0,0,1,1,2,0,0,1,1,0.047305824569227876,True
4,0,2,0,0,0,0,2,0,0,0,1,0,0,0,1,0,1,0,0,1,1,0,1,1,1,0.024762622227519505,True
4,0,0,1,1,0,0,1,0,0,1,1,0,1,0,0,0,1,0,0,1,0,1,1,0,2,0.7939706175501747,False
4,0,1,1,0,0,0,2,0,0,0,0,1,0,1,0,1,0,0,1,0,0,1,3,0,0,0.07251316662766626,True
4,0,0,2,0,0,0,0,0,1,1,0,1,1,0,0,0,2,0,0,0,1,1,1,0,1,0.060427814244133286,True
4,0,0,0,2,0,0,0,0,2,0,0,0,2,0,0,0,0,0,2,0,2,0,0,2,0,0.06037443630368271,True
4,1,0,1,0,0,0,0,2,0,0,1,0,0,0,1,0,1,0,0,1,0,0,1,2,1,0.9378104409369109,False
4,0,0,0,0,2,0,0,0,2,0,0,0,0,2,0,0,0,1,0,1,0,0,0,4,0,0.002493921118728789,True
4,0,0,0,2,0,0,0,1,0,1,2,0,0,0,0,0,0,1,1,0,0,0,0,4,0,0.04688646734058386,True
4,0,0,2,0,0,0,1,0,0,1,1,0,0,1,0,0,1,0,1,0,2,0,0,2,0,0.05775234406352506,True
4,1,1,0,0,0,1,1,0,0,0,0,0,0,1,1,0,0,0,2,0,1,1,0,1,1,0.038984273443790116,True
4,0,0,0,1,1,1,0,0,0,1,0,0,2,0,0,0,1,1,0,0,0,0,1,0,3,0.8856953273504284,False
4,1,1,0,0,0,0,0,1,1,0,0,0,0,1,1,2,0,0,0,0,3,0,0,1,0,0.09684272668028435,True
4,1,1,0,0,0,1,0,0,0,1,0,0,0,2,0,1,0,1,0,0,2,2,0,0,0,0.06729404040188333,True
4,2,0,0,0,0,2,0,0,0,0,0,0,0,0,2,0,0,2,0,0,0,0,1,3,0,0.6084658076495365,False
4,0,1,0,0,1,0,1,0,0,1,0,1,0,0,1,0,0,0,0,2,4,0,0,0,0,0.8983148529004605,False
4,1,0,1,0,0,0,0,0,1,1,1,1,0,0,0,0,0,0,2,0,0,2,0,2,0,0.05187918207089523,True
4,0,2,0,0,0,0,0,0,2,0,0,1,0,1,0,0,1,1,0,0,1,0,0,2,1,0.049099823302469175,True
4,1,0,1,0,0,0,0,1,1,0,0,1,0,1,0,1,0,0,0,1,0,0,0,4,0,0.05010140587626945,True
4,0,2,0,0,0,0,1,1,0,0,0,1,0,0,1,1,0,1,0,0,0,1,3,0,0,0.07472867412341466,True
4,0,1,0,0,1,0,0,0,1,1,0,0,2,0,0,0,0,0,2,0,2,0,2,0,0,0.08699089775824183,True
4,0,1,0,0,1,0,2,0,0,0,0,0,2,0,0,1,1,0,0,0,1,0,0,1,2,0.03914440401319795,True
4,0,0,1,1,0,0,0,1,1,0,0,0,0,2,0,0,0,0,0,2,0,1,0,3,0,0.02439733511265201,True
4,0,0,0,2,0,1,0,1,0,0,0,0,1,1,0,1,0,0,1,0,0,1,1,0,2,0.038035310602050586,True
4,0,0,1,1,0,0,1,1,0,0,0,1,1,0,0,1,1,0,0,0,1,1,2,0,0,0.08612940418926683,True
4,0,0,1,0,1,1,0,0,1,0,0,0,0,1,1,0,0,1,0,1,2,0,1,1,0,0.3846438743098298,True
4,0,0,1,0,1,0,1,0,1,0,0,0,0,1,1,0,0,1,1,0,1,1,0,1,1,0.027410817397564066,True
4,0,0,0,0,2,0,0,1,0,1,0,0,0,1,1,1,1,0,0,0,0,0,4,0,0,0.9056953273504285,False
4,2,0,0,0,0,0,1,1,0,0,0,0,0,0,2,1,0,0,1,0,0,1,1,0,2,0.1365307920470542,True
4,0,1,0,0,1,1,0,0,0,1,0,1,0,0,1,1,0,0,0,1,0,1,0,0,3,0.8581296328146987,False
4,2,0,0,0,0,0,0,1,1,0,1,0,1,0,0,0,0,0,1,1,0,3,0,0,1,0.17153853800050906,True
4,1,0,0,0,1,0,2,0,0,0,0,1,0,0,1,0,0,0,0,2,1,1,1,1,0,0.018985547577833883,True
4,0,0,0,1,1,0,0,0,0,2,0,0,1,1,0,0,1,0,1,0,0,0,2,2,0,0.017752344063104632,True
4,1,1,0,0,0,0,1,1,0,0,0,2,0,0,0,1,1,0,0,0,0,1,0,0,3,0.020016609930237808,True
4,1,1,0,0,0,0,0,0,1,1,1,1,0,0,0,0,2,0,0,0,0,1,0,1,2,0.02201432550734577,True
4,1,0,0,1,0,0,0,2,0,0,1,1,0,0,0,0,1,0,0,1,0,1,0,3,0,0.05691083518833651,True
4,2,0,0,0,0,0,0,1,1,0,1,0,0,1,0,0,1,0,1,0,1,2,0,1,0,0.07169800124265173,True
4,0,1,1,0,0,0,1,1,0,0,1,0,0,0,1,1,0,1,0,0,0,2,0,2,0,0.06535829621552511,True
4,0,0,1,1,0,0,0,0,1,1,0,0,0,0,2,0,0,1,0,1,0,3,1,0,0,0.02780310498804819,True
4,0,0,0,1,1,0,0,1,1,0,0,0,0,1,1,0,0,1,0,1,0,0,1,3,0,0.026932218826652646,True
4,0,1,1,0,0,0,0,0,1,1,0,0,0,1,1,1,1,0,0,0,0,0,3,1,0,0.06609881182520373,True
4,0,0,1,1,0,0,0,0,0,2,0,0,2,0,0,2,0,0,0,0,0,0,2,1,1,0.9237371266137151,False
4,1,0,0,1,0,1,0,0,1,0,0,0,1,0,1,0,0,0,2,0,1,0,1,1,1,0.03772512403235552,True
4,1,0,0,0,1,0,0,0,1,1,0,1,0,1,0,1,1,0,0,0,0,0,0,0,4,-0.012213971462209454,True
4,0,0,1,1,0,0,0,1,1,0,0,1,0,1,0,0,0,0,0,2,2,2,0,0,0,0.03613693478529766,True
4,0,0,2,0,0,0,1,0,0,1,0,0,0,0,2,0,2,0,0,0,1,0,0,0,3,0.07947357767197816,True
4,1,0,1,0,0,0,0,0,0,2,1,0,1,0,0,2,0,0,0,0,1,1,1,1,0,0.9450843324251101,False
4,0,1,0,1,0,0,0,0,1,1,0,0,1,1,0,1,0,0,0,1,2,2,0,0,0,0.042225736066161985,True
4,0,1,0,1,0,0,1,1,0,0,0,0,1,0,1,0,0,0,1,1,0,0,0,2,2,0.011438500415195032,True
4,0,0,1,0,1,0,0,0,1,1,0,0,1,1,0,1,0,1,0,0,1,1,0,0,2,0.9007304185596542,False
4,1,0,1,0,0,2,0,0,0,0,0,1,0,0,1,0,0,1,1,0,1,0,1,1,1,0.9402902311174544,False
4,0,1,0,1,0,0,0,0,2,0,1,0,1,0,0,0,0,0,2,0,2,0,1,0,1,0.04825080477863853,True
4,0,0,2,0,0,1,0,0,0,1,0,1,0,1,0,0,2,0,0,0,0,4,0,0,0,0.05366170323379438,True
4,1,0,1,0,0,0,0,0,0,2,0,1,0,1,0,1,0,0,1,0,0,4,0,0,0,0.03660898680556325,True
4,0,0,0,0,2,0,0,1,0,1,0,0,1,0,1,1,1,0,0,0,2,0,0,2,0,0.2302427966714433,False
4,0,0,1,1,0,0,0,1,1,0,0,2,0,0,0,1,0,0,0,1,3,0,1,0,0,0.07218911764889692,True
4,0,1,0,1,0,0,0,0,0,2,0,2,0,0,0,0,0,1,0,1,0,3,0,0,1,0.002073180846093951,True
4,0,2,0,0,0,0,0,0,1,1,1,0,0,1,0,0,0,1,0,1,1,1,2,0,0,0.052946564092332594,True
4,1,0,0,1,0,0,2,0,0,0,0,0,1,1,0,0,0,0,1,1,0,1,2,1,0,0.05464727182742198,True
4,1,1,0,0,0,1,0,0,0,1,0,1,0,0,1,0,0,1,1,0,0,0,2,0,2,0.11846583033033636,True
4,0,0,0,0,2,1,1,0,0,0,0,1,0,0,1,0,0,0,0,2,0,2,1,0,1,0.7564623572824041,False
4,0,0,0,2,0,0,1,0,0,1,1,0,1,0,0,1,0,1,0,0,2,0,0,2,0,0.06755125780955727,True
4,0,0,2,0,0,0,0,1,0,1,0,0,0,1,1,1,0,0,1,0,0,0,1,0,3,0.8841155498441657,False
4,0,0,2,0,0,0,1,0,1,0,2,0,0,0,0,0,1,0,0,1,0,2,2,0,0,0.07910693164316204,True
4,0,0,0,1,1,1,0,0,0,1,1,1,0,0,0,0,0,0,0,2,0,0,2,1,1,0.8783159188454196,False
4,0,0,0,0,2,0,1,1,0,0,0,2,0,0,0,0,1,0,0,1,1,0,2,0,1,0.028688019840508904,True
4,0,0,1,1,0,0,1,0,0,1,1,0,1,0,0,0,0,0,1,1,0,1,1,2,0,0.050677106448535826,True
4,0,0,2,0,0,0,0,1,0,1,0,1,0,0,1,0,0,0,0,2,1,1,1,1,0,0.890574811474738,False
4,2,0,0,0,0,0,0,1,1,0,0,0,0,0,2,0,0,0,0,2,1,0,0,0,3,0.8470865615323216,False
4,0,1,0,1,0,0,0,1,1,0,0,1,1,0,0,0,1,0,0,1,2,0,1,1,0,0.05787749828726173,True
4,0,2,0,0,0,0,0,1,1,0,2,0,0,0,0,0,1,1,0,0,1,1,1,0,1,0.06917474086597815,True
4,1,0,1,0,0,1,0,0,0,1,1,0,0,0,1,0,2,0,0,0,3,0,0,1,0,0.13451307916389432,True
4,0,2,0,0,0,0,0,1,1,0,0,1,1,0,0,0,0,1,1,0,3,0,0,1,0,0.07525900765681742,True
4,0,0,0,1,1,0,1,0,1,0,0,0,0,0,2,2,0,0,0,0,0,3,0,0,1,0.02578485087586918,True
4,0,1,0,0,1,1,0,1,0,0,0,0,0,1,1,0,0,0,0,2,0,0,1,1,2,0.8788835951477515,False
4,2,0,0,0,0,2,0,0,0,0,0,1,0,1,0,1,0,1,0,0,2,0,1,1,0,0.16978647144779913,True
4,0,0,0,0,2,1,0,1,0,0,0,0,0,1,1,0,1,0,1,0,2,1,0,1,0,0.036275208585199135,True
4,1,0,1,0,0,1,1,0,0,0,0,0,1,0,1,1,0,0,0,1,2,1,0,0,1,0.9284981127153616,False
4,0,0,2,0,0,0,2,0,0,0,2,0,0,0,0,0,0,1,1,0,0,2,0,0,2,0.05914444377104236,True
4,1,0,1,0,0,0,0,1,0,1,1,1,0,0,0,2,0,0,0,0,0,0,0,4,0,0.07592476557341177,True
4,0,1,0,1,0,0,1,1,0,0,0,0,0,1,1,0,0,0,1,1,0,0,2,0,2,0.017362819750367343,True
4,0,1,0,1,0,0,0,0,1,1,0,2,0,0,0,1,0,0,1,0,1,3,0,0,0,0.05058667644627705,True
4,1,1,0,0,0,0,0,0,0,2,0,0,0,0,2,0,0,1,1,0,0,0,0,3,1,0.017734247897000715,True
4,0,0,0,2,0,2,0,0,0,0,0,0,0,1,1,0,0,1,1,0,1,0,0,1,2,0.027305824569227907,True
4,0,0,1,1,0,0,0,0,1,1,1,0,1,0,0,0,0,2,0,0,1,0,2,0,1,0.9444247606162312,False
4,1,1,0,0,0,0,2,0,0,0,0,1,0,0,1,0,1,0,1,0,1,0,0,0,3,-0.00027005584450690066,True
4,0,0,1,0,1,0,0,1,0,1,0,0,1,0,1,1,0,0,0,1,3,0,0,1,0,0.9132392663066683,False
4,0,0,1,1,0,1,0,0,0,1,0,2,0,0,0,1,0,0,1,0,1,2,0,1,0,0.05382630478549752,True
4,1,0,0,1,0,2,0,0,0,0,0,0,2,0,0,0,0,2,0,0,0,1,1,1,1,0.9622962043629028,False
4,0,0,1,0,1,0,2,0,0,0,0,0,0,1,1,0,1,0,1,0,0,0,0,3,1,0.019326096360616482,True
4,1,1,0,0,0,0,0,1,0,1,1,0,0,1,0,0,0,1,0,1,1,1,0,1,1,0.0836467196807055,True
4,0,0,1,0,1,2,0,0,0,0,0,0,0,0,2,2,0,0,0,0,0,0,1,2,1,0.9183729025788409,False
4,0,0,1,1,0,0,2,0,0,0,1,0,0,1,0,1,0,1,0,0,0,1,2,1,0,0.0769707699654051,True
4,0,1,0,0,1,1,0,0,0,1,0,1,0,0,1,0,0,2,0,0,0,2,0,2,0,0.04338351858589545,True
4,1,0,0,1,0,0,1,0,0,1,1,0,0,1,0,0,0,0,1,1,2,1,0,0,1,0.04800317112746391,True
4,1,0,0,0,1,1,1,0,0,0,0,1,0,1,0,0,0,1,0,1,0,0,3,1,0,0.06052523390365974,True
4,0,1,0,1,0,0,0,1,0,1,0,2,0,0,0,1,1,0,0,0,1,0,0,3,0,0.0501406752357516,True
4,1,0,1,0,0,0,1,0,0,1,1,0,0,1,0,2,0,0,0,0,0,1,1,0,2,0.9194234280369951,False
4,0,0,1,1,0,0,1,1,0,0,0,1,0,1,0,1,0,0,1,0,0,1,1,0,2,0.03555152501320572,True
4,2,0,0,0,0,2,0,0,0,0,0,0,1,0,1,1,0,1,0,0,1,0,3,0,0,0.9763376615053573,False
4,1,1,0,0,0,0,1,1,0,0,0,1,0,0,1,1,1,0,0,0,1,0,2,0,1,0.06868801984050885,True
4,1,0,0,0,1,0,0,1,0,1,1,1,0,0,0,0,2,0,0,0,0,1,1,0,2,0.03008191514786811,True
4,1,1,0,0,0,0,1,0,1,0,1,0,0,0,1,1,0,1,0,0,1,1,1,1,0,0.06832578390212862,True
4,0,1,1,0,0,0,1,0,1,0,1,0,0,0,1,0,0,0,1,1,0,3,1,0,0,0.03973508374886496,True
4,1,0,0,1,0,0,0,0,1,1,2,0,0,0,0,0,0,1,0,1,1,0,0,0,3,0.8834593296966339,False
4,0,2,0,0,0,0,0,1,0,1,1,0,1,0,0,0,0,0,1,1,2,1,0,0,1,0.08249036689751307,True
4,2,0,0,0,0,0,2,0,0,0,0,1,0,0,1,0,1,0,1,0,0,0,0,4,0,0.04884440203657543,True
4,0,1,0,0,1,0,0,0,0,2,0,0,2,0,0,0,0,2,0,0,0,0,3,0,1,0.9144312381682771,False
4,0,1,0,1,0,1,1,0,0,0,0,0,1,0,1,1,1,0,0,0,1,0,1,1,1,0.048998195324300775,True
4,0,1,0,1,0,0,2,0,0,0,0,0,0,2,0,0,0,0,1,1,0,1,0,0,3,-0.00936535150213897,True
4,0,1,0,0,1,0,0,0,2,0,0,0,2,0,0,0,0,0,0,2,1,1,2,0,0,0.05431615284249756,True
4,1,0,0,1,0,1,0,1,0,0,0,2,0,0,0,0,1,1,0,0,0,1,3,0,0,0.08612810833240074,True
4,2,0,0,0,0,2,0,0,0,0,0,0,2,0,0,1,0,1,0,0,0,3,1,0,0,0.6596357884361088,False
4,0,1,0,0,1,0,0,1,1,0,0,1,0,0,1,0,0,1,0,1,3,1,0,0,0,0.12565913341947513,True
4,1,0,0,1,0,0,2,0,0,0,0,1,0,1,0,0,0,0,0,2,0,0,3,1,0,0.035259007656817484,True
4,0,0,1,1,0,1,0,0,0,1,1,0,0,0,1,1,0,0,0,1,1,0,1,2,0,0.23764825221294938,False
4,0,0,2,0,0,0,1,0,1,0,0,0,0,0,2,1,1,0,0,0,0,2,1,1,0,0.04155902475525548,True
4,0,2,0,0,0,1,0,0,1,0,0,0,1,0,1,0,0,1,1,0,0,1,0,1,2,0.021920138773979306,True
4,0,1,0,1,0,1,0,0,1,0,1,1,0,0,0,0,0,0,1,1,4,0,0,0,0,0.06526368447324857,True
4,0,1,0,0,1,0,1,0,0,1,1,0,0,1,0,0,2,0,0,0,0,1,1,0,2,0.011550127369671048,True
4,0,0,2,0,0,0,0,2,0,0,0,0,0,2,0,0,2,0,0,0,0,0,1,2,1,0.061714063000500585,True
4,0,0,2,0,0,0,0,0,0,2,0,2,0,0,0,2,0,0,0,0,0,1,2,0,1,0.15960156147766025,True
4,0,1,0,0,1,0,0,0,0,2,0,0,0,0,2,0,0,0,0,2,0,0,2,1,1,0.8392019997816305,False
4,1,0,1,0,0,1,0,1,0,0,1,1,0,0,0,0,0,0,1,1,0,0,1,2,1,0.8403222596284913,False
4,0,0,0,1,1,1,1,0,0,0,0,0,2,0,0,0,1,0,0,1,0,0,2,0,2,0.8969341491221849,False
4,0,1,0,0,1,0,0,0,1,1,1,1,0,0,0,0,2,0,0,0,2,0,1,0,1,0.03767619060265477,True
4,0,0,1,0,1,0,1,1,0,0,0,0,1,1,0,1,0,1,0,0,0,3,0,1,0,0.06452335913449814,True
4,1,0,1,0,0,1,0,0,1,0,0,2,0,0,0,1,0,0,0,1,3,0,0,0,1,0.09381786141533319,True
4,0,0,0,1,1,0,0,0,2,0,0,0,0,1,1,1,1,0,0,0,0,2,1,1,0,0.03425288267348659,True
4,0,0,0,0,2,0,0,0,0,2,1,0,0,0,1,1,0,0,1,0,3,0,0,0,1,0.8668377320411188,False
4,0,0,0,2,0,1,0,0,0,1,1,0,1,0,0,0,0,1,0,1,3,0,1,0,0,0.6084658076495366,False
4,1,1,0,0,0,0,0,1,1,0,1,0,0,0,1,0,1,0,0,1,0,0,1,1,2,0.059988306477400596,True
4,1,0,1,0,0,1,0,0,0,1,1,0,0,0,1,2,0,0,0,0,1,2,0,0,1,0.93975850929341,False
4,0,1,0,1,0,0,0,0,2,0,0,0,1,0,1,1,0,0,0,1,0,2,0,2,0,0.028464519652930342,True
4,0,0,0,1,1,0,0,0,0,2,0,0,1,1,0,1,0,0,0,1,0,3,1,0,0,0.027796702351237598,True
4,0,1,1,0,0,0,0,0,1,1,0,1,0,1,0,1,0,0,0,1,2,0,1,1,0,0.05061328098644342,True
4,1,0,0,0,1,0,0,1,0,1,1,0,0,0,1,0,1,0,0,1,1,1,0,1,1,0.8992477958945966,False
4,0,0,2,0,0,1,0,0,1,0,0,1,0,0,1,0,0,0,1,1,0,1,0,2,1,0.08503475227275091,True
4,0,0,0,2,0,0,0,0,1,1,1,0,1,0,0,0,1,1,0,0,0,1,0,2,1,0.04329562376098116,True
4,2,0,0,0,0,0,0,0,2,0,0,0,0,0,2,0,1,0,0,1,0,2,0,2,0,0.0158867241840661,True
4,1,0,1,0,0,0,0,0,1,1,0,1,1,0,0,1,0,0,1,0,1,1,2,0,0,0.1013209725748262,True
4,1,1,0,0,0,0,0,1,1,0,0,0,0,1,1,0,1,0,1,0,1,1,1,1,0,0.05464727182742198,True
4,0,0,0,1,1,1,0,0,0,1,1,0,0,0,1,1,0,0,0,1,0,2,1,0,1,0.8983726679515434,False
4,1,1,0,0,0,0,0,0,0,2,0,0,0,2,0,0,0,1,0,1,1,2,0,1,0,0.019058148432270636,True
4,0,0,1,1,0,1,0,1,0,0,0,0,0,1,1,1,0,0,1,0,2,0,0,0,2,0.1233205881652079,True
4,0,2,0,0,0,0,0,1,0,1,0,1,0,0,1,0,1,1,0,0,0,1,3,0,0,0.0547286741234147,True
4,0,0,2,0,0,2,0,0,0,0,1,0,0,0,1,0,2,0,0,0,0,0,1,3,0,0.07218911764889686,True
4,0,1,0,0,1,1,1,0,0,0,0,1,0,1,0,0,1,0,0,1,1,0,0,0,3,-0.002650563915502023,True
4,0,0,0,0,2,1,1,0,0,0,0,0,1,0,1,0,0,0,2,0,0,2,1,0,1,0.014294704862541356,True
4,1,0,1,0,0,0,2,0,0,0,1,0,0,0,1,0,0,0,1,1,0,2,1,1,0,0.048547455586994054,True
4,1,0,0,0,1,0,0,0,2,0,0,0,2,0,0,0,0,0,2,0,3,1,0,0,0,0.05701089975020052,True
4,0,0,0,2,0,2,0,0,0,0,2,0,0,0,0,1,0,0,0,1,1,2,0,0,1,0.09300659745697683,True
4,1,0,1,0,0,0,1,0,1,0,2,0,0,0,0,0,0,0,1,1,0,1,2,0,1,0.10061912838085028,True
4,0,1,0,0,1,2,0,0,0,0,0,2,0,0,0,0,0,1,0,1,2,0,1,1,0,0.08145011903626927,True
4,0,2,0,0,0,0,0,1,1,0,0,2,0,0,0,1,1,0,0,0,1,0,1,2,0,0.07020693608993976,True
4,1,1,0,0,0,1,1,0,0,0,0,0,0,2,0,2,0,0,0,0,0,1,2,1,0,0.0769707699654051,True
4,0,0,2,0,0,0,0,0,2,0,2,0,0,0,0,0,2,0,0,0,1,2,1,0,0,0.0784904896659544,True
4,1,0,1,0,0,0,0,1,1,0,0,0,1,1,0,0,0,1,1,0,3,0,0,1,0,0.09044164342759475,True
4,0,0,1,1,0,1,0,1,0,0,0,0,1,0,1,1,0,1,0,0,1,3,0,0,0,0.1138404670668686,True
4,1,0,1,0,0,1,0,0,1,0,1,0,0,1,0,0,1,1,0,0,2,0,0,0,2,0.08760056426778133,True
4,0,1,1,0,0,0,0,0,1,1,1,1,0,0,0,2,0,0,0,0,0,0,4,0,0,0.1828965605019701,True
4,0,0,0,1,1,0,0,1,1,0,1,0,1,0,0,0,0,1,0,1,0,2,1,0,1,0.8140061268088403,False
4,0,0,0,0,2,0,1,0,0,1,0,0,1,1,0,0,0,0,0,2,3,0,0,1,0,0.34464387430982985,True
4,0,0,0,0,2,0,0,2,0,0,0,1,1,0,0,0,1,0,1,0,2,1,0,0,1,0.050058914857507616,True
4,0,0,0,1,1,1,1,0,0,0,0,0,2,0,0,0,0,2,0,0,1,0,3,0,0,0.9765907714979579,False
4,0,2,0,0,0,1,0,0,0,1,1,0,0,0,1,1,0,1,0,0,0,0,1,2,1,0.08500426479788893,True
4,1,0,1,0,0,1,0,0,0,1,2,0,0,0,0,0,1,0,0,1,0,1,1,2,0,0.15395091110770392,True
4,1,0,1,0,0,0,1,0,1,0,0,1,1,0,0,0,1,0,1,0,0,0,1,1,2,0.03793160080855594,True
4,0,0,0,2,0,2,0,0,0,0,0,0,2,0,0,0,2,0,0,0,0,0,3,0,1,0.07218911764889692,True
4,1,0,0,1,0,0,0,0,2,0,0,0,0,0,2,1,0,0,1,0,0,4,0,0,0,0.029160015560352064,True
4,0,1,0,0,1,0,0,1,0,1,0,1,0,1,0,0,0,0,2,0,0,0,4,0,0,0.04159480173159092,True
4,0,1,0,0,1,0,0,0,2,0,2,0,0,0,0,1,0,0,1,0,1,1,2,0,0,0.06489067209042537,True
4,0,1,0,0,1,1,0,0,1,0,0,0,0,0,2,0,0,1,0,1,0,1,0,3,0,0.004890672090425481,True
4,0,0,1,0,1,0,0,2,0,0,0,1,1,0,0,0,0,1,1,0,0,0,2,0,2,0.5981140770777653,False
4,0,1,1,0,0,1,0,1,0,0,0,0,0,0,2,0,0,0,2,0,1,0,1,1,1,0.04417404659355196,True
4,0,0,2,0,0,1,0,0,0,1,0,2,0,0,0,0,2,0,0,0,2,1,0,1,0,0.06043783186092008,True
4,0,1,0,1,0,1,0,1,0,0,0,0,1,0,1,1,0,0,1,0,2,0,1,0,1,0.08760056426778133,True
4,2,0,0,0,0,1,0,1,0,0,0,2,0,0,0,0,0,1,0,1,1,1,0,0,2,0.15685896935660448,True
4,0,1,0,1,0,1,1,0,0,0,0,2,0,0,0,0,0,2,0,0,1,0,3,0,0,0.08295662897111197,True
4,0,0,0,1,1,0,2,0,0,0,1,0,0,0,1,1,1,0,0,0,0,1,0,3,0,0.03465610099580145,True
4,0,0,1,1,0,1,0,0,1,0,0,1,0,1,0,0,0,1,1,0,0,0,2,1,1,0.05244806206036392,True
4,0,0,0,1,1,0,0,0,1,1,0,1,0,1,0,1,0,0,0,1,0,2,0,2,0,0.01645633353166322,True
4,0,1,0,0,1,2,0,0,0,0,0,1,0,1,0,0,0,0,0,2,0,2,0,2,0,0.01881198254094215,True
4,1,0,0,1,0,0,1,1,0,0,0,1,0,0,1,0,0,0,2,0,1,1,0,0,2,0.01830475180241082,True
4,0,1,0,0,1,1,0,0,0,1,0,1,0,1,0,1,1,0,0,0,2,0,0,0,2,0.02778602919237612,True
4,0,0,0,1,1,0,0,0,1,1,0,0,0,2,0,0,0,2,0,0,1,0,0,2,1,0.03661939280670695,True
4,1,0,0,1,0,1,1,0,0,0,0,0,0,2,0,0,0,1,0,1,0,2,0,1,1,0.036097078694628235,True
4,0,0,0,0,2,1,0,1,0,0,0,0,0,0,2,0,1,1,0,0,0,0,1,0,3,0.8523778714777426,False
4,0,0,2,0,0,0,1,0,0,1,0,0,1,0,1,0,0,0,0,2,3,0,0,0,1,0.8979723763943539,False
4,1,0,0,1,0,0,0,0,2,0,0,2,0,0,0,0,0,0,2,0,0,3,0,1,0,0.06399375,True
4,1,0,0,0,1,0,1,1,0,0,0,0,0,2,0,0,1,1,0,0,2,0,1,1,0,0.06166716825045403,True
4,0,0,1,0,1,2,0,0,0,0,1,1,0,0,0,1,1,0,0,0,0,1,1,2,0,0.07452912703100617,True
4,1,0,1,0,0,0,0,0,1,1,0,0,0,0,2,2,0,0,0,0,2,0,2,0,0,0.938554666885966,False
4,1,0,0,0,1,1,0,0,1,0,0,1,1,0,0,0,1,1,0,0,0,2,0,0,2,0.03913875812964307,True
4,0,0,0,1,1,0,0,0,2,0,1,0,0,0,1,0,1,0,1,0,0,2,1,1,0,0.030209900613099777,True
4,1,0,0,1,0,0,1,0,0,1,0,0,2,0,0,1,0,1,0,0,1,0,0,2,1,0.8265652905410774,False
4,0,1,1,0,0,0,0,2,0,0,0,0,0,2,0,0,0,0,2,0,0,0,0,0,4,-0.005036672045021657,True
4,0,1,0,1,0,0,0,0,2,0,0,0,0,0,2,0,0,0,1,1,2,0,0,2,0,0.010208004622088778,True
4,1,1,0,0,0,0,0,0,0,2,0,1,1,0,0,0,0,1,1,0,0,1,0,2,1,0.03193980401976528,True
4,0,1,1,0,0,0,1,0,1,0,0,0,1,1,0,1,1,0,0,0,0,0,1,3,0,0.06845813223946548,True
4,0,1,0,0,1,1,0,0,0,1,1,0,0,1,0,0,0,0,2,0,2,1,0,1,0,0.03653208099187665,True
4,0,2,0,0,0,1,0,0,1,0,0,1,0,0,1,1,0,1,0,0,0,2,0,1,1,0.047601398785937866,True
4,1,0,0,0,1,0,1,0,0,1,0,0,2,0,0,0,0,0,1,1,0,1,1,1,1,0.9188575461693912,False
4,0,2,0,0,0,1,0,0,1,0,1,0,0,1,0,0,0,2,0,0,1,1,0,0,2,0.046027713442426704,True
4,0,0,2,0,0,0,0,0,1,1,1,0,0,0,1,1,0,0,1,0,0,0,0,2,2,0.7865652905410775,False
4,0,0,0,0,2,0,0,2,0,0,2,0,0,0,0,0,0,0,1,1,0,0,0,4,0,0.04889405398791519,True
4,0,1,1,0,0,0,0,0,1,1,0,2,0,0,0,0,0,1,1,0,3,1,0,0,0,0.062096821790418366,True
4,1,0,1,0,0,0,0,1,1,0,1,0,0,1,0,0,0,0,2,0,0,1,0,1,2,0.03453036075617758,True
4,0,1,0,0,1,2,0,0,0,0,0,0,0,2,0,0,0,1,0,1,0,0,1,1,2,0.04848801510610684,True
4,0,0,0,0,2,0,0,1,0,1,0,1,0,0,1,0,0,0,0,2,2,0,0,2,0,0.8549426472625443,False
4,0,0,0,2,0,0,0,0,2,0,0,0,1,0,1,0,0,2,0,0,0,0,0,4,0,0.04249392111872872,True
4,0,0,0,2,0,1,0,0,1,0,1,0,0,0,1,0,1,1,0,0,0,2,1,1,0,0.05169800124265175,True
4,0,0,0,0,2,1,0,0,1,0,2,0,0,0,0,0,0,1,0,1,0,4,0,0,0,0.04310405543125351,True
4,1,0,0,0,1,0,0,0,2,0,2,0,0,0,0,1,1,0,0,0,1,0,0,0,3,0.0476005642677814,True
4,0,0,1,0,1,0,1,0,1,0,0,0,2,0,0,1,0,1,0,0,0,2,0,1,1,0.07894211832637525,True
4,0,2,0,0,0,0,0,0,1,1,0,1,0,0,1,1,0,1,0,0,0,1,0,3,0,0.03725938796377792,True
4,1,1,0,0,0,0,1,1,0,0,0,0,0,0,2,1,1,0,0,0,0,0,4,0,0,0.09515200530695113,True
4,1,1,0,0,0,0,1,0,0,1,1,0,0,1,0,0,1,0,0,1,0,2,1,0,1,0.04523020109917691,True
4,0,0,0,1,1,0,1,0,0,1,1,1,0,0,0,2,0,0,0,0,1,3,0,0,0,0.057156366226573135,True
4,0,2,0,0,0,0,1,0,0,1,1,1,0,0,0,0,1,1,0,0,2,0,2,0,0,0.0691196500715191,True
4,1,0,0,1,0,1,0,0,0,1,0,0,1,1,0,0,0,0,0,2,0,3,0,0,1,0.030511134726527268,True
4,0,0,1,0,1,1,1,0,0,0,0,0,0,0,2,0,0,1,1,0,1,1,0,2,0,0.030904144659839823,True
4,0,0,1,1,0,2,0,0,0,0,0,0,1,1,0,0,0,0,1,1,0,0,0,2,2,0.04770029306472771,True
4,0,1,0,0,1,0,0,0,1,1,0,1,0,0,1,0,1,0,0,1,0,3,1,0,0,0.02676525504311341,True
4,0,2,0,0,0,0,1,0,1,0,0,0,0,0,2,0,0,0,0,2,4,0,0,0,0,0.015555651752270718,True
4,0,0,1,1,0,0,0,1,1,0,1,0,1,0,0,1,0,0,1,0,1,0,2,0,1,0.09989855995460704,True
4,0,1,1,0,0,0,0,0,0,2,0,0,0,1,1,0,0,2,0,0,0,0,3,0,1,0.9135568008150987,False
4,0,1,0,1,0,0,1,0,0,1,0,0,1,1,0,0,0,0,2,0,1,2,0,1,0,0.04642773589843753,True
4,1,1,0,0,0,1,0,0,1,0,0,0,0,2,0,0,1,1,0,0,0,0,0,0,4,-0.001883026200510887,True
4,0,2,0,0,0,0,0,0,2,0,0,0,1,1,0,0,0,0,1,1,0,1,0,0,3,-0.006467592688339641,True
4,0,0,2,0,0,0,0,0,0,2,0,0,2,0,0,1,1,0,0,0,0,0,0,2,2,0.8978937259612596,False
4,1,0,0,0,1,0,2,0,0,0,1,0,1,0,0,0,1,0,0,1,1,2,1,0,0,0.059420686334225925,True
4,0,0,0,1,1,1,0,0,1,0,1,0,0,1,0,1,0,1,0,0,0,1,3,0,0,0.09431615283872548,True
4,0,0,0,1,1,0,0,2,0,0,1,1,0,0,0,0,0,0,2,0,1,0,2,0,1,0.062415889504070676,True
4,0,0,2,0,0,0,0,0,2,0,1,0,0,1,0,0,0,1,0,1,0,1,1,1,1,0.04832684887543923,True
4,0,0,0,2,0,1,0,0,0,1,1,0,1,0,0,0,1,1,0,0,0,0,1,1,2,0.04417404659355196,True
4,0,0,2,0,0,0,1,1,0,0,1,1,0,0,0,0,1,1,0,0,0,1,3,0,0,0.10575337210629122,True
4,0,1,0,1,0,1,0,0,0,1,0,1,0,1,0,1,0,0,0,1,1,0,0,3,0,0.03090185458865978,True
4,0,0,1,0,1,0,0,2,0,0,2,0,0,0,0,0,0,1,1,0,0,0,1,2,1,0.938735672035885,False
4,1,0,0,1,0,1,1,0,0,0,1,0,0,1,0,0,0,1,1,0,2,1,1,0,0,0.08059551394942113,True
4,0,1,0,0,1,0,0,0,2,0,0,0,2,0,0,1,0,0,1,0,0,2,0,0,2,0.022691680019928273,True
4,0,2,0,0,0,0,0,2,0,0,0,0,0,0,2,1,0,1,0,0,0,0,3,1,0,0.13627536289385045,True
4,0,0,0,1,1,0,0,0,1,1,2,0,0,0,0,0,0,2,0,0,0,1,1,1,1,0.9384596080457904,False
4,1,1,0,0,0,0,0,2,0,0,0,0,2,0,0,0,1,1,0,0,2,0,0,0,2,0.6211977797567897,False
4,1,1,0,0,0,0,0,0,2,0,0,1,0,1,0,0,1,0,1,0,4,0,0,0,0,0.06845813223946548,True
4,0,1,1,0,0,0,1,1,0,0,0,0,0,2,0,0,1,0,0,1,0,0,1,0,3,0.005263684540558165,True
4,0,0,1,0,1,0,0,0,1,1,0,1,0,1,0,0,0,1,1,0,3,1,0,0,0,0.04931339557064359,True
4,0,2,0,0,0,0,0,0,0,2,0,0,1,0,1,0,0,0,0,2,0,3,0,1,0,-0.014035172851925846,True
4,2,0,0,0,0,0,0,2,0,0,1,0,1,0,0,2,0,0,0,0,3,1,0,0,0,0.9966736774532834,False
4,2,0,0,0,0,1,0,1,0,0,0,1,1,0,0,0,0,0,0,2,2,0,2,0,0,0.9541675642427278,False
4,0,0,0,1,1,1,1,0,0,0,0,1,1,0,0,0,1,0,0,1,0,0,1,3,0,0.041412523803411296,True
4,1,0,1,0,0,2,0,0,0,0,1,1,0,0,0,1,1,0,0,0,1,0,1,0,2,0.617113938372579,False
4,1,1,0,0,0,2,0,0,0,0,0,0,0,2,0,0,0,0,2,0,0,2,1,0,1,0.05107809873475121,True
4,0,0,2,0,0,1,0,0,1,0,0,0,2,0,0,1,0,0,1,0,1,0,0,2,1,0.11132782919784494,True
4,1,0,0,0,1,1,0,0,1,0,0,0,2,0,0,0,2,0,0,0,0,1,2,1,0,0.06832578390212862,True
4,0,0,0,0,2,0,0,2,0,0,1,0,0,1,0,1,0,1,0,0,1,1,0,0,2,0.9066682730525951,False
4,0,2,0,0,0,0,1,0,0,1,0,1,0,1,0,0,0,2,0,0,2,0,0,1,1,0.04444994793332153,True
4,0,1,0,1,0,0,2,0,0,0,0,2,0,0,0,1,1,0,0,0,0,0,2,2,0,0.06871597222222223,True
4,0,0,0,1,1,1,0,0,0,1,0,0,1,0,1,1,0,1,0,0,2,0,0,2,0,0.9120405909296381,False
4,0,2,0,0,0,1,0,1,0,0,0,1,1,0,0,0,0,1,0,1,0,0,0,2,2,0.04052079251294134,True
4,1,0,0,1,0,0,0,1,1,0,1,0,1,0,0,0,0,2,0,0,2,0,1,1,0,0.15997463294020428,True
4,0,1,0,0,1,0,0,0,2,0,0,1,0,1,0,1,1,0,0,0,0,3,0,1,0,0.04815258590768309,True
4,0,0,2,0,0,1,0,1,0,0,1,1,0,0,0,1,0,0,0,1,0,0,3,1,0,0.9036479915915278,False
4,0,0,0,1,1,0,1,0,0,1,0,0,0,0,2,0,1,1,0,0,1,1,0,0,2,0.7577597195283315,False
4,0,1,1,0,0,0,2,0,0,0,0,1,0,1,0,2,0,0,0,0,0,0,0,4,0,0.06778549994759225,True
4,1,0,1,0,0,1,0,1,0,0,0,0,0,1,1,2,0,0,0,0,1,0,3,0,0,0.9769532576650369,False
4,1,0,0,0,1,2,0,0,0,0,0,0,0,2,0,0,0,0,2,0,0,0,4,0,0,0.0632627295305356,True
4,1,0,1,0,0,0,0,1,0,1,0,0,1,0,1,0,1,0,0,1,3,0,0,1,0,0.9333045600476957,False
4,0,2,0,0,0,1,0,1,0,0,0,1,0,0,1,0,0,0,0,2,0,0,0,0,4,0.05738219552949698,True
4,2,0,0,0,0,0,1,1,0,0,0,0,1,0,1,0,0,1,1,0,2,0,1,0,1,0.6180890690907884,False
4,0,1,0,0,1,1,0,0,0,1,1,0,0,1,0,0,0,0,1,1,0,1,0,1,2,0.10780765865353754,True
4,1,0,0,0,1,0,1,1,0,0,1,0,0,0,1,0,2,0,0,0,3,0,0,1,0,0.06283949831172356,True
4,0,2,0,0,0,0,2,0,0,0,1,0,0,1,0,0,0,1,0,1,0,0,0,0,4,-0.017054148180733513,True
4,1,0,0,0,1,2,0,0,0,0,0,1,0,1,0,0,0,1,1,0,1,1,1,1,0,0.06503003347085874,True
4,2,0,0,0,0,0,0,0,1,1,1,0,0,1,0,0,0,0,1,1,0,3,0,0,1,0.0875068522533827,True
4,1,0,0,1,0,1,1,0,0,0,0,2,0,0,0,0,2,0,0,0,2,1,0,0,1,0.054928659050300796,True
4,0,2,0,0,0,2,0,0,0,0,1,1,0,0,0,1,1,0,0,0,0,1,0,1,2,0.044628458823705384,True
4,0,1,0,1,0,0,0,0,1,1,1,0,0,0,1,2,0,0,0,0,1,0,2,0,1,0.1384504720299815,True
4,1,0,0,1,0,0,1,0,0,1,2,0,0,0,0,0,0,0,0,2,0,2,1,0,1,0.7938460267861213,False
4,0,0,1,0,1,0,1,1,0,0,1,0,0,0,1,0,1,0,1,0,4,0,0,0,0,0.09382539812293532,True
4,2,0,0,0,0,0,1,1,0,0,1,0,0,0,1,0,0,2,0,0,0,1,0,3,0,0.07908536848282602,True
4,0,1,1,0,0,0,0,2,0,0,1,0,0,1,0,1,0,0,0,1,3,0,0,0,1,0.6180828136796179,False
4,0,1,0,0,1,0,1,1,0,0,1,0,0,0,1,0,0,0,1,1,4,0,0,0,0,0.9182001304548466,False
4,1,0,1,0,0,1,0,1,0,0,0,0,1,1,0,1,0,1,0,0,0,2,2,0,0,0.3136765490145026,False
4,0,2,0,0,0,0,1,0,1,0,0,1,0,0,1,1,0,0,1,0,0,3,0,0,1,0.033243454379500915,True
4,0,0,0,0,2,1,0,0,1,0,2,0,0,0,0,2,0,0,0,0,0,0,0,1,3,0.8827824776149195,False
4,1,0,0,0,1,0,0,0,0,2,0,1,0,1,0,0,0,1,0,1,2,1,1,0,0,0.09510443608890282,True
4,0,2,0,0,0,0,0,1,1,0,0,2,0,0,0,0,2,0,0,0,1,0,0,3,0,0.06804930555555556,True
4,1,0,1,0,0,0,0,1,1,0,0,0,2,0,0,0,1,0,1,0,0,3,0,1,0,0.07525900765681742,True
4,1,1,0,0,0,1,0,1,0,0,0,0,1,1,0,0,0,1,1,0,0,0,4,0,0,0.12760056426778127,True
4,1,1,0,0,0,0,0,0,0,2,0,1,0,1,0,0,1,0,0,1,0,1,1,2,0,0.016955974128611617,True
4,1,0,0,1,0,0,1,0,0,1,0,0,0,2,0,0,1,0,0,1,1,0,2,1,0,0.037251259327889356,True
4,0,0,1,1,0,1,0,0,0,1,0,0,1,0,1,0,0,1,1,0,2,0,0,2,0,0.06131290343677337,True
4,1,1,0,0,0,0,0,2,0,0,0,2,0,0,0,0,0,0,1,1,1,1,2,0,0,0.07430862147566429,True
4,0,0,0,0,2,2,0,0,0,0,1,0,1,0,0,1,0,0,1,0,0,3,1,0,0,0.09382288605268962,True
4,0,0,1,0,1,0,0,2,0,0,0,2,0,0,0,1,0,0,0,1,3,0,0,0,1,0.5988197091460259,False
4,0,0,1,0,1,2,0,0,0,0,0,2,0,0,0,0,1,1,0,0,1,0,2,0,1,0.09482207078117623,True
4,1,0,0,0,1,1,0,0,0,1,1,0,0,1,0,1,1,0,0,0,0,0,1,1,2,0.13572889750783598,True
4,0,1,0,1,0,1,0,1,0,0,0,2,0,0,0,1,0,0,1,0,1,3,0,0,0,0.0714859314203057,True
4,0,0,2,0,0,0,1,1,0,0,1,1,0,0,0,0,0,2,0,0,2,0,0,2,0,0.1129831042098998,True
4,0,1,1,0,0,1,0,1,0,0,0,0,1,0,1,2,0,0,0,0,2,1,1,0,0,0.9039324293765593,False
4,0,0,2,0,0,0,1,0,0,1,1,0,0,0,1,1,0,1,0,0,0,0,2,0,2,0.916775629419134,False
4,0,1,0,0,1,0,1,0,1,0,0,1,1,0,0,0,0,1,1,0,0,2,0,2,0,0.04942772149753731,True
4,0,0,1,1,0,1,0,0,0,1,0,0,0,0,2,0,1,0,1,0,0,2,0,1,1,0.0079808492777118,True
4,0,0,0,0,2,0,1,0,1,0,1,0,0,0,1,1,0,0,0,1,0,0,3,0,1,0.5580734280008385,False
4,1,0,1,0,0,1,0,0,0,1,1,1,0,0,0,0,1,0,1,0,2,0,1,1,0,0.0805252339036597,True
4,0,1,0,0,1,0,0,0,1,1,2,0,0,0,0,2,0,0,0,0,0,1,3,0,0,0.953368301596042,False
4,0,0,2,0,0,1,0,0,0,1,0,0,0,0,2,1,0,0,0,1,0,0,0,0,4,0.8385234692889143,False
4,0,1,0,1,0,0,1,1,0,0,0,1,1,0,0,0,0,1,0,1,1,1,1,1,0,0.05917708937822968,True
4,0,2,0,0,0,0,0,0,2,0,0,0,0,2,0,0,0,1,0,1,0,2,0,0,2,0.008788644544361283,True
4,1,0,0,1,0,1,0,0,1,0,0,1,1,0,0,0,0,2,0,0,1,0,0,1,2,0.06417404659355191,True
4,0,0,0,0,2,0,0,1,0,1,2,0,0,0,0,0,0,1,0,1,1,2,0,1,0,0.5779318940552969,False
4,0,2,0,0,0,0,2,0,0,0,0,2,0,0,0,0,0,2,0,0,0,1,0,1,2,0.03429595291072178,True
4,0,1,1,0,0,0,0,2,0,0,1,0,0,0,1,1,0,1,0,0,0,0,1,0,3,0.9160243834495514,False
4,1,0,0,1,0,0,0,0,2,0,0,0,1,0,1,0,0,0,1,1,0,1,0,2,1,0.01881588518350956,True
4,2,0,0,0,0,1,1,0,0,0,1,0,0,0,1,1,0,1,0,0,1,1,2,0,0,0.9030709642030764,False
4,0,0,2,0,0,0,0,1,0,1,0,0,0,2,0,0,1,0,1,0,0,2,2,0,0,0.056136934785297625,True
4,0,0,2,0,0,1,0,0,1,0,1,0,0,0,1,1,0,0,1,0,1,0,2,0,1,0.6084658076495366,False
4,1,0,1,0,0,0,0,0,1,1,0,0,1,1,0,0,2,0,0,0,2,0,0,2,0,0.061205186267110405,True
4,0,0,0,2,0,0,0,1,1,0,0,2,0,0,0,1,0,0,1,0,0,0,1,1,2,0.029535399773552146,True
4,0,0,1,0,1,0,0,0,2,0,0,0,0,2,0,0,0,1,0,1,0,4,0,0,0,0.029160015560352064,True
4,0,1,0,1,0,0,1,0,1,0,0,0,0,1,1,0,0,1,1,0,1,3,0,0,0,0.04930546468457636,True
4,1,0,1,0,0,0,2,0,0,0,0,0,2,0,0,2,0,0,0,0,0,0,0,4,0,0.08166716825045404,True
4,0,2,0,0,0,0,0,1,0,1,1,0,0,1,0,0,0,2,0,0,1,0,1,1,1,0.06975403388380373,True
4,0,0,2,0,0,0,0,2,0,0,1,0,0,1,0,0,1,0,1,0,0,0,1,0,3,0.06760056426778137,True
4,2,0,0,0,0,0,0,0,2,0,0,0,0,0,2,0,0,0,0,2,1,2,0,1,0,0.009540379000229962,True
4,0,0,0,1,1,0,1,0,1,0,0,0,1,1,0,0,0,0,1,1,0,1,3,0,0,0.04413829196337574,True
4,0,1,0,0,1,0,0,1,1,0,0,0,1,1,0,2,0,0,0,0,1,1,0,1,1,0.06838571387692009,True
4,0,2,0,0,0,0,0,1,1,0,1,0,1,0,0,0,1,0,1,0,1,1,2,0,0,0.0766089868055632,True
4,0,0,0,1,1,1,0,1,0,0,0,0,0,2,0,0,0,0,1,1,0,3,0,0,1,0.031207861950445826,True
4,2,0,0,0,0,1,0,0,0,1,0,2,0,0,0,0,0,0,1,1,0,1,0,3,0,0.03972125766951506,True
4,0,1,0,1,0,1,0,0,0,1,1,0,0,1,0,1,0,1,0,0,0,0,0,1,3,0.024174046593551993,True
4,1,1,0,0,0,0,1,0,0,1,0,0,2,0,0,0,0,0,0,2,2,0,0,1,1,0.9030711443761084,False
4,1,0,0,1,0,0,1,0,0,1,0,0,0,1,1,2,0,0,0,0,0,1,1,0,2,0.7938638549083556,False
4,0,0,0,2,0,1,1,0,0,0,0,0,0,2,0,2,0,0,0,0,4,0,0,0,0,0.07496332795497822,True
4,1,0,0,0,1,0,0,1,0,1,1,0,0,0,1,1,0,0,1,0,0,0,0,3,1,0.781978345724136,False
4,0,0,2,0,0,0,1,0,0,1,0,0,1,1,0,0,0,1,1,0,1,2,1,0,0,0.07469844319274181,True
4,0,1,1,0,0,1,0,0,1,0,0,0,2,0,0,0,0,1,0,1,0,0,0,0,4,0.5580921962840798,False
4,2,0,0,0,0,0,0,1,1,0,0,0,2,0,0,0,0,2,0,0,1,0,1,2,0,0.29764825221294927,False
4,1,0,1,0,0,0,0,2,0,0,0,2,0,0,0,0,0,2,0,0,0,0,1,1,2,0.18361736675696005,True
4,0,0,0,2,0,0,1,0,0,1,0,0,1,0,1,1,0,0,1,0,1,0,2,0,1,0.03592782407345852,True
4,0,1,0,0,1,0,0,0,0,2,0,1,0,1,0,0,1,0,1,0,2,1,0,1,0,0.014647271828566458,True
4,1,0,1,0,0,0,1,1,0,0,0,2,0,0,0,1,0,1,0,0,1,0,1,0,2,0.09515200530695114,True
4,2,0,0,0,0,1,0,1,0,0,0,0,1,0,1,0,0,1,0,1,0,1,0,2,1,0.9382547794168405,False
4,0,1,0,1,0,0,1,0,0,1,1,1,0,0,0,0,0,1,0,1,0,0,1,2,1,0.0314385004204341,True
4,0,0,1,1,0,1,0,0,0,1,1,1,0,0,0,0,1,0,0,1,0,0,0,4,0,0.034804499503079955,True
4,0,0,0,0,2,0,1,1,0,0,0,0,0,2,0,1,0,0,1,0,0,3,0,0,1,0.01632962724837035,True
4,0,1,0,0,1,0,2,0,0,0,0,1,0,0,1,1,0,0,1,0,0,1,0,3,0,0.03128034033906211,True
4,0,1,0,0,1,2,0,0,0,0,2,0,0,0,0,0,2,0,0,0,0,0,0,2,2,0.05792272733779176,True
4,0,0,0,2,0,1,0,0,0,1,0,0,0,2,0,0,0,0,2,0,0,0,1,2,1,0.0234815347068704,True
4,0,2,0,0,0,0,1,0,1,0,0,0,2,0,0,0,0,2,0,0,0,0,0,2,2,0.044663228537961605,True
4,0,1,0,0,1,0,0,0,1,1,0,1,0,1,0,1,0,1,0,0,0,0,0,4,0,0.03269349231830861,True
4,0,1,0,0,1,1,0,0,0,1,2,0,0,0,0,0,1,0,1,0,0,0,0,3,1,0.044439353214424805,True
4,2,0,0,0,0,1,0,0,1,0,0,0,0,1,1,0,0,2,0,0,0,0,3,1,0,0.42464387430982975,True
4,0,0,0,2,0,0,0,0,0,2,0,0,0,0,2,0,0,1,0,1,0,2,0,1,1,-0.010164083015275516,True
4,0,0,1,1,0,0,0,1,1,0,0,2,0,0,0,0,0,0,0,2,2,0,1,0,1,0.032189117648896995,True
4,0,1,0,0,1,0,2,0,0,0,0,1,0,1,0,2,0,0,0,0,0,1,1,1,1,0.041703835323802334,True
4,2,0,0,0,0,0,0,0,1,1,0,1,0,0,1,0,0,0,2,0,0,0,2,0,2,0.04699089775824189,True
4,0,1,1,0,0,1,0,0,0,1,0,0,1,0,1,1,0,0,0,1,0,2,2,0,0,0.2550495600519396,False
4,1,0,1,0,0,1,0,0,0,1,1,1,0,0,0,0,0,1,0,1,0,0,2,0,2,0.9141675642427278,False
4,1,0,0,1,0,0,2,0,0,0,0,0,0,2,0,0,2,0,0,0,1,1,1,0,1,0.04938500070707137,True
4,1,0,1,0,0,1,0,0,0,1,0,2,0,0,0,0,0,0,2,0,0,0,4,0,0,0.07218911764889692,True
4,0,0,0,0,2,1,1,0,0,0,0,0,2,0,0,0,0,1,0,1,0,0,0,3,1,0.8001967213990913,False
4,0,1,0,1,0,0,0,0,1,1,0,0,0,2,0,0,0,0,2,0,1,2,1,0,0,0.04570032740219448,True
4,0,0,0,0,2,1,1,0,0,0,0,0,0,0,2,2,0,0,0,0,0,1,0,1,2,0.8623787759641809,False
4,2,0,0,0,0,0,0,0,2,0,0,1,1,0,0,0,0,1,0,1,2,0,1,1,0,0.07592476557341181,True
4,0,1,0,1,0,1,0,0,1,0,0,0,1,1,0,0,0,0,2,0,2,0,1,0,1,0.04825080477863853,True
4,1,0,1,0,0,0,0,0,0,2,0,0,2,0,0,0,0,1,1,0,1,0,1,2,0,0.25764825221294935,False
4,0,1,0,1,0,1,0,0,1,0,0,1,1,0,0,0,1,1,0,0,2,0,0,1,1,0.05793160080855591,True
4,1,0,1,0,0,0,0,0,2,0,2,0,0,0,0,0,1,1,0,0,0,1,0,3,0,0.07200728440037708,True
4,0,0,0,0,2,0,1,0,0,1,0,0,1,0,1,0,0,0,2,0,0,1,1,1,1,0.008385713876920185,True
4,1,0,0,1,0,1,0,0,0,1,0,1,1,0,0,1,1,0,0,0,0,0,0,3,1,0.051648585129738814,True
4,0,0,0,1,1,0,0,0,2,0,0,1,0,0,1,0,2,0,0,0,0,0,1,1,2,-0.0012885453233090645,True
4,2,0,0,0,0,0,0,1,1,0,0,0,1,1,0,0,1,0,0,1,1,2,1,0,0,0.07469844319274181,True
4,0,0,2,0,0,0,1,1,0,0,0,2,0,0,0,0,0,2,0,0,0,1,0,2,1,0.075471693225409,True
4,1,0,0,1,0,2,0,0,0,0,0,0,1,1,0,0,1,0,1,0,1,2,0,1,0,0.07169800124265173,True
4,0,0,0,0,2,1,1,0,0,0,0,2,0,0,0,0,1,0,0,1,0,0,0,2,2,-0.007942618959557453,True
4,1,0,0,0,1,0,1,0,0,1,2,0,0,0,0,1,1,0,0,0,0,3,1,0,0,0.06724836613507335,True
4,0,1,0,1,0,0,0,0,2,0,1,0,0,1,0,1,0,0,0,1,0,3,0,1,0,0.046183105335483414,True
4,2,0,0,0,0,1,1,0,0,0,0,0,2,0,0,0,0,0,2,0,1,1,0,1,1,0.07393224929401,True
4,0,1,0,1,0,0,0,1,0,1,0,1,0,1,0,0,1,1,0,0,2,0,1,1,0,0.055259007656817447,True
4,1,0,0,1,0,0,0,1,1,0,0,1,0,1,0,0,1,0,1,0,3,1,0,0,0,0.069160015560352,True
4,0,0,1,1,0,0,0,0,0,2,0,1,0,1,0,0,0,0,0,2,0,4,0,0,0,-0.003391013194436688,True
4,0,1,0,0,1,0,0,2,0,0,0,1,0,1,0,0,1,0,1,0,2,0,1,0,1,0.0452636845405581,True
4,1,0,1,0,0,1,1,0,0,0,0,0,0,0,2,0,1,0,0,1,0,0,2,2,0,0.08206780135700976,True
4,0,0,0,2,0,2,0,0,0,0,0,2,0,0,0,0,1,1,0,0,2,2,0,0,0,0.07368194674308529,True
4,0,2,0,0,0,0,1,0,1,0,2,0,0,0,0,0,0,0,2,0,4,0,0,0,0,0.07316005389067184,True
4,0,0,1,1,0,0,0,0,2,0,0,1,0,0,1,0,1,1,0,0,0,0,1,2,1,0.03559455261644571,True
4,1,0,1,0,0,0,2,0,0,0,0,0,0,2,0,0,1,1,0,0,0,1,0,3,0,0.06728678506432172,True
4,2,0,0,0,0,0,1,0,0,1,1,0,0,0,1,1,0,0,1,0,0,0,2,0,2,0.9056777334803071,False
4,1,0,0,1,0,1,0,0,0,1,1,0,1,0,0,0,1,0,0,1,0,3,0,1,0,0.050613281511885516,True
4,0,0,0,1,1,0,1,0,1,0,0,0,0,0,2,0,0,0,0,2,1,0,2,1,0,0.016842726680284473,True
4,0,0,1,0,1,1,1,0,0,0,0,1,0,1,0,0,0,0,1,1,3,0,0,1,0,0.05061328098644342,True
4,0,1,0,0,1,0,0,0,0,2,0,0,2,0,0,0,1,0,0,1,1,1,2,0,0,0.9158701201630841,False
4,0,1,1,0,0,0,1,1,0,0,0,0,0,0,2,1,0,1,0,0,0,2,0,0,2,0.06711430188941898,True
4,0,0,0,1,1,1,0,0,1,0,1,1,0,0,0,1,0,0,0,1,1,2,0,0,1,0.05801500387125388,True
4,0,1,0,0,1,0,0,1,1,0,0,1,0,1,0,1,1,0,0,0,1,1,0,2,0,0.0508962430950882,True
4,1,0,0,0,1,0,0,0,1,1,0,0,0,2,0,0,1,0,1,0,3,0,1,0,0,0.041594801730756296,True
4,0,0,1,0,1,2,0,0,0,0,0,0,0,1,1,2,0,0,0,0,0,1,2,0,1,0.9391226873571579,False
4,1,0,1,0,0,1,0,1,0,0,0,0,1,1,0,0,0,0,2,0,1,1,0,1,1,0.0683268488754392,True
4,0,0,1,0,1,0,0,2,0,0,1,0,0,0,1,1,0,0,0,1,0,4,0,0,0,0.11586370742855598,True
4,0,0,0,1,1,1,1,0,0,0,0,1,0,0,1,1,0,1,0,0,0,0,0,2,2,0.13745231568591162,True
4,0,0,0,1,1,0,2,0,0,0,0,2,0,0,0,0,0,0,1,1,0,3,1,0,0,0.03446830468040256,True
4,0,1,1,0,0,0,0,0,0,2,0,1,1,0,0,0,1,0,1,0,0,0,0,0,4,-0.02443486761579112,True
4,2,0,0,0,0,1,0,0,1,0,0,0,0,1,1,0,1,0,1,0,0,0,0,0,4,0.002415889504070776,True
4,1,0,0,1,0,0,1,1,0,0,1,0,1,0,0,1,0,0,1,0,1,2,0,0,1,0.07429470486254126,True
4,0,1,0,1,0,1,1,0,0,0,2,0,0,0,0,0,0,0,1,1,1,1,0,1,1,0.05171827164281312,True
4,0,0,0,2,0,0,0,0,0,2,0,1,0,1,0,0,1,0,1,0,0,0,3,1,0,0.02772980415104702,True
4,1,0,0,1,0,0,0,0,0,2,0,1,0,1,0,1,1,0,0,0,1,0,0,1,2,0.005793892183817104,True
4,0,0,0,0,2,0,0,1,1,0,0,0,1,0,1,0,0,1,0,1,1,3,0,0,0,0.05383293334004002,True
4,0,1,1,0,0,0,2,0,0,0,0,0,2,0,0,1,0,0,1,0,2,0,0,1,1,0.06899819532430074,True
4,0,2,0,0,0,0,1,0,0,1,0,1,0,1,0,1,0,0,1,0,0,1,1,0,2,0.01593140682302057,True
4,1,0,0,0,1,2,0,0,0,0,0,0,1,1,0,0,1,0,0,1,0,0,2,1,1,0.9200861632522895,False
4,1,0,0,0,1,0,0,0,0,2,0,0,2,0,0,0,0,0,1,1,0,0,2,2,0,0.8920489006950671,False
4,0,0,0,0,2,2,0,0,0,0,1,1,0,0,0,0,2,0,0,0,0,0,0,0,4,0.011357298465010827,True
4,0,0,0,0,2,1,0,0,0,1,0,1,0,1,0,0,0,0,0,2,0,0,3,1,0,0.06978647144779929,True
4,0,1,0,1,0,0,1,1,0,0,1,0,0,1,0,0,0,2,0,0,0,0,0,3,1,0.058911467220142275,True
4,1,0,0,1,0,0,0,0,2,0,0,0,0,0,2,0,0,2,0,0,0,0,1,1,2,0.01766806600277311,True
4,0,0,0,2,0,0,0,2,0,0,1,0,0,0,1,0,0,1,1,0,2,0,2,0,0,0.09989855995460704,True
4,0,0,0,2,0,1,0,0,0,1,1,0,1,0,0,2,0,0,0,0,0,2,1,1,0,0.06954037900022986,True
4,1,0,0,1,0,1,0,0,0,1,0,2,0,0,0,0,0,0,2,0,0,0,0,4,0,0.044261903043184815,True
4,0,0,0,1,1,0,0,0,0,2,1,0,0,0,1,0,0,0,2,0,2,0,2,0,0,0.10332058816520792,True
4,0,0,2,0,0,2,0,0,0,0,0,2,0,0,0,1,0,1,0,0,2,0,2,0,0,0.6604282587813644,False
4,0,0,1,1,0,1,0,0,0,1,0,1,0,1,0,1,0,0,0,1,1,0,2,0,1,0.06760056426778137,True
4,1,0,0,0,1,0,0,1,0,1,1,1,0,0,0,0,2,0,0,0,1,3,0,0,0,0.04245793269899499,True
4,0,0,2,0,0,0,2,0,0,0,1,1,0,0,0,1,0,0,1,0,2,0,0,2,0,0.07775516798836901,True
4,1,0,0,1,0,0,0,1,1,0,0,0,1,1,0,1,1,0,0,0,0,1,1,2,0,0.07006205976801534,True
4,0,0,2,0,0,0,0,0,2,0,0,1,0,0,1,1,0,0,0,1,0,3,1,0,0,0.0452636845405581,True
4,1,0,0,0,1,1,0,0,0,1,0,0,0,2,0,0,0,0,0,2,1,0,0,1,2,0.08020782803374957,True
4,0,0,0,1,1,0,1,0,0,1,0,0,1,1,0,0,0,0,1,1,1,0,3,0,0,0.8140061268088403,False
4,1,0,1,0,0,1,0,0,1,0,0,0,1,0,1,0,1,0,1,0,1,0,0,2,1,0.05356485939894913,True
4,0,0,0,0,2,1,0,1,0,0,1,0,1,0,0,1,0,0,0,1,1,1,0,1,1,0.9190622146536411,False
4,0,0,0,1,1,2,0,0,0,0,2,0,0,0,0,0,0,1,0,1,0,2,2,0,0,0.9387682603177974,False
4,0,1,0,1,0,2,0,0,0,0,1,0,1,0,0,0,2,0,0,0,0,2,1,1,0,0.07556796893166401,True
4,1,1,0,0,0,0,1,0,1,0,1,0,1,0,0,0,1,0,0,1,1,1,2,0,0,0.0729465988803454,True
4,1,0,0,1,0,0,2,0,0,0,1,0,1,0,0,1,0,1,0,0,2,0,0,2,0,0.0861958172283015,True
4,0,1,0,0,1,0,1,1,0,0,0,0,0,1,1,1,0,0,1,0,1,1,1,0,1,0.05698100685504733,True
4,1,0,1,0,0,2,0,0,0,0,0,0,0,0,2,1,1,0,0,0,3,0,1,0,0,0.9506685043475402,False
4,0,0,2,0,0,0,0,2,0,0,0,1,0,1,0,1,0,1,0,0,0,0,2,2,0,0.10769508483620992,True
4,1,0,1,0,0,1,0,1,0,0,0,1,0,1,0,0,0,1,1,0,0,0,1,0,3,0.06760056426778137,True
4,1,0,1,0,0,0,0,2,0,0,0,1,1,0,0,0,0,1,1,0,1,1,2,0,0,0.17514913507099628,True
4,0,1,1,0,0,0,1,1,0,0,0,0,0,1,1,0,0,1,1,0,0,4,0,0,0,0.05626596499949892,True
4,0,2,0,0,0,0,2,0,0,0,0,0,0,0,2,0,1,1,0,0,0,0,1,2,1,0.018524625122005707,True
4,0,0,1,0,1,1,1,0,0,0,1,0,1,0,0,0,0,2,0,0,2,2,0,0,0,0.2961057249245714,False
4,0,1,0,0,1,0,0,0,2,0,0,0,1,1,0,1,0,0,1,0,0,0,1,0,3,-0.0027561152089454564,True
4,1,0,0,0,1,0,0,2,0,0,0,1,0,1,0,0,0,1,1,0,0,3,1,0,0,0.060778657334954786,True
4,0,0,2,0,0,0,0,0,0,2,0,2,0,0,0,0,2,0,0,0,2,0,0,0,2,0.015463891190445337,True
4,0,0,1,0,1,0,0,0,2,0,0,0,1,1,0,0,0,2,0,0,0,3,0,0,1,0.04322978049507883,True
4,0,0,2,0,0,0,0,0,2,0,0,1,0,1,0,1,0,0,1,0,0,0,3,1,0,0.07010140587626941,True
4,0,0,0,1,1,2,0,0,0,0,0,0,0,1,1,0,0,0,1,1,0,0,1,2,1,0.9153785454810248,False
4,2,0,0,0,0,1,0,0,1,0,0,1,1,0,0,0,0,2,0,0,0,0,2,0,2,0.6180953231358916,False
4,0,1,1,0,0,0,0,1,1,0,0,1,0,0,1,1,0,0,0,1,1,3,0,0,0,0.048406666467228875,True
4,2,0,0,0,0,0,1,1,0,0,0,2,0,0,0,0,1,1,0,0,1,0,1,2,0,0.0798153251648471,True
4,0,2,0,0,0,0,0,1,0,1,1,1,0,0,0,0,0,0,2,0,0,0,2,0,2,0.020778657334954844,True
4,0,0,1,0,1,0,0,2,0,0,1,1,0,0,0,0,2,0,0,0,1,2,0,1,0,0.06315050215285312,True
4,0,0,0,1,1,0,1,1,0,0,1,0,0,0,1,0,0,1,0,1,0,0,1,1,2,0.8831971711523,False
4,1,1,0,0,0,1,0,0,0,1,0,1,0,1,0,1,0,0,1,0,0,2,0,0,2,0.022123534221036557,True
4,1,0,0,0,1,0,0,1,1,0,1,0,0,1,0,2,0,0,0,0,3,1,0,0,0,0.14676443854343146,True
4,0,0,0,0,2,2,0,0,0,0,1,0,1,0,0,0,0,0,0,2,0,1,1,0,2,0.8794818588106429,False
4,0,0,0,2,0,1,0,0,0,1,1,1,0,0,0,0,1,0,0,1,0,3,1,0,0,0.03772488720910196,True
4,0,0,0,2,0,0,0,2,0,0,0,2,0,0,0,0,1,0,1,0,0,1,0,2,1,0.04979774298020354,True
4,0,0,0,0,2,0,0,2,0,0,1,1,0,0,0,0,0,2,0,0,1,0,0,2,1,0.9178937259612596,False
4,0,1,1,0,0,1,1,0,0,0,0,0,0,2,0,1,1,0,0,0,3,0,0,1,0,0.07525900765681742,True
4,1,1,0,0,0,2,0,0,0,0,2,0,0,0,0,0,1,0,1,0,0,0,3,1,0,0.10052523390365967,True
4,1,0,0,1,0,0,2,0,0,0,0,0,0,2,0,0,0,0,1,1,1,0,0,1,2,0.013365702547239426,True
4,0,1,0,1,0,1,0,0,0,1,0,0,1,1,0,0,2,0,0,0,4,0,0,0,0,0.06077865733495477,True
4,0,0,1,1,0,0,1,0,1,0,0,0,1,1,0,0,1,0,0,1,0,0,0,0,4,-0.018405198268408973,True
4,0,0,1,1,0,0,0,0,2,0,0,2,0,0,0,0,0,1,0,1,2,0,1,0,1,0.03811697379948904,True
4,0,0,0,1,1,0,1,0,1,0,1,0,0,1,0,0,1,1,0,0,0,3,0,1,0,0.05047928504682526,True
4,1,0,0,0,1,0,1,0,1,0,1,0,1,0,0,2,0,0,0,0,0,1,2,1,0,0.09133486564955384,True
4,0,0,0,1,1,0,0,1,1,0,0,1,0,0,1,0,0,0,1,1,2,0,1,0,1,0.7939350691965583,False
4,0,0,0,2,0,0,1,0,1,0,0,0,2,0,0,0,1,1,0,0,0,0,1,1,2,0.03536568351561808,True
4,1,0,1,0,0,0,0,1,1,0,0,0,2,0,0,1,0,1,0,0,0,1,0,3,0,0.0941988126828467,True
4,0,2,0,0,0,1,1,0,0,0,2,0,0,0,0,0,0,0,2,0,1,3,0,0,0,0.0714859314203057,True
4,0,1,0,1,0,1,1,0,0,0,1,1,0,0,0,0,1,0,0,1,2,2,0,0,0,0.057867652868531766,True
4,0,1,1,0,0,1,0,0,0,1,0,2,0,0,0,0,1,0,1,0,4,0,0,0,0,0.06294585181926635,True
4,0,1,1,0,0,0,1,0,1,0,0,1,0,1,0,0,0,2,0,0,1,0,0,2,1,0.05581431566916102,True
4,0,0,1,1,0,0,0,2,0,0,0,1,1,0,0,0,0,1,1,0,2,0,0,2,0,0.08249129418505977,True
4,1,0,1,0,0,0,0,1,1,0,0,0,0,1,1,0,0,1,0,1,1,0,0,0,3,0.8839720321920475,False
4,0,0,0,0,2,0,0,0,1,1,2,0,0,0,0,0,2,0,0,0,0,1,0,2,1,0.02637785396999439,True
4,1,0,0,1,0,2,0,0,0,0,0,2,0,0,0,1,0,0,1,0,0,2,0,2,0,0.07043362298741696,True
4,0,1,0,0,1,2,0,0,0,0,2,0,0,0,0,0,0,0,0,2,1,0,2,0,1,0.919481858810643,False
4,0,2,0,0,0,0,1,0,0,1,0,0,0,2,0,1,0,0,1,0,2,0,1,0,1,0.03526290001452228,True
4,0,0,2,0,0,1,0,0,0,1,0,0,0,1,1,1,0,0,1,0,0,2,0,1,1,0.1493298935029714,True
4,0,0,1,1,0,0,1,0,0,1,2,0,0,0,0,0,0,1,0,1,3,0,0,1,0,0.4046438743098298,True
4,0,2,0,0,0,0,0,0,0,2,0,0,0,1,1,0,0,0,2,0,1,0,0,0,3,-0.034736315526751264,True
4,1,1,0,0,0,0,1,1,0,0,0,0,1,1,0,1,0,1,0,0,1,0,0,2,1,0.07857372419718116,True
4,0,1,0,1,0,0,2,0,0,0,0,0,1,0,1,0,1,0,0,1,1,0,3,0,0,0.04841107065352924,True
4,0,1,0,0,1,0,0,0,1,1,2,0,0,0,0,2,0,0,0,0,0,0,1,3,0,0.08699089775824184,True
4,0,0,2,0,0,0,1,0,0,1,0,1,1,0,0,1,0,1,0,0,1,2,0,0,1,0.8435420382274281,False
4,0,0,0,2,0,1,0,0,1,0,0,0,0,2,0,1,0,0,1,0,0,2,2,0,0,0.06379758503282737,True
4,1,1,0,0,0,2,0,0,0,0,0,0,0,0,2,1,0,1,0,0,2,0,1,1,0,0.8828833708190706,False
4,0,0,0,0,2,1,0,0,0,1,0,1,0,0,1,0,0,2,0,0,0,3,0,1,0,0.04157188448243744,True
4,0,1,1,0,0,0,0,0,0,2,1,1,0,0,0,0,0,2,0,0,0,2,1,1,0,0.05592852999911112,True
4,0,0,0,1,1,0,1,0,0,1,0,0,0,0,2,0,0,0,2,0,0,1,0,1,2,-0.022877463898038675,True
4,0,1,0,1,0,1,0,0,0,1,2,0,0,0,0,0,0,1,1,0,0,2,2,0,0,0.06729404040188333,True
4,0,0,1,0,1,0,0,0,0,2,0,0,1,0,1,1,1,0,0,0,2,0,0,1,1,0.8891545659678879,False
4,1,0,0,0,1,0,0,0,2,0,1,0,1,0,0,2,0,0,0,0,2,1,0,1,0,0.0856952254642614,True
4,0,0,0,1,1,0,1,1,0,0,0,1,0,0,1,1,0,0,0,1,0,1,1,1,1,0.1401957314742518,True
4,0,0,1,1,0,0,0,1,1,0,0,1,0,1,0,1,1,0,0,0,1,1,0,0,2,0.03555152501320572,True
4,0,1,0,0,1,0,0,1,0,1,1,1,0,0,0,0,0,0,1,1,0,0,3,1,0,0.12789713098251615,True
4,0,0,0,2,0,1,0,0,0,1,0,0,0,1,1,0,0,1,0,1,4,0,0,0,0,0.1233205881652079,True
4,1,0,0,1,0,0,0,0,0,2,0,1,0,1,0,0,1,1,0,0,0,1,2,1,0,0.036970769965405166,True
4,0,1,1,0,0,2,0,0,0,0,0,1,0,1,0,0,1,1,0,0,0,0,1,1,2,0.04899819532430078,True
4,2,0,0,0,0,0,1,0,0,1,0,1,0,0,1,0,0,0,1,1,1,0,1,1,1,0.9180760920137174,False
4,1,0,0,1,0,2,0,0,0,0,0,0,1,1,0,0,0,2,0,0,3,0,0,0,1,0.6284658076495366,False
4,0,0,2,0,0,0,1,1,0,0,0,1,0,0,1,0,1,0,0,1,0,2,1,1,0,0.05828237052042128,True
4,0,0,2,0,0,0,1,0,0,1,0,0,2,0,0,1,0,0,1,0,1,0,0,2,1,0.8265652905410774,False
4,0,0,0,1,1,0,1,1,0,0,2,0,0,0,0,0,0,0,0,2,0,1,1,2,0,0.04615242279220761,True
4,1,0,0,0,1,1,1,0,0,0,0,1,1,0,0,1,0,0,0,1,3,0,0,1,0,0.13451307916389432,True
4,0,0,0,2,0,0,0,2,0,0,0,0,0,2,0,0,0,0,1,1,0,1,1,2,0,0.04614670788170304,True
4,2,0,0,0,0,1,0,0,0,1,0,1,1,0,0,1,0,0,1,0,4,0,0,0,0,0.6380640392467385,False
4,0,1,0,0,1,0,1,0,0,1,0,2,0,0,0,0,0,0,0,2,1,0,1,1,1,0.01810548827367948,True
4,1,1,0,0,0,0,2,0,0,0,0,0,1,1,0,0,1,0,0,1,3,0,1,0,0,0.0684051982519333,True
4,1,0,1,0,0,0,0,1,1,0,0,0,0,2,0,0,1,1,0,0,2,2,0,0,0,0.0761369347852976,True
4,2,0,0,0,0,0,0,0,2,0,1,0,0,1,0,1,1,0,0,0,3,1,0,0,0,0.08059551394942113,True
4,0,0,1,1,0,0,1,0,1,0,2,0,0,0,0,0,0,0,0,2,1,0,2,0,1,0.06760056426778137,True
4,0,0,0,2,0,0,0,0,0,2,0,0,1,0,1,0,0,0,1,1,0,2,1,0,1,0.009058742924351168,True
4,1,1,0,0,0,1,0,0,0,1,0,0,0,2,0,1,1,0,0,0,4,0,0,0,0,0.07218911764889692,True
4,0,1,1,0,0,1,1,0,0,0,2,0,0,0,0,0,1,0,1,0,0,0,2,2,0,0.07775516798836901,True
4,1,0,1,0,0,1,0,0,1,0,1,0,1,0,0,1,1,0,0,0,0,1,1,2,0,0.09090414465983973,True
4,0,0,1,0,1,1,0,0,1,0,0,0,0,2,0,2,0,0,0,0,0,0,0,2,2,0.027925117644204474,True
4,0,0,1,0,1,1,1,0,0,0,0,1,0,0,1,0,1,0,0,1,3,0,0,1,0,0.1260838807088448,True
4,0,1,0,0,1,0,0,1,1,0,0,0,0,2,0,1,0,1,0,0,2,0,0,1,1,0.04730582456976499,True
4,2,0,0,0,0,1,1,0,0,0,1,0,0,1,0,0,1,0,1,0,4,0,0,0,0,0.0921891176488969,True
4,0,1,0,0,1,0,0,0,2,0,0,1,0,0,1,0,1,1,0,0,1,0,2,1,0,0.041629488768315404,True
4,0,0,0,2,0,0,1,0,1,0,0,0,0,2,0,0,1,1,0,0,2,0,1,1,0,0.06426190304318477,True
4,1,0,0,1,0,0,1,0,0,1,0,0,0,0,2,1,0,0,1,0,0,3,0,0,1,0.01819192942625145,True
4,0,0,0,2,0,0,0,0,0,2,0,1,1,0,0,2,0,0,0,0,2,1,0,0,1,0.04458344752606835,True
4,0,1,0,1,0,0,1,1,0,0,0,0,1,0,1,1,1,0,0,0,0,4,0,0,0,0.05366170323379438,True
4,0,1,0,1,0,0,0,0,1,1,1,0,0,1,0,0,0,0,0,2,1,2,0,1,0,0.016135465188142958,True
4,0,0,0,2,0,1,0,0,0,1,0,1,1,0,0,0,0,1,0,1,0,2,1,0,1,0.034294704862541325,True
4,0,0,1,1,0,1,0,0,0,1,1,0,0,0,1,0,0,2,0,0,1,1,0,2,0,0.08520308237749318,True
4,0,1,0,1,0,0,0,1,0,1,0,0,2,0,0,2,0,0,0,0,1,3,0,0,0,0.07556987158717407,True
4,0,0,0,2,0,0,0,1,0,1,1,0,0,0,1,0,0,0,2,0,2,0,0,2,0,0.02888400541297393,True
4,0,1,0,1,0,1,0,0,0,1,1,0,0,1,0,1,0,1,0,0,0,0,0,4,0,0.05010140587626945,True
4,0,0,0,0,2,0,0,1,1,0,0,0,2,0,0,0,0,1,0,1,1,0,2,1,0,0.8592914573541749,False
4,0,1,1,0,0,0,0,2,0,0,1,0,0,1,0,0,2,0,0,0,2,0,2,0,0,0.09557618937034429,True
4,0,0,1,0,1,0,0,0,0,2,0,0,0,2,0,1,0,1,0,0,2,0,1,1,0,0.09997463294020437,True
4,0,0,1,0,1,1,0,0,1,0,1,0,0,0,1,1,0,0,0,1,0,1,0,1,2,0.8802716328069066,False
4,0,0,0,2,0,0,1,1,0,0,0,0,2,0,0,1,1,0,0,0,2,0,0,2,0,0.07525329447918506,True
4,2,0,0,0,0,2,0,0,0,0,0,0,0,0,2,0,0,1,1,0,0,1,1,1,1,0.9196823918539526,False
4,1,0,1,0,0,0,0,1,1,0,0,0,0,0,2,1,0,1,0,0,0,1,1,0,2,0.9071617059767828,False
4,0,0,2,0,0,0,0,2,0,0,0,0,2,0,0,0,0,1,1,0,1,2,0,1,0,0.12983904327308918,True
4,0,1,1,0,0,0,2,0,0,0,1,0,0,1,0,1,0,1,0,0,0,2,1,0,1,0.06502343253953184,True
4,0,2,0,0,0,1,0,1,0,0,0,1,0,1,0,2,0,0,0,0,2,0,1,0,1,0.07556355248500345,True
4,1,0,0,0,1,0,0,0,0,2,0,0,1,1,0,0,0,0,1,1,0,0,3,1,0,0.36464387430982986,True
4,0,1,0,0,1,0,1,0,1,0,0,1,1,0,0,0,1,1,0,0,0,0,1,3,0,0.05157619916843091,True
4,0,0,2,0,0,1,0,1,0,0,0,2,0,0,0,0,1,0,0,1,1,0,0,1,2,0.0838054906485654,True
4,0,1,0,0,1,1,1,0,0,0,1,0,0,0,1,0,1,0,1,0,0,2,1,1,0,0.038442656417182024,True
4,0,1,1,0,0,0,1,0,0,1,1,1,0,0,0,1,0,1,0,0,1,0,2,1,0,0.10205488985629266,True
4,0,1,0,0,1,0,2,0,0,0,0,0,0,0,2,0,0,1,1,0,1,0,0,0,3,-0.012207566106558779,True
4,0,1,1,0,0,1,0,0,0,1,2,0,0,0,0,2,0,0,0,0,0,3,1,0,0,0.11312778555766288,True
4,1,0,0,1,0,1,0,0,0,1,0,1,0,0,1,0,1,0,1,0,0,2,1,1,0,0.036135465188882415,True
4,0,0,1,0,1,0,0,0,2,0,1,0,0,1,0,0,0,0,2,0,0,0,2,0,2,0.01130264845234303,True
4,1,0,0,1,0,0,0,0,2,0,0,0,1,1,0,0,1,1,0,0,1,0,2,0,1,0.05496332795497824,True
4,0,0,2,0,0,0,1,1,0,0,0,1,0,1,0,2,0,0,0,0,2,0,0,1,1,0.0897540338838037,True
4,0,0,0,0,2,0,0,0,0,2,1,0,0,0,1,1,1,0,0,0,1,3,0,0,0,0.0313572984650107,True
4,2,0,0,0,0,0,0,0,2,0,0,0,1,0,1,1,0,0,0,1,0,3,1,0,0,0.052189117648896936,True
4,0,0,2,0,0,0,2,0,0,0,1,1,0,0,0,0,2,0,0,0,1,0,0,0,3,0.022950961519267846,True
4,0,0,0,2,0,0,1,0,0,1,0,0,1,1,0,0,0,0,0,2,2,1,0,1,0,0.01653208099187669,True
4,0,1,0,0,1,0,0,0,0,2,1,0,0,0,1,0,1,1,0,0,1,0,1,2,0,0.0620678013570098,True
4,0,0,1,0,1,0,0,0,0,2,0,0,0,1,1,0,0,0,2,0,0,0,1,1,2,0.008488015104373383,True
4,0,0,1,0,1,1,1,0,0,0,0,0,1,0,1,0,2,0,0,0,3,0,0,0,1,0.07347265709067352,True
4,0,0,0,0,2,1,0,0,1,0,0,0,0,1,1,0,0,1,0,1,2,2,0,0,0,0.06501991352889502,True
4,0,1,0,1,0,0,0,0,1,1,1,1,0,0,0,1,0,1,0,0,1,1,1,0,1,0.05812607934119744,True
4,0,0,0,2,0,0,1,1,0,0,0,0,1,0,1,0,0,1,0,1,1,1,0,0,2,0.024583447526068385,True
4,0,1,0,0,1,0,1,1,0,0,0,2,0,0,0,0,0,0,0,2,1,0,1,2,0,0.02407704435279887,True
4,2,0,0,0,0,2,0,0,0,0,0,1,1,0,0,1,0,1,0,0,0,0,2,0,2,0.9541675642427279,False
4,0,0,0,0,2,0,1,1,0,0,1,0,0,0,1,0,0,0,0,2,0,0,4,0,0,0.8941206550599465,False
4,0,0,2,0,0,1,1,0,0,0,0,0,1,0,1,0,0,1,0,1,2,0,1,0,1,0.9360243834495511,False
4,0,0,1,1,0,1,1,0,0,0,1,0,1,0,0,0,0,1,0,1,1,0,1,2,0,0.08769508483620995,True
4,0,1,0,0,1,0,1,0,1,0,0,0,0,0,2,0,0,0,2,0,2,0,0,2,0,0.010208004622141177,True
4,0,1,0,1,0,0,0,0,2,0,0,1,1,0,0,1,0,1,0,0,2,0,1,0,1,0.05811697379948901,True
4,0,0,0,1,1,0,0,2,0,0,2,0,0,0,0,0,1,0,0,1,1,1,0,1,1,0.93894522905671,False
4,0,2,0,0,0,0,1,0,0,1,1,0,0,0,1,0,2,0,0,0,1,1,0,2,0,0.03440572511539388,True
4,0,1,0,1,0,1,0,0,1,0,2,0,0,0,0,0,2,0,0,0,1,0,0,2,1,0.05581431566916102,True
4,0,0,2,0,0,0,1,0,1,0,0,0,2,0,0,0,2,0,0,0,1,0,2,1,0,0.08452335913449811,True
4,0,2,0,0,0,0,2,0,0,0,0,0,2,0,0,0,0,2,0,0,0,0,0,3,1,0.06362354797347891,True
4,2,0,0,0,0,0,0,2,0,0,0,0,2,0,0,2,0,0,0,0,0,2,2,0,0,0.9869919057467036,False
4,1,0,0,1,0,1,0,0,0,1,0,1,0,0,1,0,0,0,2,0,0,0,2,1,1,0.02730582456976502,True
4,0,1,0,1,0,0,0,0,1,1,0,0,1,1,0,0,1,1,0,0,1,1,0,1,1,0.038984273443790116,True
4,2,0,0,0,0,2,0,0,0,0,1,1,0,0,0,0,0,1,1,0,0,0,2,0,2,0.6180765569020843,False
4,0,1,1,0,0,0,0,1,0,1,0,2,0,0,0,0,0,2,0,0,0,1,1,1,1,0.061735263613843995,True
4,1,0,0,1,0,0,0,2,0,0,0,0,0,2,0,1,0,0,1,0,1,1,0,1,1,0.054530360756177544,True
4,0,0,0,2,0,1,0,1,0,0,2,0,0,0,0,0,0,0,0,2,2,0,1,0,1,0.5884658076495367,False
4,2,0,0,0,0,1,0,0,0,1,1,0,1,0,0,0,1,1,0,0,2,2,0,0,0,0.292856811260909,False
4,0,0,0,2,0,1,0,1,0,0,1,0,1,0,0,0,0,0,1,1,1,1,2,0,0,0.09431615283872548,True
4,1,0,0,0,1,0,0,2,0,0,0,0,0,1,1,1,1,0,0,0,0,0,1,3,0,0.06241588950407071,True
4,0,2,0,0,0,1,0,0,0,1,1,0,0,1,0,0,0,0,2,0,0,0,2,2,0,0.049202627576270565,True
4,0,0,1,1,0,1,1,0,0,0,2,0,0,0,0,0,0,2,0,0,2,1,0,1,0,0.1113348656495538,True
4,0,0,1,1,0,1,0,0,1,0,0,0,1,1,0,0,0,2,0,0,0,1,1,0,2,0.058141448603797774,True
4,0,0,0,0,2,1,0,1,0,0,0,0,1,0,1,0,0,0,0,2,0,1,0,2,1,0.8785020578992988,False
4,0,1,0,1,0,1,0,0,0,1,0,1,0,0,1,1,0,1,0,0,0,3,1,0,0,0.048405198251933325,True
4,0,1,0,1,0,0,0,1,0,1,0,0,0,0,2,0,1,1,0,0,0,1,0,3,0,0.014515426561932804,True
4,0,0,1,1,0,0,0,0,0,2,0,0,1,0,1,1,1,0,0,0,1,1,0,1,1,0.06364671968070552,True
4,1,0,0,0,1,1,1,0,0,0,0,0,1,0,1,0,0,0,2,0,0,0,2,2,0,0.04249129418505983,True
4,1,0,1,0,0,0,0,0,2,0,1,0,0,1,0,0,0,1,1,0,1,0,0,1,2,0.03772512403235553,True
4,0,0,0,0,2,1,0,0,1,0,1,0,0,1,0,0,0,0,2,0,0,2,0,0,2,-0.005181758985411221,True
4,1,0,1,0,0,0,1,0,0,1,0,0,1,0,1,0,0,1,1,0,0,0,0,2,2,0.7865652905410775,False
4,0,2,0,0,0,0,0,1,1,0,0,0,0,1,1,0,0,0,2,0,0,0,2,2,0,0.0481028448741309,True
4,1,1,0,0,0,0,1,1,0,0,2,0,0,0,0,0,0,0,0,2,1,1,0,1,1,0.08407112813866167,True
4,1,0,0,1,0,1,1,0,0,0,1,0,0,0,1,0,0,0,2,0,1,1,0,0,2,0.02231641811097021,True
4,0,1,0,1,0,0,2,0,0,0,0,0,2,0,0,0,2,0,0,0,0,0,1,2,1,0.0535951591201084,True
4,1,0,0,1,0,0,0,0,0,2,0,0,1,1,0,2,0,0,0,0,2,1,0,0,1,0.1413622891106131,True
4,0,2,0,0,0,2,0,0,0,0,0,0,1,1,0,0,0,0,1,1,0,1,0,2,1,0.04735130867405839,True
4,1,0,1,0,0,2,0,0,0,0,1,0,0,0,1,0,0,1,0,1,0,1,1,0,2,0.918652638074619,False
4,0,0,2,0,0,0,0,1,1,0,0,1,0,0,1,0,0,0,0,2,0,0,2,2,0,0.07168657426512914,True
4,0,1,1,0,0,2,0,0,0,0,0,2,0,0,0,0,0,0,1,1,0,0,4,0,0,0.08985759034877593,True
4,0,0,1,0,1,1,0,1,0,0,0,0,1,1,0,1,0,0,1,0,0,2,1,1,0,0.06954037900022986,True
4,0,0,1,1,0,1,0,1,0,0,0,1,1,0,0,1,0,0,1,0,1,1,0,1,1,0.07393224929401,True
4,0,1,0,1,0,0,0,0,1,1,0,0,1,0,1,0,0,1,0,1,2,0,0,0,2,0.09846071147341413,True
4,1,0,0,1,0,0,0,0,2,0,2,0,0,0,0,0,1,0,1,0,1,3,0,0,0,0.06845813223946548,True
4,0,1,1,0,0,0,1,0,0,1,0,0,0,1,1,0,0,0,2,0,2,1,1,0,0,0.044138291964289304,True
4,0,0,1,0,1,0,0,1,1,0,1,1,0,0,0,0,0,0,2,0,0,0,4,0,0,0.0680961357448387,True
4,1,0,1,0,0,0,0,0,1,1,0,0,0,2,0,0,0,0,0,2,0,1,1,2,0,0.020222247581376692,True
4,0,2,0,0,0,0,0,0,1,1,2,0,0,0,0,1,0,0,1,0,0,2,0,1,1,0.04760139740775122,True
4,0,1,1,0,0,0,0,0,1,1,0,0,1,0,1,0,0,0,0,2,0,0,2,2,0,0.0620678013570098,True
4,0,0,1,1,0,0,2,0,0,0,1,1,0,0,0,0,0,1,1,0,0,0,0,4,0,0.06618310533548337,True
4,0,0,0,2,0,0,2,0,0,0,0,1,1,0,0,0,2,0,0,0,0,0,1,1,2,0.030611487110462927,True
4,0,1,1,0,0,0,1,1,0,0,1,0,0,0,1,0,1,1,0,0,0,0,1,3,0,0.060778657334954765,True
4,0,2,0,0,0,0,1,0,0,1,1,0,0,0,1,0,1,0,0,1,1,0,0,3,0,0.02141252383644154,True
4,1,0,1,0,0,0,0,2,0,0,0,0,0,2,0,0,0,1,0,1,0,0,4,0,0,0.6284658076495366,False
4,1,1,0,0,0,0,2,0,0,0,0,0,0,1,1,1,0,0,0,1,0,0,0,4,0,0.03335790814548113,True
4,0,1,1,0,0,0,0,0,2,0,0,0,0,1,1,1,0,0,0,1,0,2,0,2,0,0.03187918207089527,True
4,0,0,1,0,1,0,0,2,0,0,0,1,0,0,1,0,1,1,0,0,0,2,0,1,1,0.1675642729714552,True
4,0,0,0,1,1,0,1,0,1,0,0,0,0,2,0,0,0,1,0,1,2,0,0,0,2,0.0015948017307563659,True
4,2,0,0,0,0,1,1,0,0,0,1,0,0,0,1,0,1,0,0,1,2,1,0,1,0,0.10433353447886126,True
4,0,0,0,0,2,0,0,1,1,0,2,0,0,0,0,1,0,0,1,0,0,0,1,3,0,0.04326272953053565,True
4,2,0,0,0,0,0,1,0,1,0,0,0,0,1,1,0,0,0,0,2,0,2,0,2,0,0.018811982536659833,True
4,1,0,0,1,0,0,1,1,0,0,2,0,0,0,0,0,2,0,0,0,0,0,2,2,0,0.07775516798836901,True
4,0,2,0,0,0,0,0,0,1,1,2,0,0,0,0,0,1,1,0,0,2,1,0,0,1,0.058445203196234224,True
4,0,0,1,1,0,0,0,0,0,2,0,0,2,0,0,1,1,0,0,0,0,0,0,3,1,0.05773424789700065,True
4,0,0,0,1,1,0,0,1,0,1,1,0,0,1,0,0,0,1,0,1,0,1,1,1,1,0.790604620907629,False
4,0,0,0,0,2,1,0,1,0,0,2,0,0,0,0,0,0,1,0,1,0,4,0,0,0,0.11457022642952398,True
4,1,0,1,0,0,0,0,1,1,0,0,2,0,0,0,0,0,2,0,0,2,0,0,0,2,0.09384046706686863,True
4,0,0,0,0,2,0,1,0,1,0,0,0,0,1,1,0,0,1,1,0,3,0,0,1,0,0.026454268523503143,True
4,0,1,0,1,0,1,0,1,0,0,0,1,0,0,1,0,0,2,0,0,0,0,1,2,1,0.07689702456260275,True
4,1,1,0,0,0,1,0,0,1,0,0,1,0,1,0,0,1,0,1,0,1,0,3,0,0,0.07316005389067184,True
4,1,0,1,0,0,1,0,0,1,0,0,0,0,2,0,0,0,2,0,0,2,0,1,0,1,0.09989855995460704,True
4,0,0,0,2,0,0,0,1,0,1,0,0,0,1,1,1,1,0,0,0,1,1,1,0,1,0.0332510031524558,True
4,1,0,1,0,0,1,0,0,1,0,0,0,1,0,1,0,0,0,1,1,1,1,2,0,0,0.4253384431488504,True
4,0,0,0,0,2,1,1,0,0,0,0,0,1,0,1,1,0,0,0,1,2,1,1,0,0,0.8426026679046551,False
4,1,0,0,0,1,0,1,1,0,0,1,0,0,1,0,0,0,0,1,1,0,0,2,2,0,0.05301554544267323,True
4,1,0,0,0,1,1,1,0,0,0,1,0,0,0,1,1,0,0,1,0,0,0,1,2,1,0.08295652791258988,True
4,0,0,2,0,0,1,0,1,0,0,2,0,0,0,0,1,0,0,1,0,2,0,0,1,1,0.9635051118855726,False
4,1,1,0,0,0,0,0,0,0,2,0,0,1,0,1,1,0,1,0,0,1,1,1,0,1,0.9092827282743655,False
4,1,1,0,0,0,1,0,1,0,0,0,0,1,0,1,0,0,0,0,2,1,3,0,0,0,0.07347265709067347,True
4,0,1,0,0,1,1,1,0,0,0,0,1,0,1,0,0,0,0,0,2,0,0,0,1,3,-0.022143552024861457,True
4,0,0,2,0,0,0,2,0,0,0,0,2,0,0,0,0,0,1,1,0,1,2,0,0,1,0.058109651202238585,True
4,2,0,0,0,0,0,2,0,0,0,1,1,0,0,0,1,1,0,0,0,1,1,2,0,0,0.08574048252883999,True
4,0,1,0,0,1,1,0,0,0,1,0,2,0,0,0,0,0,1,0,1,0,1,0,2,1,0.027253717520604244,True
4,1,0,1,0,0,0,0,1,0,1,0,0,1,0,1,1,0,0,1,0,2,0,1,1,0,0.8792914573541749,False
4,0,0,0,0,2,0,0,0,0,2,0,1,0,1,0,0,0,0,1,1,1,0,1,1,1,0.019988306475813768,True
4,0,1,1,0,0,1,1,0,0,0,0,0,0,0,2,1,0,1,0,0,0,0,0,3,1,0.061177481367865404,True
4,0,2,0,0,0,0,1,0,1,0,1,1,0,0,0,2,0,0,0,0,0,0,1,3,0,0.07014067523575157,True
4,0,0,1,1,0,1,0,0,0,1,0,0,0,0,2,0,1,1,0,0,1,2,1,0,0,0.054492921696604774,True
4,0,0,1,0,1,0,0,1,0,1,0,0,0,2,0,0,0,1,0,1,1,0,0,3,0,0.023262729530535688,True
4,0,0,1,0,1,1,1,0,0,0,0,0,0,0,2,1,0,1,0,0,1,2,0,0,1,0.9033874135999408,False
4,0,0,2,0,0,2,0,0,0,0,0,1,1,0,0,1,0,1,0,0,2,1,0,1,0,0.3145330861901674,False
4,0,0,1,1,0,0,0,1,1,0,2,0,0,0,0,1,0,0,1,0,4,0,0,0,0,0.11989855995460699,True
4,1,0,0,1,0,0,1,1,0,0,0,1,1,0,0,0,0,1,0,1,0,1,1,2,0,0.05994520227953906,True
4,0,0,1,0,1,0,1,0,1,0,0,0,2,0,0,0,2,0,0,0,0,0,0,0,4,-0.004430128412825795,True
4,1,1,0,0,0,0,2,0,0,0,0,1,0,1,0,0,0,0,2,0,0,1,0,3,0,0.06521597222222222,True
4,0,1,1,0,0,1,1,0,0,0,2,0,0,0,0,0,0,2,0,0,4,0,0,0,0,0.6588197091460257,False
4,1,1,0,0,0,1,0,0,1,0,0,0,0,2,0,1,0,0,0,1,1,1,0,2,0,0.05006205976801537,True
4,0,1,1,0,0,0,0,2,0,0,1,0,0,1,0,0,0,1,1,0,1,1,0,0,2,0.06458344752606832,True
4,0,0,2,0,0,1,1,0,0,0,0,0,0,1,1,0,0,1,0,1,0,0,4,0,0,0.955412915818267,False
4,2,0,0,0,0,0,2,0,0,0,0,1,0,0,1,1,0,1,0,0,0,0,0,3,1,0.0671528950051558,True
4,0,0,1,0,1,2,0,0,0,0,0,0,1,1,0,0,1,1,0,0,0,1,1,2,0,0.07090414465983975,True
4,1,0,1,0,0,1,0,1,0,0,0,0,1,0,1,0,1,0,0,1,2,1,1,0,0,0.9583334224510066,False
4,0,1,1,0,0,0,1,1,0,0,2,0,0,0,0,0,0,1,0,1,2,1,0,1,0,0.0947312825200951,True
4,0,0,1,0,1,0,1,0,0,1,2,0,0,0,0,0,2,0,0,0,0,1,3,0,0,0.08302345637740252,True
4,0,0,0,2,0,0,0,1,0,1,0,1,1,0,0,0,0,0,0,2,0,0,0,4,0,0.010101405876269506,True
4,0,0,1,1,0,1,0,0,1,0,0,0,1,0,1,0,1,0,0,1,0,3,0,1,0,0.03787749828726175,True
4,0,1,0,1,0,0,0,2,0,0,0,1,1,0,0,0,0,1,1,0,1,2,0,1,0,0.07382630478549748,True
4,0,1,0,0,1,2,0,0,0,0,1,0,1,0,0,0,0,1,1,0,3,0,0,1,0,0.42464387430982975,True
4,0,1,0,0,1,1,0,0,1,0,0,1,0,1,0,1,0,0,1,0,0,4,0,0,0,0.049972663042953926,True
4,0,0,0,1,1,0,1,0,0,1,0,0,1,0,1,0,1,0,1,0,0,0,2,2,0,0.0262609233319815,True
4,0,0,0,2,0,0,0,0,0,2,0,1,0,0,1,0,0,1,0,1,0,0,3,1,0,0.028894053990902682,True
4,0,1,0,1,0,0,0,2,0,0,0,0,2,0,0,2,0,0,0,0,0,1,1,2,0,0.09090414465983973,True
4,0,2,0,0,0,0,1,0,1,0,0,1,0,1,0,0,1,0,0,1,0,0,0,4,0,0.04623274182818077,True
4,0,0,0,1,1,0,0,1,1,0,0,0,2,0,0,0,1,1,0,0,1,0,0,3,0,0.06159480173075627,True
4,0,0,0,0,2,0,1,1,0,0,0,0,0,1,1,0,0,0,1,1,0,4,0,0,0,0.0080395523852414,True
4,0,0,1,1,0,1,0,1,0,0,0,0,0,1,1,0,0,2,0,0,2,0,0,1,1,0.9388984571592408,False
4,0,0,0,2,0,0,1,1,0,0,0,0,0,1,1,1,0,0,1,0,1,0,1,0,2,0.021594801730756334,True
4,1,0,0,1,0,0,0,1,0,1,1,0,0,1,0,0,1,0,0,1,0,0,1,3,0,0.03724388479105446,True
4,0,0,0,1,1,0,1,0,0,1,0,1,1,0,0,0,1,0,0,1,0,1,0,0,3,0.09878883287263351,True
4,0,0,0,1,1,0,0,1,1,0,0,1,0,0,1,2,0,0,0,0,0,0,0,3,1,0.08368772440844692,True
4,1,1,0,0,0,0,0,1,0,1,2,0,0,0,0,0,1,0,0,1,0,0,2,0,2,0.9092827282743655,False
4,0,0,0,1,1,0,1,1,0,0,0,2,0,0,0,0,0,0,2,0,1,2,0,0,1,0.034479269267125974,True
4,1,0,0,1,0,1,0,0,1,0,0,0,0,0,2,1,0,1,0,0,1,0,2,0,1,0.5884658076495367,False
4,0,0,2,0,0,0,0,2,0,0,1,0,0,1,0,1,0,0,0,1,0,4,0,0,0,0.08312017646985234,True
4,0,1,0,0,1,0,0,2,0,0,2,0,0,0,0,0,0,1,1,0,0,1,2,0,1,0.9429253840720512,False
4,1,0,0,1,0,0,1,0,0,1,0,1,1,0,0,0,0,1,0,1,1,1,1,0,1,0.08062308598343937,True
4,0,1,1,0,0,1,0,1,0,0,0,0,1,1,0,2,0,0,0,0,0,2,1,1,0,0.0933969227100319,True
4,0,1,0,1,0,0,1,0,1,0,0,0,0,1,1,0,0,1,1,0,0,0,0,3,1,0.03078650454218434,True
4,0,0,1,0,1,0,0,1,1,0,2,0,0,0,0,1,0,1,0,0,0,4,0,0,0,0.08311480368231232,True
4,1,0,0,0,1,1,0,0,0,1,0,0,2,0,0,0,0,1,1,0,1,0,2,1,0,0.8792914573541749,False
4,1,1,0,0,0,0,2,0,0,0,0,0,2,0,0,1,0,0,0,1,1,2,0,1,0,0.06298455786847337,True
4,1,0,1,0,0,0,1,0,0,1,0,0,0,0,2,0,0,0,0,2,0,2,1,1,0,0.09859795315109929,True
4,0,0,0,0,2,1,1,0,0,0,0,0,0,1,1,0,0,0,1,1,1,2,0,1,0,0.017318000772288806,True
4,1,0,0,0,1,0,0,0,2,0,0,0,0,2,0,0,1,0,1,0,0,1,1,0,2,0.007184866912815328,True
4,0,0,1,0,1,0,1,1,0,0,0,1,0,0,1,1,0,1,0,0,2,0,2,0,0,0.9519614256942849,False
4,2,0,0,0,0,0,0,1,1,0,1,0,0,0,1,0,0,0,2,0,0,0,3,0,1,0.07989855995460707,True
4,1,0,0,0,1,1,1,0,0,0,1,0,0,1,0,1,0,1,0,0,2,0,0,1,1,0.1757288975078359,True
4,1,0,0,1,0,1,1,0,0,0,1,0,1,0,0,0,0,1,0,1,1,1,1,1,0,0.09133486564955384,True
4,1,0,1,0,0,0,1,1,0,0,0,0,1,0,1,0,1,1,0,0,1,1,0,2,0,0.07452912703100617,True
4,1,0,0,0,1,1,0,1,0,0,1,1,0,0,0,0,0,0,0,2,1,0,1,2,0,0.2502427966714433,False
4,1,1,0,0,0,1,0,0,0,1,1,0,0,0,1,0,1,0,1,0,0,0,0,2,2,0.018573724197181257,True
4,1,0,1,0,0,0,2,0,0,0,0,0,1,0,1,0,0,1,1,0,0,0,0,3,1,0.051648585129738814,True
4,1,0,1,0,0,1,0,0,1,0,0,2,0,0,0,0,2,0,0,0,0,0,2,1,1,0.060030642187083566,True
4,0,1,0,0,1,1,0,0,0,1,2,0,0,0,0,2,0,0,0,0,1,1,0,1,1,0.9378366058935234,False
4,0,0,0,0,2,0,1,1,0,0,0,0,0,1,1,0,0,0,1,1,0,1,3,0,0,0.11187255274055333,True
4,0,1,0,0,1,1,0,1,0,0,1,0,0,1,0,1,0,1,0,0,0,3,1,0,0,0.08780310564304387,True
4,1,1,0,0,0,2,0,0,0,0,1,0,1,0,0,1,0,1,0,0,0,0,0,2,2,0.9430421412632299,False
4,0,0,1,0,1,0,0,1,1,0,1,1,0,0,0,0,1,1,0,0,0,3,0,1,0,0.05721587610026253,True
4,0,1,1,0,0,0,0,1,1,0,0,0,1,0,1,1,1,0,0,0,2,0,2,0,0,0.11384297797801046,True
4,1,1,0,0,0,0,1,0,1,0,0,0,0,0,2,0,0,0,0,2,1,2,1,0,0,0.01016986273147548,True
4,0,0,0,2,0,1,0,1,0,0,0,1,0,1,0,2,0,0,0,0,1,0,2,0,1,0.0680961357448387,True
4,1,0,0,1,0,1,0,0,0,1,0,2,0,0,0,0,0,2,0,0,0,1,0,0,3,0.030052390261283094,True
4,0,0,1,1,0,1,0,1,0,0,0,0,0,2,0,0,2,0,0,0,1,1,0,0,2,0.03555152501320572,True
4,0,0,1,1,0,0,0,1,1,0,0,2,0,0,0,1,0,0,1,0,1,1,1,1,0,0.07068699837028763,True
4,0,1,0,0,1,0,2,0,0,0,0,0,2,0,0,0,0,1,1,0,0,1,0,2,1,0.047351308679317694,True
4,1,1,0,0,0,0,0,0,1,1,1,0,0,1,0,1,0,1,0,0,2,0,2,0,0,0.17846583033033625,True
4,1,1,0,0,0,1,0,0,1,0,1,0,0,1,0,0,0,2,0,0,2,0,0,0,2,0.08760056426778133,True
4,0,0,0,2,0,0,1,0,1,0,0,0,2,0,0,0,0,0,2,0,2,2,0,0,0,0.06598212330588706,True
4,0,0,0,0,2,0,0,0,0,2,0,0,0,1,1,0,1,0,0,1,0,0,1,3,0,0.006990897758241969,True
4,1,0,0,0,1,0,1,0,1,0,0,0,1,0,1,0,0,1,1,0,1,0,1,0,2,0.04760056426778139,True
4,0,1,0,1,0,0,2,0,0,0,1,0,0,0,1,1,0,1,0,0,1,0,0,1,2,0.02899819532430081,True
4,1,0,0,1,0,1,0,1,0,0,0,0,2,0,0,0,2,0,0,0,0,1,2,1,0,0.08832578390212857,True
4,0,0,1,0,1,0,0,2,0,0,1,0,0,0,1,0,0,0,1,1,1,2,0,1,0,0.13955828408165724,True
4,1,0,0,1,0,0,0,1,0,1,0,1,1,0,0,0,0,1,0,1,0,1,1,1,1,0.0836467196807055,True
4,0,1,0,0,1,0,0,1,1,0,2,0,0,0,0,1,0,0,1,0,3,0,0,0,1,0.14332058816520787,True
4,0,2,0,0,0,0,1,0,1,0,1,0,0,1,0,0,0,0,1,1,0,0,1,0,3,-0.0022751128400895627,True
4,0,0,0,0,2,0,0,0,1,1,0,1,0,1,0,0,0,0,0,2,2,0,1,1,0,0.016842726680284473,True
4,0,1,1,0,0,0,0,0,1,1,0,0,0,2,0,1,0,0,0,1,1,0,0,1,2,0.01288613752552577,True
4,1,0,0,0,1,1,0,0,0,1,0,0,2,0,0,0,1,0,1,0,1,2,0,0,1,0.08426077981860668,True
4,0,0,0,1,1,1,0,0,1,0,1,0,0,1,0,0,0,1,0,1,0,0,1,0,3,0.08332058816520796,True
4,1,1,0,0,0,0,0,1,1,0,1,1,0,0,0,1,0,1,0,0,1,0,0,3,0,0.07811697379948895,True
4,0,1,1,0,0,0,0,1,1,0,0,0,0,1,1,1,0,0,1,0,1,0,0,1,2,0.03288613752552574,True
4,0,0,0,2,0,1,0,0,0,1,1,0,0,1,0,2,0,0,0,0,0,3,0,0,1,0.04322978049507883,True
4,0,0,2,0,0,1,0,0,1,0,0,0,2,0,0,1,0,1,0,0,0,1,1,0,2,0.9482474414345129,False
4,1,0,1,0,0,2,0,0,0,0,1,1,0,0,0,2,0,0,0,0,4,0,0,0,0,0.9896509321198151,False
4,0,0,1,0,1,1,0,0,0,1,0,0,1,0,1,0,1,0,1,0,0,1,1,2,0,0.030904144659839823,True
4,1,0,0,0,1,0,1,1,0,0,1,0,1,0,0,0,1,0,1,0,1,1,0,0,2,0.05005239026128306,True
4,1,1,0,0,0,0,1,0,0,1,1,0,0,0,1,0,1,0,1,0,0,1,0,0,3,-0.0018834405095838954,True
4,1,0,0,0,1,0,0,1,0,1,0,0,0,0,2,2,0,0,0,0,0,1,0,2,1,0.8985257305823792,False
4,0,1,0,0,1,2,0,0,0,0,0,0,2,0,0,0,1,0,0,1,1,0,0,0,3,0.8992962702181623,False
4,1,0,0,0,1,0,1,0,1,0,1,0,0,1,0,0,1,0,1,0,0,0,3,0,1,0.03811697379948904,True
4,1,1,0,0,0,0,0,0,1,1,0,0,2,0,0,0,1,1,0,0,0,1,0,1,2,0.061546765354921845,True
4,2,0,0,0,0,1,0,0,1,0,1,0,0,1,0,0,0,0,1,1,3,0,1,0,0,0.16332058816520784,True
4,1,1,0,0,0,0,1,0,1,0,0,0,0,0,2,1,0,0,0,1,3,0,0,1,0,0.040525233903659766,True
4,1,0,1,0,0,0,2,0,0,0,0,0,1,1,0,0,0,0,1,1,0,0,0,0,4,0.007798836701101278,True
4,0,1,0,1,0,1,0,0,1,0,0,2,0,0,0,0,0,0,1,1,0,0,4,0,0,0.05772488715991033,True
4,0,1,0,0,1,0,0,0,1,1,0,0,0,1,1,0,0,1,1,0,1,2,0,0,1,0.06692940349165635,True
4,0,0,1,1,0,0,0,1,1,0,0,1,0,0,1,1,0,0,1,0,0,0,2,1,1,0.04730582456976499,True
4,0,0,0,1,1,0,2,0,0,0,1,1,0,0,0,0,1,1,0,0,0,2,2,0,0,0.05846640610675883,True
4,0,0,0,0,2,1,0,1,0,0,0,2,0,0,0,0,1,0,1,0,1,1,0,1,1,0.024850155610747535,True
4,1,0,1,0,0,0,0,1,1,0,0,0,0,2,0,1,0,0,1,0,1,0,0,3,0,0.06520198039038466,True
4,1,1,0,0,0,2,0,0,0,0,0,1,0,1,0,0,0,1,0,1,3,0,0,1,0,0.0805252339036597,True
4,2,0,0,0,0,0,1,1,0,0,1,1,0,0,0,1,0,0,0,1,1,0,2,1,0,0.1551087586391115,True
4,1,0,0,1,0,0,0,0,2,0,0,0,1,0,1,0,1,0,1,0,2,1,0,0,1,0.03265267093734333,True
4,0,0,1,1,0,0,1,1,0,0,1,0,0,0,1,1,1,0,0,0,2,1,1,0,0,0.08311301255492101,True
4,0,1,0,1,0,0,0,0,0,2,0,0,0,0,2,0,1,0,1,0,0,1,0,0,3,-0.05397228655757314,True
4,1,0,0,0,1,0,0,0,2,0,0,0,2,0,0,0,0,1,0,1,0,1,2,0,1,0.1413622891106131,True
4,0,0,2,0,0,2,0,0,0,0,0,0,0,1,1,0,0,0,2,0,0,0,2,2,0,0.06755125780867369,True
4,1,0,1,0,0,1,0,0,0,1,1,0,0,1,0,1,0,1,0,0,0,0,0,3,1,0.821978345724136,False
4,0,1,1,0,0,0,0,0,2,0,1,0,1,0,0,0,0,0,2,0,1,2,0,0,1,0.05107809873475121,True
4,0,1,0,1,0,0,2,0,0,0,0,2,0,0,0,0,0,0,0,2,1,2,0,1,0,0.02924375000000006,True
4,1,0,0,0,1,0,1,0,0,1,0,1,0,0,1,1,0,0,1,0,0,0,0,2,2,0.10532382700723485,True
4,0,0,0,2,0,0,1,1,0,0,0,1,0,0,1,0,0,2,0,0,0,2,0,1,1,0.04358710558010423,True
4,0,1,1,0,0,0,0,1,0,1,1,1,0,0,0,0,2,0,0,0,1,1,0,1,1,0.04567554314304481,True
4,0,1,0,1,0,0,0,0,1,1,0,1,0,0,1,0,0,1,1,0,1,2,0,0,1,0.02358501055300474,True
4,1,0,1,0,0,1,1,0,0,0,1,0,0,0,1,0,1,1,0,0,0,1,0,2,1,0.08130495286164725,True
4,0,0,0,1,1,1,0,1,0,0,1,0,0,1,0,0,0,0,0,2,0,0,0,1,3,0.8580271093082505,False
4,0,0,1,0,1,1,0,0,0,1,1,0,0,1,0,0,1,0,1,0,0,0,0,1,3,0.004174046593552024,True
4,1,1,0,0,0,1,0,1,0,0,1,0,0,1,0,0,2,0,0,0,0,0,0,2,2,0.044663228537961605,True
4,0,1,0,1,0,0,0,0,0,2,1,0,1,0,0,0,0,1,0,1,2,1,0,1,0,0.051334865649553904,True
4,0,1,1,0,0,1,0,1,0,0,0,0,0,0,2,0,1,1,0,0,3,0,0,0,1,0.5988197091460259,False
4,1,0,1,0,0,1,0,0,1,0,0,1,0,0,1,2,0,0,0,0,2,0,0,0,2,0.9254363548597174,False
4,1,0,1,0,0,1,0,1,0,0,0,2,0,0,0,0,0,1,0,1,0,1,1,2,0,0.07452912703100617,True
4,0,0,0,0,2,0,1,0,1,0,1,0,1,0,0,1,1,0,0,0,0,0,0,4,0,0.0328898232950857,True
4,0,2,0,0,0,2,0,0,0,0,2,0,0,0,0,0,1,1,0,0,0,2,2,0,0,0.09030991063800568,True
4,0,0,1,1,0,0,1,1,0,0,0,0,1,1,0,0,2,0,0,0,0,1,1,0,2,0.03808592336189963,True
4,1,0,0,0,1,1,0,0,1,0,1,0,0,1,0,0,1,0,0,1,2,1,0,1,0,0.051267630168758085,True
4,1,0,0,1,0,0,0,1,1,0,0,1,1,0,0,0,1,0,1,0,1,2,0,1,0,0.06905651492906939,True
4,2,0,0,0,0,1,0,0,0,1,0,0,0,2,0,0,2,0,0,0,1,2,0,1,0,0.05382630478549752,True
4,0,0,2,0,0,0,0,0,0,2,1,1,0,0,0,0,1,0,1,0,1,0,0,1,2,0.029754033883803793,True
4,1,0,0,0,1,1,1,0,0,0,0,0,1,1,0,1,0,1,0,0,1,0,2,1,0,0.14978647144779916,True
4,0,1,0,0,1,0,0,2,0,0,0,1,0,1,0,0,0,0,2,0,1,3,0,0,0,0.05157619916843091,True
4,0,1,0,1,0,0,1,0,0,1,0,0,2,0,0,1,0,0,0,1,1,0,0,0,3,0.09846071147341413,True
4,0,0,0,1,1,1,0,1,0,0,0,2,0,0,0,0,1,1,0,0,0,1,1,1,1,0.05379423408884179,True
4,0,1,1,0,0,0,0,0,1,1,0,1,0,1,0,0,2,0,0,0,0,4,0,0,0,0.05136046845220009,True
4,0,1,0,1,0,0,1,0,1,0,0,2,0,0,0,0,0,2,0,0,0,0,0,0,4,-0.004969902812832604,True
4,1,1,0,0,0,2,0,0,0,0,1,0,1,0,0,0,0,0,0,2,0,1,3,0,0,0.8835219161753948,False
4,0,0,1,1,0,0,0,2,0,0,1,0,1,0,0,0,0,0,2,0,0,1,1,0,2,0.058141448603797774,True
4,0,0,0,0,2,0,0,0,2,0,0,1,0,0,1,0,0,0,2,0,1,1,2,0,0,0.01366348012607627,True
4,0,2,0,0,0,0,0,1,0,1,0,0,0,0,2,0,0,1,0,1,0,1,0,1,2,0.025532121627459218,True
4,1,1,0,0,0,1,0,0,1,0,0,1,0,0,1,1,0,0,0,1,0,3,0,1,0,0.04057320100903061,True
4,0,0,2,0,0,0,0,0,2,0,2,0,0,0,0,0,0,2,0,0,2,0,0,1,1,0.1802078280337494,True
4,0,0,1,0,1,0,0,1,0,1,0,0,0,0,2,0,2,0,0,0,0,0,0,4,0,0.0016671682504541677,True
4,0,1,0,1,0,1,0,1,0,0,1,0,1,0,0,1,1,0,0,0,0,3,1,0,0,0.08295183968156425,True
4,1,0,1,0,0,1,0,1,0,0,0,0,0,0,2,1,0,0,1,0,1,1,1,0,1,0.9262573919876905,False
4,0,0,1,0,1,0,0,2,0,0,0,0,0,1,1,0,1,0,0,1,3,0,0,0,1,0.9184002986363213,False
4,0,0,2,0,0,0,0,0,2,0,1,0,0,0,1,0,0,0,2,0,0,4,0,0,0,0.04916001556035204,True
4,0,1,0,1,0,0,1,0,0,1,1,0,0,1,0,0,1,0,1,0,1,1,0,2,0,0.04707767136137036,True
4,0,0,0,1,1,0,0,0,2,0,0,0,2,0,0,1,0,0,1,0,0,2,0,0,2,0.022691680019314788,True
4,0,1,0,1,0,1,0,1,0,0,1,0,0,0,1,0,2,0,0,0,0,0,0,3,1,0.04161245739187111,True
4,0,0,0,0,2,1,0,0,1,0,1,0,1,0,0,0,0,2,0,0,0,2,0,1,1,0.810604620907629,False
4,0,1,0,0,1,1,0,0,1,0,2,0,0,0,0,1,0,1,0,0,1,2,0,1,0,0.08434990135106411,True
4,0,2,0,0,0,2,0,0,0,0,0,0,1,0,1,0,0,1,0,1,0,1,0,2,1,0.06130495286164728,True
4,0,1,0,1,0,0,1,0,0,1,0,0,1,0,1,0,0,1,0,1,0,3,1,0,0,0.02840960266802532,True
4,0,0,0,2,0,0,0,0,2,0,0,1,1,0,0,0,0,2,0,0,1,2,0,0,1,0.05107809873475121,True
4,0,0,0,2,0,1,0,1,0,0,1,0,1,0,0,0,1,1,0,0,0,2,1,1,0,0.07905814843227055,True
4,0,1,0,1,0,0,0,0,2,0,2,0,0,0,0,1,0,1,0,0,0,2,1,0,1,0.058787052138841396,True
4,0,1,0,1,0,1,0,0,0,1,0,0,0,2,0,0,0,0,2,0,1,0,2,1,0,0.0452896369872189,True
4,1,0,1,0,0,0,2,0,0,0,0,0,1,0,1,0,0,0,1,1,0,0,0,4,0,0.037877498286350404,True
4,0,0,1,0,1,1,0,1,0,0,0,0,1,0,1,1,0,0,1,0,2,0,2,0,0,0.9474919071566116,False
4,1,1,0,0,0,1,0,1,0,0,1,0,0,1,0,1,0,0,1,0,0,0,1,1,2,0.06417404659355191,True
4,0,0,0,0,2,0,1,1,0,0,1,0,0,1,0,0,2,0,0,0,1,0,1,0,2,0.01556355248500354,True
4,0,0,0,2,0,1,0,0,0,1,0,0,1,0,1,0,0,1,1,0,0,0,0,4,0,0.026886467340583895,True
4,0,0,1,0,1,1,0,0,1,0,0,1,0,1,0,0,0,0,0,2,0,4,0,0,0,0.01660898680556328,True
4,0,0,1,0,1,0,0,1,0,1,0,0,1,0,1,2,0,0,0,0,0,2,0,0,2,0.8990423712936567,False
4,1,0,0,0,1,0,0,0,1,1,1,0,0,0,1,1,0,0,0,1,3,1,0,0,0,0.912420499022601,False
4,2,0,0,0,0,1,0,1,0,0,0,1,1,0,0,0,0,1,0,1,3,1,0,0,0,0.9035219161753947,False
4,0,0,1,1,0,0,0,2,0,0,0,1,0,0,1,1,0,0,0,1,0,0,2,1,1,0.9222962043629027,False
4,0,0,0,2,0,0,0,2,0,0,1,0,0,0,1,0,1,0,1,0,0,0,0,1,3,0.002052283062933852,True
4,0,0,1,1,0,0,1,0,1,0,0,0,1,0,1,0,1,0,1,0,0,0,3,0,1,0.03811697379948904,True
4,0,2,0,0,0,0,1,1,0,0,1,0,1,0,0,1,0,0,1,0,1,1,0,2,0,0.07444959735574129,True
4,1,0,1,0,0,2,0,0,0,0,1,0,0,0,1,1,0,0,0,1,0,0,4,0,0,0.9569715168488357,False
4,0,1,0,1,0,0,1,0,0,1,0,2,0,0,0,1,0,0,0,1,1,1,1,1,0,0.03672921917663628,True
4,0,1,1,0,0,0,0,0,0,2,2,0,0,0,0,1,0,0,0,1,1,1,1,1,0,0.2532177243316726,False
4,0,0,1,1,0,0,0,2,0,0,1,1,0,0,0,1,0,0,1,0,1,1,0,0,2,0.06458344752606832,True
4,0,0,1,1,0,0,0,1,1,0,1,0,0,1,0,1,1,0,0,0,0,1,0,3,0,0.06695579923525138,True
4,0,0,0,1,1,0,0,2,0,0,0,1,0,1,0,1,0,0,0,1,4,0,0,0,0,0.15846071147341406,True
4,1,0,1,0,0,0,0,1,0,1,0,1,0,1,0,0,2,0,0,0,0,1,1,1,1,0.0448501556107475,True
4,0,1,0,0,1,0,0,1,1,0,0,0,0,0,2,0,0,2,0,0,0,2,0,1,1,0.12932989351780602,True
4,1,0,0,1,0,0,0,0,2,0,1,0,0,0,1,1,1,0,0,0,2,0,0,2,0,0.05229975303295253,True
4,0,0,1,0,1,1,0,0,0,1,0,2,0,0,0,0,1,0,0,1,3,0,0,1,0,0.06120536374118656,True
4,0,1,1,0,0,0,0,2,0,0,0,2,0,0,0,0,0,1,0,1,0,3,1,0,0,0.06422157620817322,True
4,1,0,0,1,0,0,0,0,2,0,0,1,1,0,0,0,1,1,0,0,0,2,0,2,0,0.06675265479413299,True
4,1,0,0,0,1,1,0,1,0,0,0,2,0,0,0,0,0,0,0,2,0,2,1,0,1,0.0650963383281922,True
4,0,2,0,0,0,0,1,0,1,0,0,2,0,0,0,2,0,0,0,0,2,0,1,1,0,0.07293599995634181,True
4,2,0,0,0,0,2,0,0,0,0,1,0,0,0,1,1,0,0,0,1,3,0,0,1,0,0.9531233720227746,False
4,1,1,0,0,0,0,0,1,0,1,1,0,0,0,1,0,0,1,0,1,0,0,2,1,1,0.909864529498126,False
4,1,0,0,1,0,0,0,2,0,0,0,0,0,0,2,0,0,1,0,1,0,1,1,2,0,0.0652030823774932,True
4,0,0,0,1,1,0,2,0,0,0,0,1,1,0,0,0,0,2,0,0,1,2,1,0,0,0.06623254658955326,True
4,0,0,2,0,0,1,0,1,0,0,0,0,2,0,0,1,0,1,0,0,0,0,2,1,1,0.9725626017240023,False
4,1,0,0,0,1,1,0,0,0,1,1,0,0,1,0,0,0,0,0,2,0,1,0,1,2,0.8598086709608257,False
4,0,0,2,0,0,0,0,0,0,2,0,1,0,0,1,0,1,0,0,1,2,0,0,0,2,0.8792962702181619,False
4,2,0,0,0,0,2,0,0,0,0,1,0,0,1,0,1,0,0,0,1,3,0,1,0,0,0.9670122658115372,False
4,0,1,0,0,1,1,0,0,0,1,1,0,0,0,1,1,0,1,0,0,0,0,0,4,0,0.048894053990902596,True
4,0,1,0,0,1,1,0,0,0,1,0,1,0,1,0,0,0,1,0,1,1,0,0,3,0,0.021594801731590983,True
4,0,1,0,1,0,0,1,0,0,1,0,1,0,1,0,0,0,0,1,1,1,0,0,3,0,0.028549292561728452,True
4,1,1,0,0,0,0,2,0,0,0,0,2,0,0,0,1,0,0,0,1,3,1,0,0,0,0.05745302412859291,True
4,0,1,0,0,1,0,0,1,0,1,0,0,0,2,0,0,1,1,0,0,1,1,0,0,2,0.013251003201194683,True
4,1,0,0,1,0,0,2,0,0,0,0,0,0,1,1,2,0,0,0,0,0,0,0,0,4,0.007786028537790512,True
4,0,0,1,0,1,0,1,1,0,0,0,0,2,0,0,0,0,0,2,0,1,0,1,0,2,0.06760056426778137,True
4,0,0,0,2,0,1,1,0,0,0,0,1,0,1,0,0,1,0,0,1,0,1,1,2,0,0.04707767136137036,True
4,0,0,0,2,0,0,0,0,1,1,0,0,2,0,0,0,0,2,0,0,1,2,0,0,1,0.06905874292435106,True
4,0,0,1,0,1,2,0,0,0,0,1,0,0,0,1,0,1,0,1,0,1,0,0,2,1,0.08295652791258988,True
4,0,0,1,0,1,0,2,0,0,0,1,0,0,0,1,0,1,0,0,1,0,2,1,1,0,0.028548357943020373,True
4,0,2,0,0,0,0,2,0,0,0,0,0,1,1,0,0,2,0,0,0,1,0,2,1,0,0.07003427291451463,True
4,2,0,0,0,0,0,2,0,0,0,0,0,1,1,0,0,0,0,0,2,0,2,0,0,2,0.019133071422383515,True
4,0,1,1,0,0,0,2,0,0,0,0,0,2,0,0,0,0,2,0,0,1,0,0,1,2,0.07273499674671277,True
4,0,1,0,0,1,0,0,2,0,0,0,1,0,0,1,1,0,1,0,0,1,1,0,2,0,0.09472264308645623,True
4,0,0,1,0,1,0,0,0,1,1,0,1,0,1,0,0,0,0,0,2,3,0,0,0,1,0.0984453514433168,True
4,0,1,0,1,0,0,0,1,0,1,0,0,0,0,2,0,0,0,0,2,0,1,1,0,2,0.0765307920470543,True
4,1,0,0,1,0,1,1,0,0,0,0,0,0,1,1,0,0,0,0,2,0,1,0,3,0,0.01691083518743848,True
4,1,0,0,1,0,1,0,1,0,0,0,1,0,1,0,0,0,1,0,1,1,1,1,0,1,0.06458344752606832,True
4,1,0,0,0,1,0,1,0,0,1,0,0,1,0,1,1,0,0,0,1,0,1,1,2,0,0.11395091110770399,True
4,0,0,2,0,0,1,0,0,1,0,0,1,0,0,1,1,0,0,0,1,2,0,1,1,0,0.4046438743098298,True
4,0,0,1,0,1,1,0,0,1,0,1,0,0,1,0,1,1,0,0,0,0,1,2,1,0,0.06503003347085874,True
4,0,0,0,2,0,1,0,0,1,0,0,0,1,0,1,0,0,1,1,0,2,2,0,0,0,0.05333509003315573,True
4,0,1,0,1,0,0,0,1,1,0,0,2,0,0,0,0,0,1,0,1,0,0,1,3,0,0.04845813223946551,True
4,0,1,0,0,1,1,0,0,0,1,0,1,0,0,1,0,0,0,0,2,0,0,3,0,1,0.8792962702181619,False
4,0,2,0,0,0,0,0,0,1,1,0,0,0,0,2,0,2,0,0,0,0,0,0,1,3,-0.035582251198204295,True
4,0,0,1,1,0,0,1,1,0,0,0,1,1,0,0,0,1,0,0,1,1,1,2,0,0,0.07295608417754984,True
4,1,0,0,1,0,1,0,0,1,0,0,0,0,0,2,1,0,0,1,0,2,0,0,1,1,0.03766806600277308,True
4,0,0,1,0,1,1,1,0,0,0,1,0,0,1,0,0,0,0,2,0,1,2,0,1,0,0.05169800124265175,True
4,0,0,1,1,0,0,0,1,1,0,2,0,0,0,0,1,0,1,0,0,2,0,0,2,0,0.10131290343677331,True
4,1,0,1,0,0,1,0,1,0,0,0,1,1,0,0,2,0,0,0,0,0,2,0,0,2,0.9434000092876675,False
4,1,0,0,0,1,0,1,0,1,0,0,1,1,0,0,0,0,2,0,0,1,1,0,1,1,0.058870766913707996,True
4,1,0,0,0,1,0,0,1,1,0,0,0,0,1,1,0,1,0,1,0,2,0,0,0,2,0.02241588950407074,True
4,1,0,1,0,0,0,0,0,0,2,1,0,1,0,0,1,1,0,0,0,0,0,0,2,2,0.9030421412632299,False
4,0,2,0,0,0,0,0,1,0,1,0,1,0,1,0,0,0,0,1,1,1,2,1,0,0,0.03787220547837893,True
4,0,0,1,1,0,2,0,0,0,0,1,0,1,0,0,1,0,0,1,0,1,1,0,1,1,0.11217550737042932,True
4,1,0,0,0,1,0,1,1,0,0,0,0,0,1,1,0,0,0,0,2,1,0,0,1,2,0.8654688452120347,False
4,0,0,2,0,0,1,0,1,0,0,0,1,0,1,0,1,1,0,0,0,0,3,0,0,1,0.07250233742518147,True
4,1,0,0,1,0,0,0,1,1,0,0,1,0,0,1,0,1,0,0,1,1,0,0,3,0,0.03411934074253073,True
4,0,0,1,1,0,2,0,0,0,0,0,1,0,1,0,1,0,1,0,0,0,2,0,2,0,0.07372578380363505,True
4,1,0,0,1,0,0,0,1,0,1,0,1,1,0,0,0,1,0,1,0,0,0,1,2,1,0.04171406300050062,True
4,1,0,0,1,0,1,0,1,0,0,1,0,1,0,0,2,0,0,0,0,1,0,1,2,0,0.29764825221294927,False
4,0,0,0,2,0,0,1,1,0,0,0,2,0,0,0,0,0,0,0,2,1,0,2,0,1,0.020778657334954844,True
4,0,1,0,0,1,0,1,0,0,1,0,0,2,0,0,2,0,0,0,0,0,0,2,2,0,0.3923448698452066,True
4,0,1,1,0,0,0,0,1,0,1,0,1,0,1,0,0,1,1,0,0,1,0,0,3,0,0.053160053890671854,True
4,1,0,0,1,0,0,1,0,1,0,0,1,0,1,0,0,0,0,1,1,3,0,1,0,0,0.05526290001422729,True
4,2,0,0,0,0,1,0,1,0,0,0,1,1,0,0,0,1,1,0,0,0,2,2,0,0,0.11618718125414051,True
4,0,1,0,1,0,0,0,1,1,0,0,0,1,0,1,1,1,0,0,0,0,3,1,0,0,0.0550300971871673,True
4,0,0,2,0,0,0,0,0,0,2,0,2,0,0,0,1,1,0,0,0,1,2,0,0,1,0.03996282296926357,True
4,0,1,1,0,0,0,0,2,0,0,0,2,0,0,0,0,0,1,0,1,2,2,0,0,0,0.07125409615786146,True
4,0,0,0,0,2,0,1,0,0,1,0,0,0,2,0,1,0,0,1,0,1,0,1,2,0,0.013927150413001969,True
4,0,0,0,0,2,0,0,0,2,0,0,0,1,0,1,0,0,0,0,2,3,0,0,0,1,0.5284658076495368,False
4,1,1,0,0,0,0,2,0,0,0,1,0,0,0,1,0,2,0,0,0,1,1,1,1,0,0.05488640599120024,True
4,0,0,1,1,0,0,1,0,0,1,1,0,1,0,0,0,2,0,0,0,0,1,1,2,0,0.05695597412861155,True
4,0,0,1,1,0,2,0,0,0,0,0,0,1,0,1,0,0,1,1,0,0,2,1,1,0,0.06954037900022986,True
4,0,0,2,0,0,0,0,1,1,0,0,1,1,0,0,0,1,0,0,1,1,0,2,0,1,0.15851187411271356,True
4,0,0,0,2,0,0,0,0,1,1,0,0,0,2,0,1,1,0,0,0,0,0,3,1,0,0.04852386707603984,True
4,1,0,0,0,1,0,0,2,0,0,0,1,0,0,1,0,0,0,0,2,0,2,2,0,0,0.8978275255274663,False
4,0,1,1,0,0,0,1,0,1,0,0,0,0,1,1,0,0,0,0,2,3,0,0,1,0,0.03061328098644345,True
4,0,1,1,0,0,0,0,0,0,2,0,0,1,0,1,0,0,2,0,0,1,0,1,0,2,0.8960243834495512,False
4,0,1,0,0,1,0,2,0,0,0,0,0,1,1,0,0,1,0,0,1,1,3,0,0,0,0.037672973786472365,True
4,0,0,0,0,2,2,0,0,0,0,0,0,1,1,0,0,2,0,0,0,0,0,1,2,1,0.03857372419718122,True
4,0,0,1,0,1,0,1,0,1,0,0,1,0,0,1,0,0,1,1,0,2,0,0,1,1,0.03288613752808347,True
4,0,0,1,1,0,0,1,0,1,0,0,1,0,0,1,1,0,0,1,0,0,1,0,0,3,-0.0016952481975891455,True
4,1,0,0,0,1,1,0,0,1,0,2,0,0,0,0,0,0,0,1,1,1,3,0,0,0,0.06778602853779034,True
4,0,0,0,1,1,0,0,0,2,0,0,0,0,2,0,0,0,0,1,1,1,0,2,1,0,0.029292737957077875,True
4,0,0,0,0,2,1,0,1,0,0,0,0,1,0,1,1,0,0,1,0,1,2,0,0,1,0.899423428036995,False
4,1,0,0,1,0,0,0,2,0,0,0,0,2,0,0,0,1,1,0,0,1,2,0,1,0,0.0933969227100319,True
4,1,0,0,1,0,0,1,1,0,0,1,0,0,1,0,2,0,0,0,0,0,0,1,3,0,0.07496332795497819,True
4,1,0,0,0,1,0,2,0,0,0,2,0,0,0,0,1,0,0,0,1,0,0,1,0,3,0.555767285979828,False
4,0,0,0,0,2,1,0,1,0,0,1,1,0,0,0,0,0,1,1,0,0,1,0,0,3,0.1165360526899379,True
4,0,0,2,0,0,0,1,1,0,0,0,2,0,0,0,0,0,1,0,1,0,2,0,2,0,0.057777712942876806,True
4,0,0,1,0,1,0,0,2,0,0,0,0,0,2,0,1,1,0,0,0,4,0,0,0,0,0.10760056426778129,True
4,0,1,0,0,1,1,0,0,1,0,1,0,0,1,0,1,0,0,0,1,1,2,0,0,1,0.0490587429764077,True
4,0,0,0,0,2,0,0,0,1,1,1,1,0,0,0,0,0,1,0,1,3,0,0,0,1,0.8881578868395771,False
4,0,0,2,0,0,0,0,2,0,0,1,0,0,1,0,0,0,0,0,2,0,0,0,3,1,0.8019783457241361,False
4,0,0,0,2,0,0,2,0,0,0,0,0,2,0,0,1,0,1,0,0,2,1,0,0,1,0.06602771344242665,True
4,0,0,1,0,1,1,0,1,0,0,0,1,1,0,0,0,0,0,0,2,0,0,3,1,0,0.8636479915915278,False
4,2,0,0,0,0,2,0,0,0,0,0,0,0,0,2,0,0,0,1,1,0,1,2,1,0,0.9197032551489255,False
4,1,1,0,0,0,0,0,1,1,0,1,0,1,0,0,0,0,2,0,0,2,0,1,1,0,0.16978647144779913,True
4,0,0,0,1,1,0,1,1,0,0,0,0,0,1,1,2,0,0,0,0,1,1,0,2,0,0.05585771359755789,True
4,0,1,1,0,0,0,0,0,0,2,0,1,0,0,1,1,0,0,1,0,0,0,2,2,0,0.03301554545551463,True
4,0,2,0,0,0,0,0,1,1,0,0,2,0,0,0,0,2,0,0,0,0,0,4,0,0,0.07249525950969274,True
4,0,0,1,0,1,2,0,0,0,0,0,1,0,0,1,1,0,0,0,1,1,1,0,2,0,0.13395091110770393,True
4,0,0,0,0,2,2,0,0,0,0,0,0,2,0,0,0,0,2,0,0,0,1,0,0,3,0.8973063722424075,False
4,0,2,0,0,0,0,0,0,1,1,1,0,0,0,1,1,1,0,0,0,0,2,1,0,1,0.03252724906295149,True
4,1,1,0,0,0,2,0,0,0,0,0,2,0,0,0,0,1,0,0,1,3,1,0,0,0,0.07218452555828739,True
4,0,1,0,1,0,0,0,0,1,1,0,1,1,0,0,0,1,0,0,1,2,1,1,0,0,0.04751637576610399,True
4,0,0,0,1,1,0,1,0,1,0,0,0,0,0,2,0,1,1,0,0,0,0,0,1,3,-0.02214355248001587,True
4,1,0,0,0,1,0,0,1,1,0,0,2,0,0,0,0,0,0,2,0,0,2,0,1,1,0.032208075368235216,True
4,1,0,0,1,0,0,0,0,2,0,1,0,1,0,0,1,1,0,0,0,1,1,0,1,1,0.05854249533113952,True
4,0,0,0,0,2,0,1,0,1,0,2,0,0,0,0,2,0,0,0,0,0,0,3,0,1,0.5980734280008385,False
4,0,2,0,0,0,0,1,0,0,1,0,0,0,1,1,0,0,0,2,0,0,2,1,0,1,0.0171188096195131,True
4,0,0,1,0,1,1,1,0,0,0,0,0,0,2,0,0,0,0,1,1,0,1,3,0,0,0.04931339557064359,True
4,0,0,1,1,0,0,2,0,0,0,0,0,2,0,0,0,0,0,2,0,0,1,0,2,1,0.052058112828603856,True
4,0,0,0,0,2,0,2,0,0,0,1,1,0,0,0,1,1,0,0,0,0,3,1,0,0,0.03601532189946846,True
4,0,0,0,0,2,1,0,0,0,1,0,0,0,0,2,1,1,0,0,0,0,2,0,2,0,0.0018747631428173684,True
4,0,1,0,1,0,1,1,0,0,0,1,0,0,0,1,0,0,0,1,1,2,0,2,0,0,0.06779456786377294,True
4,0,1,0,1,0,0,0,2,0,0,0,1,1,0,0,0,1,1,0,0,1,0,3,0,0,0.09558408474463828,True
4,0,1,0,0,1,0,0,0,2,0,1,0,0,1,0,0,1,0,1,0,0,3,0,1,0,0.04634098724482252,True
4,0,1,1,0,0,0,0,0,0,2,0,1,0,0,1,0,1,0,0,1,0,0,3,1,0,0.10789713098190322,True
4,0,0,0,1,1,1,0,0,1,0,2,0,0,0,0,2,0,0,0,0,0,1,2,1,0,0.11887758469531753,True
4,2,0,0,0,0,0,1,0,0,1,1,0,1,0,0,1,0,0,1,0,0,1,0,1,2,0.8106046209076289,False
4,1,0,0,1,0,0,0,0,0,2,1,0,0,0,1,0,0,1,0,1,0,0,1,2,1,0.8779658928314105,False
4,0,1,0,0,1,0,2,0,0,0,1,1,0,0,0,0,0,2,0,0,0,0,2,0,2,0.04956877437643931,True
4,0,1,0,0,1,0,0,2,0,0,0,1,0,1,0,1,0,0,0,1,0,0,2,2,0,0.0530155454555146,True
4,0,0,0,2,0,0,0,0,1,1,0,0,0,1,1,0,1,1,0,0,2,0,0,0,2,0.012457851917576368,True
4,0,0,0,0,2,1,1,0,0,0,1,0,0,0,1,0,0,0,1,1,4,0,0,0,0,0.9066510779533052,False
4,0,0,0,1,1,2,0,0,0,0,0,0,0,1,1,1,0,0,0,1,0,1,0,1,2,0.8979172973534902,False
4,1,1,0,0,0,1,0,0,0,1,1,0,0,1,0,1,0,0,0,1,0,2,1,1,0,0.05339692271003196,True
4,1,1,0,0,0,1,0,0,0,1,0,2,0,0,0,1,1,0,0,0,0,2,1,0,1,0.044966600223442156,True
4,0,0,1,0,1,0,0,0,0,2,0,0,0,2,0,0,0,2,0,0,1,1,0,0,2,0.10136228911061315,True
4,0,2,0,0,0,1,1,0,0,0,1,0,0,1,0,0,1,1,0,0,2,1,1,0,0,0.0782847213596169,True
4,0,2,0,0,0,1,0,0,1,0,2,0,0,0,0,0,0,0,2,0,0,0,1,2,1,0.05334755828869985,True
4,0,1,0,0,1,1,0,1,0,0,0,0,0,2,0,0,0,1,0,1,0,0,4,0,0,0.14332058816520785,True
4,1,0,1,0,0,0,0,1,1,0,1,1,0,0,0,1,0,0,0,1,1,0,2,1,0,0.14978647144779916,True
4,0,2,0,0,0,0,1,0,0,1,0,1,1,0,0,1,0,0,0,1,2,2,0,0,0,0.04487111684006672,True
4,1,0,0,1,0,0,2,0,0,0,1,1,0,0,0,1,1,0,0,0,0,0,3,1,0,0.07721587610026251,True
4,1,1,0,0,0,0,0,0,0,2,2,0,0,0,0,0,2,0,0,0,1,1,1,1,0,0.049924889069032044,True
4,1,0,0,0,1,0,0,0,1,1,0,2,0,0,0,1,0,1,0,0,1,2,0,0,1,0.05923003423474111,True
4,1,1,0,0,0,0,1,1,0,0,0,0,0,0,2,0,0,1,1,0,1,1,0,0,2,0.03005239026128309,True
4,0,0,0,0,2,0,0,2,0,0,0,0,0,2,0,0,0,0,1,1,0,0,1,3,0,0.017243884790755108,True
4,0,0,0,2,0,1,0,1,0,0,0,0,0,0,2,1,1,0,0,0,0,2,0,2,0,0.03372578380363511,True
4,1,0,1,0,0,0,1,0,0,1,0,0,0,0,2,0,1,1,0,0,0,1,0,0,3,0.8631726491812707,False
4,0,1,0,0,1,1,0,1,0,0,0,0,1,1,0,1,0,1,0,0,0,0,3,1,0,0.42464387430982975,True
4,1,0,0,1,0,2,0,0,0,0,0,1,1,0,0,1,0,1,0,0,0,0,0,1,3,0.15572889750783597,True
4,0,0,1,1,0,0,0,1,1,0,1,0,0,1,0,1,0,1,0,0,1,2,0,1,0,0.07607011537858178,True
4,1,1,0,0,0,0,0,0,0,2,2,0,0,0,0,0,1,1,0,0,0,0,2,0,2,0.5779793322705402,False
4,1,0,0,1,0,0,2,0,0,0,0,1,0,1,0,2,0,0,0,0,0,0,3,1,0,0.07525900765681742,True
4,0,0,1,1,0,0,0,0,0,2,1,0,1,0,0,1,0,1,0,0,0,2,2,0,0,0.27366431322239254,False
4,0,0,1,1,0,0,1,0,0,1,0,2,0,0,0,0,0,2,0,0,0,3,1,0,0,0.0597426094068303,True
4,0,0,1,1,0,0,2,0,0,0,2,0,0,0,0,0,0,2,0,0,0,0,0,3,1,0.07164858512973878,True
4,1,1,0,0,0,0,1,0,0,1,0,0,0,0,2,0,2,0,0,0,1,0,2,0,1,0.027831702099649643,True
4,1,1,0,0,0,2,0,0,0,0,2,0,0,0,0,0,1,1,0,0,0,0,0,4,0,0.08166716825045404,True
4,0,1,0,0,1,1,1,0,0,0,0,0,0,2,0,1,0,0,1,0,2,0,1,0,1,0.04159480173159092,True
4,0,0,1,1,0,0,0,2,0,0,0,1,0,0,1,0,1,0,0,1,0,2,1,0,1,0.15006037393025617,True
4,1,0,0,0,1,0,2,0,0,0,1,0,0,0,1,0,1,1,0,0,1,0,3,0,0,0.09448918833621806,True
4,0,2,0,0,0,1,0,0,0,1,0,0,0,0,2,0,1,0,1,0,0,3,1,0,0,0.01650483042084457,True
4,0,0,0,2,0,0,2,0,0,0,0,0,1,1,0,0,0,0,1,1,1,0,1,0,2,0.015262900014227358,True
4,0,0,0,2,0,1,0,0,0,1,0,2,0,0,0,1,0,0,0,1,0,0,0,2,2,0.001714063000500687,True
4,0,0,1,1,0,0,2,0,0,0,0,0,2,0,0,0,1,0,1,0,2,0,0,1,1,0.05793160080855591,True
4,2,0,0,0,0,0,1,0,0,1,0,0,0,2,0,0,0,2,0,0,0,1,3,0,0,0.09431615284249749,True
4,1,0,0,0,1,1,0,1,0,0,1,0,0,0,1,0,1,1,0,0,1,0,0,1,2,0.9091545659678879,False
4,0,1,0,1,0,0,1,0,0,1,1,0,1,0,0,0,1,0,0,1,0,0,2,1,1,0.05644048996425565,True
4,2,0,0,0,0,0,2,0,0,0,1,0,1,0,0,0,0,2,0,0,0,1,3,0,0,0.17833471241833526,True
4,0,0,0,0,2,0,0,0,1,1,0,1,0,0,1,1,1,0,0,0,1,0,0,1,2,0.7541392999363044,False
4,0,1,0,1,0,0,0,0,2,0,0,1,1,0,0,1,0,0,0,1,1,2,0,0,1,0.03366717140157763,True
4,0,0,0,1,1,0,1,0,1,0,0,0,1,1,0,1,0,0,0,1,1,1,1,0,1,0.0332510031524558,True
4,2,0,0,0,0,0,1,1,0,0,0,0,2,0,0,0,2,0,0,0,0,0,0,1,3,0.051173364583190564,True
4,0,0,0,2,0,1,0,1,0,0,1,0,0,0,1,0,1,0,0,1,0,1,0,1,2,0.028385713876920158,True
4,0,2,0,0,0,1,0,1,0,0,0,1,0,1,0,0,1,0,0,1,0,0,2,1,1,0.04444994793332153,True
4,0,0,0,1,1,1,0,1,0,0,0,1,0,0,1,0,1,0,0,1,0,1,0,2,1,0.9131799487091693,False
4,1,0,1,0,0,1,0,0,1,0,0,1,1,0,0,0,1,0,0,1,2,0,0,0,2,0.13846071147341407,True
4,0,0,0,0,2,1,0,1,0,0,0,0,1,0,1,0,0,1,1,0,3,0,0,1,0,0.8592914573541749,False
4,0,0,0,2,0,0,0,1,1,0,1,0,1,0,0,0,1,0,0,1,1,2,0,1,0,0.05335971193049229,True
4,0,1,0,1,0,1,0,0,0,1,0,0,0,0,2,0,0,0,1,1,1,1,2,0,0,0.04130511441509517,True
4,0,0,2,0,0,0,1,0,0,1,0,0,0,2,0,1,1,0,0,0,2,1,1,0,0,0.06931339563551703,True
4,1,0,0,1,0,0,1,0,1,0,1,1,0,0,0,1,0,0,0,1,1,0,0,2,1,0.04171406300050062,True
4,0,0,0,0,2,0,0,0,2,0,0,0,0,1,1,2,0,0,0,0,1,1,0,1,1,0.028385713872305356,True
4,1,1,0,0,0,2,0,0,0,0,0,1,0,1,0,0,0,0,2,0,0,2,0,1,1,0.052208075368235185,True
4,0,0,0,1,1,1,0,0,1,0,0,0,0,2,0,0,0,2,0,0,0,1,0,3,0,0.047599176045828834,True
4,0,0,1,1,0,0,0,0,2,0,0,0,1,0,1,0,0,2,0,0,0,1,1,0,2,0.03814144860379781,True
4,0,0,2,0,0,1,1,0,0,0,1,0,0,1,0,0,1,0,0,1,0,0,0,4,0,0.05480449950307992,True
4,0,0,0,0,2,0,1,1,0,0,0,0,2,0,0,1,0,0,1,0,3,0,0,1,0,0.12978647144779917,True
4,1,1,0,0,0,0,2,0,0,0,0,0,1,1,0,0,2,0,0,0,1,1,1,1,0,0.07090002961673987,True
4,2,0,0,0,0,0,0,0,1,1,0,1,0,1,0,0,0,0,2,0,0,0,3,1,0,0.054804499502802036,True
4,0,0,2,0,0,1,1,0,0,0,0,0,0,0,2,0,0,2,0,0,0,1,1,0,2,0.9119614256942851,False
4,0,0,0,0,2,1,0,0,0,1,0,0,2,0,0,2,0,0,0,0,0,2,1,1,0,0.5982220465727767,False
4,0,0,2,0,0,0,0,1,0,1,1,0,1,0,0,0,0,0,1,1,0,1,3,0,0,0.9593145379222816,False
4,1,0,0,1,0,0,0,0,1,1,0,1,1,0,0,0,0,1,1,0,1,1,0,2,0,0.05433780876146749,True
4,2,0,0,0,0,0,1,0,0,1,0,0,0,0,2,0,0,2,0,0,0,2,1,1,0,0.13931478784532608,True
4,0,0,1,1,0,1,0,0,0,1,0,0,0,2,0,0,0,1,0,1,0,1,1,0,2,0.018141448603797843,True
4,0,0,0,2,0,1,0,0,1,0,1,0,0,1,0,1,0,0,1,0,0,1,0,0,3,0.009361438855607732,True
4,0,0,0,0,2,0,2,0,0,0,0,0,0,1,1,2,0,0,0,0,0,1,0,3,0,0.01972125766951508,True
4,2,0,0,0,0,2,0,0,0,0,0,2,0,0,0,0,0,1,1,0,0,3,1,0,0,0.08294824713090458,True
4,2,0,0,0,0,1,0,0,1,0,0,0,1,0,1,1,0,0,1,0,0,0,3,1,0,0.13997463294020432,True
4,1,0,1,0,0,1,1,0,0,0,0,0,1,1,0,2,0,0,0,0,0,0,2,0,2,0.6180859415559805,False
4,0,0,1,1,0,1,1,0,0,0,0,0,0,0,2,1,0,1,0,0,3,1,0,0,0,0.13510763044928384,True
4,2,0,0,0,0,1,0,1,0,0,0,1,0,1,0,0,1,1,0,0,0,2,1,0,1,0.0791425486756646,True
4,0,0,1,1,0,1,0,0,1,0,2,0,0,0,0,1,0,1,0,0,0,2,0,0,2,0.09300659745697683,True
4,1,0,0,0,1,1,1,0,0,0,1,0,0,0,1,0,1,0,1,0,2,1,0,0,1,0.050039337310330834,True
4,0,2,0,0,0,1,0,1,0,0,0,1,1,0,0,0,0,0,2,0,1,0,0,3,0,0.06845813223946548,True
4,0,0,0,0,2,1,0,1,0,0,0,0,0,2,0,0,0,0,1,1,0,0,4,0,0,0.1233205881652079,True
4,0,1,0,0,1,2,0,0,0,0,0,1,1,0,0,0,0,0,2,0,0,2,1,1,0,0.056135465188882384,True
4,0,0,0,1,1,0,0,1,0,1,0,1,0,1,0,0,2,0,0,0,3,0,0,1,0,0.040573200024397085,True
4,0,0,0,1,1,0,1,1,0,0,0,0,0,1,1,1,0,0,0,1,0,0,0,1,3,0.7576852823926588,False
4,0,0,0,0,2,1,0,1,0,0,1,0,0,0,1,0,2,0,0,0,1,1,1,1,0,0.05434569443561247,True
4,0,0,0,2,0,1,1,0,0,0,0,0,1,1,0,0,0,0,2,0,1,2,0,1,0,0.06399375,True
4,0,0,2,0,0,0,1,0,1,0,0,1,1,0,0,1,0,1,0,0,2,0,0,0,2,0.09384046706686863,True
4,1,0,1,0,0,0,0,1,0,1,1,0,0,0,1,0,0,2,0,0,1,1,0,1,1,0.9377026872737131,False
4,0,1,1,0,0,0,1,0,1,0,0,1,0,1,0,0,0,1,1,0,1,0,3,0,0,0.07316005389067184,True
4,1,1,0,0,0,0,0,0,2,0,0,1,0,0,1,0,0,1,0,1,1,0,0,3,0,0.032328120207283144,True
4,0,1,1,0,0,0,1,1,0,0,0,1,1,0,0,0,0,0,2,0,0,2,0,0,2,0.036115145167057675,True
4,1,0,0,1,0,1,0,1,0,0,0,1,0,1,0,1,1,0,0,0,0,1,1,0,2,0.046027713442426704,True
4,0,0,2,0,0,0,0,1,1,0,0,0,1,1,0,1,0,0,1,0,0,1,2,1,0,0.08111600667880511,True
4,0,0,0,2,0,1,0,0,0,1,0,0,2,0,0,0,0,1,0,1,1,0,1,2,0,0.06131290343677337,True
4,0,0,0,1,1,0,0,0,1,1,2,0,0,0,0,0,1,0,1,0,3,0,1,0,0,0.09829603756762945,True
4,1,0,0,0,1,0,1,1,0,0,1,0,1,0,0,0,0,0,2,0,0,0,0,3,1,0.04735460881881825,True
4,0,0,2,0,0,0,0,0,0,2,0,0,1,0,1,0,0,1,1,0,1,0,2,1,0,0.8592914573541749,False
4,0,0,2,0,0,0,0,1,0,1,0,1,1,0,0,1,0,0,1,0,3,0,1,0,0,0.6380984496462604,False
4,0,0,0,2,0,0,1,1,0,0,0,1,0,1,0,0,0,0,2,0,0,0,0,0,4,-0.013562662302447733,True
4,0,0,1,1,0,0,1,0,1,0,0,1,0,0,1,0,1,0,1,0,2,0,0,0,2,0.015262900014522312,True
4,0,1,0,0,1,2,0,0,0,0,0,1,0,0,1,1,0,0,1,0,0,0,1,0,3,0.8824859046429864,False
4,0,1,1,0,0,0,0,0,2,0,0,1,1,0,0,0,1,1,0,0,2,1,1,0,0,0.0766089868055632,True
4,0,0,1,1,0,0,0,2,0,0,1,0,0,1,0,1,0,0,1,0,2,2,0,0,0,0.08379557519797189,True
4,0,1,0,1,0,0,0,0,1,1,1,0,0,1,0,1,0,0,0,1,0,1,0,1,2,0.0074108173975641,True
4,0,0,0,0,2,1,0,0,0,1,0,1,0,1,0,0,0,2,0,0,0,2,0,1,1,0.03894211832637532,True
4,0,0,0,1,1,1,0,0,0,1,1,1,0,0,0,1,1,0,0,0,0,2,0,2,0,0.04136847689744776,True
4,1,0,0,1,0,2,0,0,0,0,0,1,0,0,1,0,1,1,0,0,1,1,0,1,1,0.07749347203707427,True
4,0,2,0,0,0,0,0,1,0,1,0,0,0,1,1,0,0,2,0,0,0,1,0,2,1,0.04908187532126138,True
4,0,1,0,0,1,0,0,0,2,0,0,0,0,1,1,1,0,0,0,1,0,0,0,4,0,0.009292737957097376,True
4,0,1,0,1,0,1,1,0,0,0,0,0,1,1,0,1,0,0,1,0,0,0,2,1,1,0.05536568351561805,True
4,0,0,1,1,0,1,0,1,0,0,0,0,1,1,0,0,0,1,0,1,0,0,0,0,4,0.5484658076495367,False
4,1,0,0,0,1,1,1,0,0,0,0,0,0,1,1,0,0,0,0,2,1,1,1,1,0,0.06466989877829356,True
4,0,0,0,1,1,0,0,1,1,0,2,0,0,0,0,0,0,1,1,0,1,1,0,0,2,0.06933213589042785,True
4,0,0,0,2,0,0,2,0,0,0,1,0,1,0,0,1,1,0,0,0,1,1,1,0,1,0.058085923361899605,True
4,2,0,0,0,0,0,0,1,1,0,0,0,2,0,0,1,0,0,1,0,2,0,1,1,0,0.15997463294020428,True
4,0,0,1,1,0,0,0,1,1,0,2,0,0,0,0,0,0,1,0,1,0,2,0,2,0,0.05946278592333558,True
4,0,0,0,1,1,0,2,0,0,0,1,0,1,0,0,0,2,0,0,0,2,1,0,0,1,0.044935662837132455,True
4,0,0,0,1,1,1,0,1,0,0,0,0,0,1,1,1,0,0,0,1,1,1,0,1,1,0.9181999020114476,False
4,0,0,1,0,1,0,0,1,0,1,1,1,0,0,0,0,0,1,0,1,1,0,0,0,3,0.8690329455078398,False
4,1,0,1,0,0,0,2,0,0,0,2,0,0,0,0,0,1,0,1,0,0,1,1,2,0,0.07444959735574129,True
4,0,2,0,0,0,0,1,0,0,1,1,1,0,0,0,0,2,0,0,0,2,0,1,1,0,0.05628170862478271,True
4,0,0,0,0,2,0,0,0,1,1,0,0,0,0,2,1,0,1,0,0,0,0,1,0,3,0.8390500815904388,False
4,1,0,0,1,0,0,0,1,0,1,1,0,1,0,0,1,0,0,0,1,1,0,0,3,0,0.07989855995460714,True
4,0,0,1,0,1,0,0,1,1,0,0,0,1,1,0,0,2,0,0,0,2,1,1,0,0,0.0636303431558106,True
4,0,0,2,0,0,1,0,0,1,0,1,0,0,1,0,0,1,1,0,0,1,1,0,0,2,0.06458344752606832,True
4,1,1,0,0,0,0,1,1,0,0,1,0,0,1,0,0,1,0,0,1,0,0,1,3,0,0.055262900014522214,True
4,1,0,0,1,0,0,1,1,0,0,0,1,1,0,0,0,1,1,0,0,0,0,2,2,0,0.07775516798836901,True
4,1,1,0,0,0,2,0,0,0,0,0,1,0,1,0,0,1,1,0,0,1,2,0,0,1,0.06501651785288638,True
4,0,0,0,0,2,1,0,0,1,0,2,0,0,0,0,1,0,1,0,0,0,1,0,1,2,0.9002716328069066,False
4,0,0,0,1,1,0,0,2,0,0,0,2,0,0,0,0,2,0,0,0,0,1,1,0,2,0.02581227095007535,True
4,0,1,0,1,0,0,2,0,0,0,0,0,1,1,0,0,0,1,0,1,2,0,1,0,1,0.04077865733495481,True
4,0,1,0,0,1,2,0,0,0,0,0,0,1,0,1,0,1,1,0,0,0,1,0,1,2,0.79893605753781,False
4,0,1,0,1,0,2,0,0,0,0,0,0,1,1,0,0,2,0,0,0,0,0,1,0,3,0.020778657334954848,True
4,2,0,0,0,0,0,0,1,0,1,0,0,1,0,1,0,0,0,1,1,0,1,1,1,1,0.9187078144728289,False
4,0,0,0,2,0,0,0,0,2,0,0,0,1,0,1,1,1,0,0,0,1,0,1,2,0,0.046666393127456095,True
4,0,0,1,1,0,0,1,1,0,0,0,0,0,0,2,2,0,0,0,0,2,0,0,1,1,0.15572889750783594,True
4,0,0,0,0,2,0,0,1,1,0,0,1,0,1,0,0,0,1,0,1,0,1,0,0,3,-0.01541655247393155,True
4,0,0,1,1,0,1,0,0,1,0,2,0,0,0,0,1,0,0,1,0,3,0,1,0,0,0.11989855995460699,True
4,0,0,1,0,1,1,0,1,0,0,0,1,0,0,1,0,1,1,0,0,2,0,1,1,0,0.4281674094602605,True
4,0,0,1,1,0,0,1,0,1,0,0,1,0,1,0,1,0,0,1,0,2,1,1,0,0,0.069160015560352,True
4,0,0,1,1,0,0,0,0,0,2,0,1,0,1,0,0,0,0,0,2,0,2,1,0,1,-0.005705295137458612,True
4,0,1,0,0,1,0,1,0,0,1,0,1,0,0,1,1,1,0,0,0,1,1,0,0,2,0.1141609907645505,True
4,0,1,0,0,1,0,0,0,0,2,0,0,0,0,2,1,0,0,0,1,2,0,0,2,0,0.8545272739254811,False
4,0,1,0,0,1,1,0,0,1,0,0,0,0,2,0,0,0,0,2,0,0,1,1,0,2,0.00782252977917772,True
4,0,0,0,1,1,1,1,0,0,0,0,0,0,2,0,1,0,1,0,0,3,1,0,0,0,0.06931339557064356,True
4,0,0,0,2,0,0,0,0,1,1,0,2,0,0,0,1,1,0,0,0,0,2,0,2,0,0.048682560288872495,True
4,1,1,0,0,0,1,1,0,0,0,0,1,1,0,0,0,1,0,0,1,3,1,0,0,0,0.07283837783234023,True
4,0,0,0,2,0,0,1,0,1,0,0,1,1,0,0,1,0,1,0,0,0,3,1,0,0,0.07014067523575157,True
4,1,0,1,0,0,0,1,0,1,0,0,0,0,2,0,0,1,0,0,1,0,3,1,0,0,0.05157619916843091,True
4,1,0,0,1,0,1,0,1,0,0,0,0,1,0,1,0,2,0,0,0,0,2,0,1,1,0.05223059362915922,True
4,0,0,1,0,1,1,1,0,0,0,0,0,0,0,2,2,0,0,0,0,1,0,0,3,0,0.06760056426778131,True
4,1,0,0,1,0,1,0,1,0,0,0,0,2,0,0,1,0,0,0,1,2,0,0,0,2,0.9273902972146774,False
4,0,2,0,0,0,0,0,0,2,0,1,0,0,0,1,1,0,1,0,0,0,0,0,4,0,0.04772980415104699,True
4,2,0,0,0,0,0,1,0,0,1,0,1,0,0,1,1,0,0,0,1,1,1,2,0,0,0.9328109246357428,False
4,0,0,0,0,2,2,0,0,0,0,0,0,1,1,0,0,1,1,0,0,1,1,0,0,2,0.13653605268993785,True
4,0,0,1,0,1,0,0,0,1,1,0,0,0,2,0,0,0,1,0,1,0,3,0,1,0,0.017877498286350428,True
4,1,0,0,0,1,2,0,0,0,0,0,0,1,1,0,0,0,1,0,1,1,0,2,1,0,0.8792914573541749,False
4,0,1,1,0,0,1,0,1,0,0,1,0,0,1,0,0,0,1,1,0,0,0,2,2,0,0.08249129418505977,True
4,0,0,0,1,1,0,1,1,0,0,1,0,0,0,1,0,0,1,1,0,2,0,0,0,2,0.11846071147341411,True
4,0,0,2,0,0,0,0,0,1,1,0,0,0,2,0,0,0,1,1,0,0,1,2,1,0,0.056532080991628125,True
4,0,0,0,1,1,0,0,0,0,2,1,1,0,0,0,0,1,0,0,1,0,2,2,0,0,0.038408070636012016,True
4,0,1,0,1,0,0,1,1,0,0,1,0,0,0,1,0,0,0,1,1,2,0,2,0,0,0.06780097091336947,True
4,1,0,1,0,0,1,0,0,1,0,0,0,0,0,2,0,0,1,1,0,0,2,1,0,1,0.07300659745697687,True
4,1,0,1,0,0,0,1,0,0,1,0,0,1,1,0,1,0,0,0,1,3,0,1,0,0,0.9466682730525952,False
4,0,0,0,1,1,0,0,0,1,1,1,0,0,1,0,0,1,0,0,1,1,0,2,1,0,0.06875086753283233,True
4,0,2,0,0,0,0,0,2,0,0,2,0,0,0,0,0,0,2,0,0,1,1,0,2,0,0.09452912703100613,True
4,0,2,0,0,0,2,0,0,0,0,0,0,1,1,0,0,0,0,2,0,0,0,2,0,2,0.03811697379948904,True
4,0,2,0,0,0,0,0,1,0,1,0,1,0,1,0,0,2,0,0,0,0,2,0,0,2,0.013741502294382603,True
4,2,0,0,0,0,0,0,0,1,1,0,0,1,0,1,1,0,1,0,0,1,2,0,1,0,0.15883356893523215,True
4,0,0,1,0,1,2,0,0,0,0,1,0,0,1,0,0,1,0,0,1,1,0,2,1,0,0.4046438743098298,True
4,0,2,0,0,0,0,1,0,1,0,0,0,0,2,0,0,1,0,1,0,1,2,0,0,1,0.04740512274124468,True
4,0,1,0,1,0,0,1,0,0,1,0,1,1,0,0,0,1,0,1,0,2,0,2,0,0,0.05772488720910191,True
4,0,1,0,1,0,0,0,2,0,0,0,2,0,0,0,0,0,1,0,1,1,1,0,1,1,0.0448501556107475,True
4,1,0,1,0,0,0,1,1,0,0,0,1,0,0,1,0,0,0,1,1,0,2,0,1,1,0.09652291630400806,True
4,1,1,0,0,0,1,0,1,0,0,0,0,1,1,0,0,0,0,1,1,2,1,0,1,0,0.07627520858519907,True
4,0,0,1,1,0,0,2,0,0,0,0,0,0,1,1,0,2,0,0,0,1,0,3,0,0,0.05973968851374091,True
4,0,0,1,0,1,1,0,1,0,0,1,1,0,0,0,0,1,1,0,0,0,0,0,3,1,0.08221092054789177,True
4,0,1,1,0,0,1,0,0,0,1,0,1,1,0,0,1,0,1,0,0,1,0,0,3,0,0.07218911764889686,True
4,0,0,0,2,0,0,1,0,0,1,1,0,1,0,0,0,1,0,1,0,0,1,0,1,2,0.015822415645554002,True
4,0,0,1,0,1,0,0,1,0,1,0,2,0,0,0,0,2,0,0,0,0,0,0,1,3,-0.01051690811041149,True
4,1,0,0,0,1,1,0,1,0,0,0,1,0,1,0,1,1,0,0,0,1,2,0,0,1,0.05913307142238344,True
4,0,0,0,1,1,0,0,2,0,0,1,1,0,0,0,0,0,0,0,2,0,0,0,4,0,0.026454268523503147,True
4,0,0,0,1,1,0,0,0,1,1,0,0,0,1,1,0,0,1,0,1,0,0,3,1,0,0.905058744704626,False
4,0,0,2,0,0,0,0,1,1,0,0,1,1,0,0,0,0,0,0,2,1,0,1,0,2,0.5780984496462606,False
4,0,0,1,1,0,0,0,0,2,0,1,0,0,1,0,0,0,1,0,1,1,2,0,1,0,0.04917843728227227,True
4,0,0,1,1,0,0,1,0,1,0,0,2,0,0,0,0,0,0,2,0,0,0,2,0,2,0.02845813223946555,True
4,0,0,1,1,0,0,2,0,0,0,0,2,0,0,0,0,0,0,0,2,0,0,2,2,0,0.0331643455484053,True
4,0,0,0,0,2,1,1,0,0,0,1,0,0,1,0,0,1,1,0,0,1,1,2,0,0,0.0631112213284193,True
4,0,0,0,1,1,1,0,1,0,0,2,0,0,0,0,0,1,0,0,1,0,3,0,1,0,0.06547824924391844,True
4,1,1,0,0,0,0,1,0,1,0,1,0,0,1,0,0,2,0,0,0,0,0,0,2,2,0.03226377717552535,True
4,0,0,1,1,0,1,1,0,0,0,1,0,0,0,1,1,0,1,0,0,0,0,2,2,0,0.08769508483620995,True
4,0,0,2,0,0,2,0,0,0,0,0,1,0,1,0,0,0,1,0,1,3,0,1,0,0,0.6380890690907883,False
4,1,0,0,0,1,2,0,0,0,0,0,0,0,0,2,0,1,0,0,1,2,0,1,0,1,0.8998754159158707,False
4,0,2,0,0,0,0,2,0,0,0,0,1,0,0,1,0,1,0,1,0,0,2,1,1,0,0.050707786572145086,True
4,0,1,0,0,1,0,1,0,1,0,0,0,0,2,0,0,0,0,0,2,1,1,2,0,0,0.016910835188336578,True
4,0,0,0,1,1,0,0,0,0,2,1,0,1,0,0,0,0,0,2,0,0,1,3,0,0,0.05431615283872553,True
4,0,1,0,1,0,0,0,0,2,0,0,1,0,0,1,0,0,1,1,0,0,2,1,0,1,0.029721393604156494,True
4,1,0,0,0,1,0,0,0,2,0,0,0,0,0,2,0,0,2,0,0,3,0,0,0,1,0.5684658076495367,False
4,1,0,1,0,0,0,1,0,0,1,0,2,0,0,0,0,2,0,0,0,2,0,0,1,1,0.04493017852637719,True
4,0,0,0,2,0,2,0,0,0,0,0,0,1,1,0,2,0,0,0,0,1,1,0,1,1,0.0683268488754392,True
4,0,2,0,0,0,0,1,0,1,0,0,0,0,1,1,1,0,0,0,1,1,1,0,1,1,0.021703833670997916,True
4,0,0,2,0,0,2,0,0,0,0,1,0,0,0,1,0,1,0,1,0,0,2,0,0,2,0.08426077981860668,True
4,0,0,0,2,0,1,0,1,0,0,2,0,0,0,0,0,1,0,1,0,2,0,1,1,0,0.07826818713712283,True
4,0,0,0,0,2,0,0,0,1,1,0,0,0,1,1,1,0,0,0,1,1,0,2,0,1,0.8791856237024213,False
4,0,0,1,1,0,1,0,0,0,1,0,2,0,0,0,0,0,0,1,1,2,0,1,1,0,0.05061328098644342,True
4,1,0,0,0,1,0,1,0,1,0,0,0,1,0,1,1,0,0,0,1,0,1,2,1,0,0.051334865649553904,True
4,1,0,0,1,0,1,1,0,0,0,1,1,0,0,0,0,1,0,0,1,0,0,0,0,4,0.007786029192376155,True
4,1,1,0,0,0,0,2,0,0,0,0,1,0,0,1,0,1,1,0,0,1,0,2,1,0,0.062354714777627405,True
4,0,1,0,0,1,0,1,1,0,0,0,1,1,0,0,1,0,0,1,0,3,1,0,0,0,0.07294501769090521,True
4,1,1,0,0,0,1,0,0,0,1,1,0,0,0,1,0,1,1,0,0,1,2,1,0,0,0.07396621856845341,True
4,1,0,1,0,0,0,0,0,1,1,0,0,0,0,2,2,0,0,0,0,3,0,1,0,0,0.9390500815904392,False
4,0,0,2,0,0,1,0,0,0,1,0,2,0,0,0,0,1,0,1,0,0,2,0,0,2,0.025020666879176746,True
4,0,0,2,0,0,0,1,1,0,0,0,1,0,0,1,0,1,0,1,0,1,0,0,2,1,0.05143850042043407,True
4,1,1,0,0,0,0,0,1,0,1,1,0,0,1,0,2,0,0,0,0,0,1,3,0,0,0.15511721207537094,True
4,1,1,0,0,0,0,1,0,0,1,0,0,1,1,0,0,0,1,1,0,2,1,1,0,0,0.06931339563551703,True
4,0,0,0,0,2,0,0,0,2,0,0,1,0,0,1,0,0,1,0,1,0,1,1,0,2,0.009332135892752886,True
4,0,1,0,1,0,0,1,0,0,1,1,1,0,0,0,0,1,0,1,0,1,3,0,0,0,0.05058667644627705,True
4,2,0,0,0,0,1,0,1,0,0,1,0,1,0,0,1,1,0,0,0,1,0,3,0,0,0.9948840445269623,False
4,0,2,0,0,0,0,1,0,0,1,1,0,1,0,0,1,1,0,0,0,0,3,1,0,0,0.06005800035535766,True
4,1,0,0,1,0,0,0,2,0,0,0,1,1,0,0,0,1,0,1,0,1,1,1,1,0,0.0769707699654051,True
4,0,1,0,0,1,0,2,0,0,0,0,0,1,1,0,1,1,0,0,0,0,3,1,0,0,0.054840396813287284,True
4,0,1,0,1,0,1,0,0,1,0,0,0,0,1,1,0,0,2,0,0,1,1,0,0,2,0.0332510031524558,True
4,1,1,0,0,0,1,0,0,0,1,1,0,1,0,0,1,0,0,1,0,0,2,2,0,0,0.09449083818923704,True
4,0,0,1,1,0,1,1,0,0,0,0,1,0,1,0,2,0,0,0,0,0,3,0,1,0,0.07155116548787346,True
4,1,1,0,0,0,0,0,2,0,0,1,0,0,0,1,0,0,0,0,2,0,1,0,1,2,0.8832778868326193,False
4,0,0,1,1,0,0,0,0,0,2,1,0,1,0,0,0,0,2,0,0,0,2,2,0,0,0.2736765490145027,False
4,0,1,0,1,0,0,1,0,1,0,0,0,0,2,0,0,2,0,0,0,0,0,0,0,4,-0.013211111111110981,True
4,0,1,1,0,0,1,0,0,1,0,0,0,1,1,0,1,0,0,0,1,3,0,1,0,0,0.10760056426778129,True
4,0,2,0,0,0,0,1,0,0,1,0,0,2,0,0,2,0,0,0,0,0,2,1,1,0,0.0687508770353578,True
4,1,0,0,0,1,0,2,0,0,0,0,0,1,1,0,0,0,2,0,0,0,0,0,3,1,0.051648585129738814,True
4,0,0,1,0,1,0,1,0,1,0,1,0,1,0,0,1,1,0,0,0,1,0,3,0,0,0.11384046706686858,True
4,0,0,1,1,0,0,1,1,0,0,1,1,0,0,0,0,0,0,0,2,2,1,0,0,1,0.05005239026128306,True
4,0,1,1,0,0,0,0,0,0,2,0,0,2,0,0,0,0,1,0,1,3,1,0,0,0,0.8639950958563083,False
4,0,0,1,0,1,0,0,1,0,1,1,0,0,1,0,0,1,1,0,0,1,1,0,2,0,0.050904144659839785,True
4,2,0,0,0,0,0,1,0,0,1,0,2,0,0,0,0,0,1,0,1,0,1,2,1,0,0.059408728164677245,True
4,1,0,0,1,0,0,2,0,0,0,0,0,0,1,1,0,0,1,0,1,1,2,0,1,0,0.038442655268321316,True
4,0,2,0,0,0,0,1,0,0,1,0,0,1,1,0,1,0,0,1,0,3,0,1,0,0,0.06526368454055806,True
4,0,0,0,0,2,1,0,0,1,0,2,0,0,0,0,0,0,1,1,0,0,0,0,3,1,0.04844819502148893,True
4,0,1,0,1,0,0,0,1,0,1,0,1,0,1,0,0,0,1,0,1,0,0,1,2,1,0.02171406300050065,True
4,1,0,1,0,0,2,0,0,0,0,0,0,1,1,0,0,0,0,1,1,1,1,0,0,2,0.9199293878187706,False
4,0,0,0,0,2,1,0,0,1,0,2,0,0,0,0,0,1,0,0,1,0,2,0,2,0,0.027927769318193046,True
4,0,0,0,2,0,1,0,1,0,0,1,0,0,1,0,0,0,1,1,0,0,0,0,3,1,0.05198121042643874,True
4,0,0,2,0,0,0,0,0,1,1,0,0,0,0,2,1,0,1,0,0,0,1,0,3,0,0.054316152838725616,True
4,0,1,0,0,1,0,0,2,0,0,0,1,1,0,0,0,0,1,0,1,3,1,0,0,0,0.43459722650755916,True
4,0,1,0,1,0,1,0,0,0,1,0,2,0,0,0,0,1,0,0,1,0,2,0,1,1,0.019644109058540762,True
4,0,0,1,0,1,2,0,0,0,0,0,0,1,1,0,2,0,0,0,0,1,1,2,0,0,0.9029790183995196,False
4,0,1,0,1,0,0,0,1,1,0,1,0,0,0,1,0,1,0,0,1,0,4,0,0,0,0.034656101015103295,True
4,1,0,0,1,0,1,0,1,0,0,2,0,0,0,0,0,1,0,0,1,2,0,0,0,2,0.9254363548597174,False
4,1,0,0,1,0,0,0,0,0,2,0,0,1,0,1,0,0,1,0,1,0,1,0,2,1,0.7665652905410775,False
4,2,0,0,0,0,0,1,0,1,0,0,0,1,0,1,1,1,0,0,0,2,0,2,0,0,0.11382791002756996,True
4,0,0,1,1,0,0,0,0,1,1,0,0,2,0,0,0,2,0,0,0,0,1,0,3,0,0.05264122932996528,True
4,1,0,1,0,0,0,0,0,0,2,1,0,0,1,0,1,0,1,0,0,1,0,0,1,2,0.9032989440124203,False
4,1,1,0,0,0,1,1,0,0,0,0,0,0,1,1,0,0,0,0,2,0,0,2,2,0,0.037749147003660534,True
4,0,0,0,0,2,0,0,0,2,0,1,0,0,0,1,0,1,0,1,0,2,0,0,0,2,-0.011903864255161161,True
4,0,0,0,0,2,0,1,0,1,0,1,0,1,0,0,0,1,1,0,0,0,0,4,0,0,0.09384548872359903,True
4,1,0,0,0,1,1,1,0,0,0,0,2,0,0,0,0,0,2,0,0,0,0,4,0,0,0.11612431379915662,True
4,0,1,0,0,1,0,0,1,1,0,0,1,1,0,0,0,0,1,1,0,2,0,1,1,0,0.06645426852631138,True
4,0,1,0,1,0,0,2,0,0,0,1,0,0,0,1,0,1,0,1,0,0,2,0,0,2,0.012462535261185315,True
4,0,1,1,0,0,0,0,1,0,1,0,0,1,0,1,1,1,0,0,0,0,0,0,2,2,0.06676703501817603,True
4,0,1,0,0,1,0,0,0,1,1,0,0,1,1,0,0,0,1,1,0,0,2,0,2,0,0.03371798176573261,True
4,2,0,0,0,0,0,0,2,0,0,0,1,0,1,0,1,1,0,0,0,1,1,0,2,0,0.07994520227953904,True
4,0,0,1,1,0,1,0,0,1,0,0,1,0,1,0,0,1,1,0,0,0,2,0,1,1,0.052208075368235185,True
4,1,1,0,0,0,0,0,2,0,0,0,0,0,0,2,1,0,1,0,0,1,0,3,0,0,0.9565770996457068,False
4,1,0,0,0,1,1,0,1,0,0,1,0,1,0,0,1,0,0,0,1,0,1,2,1,0,0.9441925084569491,False
4,0,1,0,0,1,0,0,0,0,2,0,0,0,2,0,1,0,1,0,0,2,0,1,1,0,0.04889405399090265,True
4,0,0,0,0,2,1,0,0,1,0,0,1,0,0,1,1,1,0,0,0,3,0,1,0,0,0.1384402302799164,True
4,0,1,0,1,0,0,0,2,0,0,0,1,0,0,1,1,0,1,0,0,2,0,2,0,0,0.17849653136961827,True
4,0,0,0,0,2,0,1,0,1,0,0,0,0,1,1,1,0,0,0,1,4,0,0,0,0,0.11842998622260067,True
4,1,0,0,0,1,0,0,0,1,1,0,0,0,2,0,0,2,0,0,0,0,1,2,1,0,0.03464727182742202,True
4,0,0,1,0,1,2,0,0,0,0,1,0,0,1,0,0,1,0,0,1,0,0,3,0,1,0.9269483222016667,False
4,1,1,0,0,0,0,0,1,0,1,0,2,0,0,0,0,0,0,1,1,0,1,0,1,2,0.012720011071477277,True
4,0,0,1,0,1,0,1,0,1,0,0,1,0,1,0,0,0,1,1,0,1,1,0,1,1,0.033508342586209675,True
4,0,2,0,0,0,1,0,0,0,1,0,2,0,0,0,0,1,1,0,0,1,0,0,3,0,0.0514859314203057,True
4,1,0,0,0,1,0,0,0,1,1,1,0,0,1,0,1,0,0,1,0,0,2,0,1,1,0.03766778718852196,True
4,2,0,0,0,0,2,0,0,0,0,0,0,1,0,1,0,1,0,1,0,1,2,0,1,0,0.07339692271003193,True
4,2,0,0,0,0,0,1,1,0,0,0,1,0,1,0,0,0,0,0,2,1,0,2,0,1,0.07382791002757004,True
4,2,0,0,0,0,1,0,0,1,0,0,1,1,0,0,1,0,1,0,0,0,0,0,1,3,0.15572889750783597,True
4,0,1,0,1,0,0,2,0,0,0,0,0,0,1,1,1,0,1,0,0,0,0,1,0,3,0.008405093669922852,True
4,1,0,0,0,1,1,0,1,0,0,1,0,1,0,0,0,1,0,0,1,1,1,0,1,1,0.9392498455360747,False
4,0,0,0,1,1,2,0,0,0,0,0,0,0,0,2,1,1,0,0,0,1,3,0,0,0,0.04665493408940236,True
4,0,0,1,1,0,0,0,0,0,2,0,1,0,1,0,0,0,0,0,2,2,0,1,0,1,0.027600564267781427,True
4,0,1,1,0,0,0,0,1,0,1,1,0,1,0,0,0,1,1,0,0,1,0,0,3,0,0.07218911764889686,True
4,0,1,0,1,0,0,1,1,0,0,1,0,0,1,0,0,0,1,1,0,3,0,0,0,1,0.05811697379948901,True
4,0,0,1,0,1,1,0,1,0,0,0,0,0,0,2,0,0,1,0,1,0,3,0,1,0,0.09540348421823507,True
4,0,1,1,0,0,1,1,0,0,0,1,0,1,0,0,0,0,2,0,0,2,0,1,1,0,0.17613132132239243,True
4,0,0,1,0,1,0,1,0,0,1,2,0,0,0,0,1,1,0,0,0,1,0,2,0,1,0.9292827282743654,False
4,1,0,0,0,1,0,0,1,1,0,1,0,0,1,0,1,0,0,0,1,0,0,0,0,4,0.5284658076495368,False
4,1,1,0,0,0,0,0,1,1,0,2,0,0,0,0,0,0,1,1,0,0,1,0,1,2,0.05393224929401004,True
4,0,1,0,1,0,0,0,0,2,0,0,1,1,0,0,0,0,0,0,2,0,0,0,1,3,-0.02463431648438182,True
4,0,0,1,0,1,0,0,0,1,1,1,1,0,0,0,0,1,0,1,0,2,2,0,0,0,0.044892932544735885,True
4,0,0,1,0,1,1,0,1,0,0,1,0,0,0,1,1,0,1,0,0,1,1,1,1,0,0.9439306539208572,False
4,1,0,1,0,0,0,0,1,1,0,0,0,1,0,1,1,0,0,1,0,0,0,2,1,1,0.16020782803374944,True
4,0,1,0,0,1,0,1,0,1,0,1,0,0,1,0,0,1,1,0,0,1,0,1,2,0,0.05301866469166701,True
4,1,0,0,1,0,0,2,0,0,0,0,1,1,0,0,1,1,0,0,0,0,4,0,0,0,0.07049655286564051,True
4,0,0,1,1,0,0,0,1,1,0,2,0,0,0,0,0,0,0,0,2,1,0,1,1,1,0.14020782803374948,True
4,1,0,0,1,0,0,2,0,0,0,0,0,1,0,1,0,0,0,0,2,0,2,0,0,2,-0.0008669285776164503,True
4,0,0,0,2,0,1,0,0,0,1,0,0,0,0,2,0,1,0,1,0,1,1,0,2,0,0.010062059768015436,True
4,0,1,0,0,1,0,0,0,0,2,1,1,0,0,0,1,0,0,1,0,1,0,2,1,0,0.05684272668508751,True
4,0,0,0,2,0,0,1,0,0,1,0,2,0,0,0,0,2,0,0,0,0,0,1,1,2,0.012204590718205927,True
4,0,0,0,1,1,1,0,0,1,0,0,0,2,0,0,0,0,0,2,0,0,2,0,1,1,0.03912224289541975,True
4,1,1,0,0,0,2,0,0,0,0,1,0,0,0,1,0,0,0,0,2,0,1,0,1,2,0.8823787759641808,False
4,0,2,0,0,0,0,2,0,0,0,1,0,0,0,1,0,2,0,0,0,1,2,0,0,1,0.10196550815084891,True
4,0,1,0,0,1,0,0,1,0,1,0,0,1,0,1,0,0,0,0,2,0,1,1,2,0,0.09395091110770401,True
4,2,0,0,0,0,0,0,1,0,1,0,0,2,0,0,1,1,0,0,0,1,2,0,0,1,0.9434000092876675,False
4,0,0,2,0,0,0,0,1,1,0,0,0,0,0,2,0,0,1,0,1,0,0,0,3,1,0.781978345724136,False
4,0,1,0,1,0,0,2,0,0,0,1,0,0,0,1,0,2,0,0,0,0,1,0,0,3,-0.005071340949699103,True
4,1,0,1,0,0,0,0,2,0,0,0,0,1,1,0,1,0,1,0,0,0,0,1,2,1,0.9589648811910438,False
4,1,0,1,0,0,0,0,0,2,0,1,0,0,0,1,0,1,0,1,0,0,2,0,1,1,0.036097078694628235,True
4,2,0,0,0,0,0,0,0,2,0,0,0,0,0,2,0,0,0,1,1,0,1,0,3,0,0.013663480125900714,True
4,1,1,0,0,0,1,0,0,0,1,0,2,0,0,0,0,0,2,0,0,0,2,0,2,0,0.057777712942876806,True
4,0,0,0,1,1,0,1,1,0,0,2,0,0,0,0,0,0,2,0,0,0,0,0,0,4,0.8899558072671436,False
4,0,0,0,0,2,0,0,1,1,0,0,0,0,2,0,0,0,1,0,1,0,0,2,1,1,0.01766806600277311,True
4,1,0,0,0,1,0,1,1,0,0,0,0,0,2,0,1,0,0,1,0,0,0,0,4,0,0.045289636987218905,True
4,1,0,1,0,0,1,0,0,1,0,1,1,0,0,0,0,1,0,0,1,3,0,0,1,0,0.09684272668508744,True
4,0,0,0,2,0,1,0,1,0,0,2,0,0,0,0,0,0,0,0,2,1,0,0,3,0,0.04326272953053565,True
4,0,1,1,0,0,1,1,0,0,0,0,0,0,1,1,1,0,1,0,0,0,0,0,4,0,0.05787749828635037,True
4,0,2,0,0,0,0,0,1,0,1,2,0,0,0,0,0,0,0,0,2,1,0,3,0,0,0.5988197091460259,False
4,0,0,1,1,0,0,1,1,0,0,0,0,1,1,0,1,0,0,1,0,2,0,0,2,0,0.0722997530329525,True
4,0,0,1,0,1,2,0,0,0,0,0,1,1,0,0,0,0,2,0,0,2,0,0,1,1,0.9457469348730131,False
4,1,0,1,0,0,1,1,0,0,0,0,1,0,1,0,0,2,0,0,0,2,0,0,2,0,0.07316434554840524,True
4,2,0,0,0,0,0,0,1,0,1,0,2,0,0,0,1,0,1,0,0,3,0,1,0,0,0.6384026021283319,False
4,1,0,0,1,0,0,0,0,2,0,0,0,1,1,0,1,1,0,0,0,1,0,2,0,1,0.05496332795497824,True
4,1,0,0,0,1,1,0,0,0,1,0,0,2,0,0,0,0,1,0,1,3,0,1,0,0,0.9372020202605762,False
4,1,1,0,0,0,0,0,0,1,1,0,0,2,0,0,1,1,0,0,0,0,0,2,1,1,0.10428473264680127,True
4,0,1,1,0,0,0,0,0,2,0,0,1,0,1,0,0,0,0,2,0,0,1,3,0,0,0.0655781328354871,True
4,1,0,1,0,0,0,1,1,0,0,1,1,0,0,0,0,0,0,2,0,2,0,0,0,2,0.05218911764889696,True
4,2,0,0,0,0,0,0,1,1,0,1,1,0,0,0,0,0,0,2,0,1,1,0,0,2,0.042316418110970186,True
4,1,1,0,0,0,0,0,0,1,1,0,1,1,0,0,0,0,2,0,0,0,1,2,1,0,0.07990894533947068,True
4,1,1,0,0,0,0,0,2,0,0,0,0,2,0,0,1,0,0,0,1,2,0,1,1,0,0.9035737649367832,False
4,1,0,0,0,1,0,1,0,0,1,1,0,1,0,0,0,1,1,0,0,3,0,1,0,0,0.9492638865043876,False
4,1,0,0,0,1,1,0,0,1,0,0,0,0,1,1,0,0,2,0,0,1,0,2,1,0,0.4046438743098298,True
4,0,2,0,0,0,0,0,0,0,2,0,0,1,0,1,0,0,0,0,2,3,0,0,0,1,0.5362227753568303,False
4,0,0,0,1,1,0,2,0,0,0,0,1,0,0,1,1,0,0,1,0,1,0,2,0,1,0.03735706468064628,True
4,1,1,0,0,0,0,0,1,1,0,0,0,1,1,0,1,0,0,1,0,2,2,0,0,0,0.0761369347852976,True
4,0,1,0,1,0,0,1,0,0,1,0,0,0,1,1,1,0,0,0,1,1,0,2,1,0,0.04134788957033339,True
4,0,0,0,0,2,1,1,0,0,0,1,0,0,1,0,1,0,1,0,0,1,0,0,2,1,0.08295652791258988,True
4,0,1,1,0,0,0,1,1,0,0,0,0,1,1,0,0,2,0,0,0,0,0,4,0,0,0.0829626143327433,True
4,2,0,0,0,0,1,0,0,1,0,1,1,0,0,0,0,0,2,0,0,0,0,0,3,1,0.09773424789700058,True
4,0,1,1,0,0,0,2,0,0,0,0,0,0,2,0,1,0,0,0,1,0,3,0,1,0,0.04906918952123503,True
4,0,0,1,1,0,0,1,0,0,1,1,0,0,1,0,0,0,1,1,0,0,0,1,0,3,0.015927824073458562,True
4,0,0,1,0,1,2,0,0,0,0,0,0,2,0,0,0,0,0,0,2,2,0,0,1,1,0.9177739250108334,False
4,2,0,0,0,0,1,1,0,0,0,0,1,0,0,1,0,2,0,0,0,1,1,0,1,1,0.052056111841043355,True
4,0,0,2,0,0,1,0,1,0,0,0,0,2,0,0,0,2,0,0,0,0,2,0,1,1,0.10488208143028807,True
4,0,0,2,0,0,1,1,0,0,0,0,0,2,0,0,0,1,1,0,0,3,0,0,0,1,0.6411977797567896,False
4,0,0,0,1,1,1,1,0,0,0,0,0,0,0,2,0,1,1,0,0,0,1,0,2,1,0.027253713033209857,True
4,1,0,0,0,1,0,0,0,2,0,0,1,0,1,0,0,1,0,1,0,1,0,2,0,1,0.03090185458865981,True
4,0,0,1,1,0,0,1,0,1,0,1,0,1,0,0,1,1,0,0,0,2,0,0,2,0,0.07525329447918506,True
4,1,0,0,0,1,0,1,0,1,0,2,0,0,0,0,0,1,0,1,0,0,4,0,0,0,0.05251316662766628,True
4,0,0,2,0,0,0,2,0,0,0,1,1,0,0,0,0,0,0,2,0,1,1,0,2,0,0.06961735068500968,True
4,0,0,1,1,0,2,0,0,0,0,1,0,0,1,0,0,0,0,1,1,0,1,0,1,2,0.04838571387230532,True
4,0,0,1,0,1,0,1,1,0,0,0,1,0,1,0,0,0,0,2,0,1,0,0,1,2,0.015365683515618112,True
4,1,0,0,1,0,0,2,0,0,0,1,0,1,0,0,1,0,1,0,0,0,3,0,0,1,0.0724967861851334,True
4,0,1,0,1,0,0,2,0,0,0,0,1,0,1,0,0,2,0,0,0,0,0,0,4,0,0.065775,True
4,0,0,0,0,2,0,1,0,1,0,0,0,0,0,2,1,0,0,1,0,1,0,0,1,2,-0.015825953406447945,True
4,1,1,0,0,0,0,0,2,0,0,2,0,0,0,0,0,0,2,0,0,1,0,0,1,2,0.945746934873013,False
4,0,1,1,0,0,1,1,0,0,0,0,0,1,1,0,0,2,0,0,0,1,2,1,0,0,0.07498866074423055,True
4,0,1,0,1,0,2,0,0,0,0,0,0,1,1,0,2,0,0,0,0,0,0,3,1,0,0.09592476557341177,True
4,0,1,0,0,1,0,1,0,0,1,0,0,0,2,0,0,0,1,0,1,1,0,2,1,0,0.03466439809876018,True
4,1,0,1,0,0,0,1,0,0,1,1,0,0,0,1,1,1,0,0,0,2,1,0,1,0,0.10483707927211788,True
4,0,0,0,1,1,0,0,0,2,0,0,0,2,0,0,0,0,2,0,0,0,2,1,0,1,0.06905874292435106,True
4,0,0,2,0,0,2,0,0,0,0,0,0,0,0,2,2,0,0,0,0,0,1,1,2,0,0.6152626664205563,False
4,1,0,1,0,0,0,1,0,1,0,0,1,0,0,1,0,1,0,1,0,0,3,1,0,0,0.05340089804834527,True
4,0,2,0,0,0,1,0,0,1,0,1,0,1,0,0,0,0,0,0,2,1,1,1,0,1,0.05005021511748656,True
4,0,0,1,1,0,0,0,0,1,1,1,0,1,0,0,0,0,0,2,0,0,1,1,0,2,0.027705418929904312,True
4,0,1,0,1,0,0,0,0,2,0,1,0,0,0,1,0,1,0,1,0,1,1,2,0,0,0.04916001556035204,True
4,0,0,2,0,0,0,0,1,0,1,1,0,1,0,0,0,0,0,1,1,1,0,0,1,2,0.9173820985534699,False
4,1,1,0,0,0,0,0,2,0,0,0,0,0,1,1,1,0,0,1,0,0,2,0,0,2,0.05803509298717569,True
4,0,0,1,1,0,0,0,0,1,1,0,1,0,1,0,2,0,0,0,0,0,0,1,1,2,0.03288613752552574,True
4,0,0,0,0,2,0,0,2,0,0,0,0,1,1,0,0,0,2,0,0,1,0,2,1,0,0.8792914573541749,False
4,0,1,1,0,0,0,0,1,0,1,1,0,1,0,0,0,0,1,1,0,1,1,0,0,2,0.15656760411060502,True
4,0,0,2,0,0,0,2,0,0,0,0,0,2,0,0,2,0,0,0,0,1,1,0,1,1,0.12841857867594217,True
4,2,0,0,0,0,0,1,0,0,1,1,0,1,0,0,0,0,0,2,0,0,1,0,0,3,0.04933213589275282,True
4,0,1,0,0,1,0,1,1,0,0,1,0,0,0,1,0,0,1,0,1,0,2,0,1,1,0.14175374884224484,True
4,0,0,2,0,0,1,0,1,0,0,2,0,0,0,0,1,0,0,0,1,2,1,0,0,1,0.9583236709339612,False
4,1,0,0,1,0,1,1,0,0,0,1,0,1,0,0,0,1,0,0,1,1,2,1,0,0,0.07909777403973359,True
4,0,1,1,0,0,0,0,0,0,2,0,1,1,0,0,1,1,0,0,0,1,1,0,0,2,0.030375306900876996,True
4,1,0,1,0,0,0,0,0,0,2,0,0,1,1,0,1,0,1,0,0,0,0,2,2,0,0.25764825221294935,False
4,0,0,0,0,2,0,1,1,0,0,0,1,0,0,1,1,0,1,0,0,0,0,1,1,2,0.8833017507342291,False
4,0,0,1,1,0,0,0,1,0,1,0,0,0,1,1,0,1,0,1,0,0,0,2,2,0,0.0377523440631046,True
4,0,0,2,0,0,2,0,0,0,0,0,0,2,0,0,1,0,0,0,1,2,0,2,0,0,0.974488827968049,False
4,0,1,1,0,0,0,0,2,0,0,1,0,1,0,0,0,0,0,2,0,0,0,2,2,0,0.08249129418505977,True
4,1,0,0,0,1,1,0,0,1,0,0,2,0,0,0,0,1,0,1,0,0,2,1,1,0,0.05062652380471629,True
4,0,0,1,0,1,0,1,0,0,1,0,1,1,0,0,0,1,0,0,1,0,0,1,0,3,0.8552334378494287,False
4,1,0,1,0,0,0,2,0,0,0,1,0,0,0,1,0,0,1,0,1,0,0,1,3,0,0.0521891176488969,True
4,1,0,0,0,1,1,0,0,0,1,0,1,0,0,1,0,0,0,0,2,3,0,1,0,0,0.8998754159158705,False
4,0,2,0,0,0,2,0,0,0,0,0,1,1,0,0,0,1,1,0,0,4,0,0,0,0,0.09546389119044521,True
4,0,0,2,0,0,1,0,0,0,1,1,0,0,0,1,0,0,0,0,2,0,0,2,2,0,0.8989300293755865,False
4,0,0,0,0,2,0,0,2,0,0,0,0,2,0,0,1,0,1,0,0,0,2,0,0,2,0.9171543105632848,False
4,0,2,0,0,0,0,0,0,1,1,0,0,0,1,1,0,0,0,1,1,1,1,0,2,0,0.020640185131663037,True
4,1,1,0,0,0,0,0,1,0,1,0,0,0,2,0,0,0,0,0,2,0,1,1,1,1,0.013932249294010103,True
4,0,1,0,0,1,0,0,1,1,0,0,0,0,0,2,0,0,0,0,2,0,1,3,0,0,0.3653283369459166,True
4,1,0,0,0,1,1,0,0,0,1,1,0,0,1,0,0,0,1,0,1,0,2,0,2,0,0.03755272871905615,True
4,0,2,0,0,0,0,1,0,0,1,0,0,1,0,1,0,1,0,1,0,0,0,1,0,3,-0.011594801748066569,True
4,0,0,0,2,0,2,0,0,0,0,0,0,0,0,2,1,0,0,0,1,0,2,2,0,0,0.04957353954619379,True
4,0,1,1,0,0,0,1,1,0,0,1,0,0,0,1,0,1,0,1,0,3,0,0,1,0,0.06452335913449814,True
4,0,0,0,2,0,1,0,0,0,1,0,0,0,1,1,0,1,1,0,0,3,1,0,0,0,0.04931339557064359,True
4,0,2,0,0,0,0,0,1,0,1,0,1,1,0,0,0,0,1,1,0,1,0,0,1,2,0.02899819532430081,True
4,0,1,0,1,0,0,1,1,0,0,0,0,0,1,1,1,0,1,0,0,1,2,0,1,0,0.05844265526832129,True
4,1,0,1,0,0,0,1,0,1,0,0,1,0,0,1,0,1,0,0,1,0,3,0,0,1,0.03765882862900133,True
4,1,0,0,1,0,2,0,0,0,0,0,0,1,1,0,2,0,0,0,0,0,1,0,2,1,0.089148338638582,True
4,1,0,0,1,0,0,0,0,0,2,0,1,1,0,0,0,0,1,0,1,1,0,0,3,0,0.028096135744838775,True
4,0,1,1,0,0,1,0,0,1,0,0,0,0,1,1,0,0,0,2,0,1,0,0,2,1,0.035594552616406656,True
4,0,0,0,2,0,1,0,0,1,0,1,0,1,0,0,0,1,0,0,1,2,0,0,0,2,0.03592782407345852,True
4,0,0,1,1,0,0,1,0,1,0,0,0,1,1,0,0,0,0,2,0,1,2,0,1,0,0.06399375,True
4,0,0,1,1,0,0,0,1,1,0,1,1,0,0,0,0,0,0,0,2,0,3,0,1,0,0.035259007656817484,True
4,0,1,0,1,0,1,0,0,0,1,0,1,1,0,0,0,0,1,0,1,0,1,1,2,0,0.039945202279539085,True
4,1,0,1,0,0,0,1,0,1,0,0,2,0,0,0,1,1,0,0,0,2,0,0,0,2,0.04294585181926638,True
4,0,1,0,0,1,0,0,1,0,1,0,1,0,1,0,0,2,0,0,0,1,0,1,2,0,0.03538905270058913,True
4,0,1,1,0,0,0,0,0,1,1,1,0,0,0,1,1,0,0,1,0,2,0,2,0,0,0.15846583033033632,True
4,0,1,0,1,0,1,1,0,0,0,1,1,0,0,0,0,0,1,1,0,0,4,0,0,0,0.0697479730276681,True
4,0,2,0,0,0,0,2,0,0,0,0,0,0,2,0,0,0,1,1,0,1,1,1,1,0,0.06724374999999999,True
4,0,1,1,0,0,0,1,0,1,0,1,0,0,0,1,0,0,0,1,1,1,0,1,0,2,0.02779670235123766,True
4,2,0,0,0,0,0,0,1,1,0,0,1,0,0,1,1,1,0,0,0,0,2,0,2,0,0.05881198254094208,True
4,1,0,1,0,0,0,2,0,0,0,0,2,0,0,0,1,0,0,1,0,1,0,2,0,1,0.06295064222024999,True
4,0,0,1,0,1,0,0,0,1,1,1,0,1,0,0,0,0,2,0,0,1,0,2,0,1,0.9355077843098265,False
4,1,0,1,0,0,0,1,0,0,1,0,1,0,0,1,0,0,1,1,0,0,1,0,3,0,0.04025391205204289,True
4,0,0,1,0,1,0,2,0,0,0,0,0,1,1,0,0,0,0,0,2,0,1,1,0,2,0.01005674013128791,True
4,1,0,0,0,1,0,1,0,0,1,1,0,1,0,0,1,0,1,0,0,0,0,0,1,3,0.8988948689048445,False
4,1,1,0,0,0,0,1,1,0,0,0,2,0,0,0,1,0,1,0,0,1,1,1,0,1,0.06988008895132117,True
4,0,0,1,1,0,1,0,1,0,0,0,2,0,0,0,0,1,0,0,1,1,1,1,1,0,0.06318270947626403,True
4,0,1,0,0,1,1,0,0,0,1,1,0,1,0,0,0,1,1,0,0,0,0,1,3,0,0.06241588953244321,True
4,2,0,0,0,0,0,0,0,1,1,1,0,0,0,1,0,1,1,0,0,0,1,2,1,0,0.10549918432513151,True
4,1,1,0,0,0,0,0,0,2,0,0,2,0,0,0,1,0,1,0,0,0,1,0,3,0,0.06728678506432172,True
4,0,0,1,0,1,1,0,0,0,1,1,0,1,0,0,1,0,0,0,1,0,1,0,2,1,0.9185020578992993,False
4,0,0,1,1,0,0,1,0,0,1,0,1,1,0,0,0,1,0,1,0,0,1,0,2,1,0.036942144617073715,True
4,0,0,0,2,0,2,0,0,0,0,0,0,0,0,2,0,0,1,0,1,2,0,1,1,0,0.09997463294020437,True
4,0,0,1,0,1,0,0,1,0,1,0,1,0,1,0,1,0,0,1,0,0,4,0,0,0,0.03660898680556325,True
4,0,0,0,0,2,0,1,0,0,1,1,0,0,0,1,1,0,0,1,0,0,0,1,3,0,0.015927824073458566,True
4,0,0,1,0,1,0,1,1,0,0,0,1,0,0,1,0,1,0,1,0,1,0,0,3,0,0.035262900014522244,True
4,1,0,0,1,0,2,0,0,0,0,0,1,1,0,0,0,0,2,0,0,2,1,1,0,0,0.1751235986137173,True
4,0,1,1,0,0,0,0,1,0,1,0,0,0,0,2,2,0,0,0,0,0,3,1,0,0,0.07415333843326895,True
4,1,0,1,0,0,0,0,2,0,0,0,0,2,0,0,0,2,0,0,0,1,1,1,1,0,0.11548980922383133,True
4,1,0,0,0,1,1,0,1,0,0,2,0,0,0,0,2,0,0,0,0,1,0,1,2,0,0.9587459330564249,False
4,1,0,0,0,1,1,0,1,0,0,0,1,0,1,0,1,0,0,0,1,1,2,0,0,1,0.08424907945772069,True
4,1,0,0,0,1,1,1,0,0,0,1,0,0,0,1,2,0,0,0,0,1,1,0,2,0,0.09192592140729433,True
4,1,1,0,0,0,1,0,1,0,0,0,1,0,1,0,0,1,1,0,0,1,1,1,1,0,0.07917708937822965,True
4,0,1,1,0,0,1,0,0,0,1,0,0,0,0,2,0,0,0,0,2,1,1,0,0,2,0.8468175161201389,False
4,0,0,2,0,0,0,0,0,1,1,1,1,0,0,0,1,0,0,1,0,0,1,0,1,2,0.057493471840154915,True
4,2,0,0,0,0,0,1,0,0,1,1,0,0,0,1,1,0,0,1,0,2,1,0,0,1,0.9218658519558974,False
4,1,0,0,0,1,0,1,0,0,1,0,0,1,1,0,1,0,0,0,1,0,3,0,1,0,0.03061328151188555,True
4,0,2,0,0,0,0,0,1,1,0,0,0,1,0,1,0,1,0,0,1,0,2,1,0,1,0.03197979135328041,True
4,0,0,0,2,0,0,1,0,1,0,0,0,0,0,2,0,0,2,0,0,1,2,0,1,0,0.03169800124265179,True
4,0,0,0,1,1,0,0,1,1,0,0,1,0,0,1,0,0,2,0,0,0,1,3,0,0,0.14571958669541,True
4,2,0,0,0,0,0,0,1,1,0,1,0,1,0,0,0,0,1,1,0,0,1,2,0,1,0.181362289110613,True
4,0,0,0,0,2,0,0,0,0,2,0,0,1,1,0,0,0,0,2,0,0,0,2,2,0,-0.0018525082184152962,True
4,1,0,0,0,1,0,1,1,0,0,0,1,0,0,1,0,1,0,1,0,0,3,0,1,0,0.035238075864347296,True
4,0,1,0,1,0,1,0,0,1,0,0,0,0,1,1,1,1,0,0,0,1,1,0,2,0,0.05089624309505545,True
4,0,0,0,2,0,0,0,0,0,2,0,0,1,0,1,0,0,2,0,0,0,0,2,1,1,0.1202078280337495,True
4,1,0,0,0,1,0,2,0,0,0,0,0,0,1,1,0,2,0,0,0,3,0,1,0,0,0.04813027761087222,True
4,0,0,2,0,0,1,0,0,0,1,1,0,0,0,1,0,0,0,0,2,1,0,2,1,0,0.9131953994815314,False
4,0,1,0,0,1,0,0,2,0,0,1,0,0,0,1,0,0,0,1,1,0,2,2,0,0,0.4022004012433814,True
4,0,0,1,0,1,0,0,2,0,0,2,0,0,0,0,1,1,0,0,0,1,0,1,1,1,0.950137549134401,False
4,0,0,0,0,2,0,1,1,0,0,0,0,0,1,1,1,0,0,0,1,0,3,1,0,0,0.028119619672746232,True
4,0,0,1,0,1,2,0,0,0,0,0,0,0,2,0,1,1,0,0,0,0,1,2,1,0,0.06503003347085874,True
4,1,0,0,1,0,0,2,0,0,0,0,1,1,0,0,1,1,0,0,0,2,0,2,0,0,0.08295064222024996,True
4,2,0,0,0,0,0,1,0,0,1,0,1,0,0,1,1,0,0,1,0,0,2,0,1,1,0.08633307453753926,True
4,0,0,0,2,0,1,1,0,0,0,0,1,0,1,0,1,0,0,0,1,0,0,1,1,2,0.015365683515618112,True
4,1,0,1,0,0,0,0,1,1,0,0,0,0,2,0,0,0,1,0,1,0,2,0,1,1,0.042856683926213404,True
4,0,1,1,0,0,0,0,0,1,1,0,0,0,0,2,0,1,0,0,1,0,0,1,0,3,0.8431622981696661,False
4,2,0,0,0,0,1,0,0,1,0,1,0,1,0,0,0,1,1,0,0,0,0,2,0,2,0.6180859415559805,False
4,1,0,0,1,0,1,1,0,0,0,0,1,0,1,0,0,0,0,0,2,0,0,0,4,0,0.02772980415104702,True
4,0,0,2,0,0,0,0,0,2,0,0,0,0,2,0,0,2,0,0,0,0,0,2,1,1,0.04953539977355211,True
4,0,1,1,0,0,0,0,1,1,0,0,0,2,0,0,0,1,0,1,0,1,0,0,2,1,0.061714063000500585,True
4,0,2,0,0,0,1,1,0,0,0,1,0,1,0,0,0,1,0,0,1,1,1,0,1,1,0.052721181029634655,True
4,0,2,0,0,0,0,2,0,0,0,0,0,0,0,2,0,0,2,0,0,0,1,0,1,2,0.0056755431430448745,True
4,0,1,0,1,0,0,0,0,0,2,1,0,0,1,0,0,0,0,2,0,1,0,3,0,0,0.034963327954978266,True
4,0,2,0,0,0,0,2,0,0,0,0,1,0,0,1,0,0,0,1,1,0,0,4,0,0,0.04561385831900378,True
4,1,0,1,0,0,0,0,1,1,0,0,0,1,0,1,0,0,2,0,0,2,2,0,0,0,0.2936724707950138,False
4,1,1,0,0,0,0,0,1,0,1,0,0,0,0,2,0,0,1,1,0,0,0,0,0,4,0.5180734280008386,False
4,1,0,0,0,1,0,1,0,1,0,0,1,0,1,0,1,0,0,1,0,1,1,0,1,1,0.033508342586209675,True
4,0,0,0,1,1,0,0,1,0,1,0,0,0,0,2,0,1,0,0,1,0,0,2,0,2,0.8589079388484612,False
4,0,0,0,0,2,0,2,0,0,0,1,0,1,0,0,0,0,0,2,0,0,1,0,2,1,0.01910948055289812,True
4,0,0,0,1,1,0,1,0,0,1,0,1,1,0,0,0,2,0,0,0,2,0,1,0,1,0.038439522852502565,True
4,0,0,1,1,0,0,0,2,0,0,1,0,1,0,0,2,0,0,0,0,0,2,0,0,2,0.9420321418399368,False
4,1,1,0,0,0,0,1,0,1,0,0,0,0,1,1,0,0,1,1,0,2,0,0,2,0,0.053018664691434673,True
4,0,0,1,0,1,1,1,0,0,0,0,0,0,2,0,0,0,0,0,2,1,0,0,1,2,0.004174046593552022,True
4,0,0,1,0,1,0,0,0,1,1,0,2,0,0,0,0,0,0,2,0,2,0,0,1,1,0.02152430481133231,True
4,0,0,1,1,0,0,0,1,0,1,1,0,1,0,0,0,0,0,1,1,0,1,2,0,1,0.92239742836498,False
4,0,1,0,0,1,0,1,0,0,1,0,1,0,0,1,0,0,2,0,0,1,1,2,0,0,0.9303886608645362,False
4,1,1,0,0,0,0,0,0,0,2,0,0,0,2,0,0,0,1,0,1,0,2,0,0,2,-0.00570529513745861,True
4,0,1,0,0,1,0,0,0,1,1,2,0,0,0,0,0,1,0,0,1,1,1,0,0,2,0.8975218319421103,False
4,0,0,2,0,0,0,1,1,0,0,0,0,0,0,2,0,1,0,0,1,0,1,0,3,0,0.02931339563551709,True
4,0,0,1,1,0,0,1,0,1,0,0,0,2,0,0,0,0,2,0,0,1,0,2,1,0,0.09592476557341177,True
4,0,0,0,2,0,0,1,0,0,1,0,1,0,1,0,0,0,0,2,0,0,0,1,1,2,0.006146525157453977,True
4,1,0,0,0,1,0,0,1,0,1,0,1,0,0,1,1,0,0,0,1,2,0,2,0,0,0.9186526380746187,False
4,1,0,0,1,0,0,0,0,0,2,0,0,0,2,0,0,1,0,1,0,1,0,1,1,1,0.012448062060363979,True
4,0,0,0,1,1,0,0,0,0,2,0,0,0,0,2,2,0,0,0,0,1,1,0,0,2,0.8590891759695092,False
4,2,0,0,0,0,1,0,0,1,0,1,1,0,0,0,1,1,0,0,0,2,0,0,0,2,0.09381032321701277,True
4,0,1,1,0,0,0,1,0,1,0,0,0,0,0,2,0,1,0,0,1,0,0,0,0,4,-0.03220756610655874,True
4,0,0,2,0,0,0,1,0,1,0,0,0,0,1,1,1,0,1,0,0,0,0,2,0,2,0.13849653136961831,True
4,0,0,0,2,0,0,0,0,1,1,1,0,0,1,0,0,1,1,0,0,0,0,2,2,0,0.050208004622088714,True
4,1,1,0,0,0,0,1,0,0,1,0,1,0,1,0,1,1,0,0,0,0,2,0,0,2,0.021850553166063724,True
4,1,0,1,0,0,0,0,0,2,0,0,0,1,0,1,0,0,2,0,0,0,1,3,0,0,0.14676443854343146,True
4,0,2,0,0,0,1,0,1,0,0,0,0,1,0,1,1,0,1,0,0,0,2,1,1,0,0.0759285299991111,True
4,0,0,0,0,2,1,0,0,0,1,1,1,0,0,0,0,0,2,0,0,0,4,0,0,0,0.04295119897628514,True
4,0,1,1,0,0,0,0,1,1,0,1,0,0,1,0,0,2,0,0,0,1,0,1,1,1,0.05793160080855591,True
4,0,0,0,1,1,1,1,0,0,0,1,1,0,0,0,0,1,0,0,1,1,0,2,0,1,0.07968990423575809,True
4,0,1,0,1,0,1,1,0,0,0,0,0,0,0,2,2,0,0,0,0,2,0,0,1,1,0.049754033883803755,True
4,0,2,0,0,0,0,0,1,1,0,0,0,1,0,1,0,0,0,2,0,0,0,3,1,0,0.05288982329508566,True
4,1,0,0,1,0,0,1,1,0,0,0,0,1,0,1,0,0,0,0,2,0,1,0,3,0,0.020595513949421242,True
4,0,0,1,1,0,0,0,0,2,0,0,1,0,0,1,1,0,0,0,1,0,3,1,0,0,0.035262900014522265,True
4,0,1,0,0,1,1,0,0,1,0,0,1,1,0,0,1,0,1,0,0,1,0,2,0,1,0.15848118344285364,True
4,1,0,0,0,1,2,0,0,0,0,1,0,0,0,1,0,0,2,0,0,0,0,4,0,0,0.9558215758561434,False
4,0,2,0,0,0,0,0,0,0,2,0,0,0,2,0,1,0,0,1,0,0,0,0,4,0,0.02426190304318485,True
4,0,0,1,1,0,0,0,0,1,1,1,1,0,0,0,1,0,1,0,0,0,0,1,3,0,0.06159480173075627,True
4,0,0,2,0,0,1,0,0,1,0,0,0,1,1,0,0,1,1,0,0,2,2,0,0,0,0.08729404040188331,True
4,0,0,0,0,2,1,0,1,0,0,0,0,2,0,0,0,0,0,1,1,0,0,1,1,2,0.8976471225134955,False
4,0,2,0,0,0,0,0,1,0,1,0,0,1,0,1,0,0,1,1,0,1,1,2,0,0,0.06312196720083026,True
4,1,0,1,0,0,0,0,2,0,0,1,0,0,1,0,0,0,1,0,1,0,2,1,0,1,0.9429253840720512,False
4,0,1,0,0,1,0,0,1,0,1,1,0,1,0,0,0,0,1,0,1,0,0,0,0,4,0.8579723763943539,False
4,0,0,2,0,0,0,1,0,1,0,1,0,0,1,0,1,0,1,0,0,1,1,0,2,0,0.07712114468004458,True
4,1,0,0,1,0,0,0,1,1,0,0,0,1,0,1,0,1,0,1,0,0,0,1,1,2,0.022052283062933817,True
4,0,0,0,0,2,0,2,0,0,0,1,1,0,0,0,0,1,1,0,0,1,0,0,1,2,0.00893331625781098,True
4,0,0,0,1,1,0,1,0,0,1,1,0,1,0,0,0,0,1,1,0,0,2,1,1,0,0.054217788405230886,True
4,0,1,0,1,0,2,0,0,0,0,0,1,0,1,0,0,0,0,0,2,0,1,0,3,0,0.029160015560352064,True
4,0,0,0,1,1,1,0,1,0,0,0,1,0,1,0,0,0,0,0,2,0,4,0,0,0,0.022093181495721665,True
4,0,1,0,1,0,0,0,0,0,2,0,0,0,1,1,1,1,0,0,0,0,1,2,1,0,0.023182708019014505,True
4,0,0,2,0,0,1,0,0,1,0,1,0,0,1,0,1,1,0,0,0,0,1,1,2,0,0.07712114468004458,True
4,0,1,1,0,0,2,0,0,0,0,1,0,0,0,1,1,1,0,0,0,0,2,1,0,1,0.10509633832819214,True
4,1,1,0,0,0,0,0,1,0,1,2,0,0,0,0,2,0,0,0,0,2,0,2,0,0,0.9717853846471805,False
4,0,0,0,1,1,0,1,0,1,0,1,0,0,0,1,1,1,0,0,0,4,0,0,0,0,0.06778602853779042,True
4,0,0,2,0,0,0,1,0,0,1,0,1,1,0,0,0,0,0,1,1,2,0,1,0,1,0.9242614324482129,False
4,0,1,0,0,1,0,2,0,0,0,0,1,0,1,0,0,0,2,0,0,0,0,0,4,0,0.04884440203657543,True
4,0,0,2,0,0,0,2,0,0,0,0,0,0,1,1,0,1,0,1,0,0,2,2,0,0,0.05787727590802096,True
4,1,0,0,1,0,1,0,1,0,0,0,2,0,0,0,0,0,1,0,1,0,0,0,3,1,0.051648585129738814,True
4,1,0,1,0,0,1,0,0,1,0,0,0,0,1,1,0,0,0,0,2,1,0,3,0,0,0.9239720321920475,False
4,1,0,0,1,0,0,0,2,0,0,2,0,0,0,0,1,1,0,0,0,0,0,2,1,1,0.19572889750783587,True
4,1,0,1,0,0,0,1,0,0,1,0,2,0,0,0,1,0,1,0,0,0,1,3,0,0,0.1040800120684699,True
4,0,0,1,0,1,1,0,0,1,0,1,0,0,0,1,0,0,0,1,1,2,1,0,1,0,0.0788775846953176,True
4,0,2,0,0,0,0,0,1,0,1,2,0,0,0,0,0,1,0,0,1,1,0,0,1,2,0.06091440519016828,True
4,1,0,0,0,1,0,1,0,1,0,0,0,0,0,2,0,1,1,0,0,0,3,0,1,0,0.0172158761002626,True
4,1,0,0,1,0,0,0,1,1,0,0,0,0,0,2,0,1,0,0,1,1,0,3,0,0,0.1233205881652079,True
4,1,0,0,1,0,1,0,0,1,0,1,0,1,0,0,1,0,0,0,1,1,0,0,2,1,0.09132782919784496,True
4,2,0,0,0,0,1,1,0,0,0,0,0,2,0,0,1,1,0,0,0,0,1,1,0,2,0.1782508857456818,True
4,1,0,0,1,0,0,0,2,0,0,0,2,0,0,0,0,0,1,0,1,1,1,0,2,0,0.05994520227953906,True
4,0,1,0,1,0,0,0,0,0,2,1,0,0,0,1,0,1,0,1,0,1,1,1,0,1,0.006027713442426761,True
4,1,1,0,0,0,0,0,2,0,0,0,0,0,0,2,0,2,0,0,0,0,3,1,0,0,0.04327461892812137,True
4,0,1,0,0,1,0,0,0,2,0,1,1,0,0,0,0,0,0,0,2,2,0,2,0,0,0.04241588953244323,True
4,0,1,1,0,0,2,0,0,0,0,1,0,0,0,1,0,0,2,0,0,1,3,0,0,0,0.11448918833621803,True
4,0,0,0,2,0,1,0,0,0,1,1,0,0,1,0,0,0,0,2,0,2,0,0,2,0,0.04375569446253659,True
4,0,0,0,1,1,0,2,0,0,0,1,0,0,0,1,1,1,0,0,0,0,1,1,1,1,0.03250006266127357,True
4,0,1,0,0,1,0,0,0,0,2,1,0,1,0,0,0,0,0,2,0,1,1,1,1,0,0.03126763016875812,True
4,1,0,1,0,0,1,0,0,1,0,1,1,0,0,0,0,0,0,1,1,0,1,0,0,3,0.060603294079773044,True
4,0,1,1,0,0,0,1,0,0,1,0,1,1,0,0,1,1,0,0,0,0,0,0,2,2,0.03328207667926775,True
4,1,0,0,1,0,0,0,0,1,1,0,0,0,0,2,0,2,0,0,0,0,2,1,0,1,0.011969056965647491,True
4,0,1,0,0,1,1,1,0,0,0,0,0,0,0,2,0,2,0,0,0,0,0,1,3,0,0.017724887209101994,True
4,0,2,0,0,0,0,0,1,1,0,1,1,0,0,0,0,2,0,0,0,0,0,0,0,4,-0.0034941715829436308,True
4,1,1,0,0,0,0,1,1,0,0,0,0,0,1,1,1,0,0,0,1,2,0,1,1,0,0.0814501190336807,True
4,0,0,0,0,2,0,0,0,0,2,1,1,0,0,0,0,0,1,0,1,0,1,0,2,1,0.7561470611145593,False
4,0,1,0,1,0,1,0,0,1,0,0,1,0,0,1,1,0,0,0,1,0,1,1,2,0,0.03433780876162079,True
4,0,1,1,0,0,0,0,0,0,2,0,0,2,0,0,2,0,0,0,0,3,0,1,0,0,0.9541206550599466,False
4,0,1,0,1,0,0,1,0,1,0,1,1,0,0,0,0,1,0,1,0,2,1,1,0,0,0.0686766985028476,True
4,1,0,1,0,0,0,0,0,0,2,0,0,0,1,1,0,0,1,1,0,2,0,1,1,0,0.3846438743098298,True
4,0,0,0,2,0,1,0,0,1,0,0,1,0,0,1,0,1,1,0,0,0,1,0,1,2,0.015822415645554002,True
4,2,0,0,0,0,0,0,0,1,1,0,0,0,1,1,0,2,0,0,0,1,0,2,0,1,0.07968990404461265,True
4,0,1,0,0,1,1,0,0,0,1,1,0,0,0,1,1,0,1,0,0,1,2,0,0,1,0.9188573767084391,False
4,0,0,1,1,0,0,1,0,0,1,0,0,0,0,2,0,1,0,1,0,2,0,0,2,0,0.017752344063525126,True
4,0,0,1,0,1,1,0,0,0,1,0,0,2,0,0,0,2,0,0,0,1,1,0,1,1,0.08694050923987896,True
4,0,1,0,0,1,1,0,0,1,0,1,0,1,0,0,0,2,0,0,0,0,0,4,0,0,0.08780950704175304,True
4,0,2,0,0,0,1,1,0,0,0,0,0,0,2,0,0,0,0,2,0,0,0,0,4,0,0.0619,True
4,0,0,2,0,0,1,1,0,0,0,1,1,0,0,0,2,0,0,0,0,0,1,0,0,3,0.15685896935660448,True
4,0,0,1,0,1,0,0,2,0,0,0,1,0,0,1,0,0,1,0,1,2,0,1,0,1,0.9166114716877551,False
4,1,0,1,0,0,0,0,1,1,0,1,0,0,1,0,0,1,1,0,0,0,1,2,0,1,0.08458344752606828,True
4,0,0,2,0,0,0,0,0,0,2,0,0,0,0,2,0,1,0,1,0,1,1,0,0,2,0.09653605268993794,True
4,0,0,0,1,1,0,1,0,0,1,0,1,0,1,0,1,0,0,1,0,0,4,0,0,0,0.03325425242045796,True
4,2,0,0,0,0,1,0,1,0,0,1,0,0,1,0,0,1,1,0,0,1,2,1,0,0,0.11449292169660467,True
4,1,0,0,0,1,0,1,0,1,0,0,0,1,0,1,0,0,2,0,0,4,0,0,0,0,0.6180828136796179,False
4,0,0,0,1,1,0,1,1,0,0,0,0,0,2,0,1,0,0,1,0,0,0,4,0,0,0.061594801730756266,True
4,0,1,0,1,0,1,0,0,1,0,0,1,0,1,0,0,0,1,1,0,3,0,0,0,1,0.050901854588659784,True
4,0,1,0,1,0,0,0,1,1,0,0,1,0,1,0,0,1,0,1,0,0,2,2,0,0,0.0667888888888889,True
4,0,0,2,0,0,1,1,0,0,0,0,2,0,0,0,2,0,0,0,0,1,0,2,0,1,0.11482207078117619,True
4,1,0,0,0,1,0,1,1,0,0,0,0,1,1,0,0,0,1,0,1,3,1,0,0,0,0.13511721207537095,True
4,0,0,1,0,1,0,0,2,0,0,0,1,0,0,1,0,2,0,0,0,2,0,2,0,0,0.16419490226368422,True
4,1,0,1,0,0,0,0,0,1,1,0,0,0,2,0,0,0,2,0,0,0,1,0,3,0,0.05366348012590065,True
4,1,0,1,0,0,0,0,0,0,2,1,1,0,0,0,0,0,0,1,1,0,2,0,0,2,0.7773684741169835,False
4,0,0,0,0,2,1,0,0,1,0,0,1,0,0,1,2,0,0,0,0,0,3,0,1,0,0.03061328151188555,True
4,0,1,0,0,1,1,0,0,0,1,0,2,0,0,0,0,0,0,1,1,0,1,1,0,2,0.018173966705589857,True
4,0,1,0,0,1,1,0,1,0,0,0,1,0,1,0,0,0,0,1,1,0,0,2,2,0,0.046260923331981466,True
4,0,2,0,0,0,0,1,0,0,1,0,2,0,0,0,0,2,0,0,0,0,1,3,0,0,0.05286496838815219,True
4,0,0,1,0,1,0,0,2,0,0,0,0,1,0,1,1,0,0,0,1,0,0,0,4,0,0.09997463294020427,True
4,0,0,1,0,1,1,0,0,0,1,0,0,0,1,1,0,0,1,0,1,2,1,0,0,1,0.8993094563405403,False
4,0,1,1,0,0,0,0,1,0,1,0,0,0,0,2,0,0,2,0,0,1,1,2,0,0,0.8644333940195327,False
4,0,1,1,0,0,0,0,0,2,0,0,1,1,0,0,1,0,1,0,0,2,1,0,0,1,0.06602771344242665,True
4,0,0,2,0,0,0,0,1,0,1,0,0,1,0,1,0,0,2,0,0,1,0,2,0,1,0.9307359801905281,False
4,0,0,0,2,0,0,1,0,0,1,1,0,0,1,0,0,0,0,2,0,0,0,1,1,2,0.007611759619854176,True
4,0,0,0,2,0,0,2,0,0,0,1,0,0,0,1,0,0,1,1,0,2,1,0,1,0,0.05068699837028767,True
4,0,0,1,1,0,0,1,0,1,0,0,1,1,0,0,0,0,0,1,1,0,0,4,0,0,0.06526368447324857,True
4,0,0,0,2,0,0,1,1,0,0,0,0,0,2,0,0,1,0,0,1,0,2,0,0,2,0.009721393604156529,True
4,0,0,1,1,0,1,0,0,1,0,0,0,2,0,0,0,0,0,1,1,2,0,0,2,0,0.06755125780867369,True
4,0,0,1,0,1,0,2,0,0,0,0,0,0,2,0,1,0,1,0,0,0,1,0,1,2,0.021920138773979306,True
4,0,0,0,2,0,0,2,0,0,0,0,0,1,0,1,0,0,0,1,1,2,0,0,1,1,0.02152430481133231,True
4,1,0,0,0,1,0,1,0,1,0,0,1,1,0,0,0,1,0,0,1,1,0,2,0,1,0.04780097156831401,True
4,2,0,0,0,0,2,0,0,0,0,0,0,0,0,2,1,0,1,0,0,0,3,0,0,1,0.9383148529004608,False
4,0,2,0,0,0,1,0,0,0,1,0,0,1,1,0,1,0,0,0,1,2,0,0,1,1,0.049754033883803755,True
4,0,0,2,0,0,1,1,0,0,0,1,0,1,0,0,1,0,0,0,1,0,0,1,2,1,0.943471551063705,False
4,0,0,2,0,0,0,0,2,0,0,0,1,0,1,0,1,0,0,1,0,2,1,1,0,0,0.09908536848282598,True
4,1,0,0,1,0,0,1,0,1,0,1,0,1,0,0,1,1,0,0,0,0,0,2,1,1,0.06579389218381701,True
4,0,1,0,1,0,0,0,1,1,0,0,0,1,0,1,0,0,0,1,1,0,1,0,1,2,0.0074108173975641,True
4,1,0,0,0,1,0,0,1,1,0,0,0,1,0,1,0,0,1,1,0,1,0,1,1,1,0.14020782803374948,True
4,0,0,1,0,1,0,0,2,0,0,0,0,1,0,1,0,1,1,0,0,0,0,2,0,2,0.9194386893236984,False
4,0,0,0,1,1,1,0,0,1,0,0,0,2,0,0,0,1,0,1,0,1,1,0,0,2,0.0332510031524558,True
4,0,0,0,0,2,1,1,0,0,0,0,2,0,0,0,0,0,0,2,0,2,0,1,0,1,0.020778657334954844,True
4,0,0,0,2,0,0,0,0,0,2,0,2,0,0,0,0,0,1,1,0,3,0,0,0,1,0.018116973799489074,True
4,0,0,0,0,2,1,0,0,1,0,1,0,1,0,0,0,0,1,0,1,1,1,1,0,1,0.9062573919876905,False
4,0,2,0,0,0,1,0,0,1,0,1,1,0,0,0,0,0,2,0,0,2,0,0,2,0,0.07775516798836901,True
4,1,0,0,0,1,0,0,2,0,0,0,1,0,0,1,0,0,0,2,0,0,3,0,1,0,0.03787749828726175,True
4,0,0,1,0,1,0,0,1,0,1,0,2,0,0,0,0,0,0,1,1,1,2,0,1,0,0.028615119973247224,True
4,0,1,1,0,0,0,1,0,0,1,2,0,0,0,0,1,1,0,0,0,2,0,1,0,1,0.15877850870665483,True
4,0,0,0,0,2,1,0,1,0,0,0,1,1,0,0,0,1,1,0,0,1,0,1,1,1,0.1600375354213414,True
4,0,0,2,0,0,0,0,0,0,2,0,1,0,0,1,0,2,0,0,0,0,4,0,0,0,0.022580969166925705,True
4,0,0,1,0,1,1,0,1,0,0,2,0,0,0,0,0,2,0,0,0,0,4,0,0,0,0.06609539009897306,True
4,0,0,1,1,0,1,0,1,0,0,0,0,0,1,1,0,0,0,0,2,0,0,1,3,0,0.0359278240707004,True
4,0,0,0,0,2,0,0,1,1,0,0,0,0,2,0,1,1,0,0,0,2,1,0,1,0,0.03431947378530464,True
4,1,0,1,0,0,1,0,0,1,0,0,2,0,0,0,0,1,0,1,0,0,3,1,0,0,0.0714859314203057,True
4,0,2,0,0,0,0,0,1,0,1,0,0,2,0,0,0,0,1,1,0,0,1,1,0,2,0.0500697864010112,True
4,0,0,0,1,1,2,0,0,0,0,0,0,0,0,2,0,0,0,1,1,3,0,1,0,0,0.919319044288194,False
4,1,0,1,0,0,0,0,0,1,1,0,1,1,0,0,0,1,1,0,0,1,2,1,0,0,0.0808619910495334,True
4,0,2,0,0,0,2,0,0,0,0,0,2,0,0,0,1,0,0,0,1,0,0,4,0,0,0.07589120798721326,True
4,0,0,1,0,1,0,0,0,2,0,1,0,1,0,0,1,1,0,0,0,0,3,0,0,1,0.04828761640504102,True
4,0,0,2,0,0,0,1,0,1,0,0,0,2,0,0,0,0,1,0,1,3,0,1,0,0,0.6381078271290838,False
4,0,0,1,1,0,1,0,1,0,0,0,1,1,0,0,2,0,0,0,0,0,0,2,0,2,0.6180953231358916,False
4,0,0,0,1,1,0,0,0,1,1,0,0,2,0,0,1,0,0,1,0,2,1,1,0,0,0.14567257426713537,True
4,0,0,0,0,2,1,1,0,0,0,0,0,1,0,1,0,0,1,1,0,2,0,1,0,1,0.5780796854616652,False
4,0,0,2,0,0,0,1,0,0,1,0,0,0,0,2,1,0,0,0,1,0,0,2,2,0,0.8938978375423987,False
4,1,1,0,0,0,1,1,0,0,0,0,1,0,0,1,0,0,1,1,0,0,1,1,1,1,0.051718272247998305,True
4,0,1,0,0,1,0,0,0,2,0,0,0,1,1,0,1,1,0,0,0,1,0,2,0,1,0.04159480173159092,True
4,2,0,0,0,0,0,0,2,0,0,0,0,1,1,0,0,1,0,0,1,0,1,1,1,1,0.8306046209076289,False
4,0,0,0,0,2,2,0,0,0,0,0,0,0,2,0,0,0,0,1,1,0,2,1,1,0,0.02289160603047791,True
4,0,0,2,0,0,1,0,0,1,0,0,0,1,1,0,1,0,1,0,0,1,1,1,1,0,0.10569522546426137,True
4,0,2,0,0,0,1,0,0,1,0,1,0,0,1,0,0,0,0,2,0,0,1,0,3,0,0.06333055555555556,True
4,1,0,0,0,1,0,0,1,0,1,0,2,0,0,0,0,0,1,1,0,0,0,0,0,4,0.013825398122935467,True
4,0,1,0,1,0,1,1,0,0,0,1,1,0,0,0,0,0,0,1,1,2,0,0,1,1,0.0444499464012655,True
4,0,0,1,0,1,1,0,0,0,1,0,0,1,1,0,0,0,1,0,1,1,0,0,0,3,0.8673902972146774,False
4,0,1,0,0,1,0,1,0,0,1,2,0,0,0,0,0,0,0,0,2,1,0,2,1,0,0.910250508474962,False
4,1,1,0,0,0,2,0,0,0,0,0,0,1,1,0,0,1,0,1,0,0,0,1,1,2,0.04579389218381704,True
4,1,0,0,1,0,1,0,0,0,1,0,0,0,0,2,0,1,0,0,1,0,0,1,1,2,0.8602716328069067,False
4,1,0,1,0,0,1,0,1,0,0,0,0,1,0,1,2,0,0,0,0,3,0,1,0,0,0.9767373730614745,False
4,1,1,0,0,0,0,0,0,1,1,0,0,0,0,2,0,1,0,1,0,1,1,0,0,2,-0.0018834651106841424,True
4,0,0,0,1,1,0,1,0,0,1,0,0,1,0,1,0,0,2,0,0,0,1,0,2,1,0.9179589530319922,False
4,0,0,0,1,1,0,0,1,1,0,1,0,0,0,1,1,0,1,0,0,0,0,2,1,1,0.9187151973059887,False
4,1,0,0,1,0,0,0,0,2,0,0,0,0,0,2,2,0,0,0,0,0,1,1,2,0,0.033800211968903954,True
4,0,0,0,2,0,0,0,1,1,0,1,0,0,0,1,0,0,0,1,1,2,1,0,1,0,0.036532080991628156,True
4,0,0,2,0,0,0,1,0,0,1,0,0,0,1,1,0,1,0,0,1,3,0,0,0,1,0.9193578820663945,False
4,0,0,0,0,2,2,0,0,0,0,0,2,0,0,0,0,0,2,0,0,2,0,0,0,2,0.5775498086671358,False
4,0,0,1,1,0,1,0,0,0,1,1,1,0,0,0,0,0,0,1,1,3,0,1,0,0,0.1584555920399882,True
4,1,0,0,1,0,2,0,0,0,0,0,0,2,0,0,0,0,1,1,0,0,1,0,0,3,0.1413622891106131,True
4,0,0,1,0,1,0,0,1,0,1,1,0,0,0,1,0,0,1,0,1,2,0,0,0,2,0.8777179499370924,False
4,0,1,0,0,1,0,0,2,0,0,1,0,0,1,0,1,0,1,0,0,0,0,0,1,3,0.9006196964298955,False
4,0,0,0,2,0,0,1,1,0,0,0,0,2,0,0,0,2,0,0,0,0,0,1,3,0,0.06845813223946548,True
4,0,0,2,0,0,2,0,0,0,0,0,1,0,0,1,1,0,0,1,0,1,0,1,1,1,0.9402902311174544,False
4,0,1,1,0,0,0,0,0,1,1,0,1,0,1,0,1,0,0,0,1,0,0,3,0,1,0.04780523892514299,True
4,1,0,0,0,1,0,0,2,0,0,1,0,0,1,0,0,1,0,1,0,0,1,1,2,0,0.05712114468004462,True
4,0,2,0,0,0,0,0,0,0,2,1,0,0,1,0,0,0,2,0,0,0,1,2,0,1,0.05006108944454661,True
4,1,0,0,1,0,1,0,1,0,0,0,0,1,1,0,0,2,0,0,0,0,1,2,0,1,0.06602771344242665,True
4,0,0,0,2,0,0,0,0,1,1,1,1,0,0,0,0,2,0,0,0,0,0,4,0,0,0.05772488715991033,True
4,1,0,0,0,1,1,0,0,0,1,0,0,0,1,1,1,0,0,0,1,1,0,0,1,2,0.8789307287695759,False
4,0,0,0,2,0,0,2,0,0,0,0,2,0,0,0,2,0,0,0,0,0,4,0,0,0,0.06899722222222222,True
4,0,1,1,0,0,0,0,0,1,1,0,0,1,1,0,0,0,0,1,1,1,0,0,1,2,0.036440489685757194,True
4,0,0,0,0,2,1,0,1,0,0,0,0,0,1,1,0,0,1,0,1,3,0,0,0,1,0.8988163516340169,False
4,0,0,2,0,0,1,0,0,1,0,1,0,0,1,0,0,1,0,0,1,0,1,3,0,0,0.09431615284249749,True
4,0,2,0,0,0,0,0,0,1,1,0,0,1,1,0,1,1,0,0,0,0,1,1,2,0,0.05283515485013645,True
4,0,1,0,0,1,0,0,2,0,0,0,0,0,2,0,0,0,0,0,2,0,1,0,0,3,0.009332135892752887,True
4,1,1,0,0,0,0,0,0,2,0,1,1,0,0,0,1,0,0,1,0,0,0,0,3,1,0.05190625368774884,True
4,0,0,0,1,1,0,1,0,1,0,0,0,1,1,0,2,0,0,0,0,0,0,1,0,3,0.02241588950407074,True
4,0,0,0,2,0,0,0,0,0,2,0,2,0,0,0,2,0,0,0,0,2,2,0,0,0,0.038490489665954454,True
4,1,0,0,0,1,0,0,1,1,0,1,0,0,1,0,0,0,1,1,0,2,0,0,0,2,0.0598985599546071,True
4,0,2,0,0,0,0,1,1,0,0,0,1,1,0,0,0,1,1,0,0,1,1,2,0,0,0.079306161964434,True
4,0,1,0,0,1,0,0,2,0,0,0,2,0,0,0,0,0,1,1,0,4,0,0,0,0,0.08780523958018993,True
4,0,0,0,1,1,1,0,0,1,0,0,1,1,0,0,0,0,0,2,0,2,0,1,1,0,0.054804499502802036,True
4,0,0,0,2,0,1,0,1,0,0,0,2,0,0,0,0,0,0,1,1,0,3,0,0,1,0.03730668306800032,True
4,1,0,0,0,1,0,1,0,0,1,0,1,0,1,0,2,0,0,0,0,1,0,1,2,0,0.0530155454555146,True
4,0,2,0,0,0,0,0,0,1,1,2,0,0,0,0,0,1,0,0,1,1,0,1,0,2,0.05861895443673141,True
4,0,0,1,1,0,1,0,0,1,0,1,0,0,0,1,0,2,0,0,0,0,1,0,0,3,0.006027713442426765,True
4,2,0,0,0,0,0,0,2,0,0,0,0,1,0,1,1,0,1,0,0,0,1,1,0,2,0.9365745463172206,False
4,1,0,0,1,0,0,0,0,1,1,0,1,1,0,0,1,0,0,0,1,0,0,0,3,1,0.04443935321363779,True
4,2,0,0,0,0,0,0,0,1,1,0,0,0,1,1,0,0,1,0,1,0,0,1,2,1,0.9171767123354863,False
4,0,1,1,0,0,0,0,2,0,0,2,0,0,0,0,0,0,0,2,0,0,2,0,2,0,0.07372578380363505,True
4,0,0,0,1,1,0,0,2,0,0,0,1,0,0,1,1,1,0,0,0,3,1,0,0,0,0.14943265655286708,True
4,1,0,1,0,0,0,0,0,2,0,2,0,0,0,0,0,0,1,0,1,1,0,0,2,1,0.09132782919784496,True
4,0,0,0,2,0,0,1,1,0,0,0,0,1,1,0,2,0,0,0,0,0,0,0,1,3,0.02205228306293382,True
4,1,0,0,1,0,0,0,0,2,0,0,0,0,2,0,2,0,0,0,0,0,3,0,1,0,0.06426190304318477,True
4,0,1,0,0,1,0,0,0,2,0,0,1,0,0,1,0,1,0,1,0,0,0,2,1,1,0.015588675795753867,True
4,1,0,0,0,1,0,0,1,0,1,1,0,1,0,0,0,0,0,2,0,0,0,0,1,3,0.10020782803374953,True
4,0,0,0,2,0,0,0,2,0,0,0,0,1,0,1,2,0,0,0,0,0,3,0,1,0,0.06166716825045403,True
4,0,0,0,2,0,0,0,1,0,1,0,1,1,0,0,0,1,0,0,1,2,0,0,1,1,0.03288613752808347,True
4,1,0,1,0,0,0,0,0,0,2,1,1,0,0,0,0,1,0,1,0,2,0,2,0,0,0.09382791002757,True
4,0,1,0,0,1,0,0,0,0,2,0,0,1,1,0,1,0,1,0,0,0,1,0,2,1,0.1268158484583023,True
4,0,2,0,0,0,2,0,0,0,0,1,0,0,1,0,0,0,1,0,1,3,1,0,0,0,0.08310405543125339,True
4,0,1,0,1,0,1,0,0,0,1,1,0,0,1,0,2,0,0,0,0,1,3,0,0,0,0.060778657334954786,True
4,1,0,0,1,0,0,1,0,0,1,2,0,0,0,0,0,1,0,1,0,1,0,0,3,0,0.05232812020728311,True
4,0,0,0,0,2,0,1,1,0,0,1,0,0,1,0,2,0,0,0,0,2,1,1,0,0,0.13510443608890277,True
4,0,1,0,1,0,1,1,0,0,0,0,0,0,2,0,0,0,0,1,1,0,0,1,0,3,-0.004737099985772607,True
4,0,1,0,1,0,1,0,0,0,1,0,0,2,0,0,0,0,0,2,0,1,0,0,2,1,0.03829511957297489,True
4,1,1,0,0,0,1,0,0,1,0,0,0,0,0,2,0,0,0,0,2,0,2,2,0,0,0.0344845869214564,True
4,1,1,0,0,0,0,0,1,0,1,1,0,0,1,0,0,0,0,0,2,1,1,0,2,0,0.030904144659839823,True
4,1,1,0,0,0,0,0,0,1,1,0,0,0,0,2,1,0,0,1,0,2,1,1,0,0,0.0612998268295933,True
4,2,0,0,0,0,0,0,0,2,0,0,0,1,1,0,1,0,1,0,0,2,0,1,1,0,0.09044164342759475,True
4,1,0,1,0,0,0,0,0,2,0,0,0,2,0,0,0,0,1,1,0,0,1,2,1,0,0.08111600667880511,True
4,0,1,0,0,1,0,0,2,0,0,0,0,1,1,0,2,0,0,0,0,0,0,1,3,0,0.07592782407345847,True
4,0,1,0,0,1,1,0,0,1,0,1,0,1,0,0,1,0,0,0,1,3,1,0,0,0,0.4252676585618742,True
4,0,2,0,0,0,1,0,0,0,1,0,0,1,0,1,0,2,0,0,0,0,1,2,0,1,0.029688092840191978,True
4,0,1,0,1,0,1,1,0,0,0,0,1,0,0,1,1,0,1,0,0,0,2,1,1,0,0.058442656417181986,True
4,0,2,0,0,0,0,1,1,0,0,0,0,2,0,0,1,0,0,1,0,0,1,2,1,0,0.07917708937822965,True
4,0,0,1,0,1,0,1,1,0,0,1,0,0,0,1,0,0,0,1,1,0,1,1,2,0,0.04615242279220761,True
4,1,0,1,0,0,2,0,0,0,0,0,1,1,0,0,0,2,0,0,0,0,1,3,0,0,0.10438398878126093,True
4,2,0,0,0,0,0,1,0,0,1,1,0,0,0,1,0,0,1,0,1,0,1,1,2,0,0.13395091110770393,True
4,1,0,1,0,0,1,1,0,0,0,0,1,0,1,0,0,1,1,0,0,1,3,0,0,0,0.07650882214628393,True
4,0,1,1,0,0,0,0,0,0,2,0,1,0,1,0,2,0,0,0,0,0,0,1,0,3,0.03382288605268975,True
4,0,0,1,1,0,0,0,0,2,0,1,0,0,0,1,2,0,0,0,0,0,2,1,1,0,0.056070115378581815,True
4,0,0,2,0,0,2,0,0,0,0,2,0,0,0,0,0,1,0,1,0,0,2,1,1,0,0.0933969227100319,True
4,0,0,0,1,1,0,1,1,0,0,0,2,0,0,0,0,2,0,0,0,1,1,0,2,0,0.05125574999228398,True
4,0,2,0,0,0,0,0,1,0,1,0,0,0,1,1,1,1,0,0,0,0,0,2,1,1,0.03937746360383577,True
4,1,0,0,1,0,0,1,0,0,1,1,0,0,0,1,0,2,0,0,0,0,1,2,1,0,0.04318270947626406,True
4,1,0,0,0,1,0,0,0,1,1,1,0,0,0,1,0,0,1,0,1,1,0,1,1,1,0.8987463885751782,False
4,0,0,1,0,1,0,0,1,1,0,1,0,0,1,0,0,1,0,1,0,0,0,1,2,1,0.03829511957297489,True
4,0,0,2,0,0,0,0,0,0,2,1,1,0,0,0,0,1,0,1,0,0,0,0,0,4,0.013825398122935467,True
4,0,1,0,1,0,0,1,0,1,0,0,0,2,0,0,0,0,0,0,2,1,0,0,3,0,0.03090185458865978,True
4,0,2,0,0,0,0,0,1,1,0,1,0,0,0,1,0,2,0,0,0,1,2,0,0,1,0.03810333000592619,True
4,0,0,1,0,1,1,0,1,0,0,0,0,2,0,0,0,1,0,1,0,1,1,1,0,1,0.17657811651497804,True
4,0,1,1,0,0,0,1,0,0,1,1,0,0,1,0,0,1,0,0,1,0,1,0,1,2,0.024806931532683926,True
4,1,0,1,0,0,0,0,0,1,1,0,0,1,0,1,0,1,1,0,0,0,0,0,1,3,0.8772922777354593,False
4,1,0,1,0,0,0,0,2,0,0,2,0,0,0,0,0,2,0,0,0,1,1,0,0,2,0.1789312874821053,True
4,0,0,0,1,1,0,2,0,0,0,1,0,1,0,0,1,1,0,0,0,0,3,0,1,0,0.05631391917919927,True
4,0,1,1,0,0,0,0,1,1,0,1,0,0,1,0,0,0,2,0,0,1,0,0,0,3,0.06760056426778137,True
4,1,0,0,1,0,0,0,0,2,0,0,0,0,2,0,2,0,0,0,0,1,1,0,2,0,0.06321503179085736,True
4,0,2,0,0,0,0,0,2,0,0,0,0,2,0,0,0,0,0,1,1,0,2,0,0,2,0.06297266837120444,True
4,1,1,0,0,0,1,1,0,0,0,1,1,0,0,0,0,0,1,0,1,0,0,0,4,0,0.05525900765681746,True
4,1,0,0,1,0,0,0,2,0,0,0,2,0,0,0,0,0,0,1,1,1,0,3,0,0,0.08781163991098072,True
4,0,0,1,1,0,0,0,0,1,1,0,2,0,0,0,0,1,0,0,1,0,2,0,1,1,0.024324357483818563,True
4,1,0,0,0,1,1,0,0,1,0,0,0,2,0,0,0,0,0,1,1,0,0,3,0,1,0.9241828170167533,False
4,0,0,0,0,2,0,2,0,0,0,0,1,0,0,1,0,1,0,1,0,1,0,1,0,2,-0.011599206853560447,True
4,0,0,2,0,0,0,0,0,1,1,1,0,0,0,1,0,0,1,0,1,1,3,0,0,0,0.1415584587569489,True
4,0,0,1,0,1,0,1,0,0,1,1,0,1,0,0,0,0,2,0,0,0,0,0,1,3,0.8974033300746125,False
4,1,1,0,0,0,0,0,2,0,0,1,0,0,1,0,0,0,0,0,2,0,3,0,1,0,0.04452335913449817,True
4,0,0,0,1,1,0,1,0,1,0,0,0,1,0,1,0,1,0,1,0,0,1,0,3,0,0.028222645462505438,True
4,0,0,0,2,0,0,0,1,0,1,0,0,1,1,0,0,0,0,2,0,1,2,1,0,0,0.04755325110022274,True
4,1,1,0,0,0,1,0,0,1,0,0,1,0,1,0,1,1,0,0,0,2,2,0,0,0,0.07368194674308529,True
4,1,0,1,0,0,1,0,1,0,0,0,1,0,1,0,1,1,0,0,0,0,0,1,0,3,0.07383042176660229,True
4,1,0,0,1,0,0,0,1,0,1,2,0,0,0,0,1,1,0,0,0,0,1,2,0,1,0.17654131274046742,True
4,0,0,1,0,1,1,0,0,0,1,1,1,0,0,0,0,1,1,0,0,0,0,4,0,0,0.6208158478074169,False
4,0,0,0,2,0,0,1,1,0,0,0,0,0,1,1,0,1,0,1,0,0,0,1,3,0,0.045740538353557854,True
4,2,0,0,0,0,1,0,1,0,0,1,1,0,0,0,0,1,1,0,0,0,2,1,1,0,0.09571065387545553,True
4,0,0,2,0,0,1,1,0,0,0,0,0,1,1,0,1,0,0,0,1,2,0,0,1,1,0.1757288975078359,True
4,1,0,0,1,0,1,0,0,0,1,1,1,0,0,0,1,0,0,1,0,1,0,1,1,1,0.06417404659355191,True
4,2,0,0,0,0,0,0,0,2,0,1,1,0,0,0,0,0,0,1,1,0,0,2,0,2,0.04241588950407071,True
4,2,0,0,0,0,0,0,0,2,0,0,1,0,1,0,1,0,0,1,0,1,0,1,1,1,0.05244806206036392,True
4,0,2,0,0,0,0,1,0,0,1,0,0,1,0,1,1,0,1,0,0,2,1,1,0,0,0.08268035241624415,True
4,2,0,0,0,0,1,1,0,0,0,0,0,1,0,1,0,0,0,1,1,0,0,2,2,0,0.10206780135700974,True
4,0,0,1,1,0,0,2,0,0,0,1,1,0,0,0,0,0,1,0,1,0,2,2,0,0,0.06039899399351996,True
4,0,0,0,1,1,2,0,0,0,0,0,0,0,0,2,0,1,1,0,0,2,2,0,0,0,0.08437511099805792,True
4,0,1,0,0,1,0,0,0,2,0,0,0,1,0,1,0,0,0,0,2,2,0,0,0,2,0.063320588165208,True
4,1,0,0,1,0,1,0,1,0,0,0,0,2,0,0,1,0,1,0,0,0,3,1,0,0,0.13384548872359892,True
4,1,0,0,0,1,1,1,0,0,0,0,0,0,0,2,0,0,0,0,2,0,2,2,0,0,0.21171875423108844,False
4,1,1,0,0,0,2,0,0,0,0,0,1,1,0,0,0,0,0,1,1,3,0,0,0,1,0.1573821955294968,True
4,1,0,1,0,0,0,0,0,0,2,0,0,1,0,1,1,0,0,1,0,1,2,1,0,0,0.2536439126761458,False
4,0,0,1,1,0,0,1,1,0,0,0,0,2,0,0,1,0,0,1,0,0,0,2,2,0,0.08249129418505977,True
4,1,0,0,0,1,0,0,0,0,2,2,0,0,0,0,0,0,0,0,2,0,1,0,1,2,0.8587379587418164,False
4,0,0,0,1,1,0,1,1,0,0,0,0,0,2,0,0,0,1,1,0,0,0,2,0,2,0.021594801730756334,True
4,1,0,0,1,0,0,0,1,1,0,0,0,0,0,2,0,1,1,0,0,0,0,2,2,0,0.04249129418505983,True
4,0,1,0,1,0,0,0,0,0,2,0,0,0,2,0,0,1,1,0,0,0,3,1,0,0,0.030140675235751632,True
4,0,1,0,0,1,0,0,0,1,1,0,1,0,0,1,1,0,0,0,1,2,0,2,0,0,0.9196148880987398,False
4,0,1,1,0,0,0,1,0,1,0,1,0,0,0,1,1,0,1,0,0,0,1,3,0,0,0.08312017646985233,True
4,0,0,0,2,0,1,0,1,0,0,0,0,0,1,1,0,0,1,1,0,2,1,0,0,1,0.04770541892990428,True
4,1,1,0,0,0,2,0,0,0,0,1,1,0,0,0,0,0,0,0,2,0,2,0,1,1,0.05892607970675571,True
4,1,0,0,0,1,0,0,0,2,0,0,0,0,0,2,0,0,1,1,0,0,1,3,0,0,0.0341988126828468,True
4,1,0,0,0,1,0,0,1,1,0,1,0,0,0,1,0,1,0,1,0,0,3,0,1,0,0.035259007656817484,True
4,0,0,1,0,1,1,0,0,1,0,0,0,1,0,1,0,0,1,1,0,1,0,1,0,2,0.5684658076495367,False
4,0,0,0,2,0,0,0,0,1,1,0,0,0,0,2,0,1,0,0,1,1,1,0,1,1,-0.0028774638980387126,True
4,0,0,0,1,1,1,1,0,0,0,0,0,0,0,2,1,0,1,0,0,0,0,0,2,2,0.7772850735992262,False
4,0,0,1,1,0,1,1,0,0,0,0,1,0,0,1,0,0,0,0,2,0,0,1,3,0,0.021594801731590983,True
4,0,0,0,0,2,1,0,0,0,1,0,0,1,1,0,0,0,0,1,1,0,2,0,0,2,0.7538638549083557,False
4,0,0,0,1,1,0,0,1,0,1,0,0,2,0,0,0,0,2,0,0,1,0,2,0,1,0.9338179011981768,False
4,1,0,0,1,0,0,1,0,1,0,0,2,0,0,0,0,0,1,1,0,0,1,0,2,1,0.04979774298020354,True
4,0,0,0,0,2,1,0,0,1,0,0,1,0,1,0,1,0,1,0,0,0,1,0,3,0,0.03200728440037715,True
4,1,0,0,0,1,1,0,0,0,1,0,0,0,2,0,1,0,0,0,1,0,2,1,1,0,0.02954037900022993,True
4,0,2,0,0,0,0,0,2,0,0,0,1,0,0,1,1,0,1,0,0,2,0,1,1,0,0.10217463239804248,True
4,0,0,0,2,0,1,0,0,0,1,0,0,0,1,1,0,1,0,1,0,1,1,1,0,1,0.018304751801953754,True
4,1,0,1,0,0,1,0,1,0,0,0,0,0,1,1,1,0,0,1,0,3,0,0,1,0,0.42464387430982975,True
4,1,0,1,0,0,1,0,1,0,0,0,2,0,0,0,2,0,0,0,0,2,1,1,0,0,0.1754369351091678,True
4,1,0,0,1,0,0,1,1,0,0,2,0,0,0,0,1,1,0,0,0,2,0,1,0,1,0.11382288605268963,True
4,0,1,0,1,0,0,1,0,0,1,0,1,0,1,0,1,0,0,1,0,2,0,0,1,1,0.03336570254727684,True
4,2,0,0,0,0,0,0,2,0,0,1,1,0,0,0,0,0,0,1,1,0,2,0,2,0,0.07182947592019842,True
4,0,1,1,0,0,0,1,0,1,0,0,1,0,1,0,1,0,0,0,1,0,0,2,0,2,0.020778657334954844,True
4,0,0,0,2,0,1,0,1,0,0,0,0,1,0,1,0,2,0,0,0,3,1,0,0,0,0.0636303431558106,True
4,0,0,0,1,1,0,1,1,0,0,0,2,0,0,0,0,0,1,0,1,2,0,1,0,1,0.048983492677951664,True
4,1,0,0,0,1,1,0,0,0,1,1,0,1,0,0,0,0,0,2,0,0,0,1,0,3,0.5484658076495367,False
4,0,0,1,1,0,0,1,1,0,0,0,1,0,1,0,0,0,1,0,1,0,0,0,4,0,0.04772980415104699,True
4,0,0,1,1,0,0,0,2,0,0,0,0,0,1,1,0,2,0,0,0,0,3,0,1,0,0.05523807523914782,True
4,0,0,2,0,0,0,0,2,0,0,1,0,0,1,0,0,1,1,0,0,1,2,0,1,0,0.0933969227100319,True
4,2,0,0,0,0,0,1,1,0,0,1,0,1,0,0,1,1,0,0,0,0,0,2,1,1,0.19941724464009894,True
4,1,0,0,0,1,1,0,0,1,0,1,0,1,0,0,0,1,0,1,0,0,2,1,0,1,0.054294704862541295,True
4,0,0,1,1,0,0,0,0,1,1,0,1,1,0,0,0,1,1,0,0,0,0,0,3,1,0.047097377801229225,True
4,0,1,0,1,0,0,2,0,0,0,1,0,0,0,1,0,1,0,0,1,1,0,1,0,2,0.008400793146439519,True
4,1,0,0,1,0,1,0,0,0,1,0,0,0,0,2,0,0,1,0,1,0,0,3,1,0,0.839291457354175,False
4,0,0,2,0,0,2,0,0,0,0,0,1,0,1,0,1,0,1,0,0,1,0,1,1,1,0.19572889750783587,True
4,0,1,1,0,0,0,0,2,0,0,0,2,0,0,0,0,0,1,0,1,0,0,3,1,0,0.08407133307654925,True
4,1,0,1,0,0,0,1,1,0,0,1,0,0,0,1,0,0,2,0,0,0,2,2,0,0,0.298141102472092,False
4,1,0,0,0,1,0,1,0,0,1,1,0,0,1,0,0,0,0,2,0,0,0,0,4,0,0.02561435386279214,True
4,0,0,2,0,0,2,0,0,0,0,0,0,1,1,0,1,1,0,0,0,1,0,1,0,2,0.6180890690907884,False
4,0,2,0,0,0,0,0,1,0,1,1,0,1,0,0,0,0,1,0,1,0,1,2,1,0,0.07511264460513144,True
4,0,1,0,1,0,0,0,0,1,1,1,0,0,0,1,0,2,0,0,0,1,0,1,1,1,0.02444994640126553,True
4,0,0,1,1,0,0,0,0,0,2,0,1,0,0,1,0,0,1,0,1,3,0,0,1,0,0.36464387430982986,True
4,0,0,2,0,0,1,1,0,0,0,0,1,0,0,1,2,0,0,0,0,2,0,1,0,1,0.9492638865043875,False
4,0,0,0,0,2,0,0,0,2,0,0,0,0,0,2,1,0,0,1,0,2,0,1,1,0,0.010441643427594887,True
4,1,0,0,0,1,0,0,0,1,1,1,0,1,0,0,0,0,2,0,0,0,2,0,0,2,0.919186757670901,False
4,0,1,0,1,0,0,1,1,0,0,1,0,0,0,1,0,0,1,1,0,0,1,2,1,0,0.056970769965405135,True
4,0,0,0,0,2,1,0,0,0,1,2,0,0,0,0,0,0,2,0,0,1,1,0,0,2,0.8992343255381933,False
4,1,0,0,0,1,1,0,0,0,1,0,0,2,0,0,1,0,0,1,0,1,0,2,1,0,0.8792914573541749,False
4,1,0,1,0,0,0,0,1,0,1,1,0,0,0,1,0,0,2,0,0,0,4,0,0,0,0.13711818122150488,True
4,0,0,1,1,0,2,0,0,0,0,1,0,1,0,0,1,1,0,0,0,0,0,0,4,0,0.07826818713712282,True
4,0,1,0,1,0,1,0,1,0,0,2,0,0,0,0,0,1,1,0,0,1,2,0,1,0,0.08155902475525542,True
4,0,1,0,1,0,0,1,0,1,0,1,0,0,1,0,0,1,1,0,0,3,0,1,0,0,0.07316005389067184,True
4,0,1,1,0,0,1,0,1,0,0,0,2,0,0,0,2,0,0,0,0,0,1,1,2,0,0.08228681307140359,True
4,1,0,0,0,1,1,0,0,1,0,2,0,0,0,0,1,0,0,1,0,0,1,0,2,1,0.06914833863858204,True
4,1,0,1,0,0,0,0,0,1,1,1,0,1,0,0,2,0,0,0,0,0,0,0,4,0,0.08889405398791513,True
4,1,0,0,1,0,0,0,0,0,2,0,1,0,1,0,1,0,1,0,0,0,1,0,2,1,0.027669855712541328,True
4,1,0,0,0,1,1,0,0,0,1,0,0,0,0,2,2,0,0,0,0,1,0,0,0,3,0.8600154052550141,False
4,0,0,0,0,2,1,0,1,0,0,1,0,1,0,0,0,2,0,0,0,1,0,1,0,2,0.5784026021283319,False
4,0,1,0,1,0,1,0,1,0,0,0,0,0,1,1,0,0,0,1,1,0,1,2,0,1,0.0569876859736936,True
4,0,0,1,1,0,0,1,0,0,1,0,0,0,1,1,1,0,0,1,0,2,0,0,1,1,0.04733166471816438,True
4,0,0,2,0,0,1,0,0,0,1,0,1,0,1,0,0,1,1,0,0,0,0,0,1,3,0.029754033883803797,True
4,2,0,0,0,0,0,0,1,1,0,0,0,0,1,1,2,0,0,0,0,0,0,0,2,2,0.8065652905410774,False
4,1,0,0,1,0,0,0,1,1,0,0,1,1,0,0,0,1,0,0,1,1,2,0,1,0,0.056135465188882384,True
4,0,1,0,1,0,0,0,0,1,1,0,1,1,0,0,0,1,0,0,1,0,3,0,1,0,0.0338232656794347,True
4,0,0,1,1,0,0,0,0,2,0,0,1,0,0,1,0,0,0,2,0,1,0,0,2,1,0.02655291170949878,True
4,0,0,1,1,0,1,1,0,0,0,0,1,0,1,0,0,0,0,0,2,0,3,1,0,0,0.03503009718716733,True
4,0,2,0,0,0,0,1,1,0,0,0,1,0,0,1,0,1,0,1,0,0,0,2,1,1,0.03776386609102773,True
4,0,0,0,1,1,1,0,1,0,0,0,0,0,0,2,0,0,0,1,1,2,2,0,0,0,0.37182999407925793,True
4,0,1,0,1,0,0,1,0,1,0,1,0,1,0,0,0,0,0,0,2,0,2,1,1,0,0.03382630478549755,True
4,0,0,1,0,1,0,0,0,2,0,0,0,2,0,0,0,1,0,1,0,0,0,1,1,2,0.022052283062933817,True
4,1,0,0,1,0,0,0,1,1,0,1,0,0,0,1,0,0,1,1,0,0,2,1,0,1,0.048723603612418634,True
4,1,0,1,0,0,1,0,1,0,0,0,0,0,0,2,0,1,0,1,0,0,3,0,0,1,0.059481991847090854,True
4,0,0,0,2,0,0,0,1,1,0,1,1,0,0,0,0,1,0,0,1,1,3,0,0,0,0.05157619916843091,True
4,1,0,1,0,0,0,1,1,0,0,0,2,0,0,0,0,2,0,0,0,2,1,0,0,1,0.060467227221207724,True
4,1,0,0,0,1,2,0,0,0,0,0,0,1,1,0,0,2,0,0,0,0,0,1,2,1,0.058573724197181196,True
4,1,0,1,0,0,0,0,1,0,1,1,0,0,0,1,1,0,1,0,0,0,0,1,2,1,0.9373977759180143,False
4,0,0,1,1,0,1,0,1,0,0,0,0,1,0,1,0,1,1,0,0,0,0,3,0,1,0.6181109522740532,False
4,1,0,1,0,0,0,1,0,1,0,0,1,0,1,0,0,2,0,0,0,2,2,0,0,0,0.07057161598934551,True
4,2,0,0,0,0,0,2,0,0,0,0,2,0,0,0,0,0,0,2,0,0,3,1,0,0,0.06899722222222222,True
4,0,1,0,0,1,1,1,0,0,0,0,2,0,0,0,0,0,0,2,0,1,0,0,1,2,0.015785471262075593,True
4,0,1,0,1,0,0,0,0,0,2,0,0,1,1,0,1,1,0,0,0,3,0,1,0,0,0.05218911764889696,True
4,0,0,0,1,1,0,0,0,1,1,2,0,0,0,0,2,0,0,0,0,0,1,3,0,0,0.953240869234164,False
4,0,0,0,0,2,0,0,0,1,1,0,1,1,0,0,0,1,0,0,1,1,0,0,1,2,0.7576852823926588,False
4,0,0,1,0,1,0,0,0,2,0,0,0,1,0,1,0,0,0,1,1,0,3,1,0,0,0.02526368447324864,True
4,2,0,0,0,0,0,0,2,0,0,1,0,0,1,0,0,1,0,0,1,1,1,0,2,0,0.08034479721271334,True
4,0,0,0,1,1,0,1,1,0,0,1,0,1,0,0,0,0,0,1,1,0,1,1,2,0,0.05585771359755789,True
4,0,1,0,1,0,0,0,2,0,0,0,2,0,0,0,0,0,0,1,1,2,0,2,0,0,0.06841243391924438,True
4,0,0,0,0,2,0,0,0,0,2,0,0,1,0,1,0,0,1,1,0,0,2,2,0,0,0.2136520740287817,False
4,2,0,0,0,0,1,0,1,0,0,0,1,0,1,0,0,0,1,1,0,0,2,0,0,2,0.054294704862541295,True
4,1,0,0,1,0,1,1,0,0,0,0,0,0,2,0,0,0,2,0,0,1,1,1,0,1,0.06231641811097015,True
4,1,0,1,0,0,1,0,0,0,1,0,1,0,1,0,0,0,1,1,0,0,0,0,3,1,0.04735460881881825,True
4,1,1,0,0,0,1,0,1,0,0,1,0,1,0,0,1,0,0,1,0,1,0,2,0,1,0.6380859415559804,False
4,0,0,1,0,1,0,1,0,0,1,0,0,0,2,0,0,0,2,0,0,0,0,2,2,0,0.047551257809557296,True
4,2,0,0,0,0,1,0,0,0,1,1,0,0,0,1,0,0,0,2,0,0,2,0,1,1,0.04983591698472439,True
4,0,0,0,1,1,0,0,0,1,1,1,1,0,0,0,0,0,2,0,0,0,3,1,0,0,0.05918337047611382,True
4,0,0,0,1,1,1,0,0,0,1,0,0,0,1,1,0,0,0,1,1,0,0,0,3,1,0.8897285620300057,False
4,1,0,0,0,1,0,0,0,2,0,0,0,0,0,2,0,1,0,0,1,0,0,0,1,3,-0.01151198489389306,True
4,0,1,0,1,0,0,0,0,1,1,0,0,1,0,1,1,0,0,1,0,1,2,0,0,1,0.027724081354264556,True
4,1,0,0,0,1,0,2,0,0,0,0,0,1,0,1,0,0,0,0,2,0,0,0,4,0,0.0016671682504541677,True
4,0,0,2,0,0,1,1,0,0,0,0,0,0,2,0,0,0,0,2,0,0,0,2,0,2,0.03496332795497827,True
4,1,0,0,0,1,0,0,1,1,0,0,0,1,1,0,0,0,0,2,0,1,3,0,0,0,0.050901854588659784,True
4,1,0,1,0,0,2,0,0,0,0,0,1,0,1,0,1,0,0,0,1,0,3,0,0,1,0.07947191558651777,True
4,1,0,0,1,0,1,0,1,0,0,0,0,2,0,0,1,1,0,0,0,0,2,0,0,2,0.10427247676421632,True
4,0,1,1,0,0,0,0,1,1,0,1,0,0,0,1,0,0,0,2,0,1,0,1,1,1,0.04205228306293378,True
4,1,0,1,0,0,0,1,0,0,1,0,0,0,1,1,0,0,0,1,1,1,2,0,1,0,0.056916436123276,True
4,0,0,0,1,1,1,0,0,0,1,0,0,2,0,0,1,0,0,0,1,1,0,1,0,2,0.8982665532266527,False
4,0,0,1,1,0,1,0,0,1,0,0,0,0,2,0,0,1,0,0,1,0,0,2,1,1,0.03415835918037004,True
4,0,1,1,0,0,0,0,1,1,0,1,1,0,0,0,1,1,0,0,0,1,0,2,0,1,0.0755714511566185,True
4,0,0,2,0,0,0,0,1,0,1,0,1,0,1,0,1,0,1,0,0,1,0,1,1,1,0.1757288975078359,True
4,0,1,1,0,0,0,0,0,2,0,0,1,0,0,1,0,1,1,0,0,0,1,0,1,2,0.018984273444480223,True
4,1,0,0,1,0,1,0,0,0,1,0,2,0,0,0,0,0,2,0,0,0,0,1,2,1,0.058573724197181196,True
4,0,1,1,0,0,0,0,0,1,1,0,0,1,1,0,1,1,0,0,0,1,0,1,0,2,0.04780310498804823,True
4,0,0,0,0,2,0,0,0,2,0,1,0,1,0,0,0,0,1,0,1,0,1,0,2,1,0.029148338638582096,True
4,0,0,1,0,1,0,0,2,0,0,0,1,1,0,0,0,0,2,0,0,0,2,1,1,0,0.11533830805521948,True
4,1,1,0,0,0,0,0,2,0,0,0,1,1,0,0,0,0,0,0,2,0,2,0,1,1,0.06262031777332573,True
4,1,0,0,0,1,1,0,0,1,0,2,0,0,0,0,1,0,0,0,1,1,0,2,0,1,0.9271531443650918,False
4,2,0,0,0,0,1,0,0,0,1,0,0,0,2,0,0,1,1,0,0,3,0,0,1,0,0.07592476557341181,True
4,0,0,0,0,2,0,0,2,0,0,0,0,0,0,2,2,0,0,0,0,2,1,1,0,0,0.9173566348116133,False
4,0,0,2,0,0,0,0,0,0,2,1,1,0,0,0,0,1,0,1,0,3,0,0,0,1,0.07382539812293537,True
4,0,0,0,1,1,0,2,0,0,0,1,0,0,0,1,2,0,0,0,0,2,0,0,2,0,0.0577491470036605,True
4,1,0,1,0,0,0,0,1,0,1,0,0,2,0,0,0,0,1,1,0,1,0,0,2,1,0.938813463920467,False
4,2,0,0,0,0,0,0,0,2,0,0,0,2,0,0,0,0,0,2,0,1,0,0,0,3,0.023262729530535674,True
4,1,0,0,1,0,1,0,0,1,0,0,1,0,1,0,0,1,0,1,0,2,1,0,1,0,0.06663747301050783,True
4,0,1,0,1,0,0,0,1,1,0,0,0,1,1,0,1,0,1,0,0,1,0,0,0,3,0.028096135744838775,True
4,0,2,0,0,0,0,1,0,0,1,0,0,1,1,0,1,0,1,0,0,0,3,0,0,1,0.04783582123074285,True
4,0,0,0,0,2,0,0,1,1,0,0,1,0,0,1,0,0,1,1,0,0,0,1,1,2,0.028488015106106875,True
4,0,0,0,0,2,0,1,0,0,1,0,0,0,0,2,0,1,0,0,1,3,1,0,0,0,0.8699924174998607,False
4,1,1,0,0,0,0,1,1,0,0,2,0,0,0,0,0,0,0,2,0,1,1,1,1,0,0.0769707699654051,True
4,0,0,1,1,0,0,1,1,0,0,0,1,0,0,1,0,0,0,2,0,2,0,1,0,1,0.04159480173159092,True
4,0,0,2,0,0,1,0,1,0,0,0,0,2,0,0,1,0,1,0,0,0,2,0,1,1,0.9767227392088536,False
4,0,1,0,1,0,0,1,0,1,0,0,2,0,0,0,0,0,1,0,1,1,1,0,0,2,0.01355778881684876,True
4,2,0,0,0,0,1,0,0,0,1,1,1,0,0,0,0,0,1,1,0,1,1,1,0,1,0.17653079204705413,True
4,0,0,0,0,2,0,2,0,0,0,0,0,0,1,1,0,0,0,2,0,0,1,0,0,3,-0.03826653513938173,True
4,0,0,0,0,2,2,0,0,0,0,1,1,0,0,0,0,0,1,1,0,0,0,0,3,1,0.05773424789700065,True
4,0,1,0,1,0,0,0,0,2,0,1,1,0,0,0,0,0,2,0,0,0,3,0,1,0,0.06778549994759225,True
4,1,0,1,0,0,0,0,2,0,0,1,0,0,1,0,0,0,1,0,1,2,0,0,0,2,0.9274723876387876,False
4,0,0,0,0,2,0,0,0,1,1,1,0,1,0,0,0,1,0,0,1,0,0,1,2,1,0.8979211066746813,False
4,0,2,0,0,0,1,1,0,0,0,0,2,0,0,0,1,1,0,0,0,0,2,1,0,1,0.12502315227242342,True
4,0,0,0,2,0,1,1,0,0,0,1,0,0,0,1,1,0,0,1,0,0,3,0,1,0,0.0498163607159102,True
4,0,1,0,1,0,0,0,0,0,2,0,1,0,1,0,0,2,0,0,0,0,1,0,3,0,0.02678888888888895,True
4,0,1,0,0,1,0,0,0,2,0,0,0,2,0,0,1,0,0,0,1,0,0,3,1,0,0.06889405399090262,True
4,1,0,0,1,0,0,1,0,1,0,0,0,1,1,0,0,0,1,0,1,0,1,0,0,3,0.002316418110970246,True
4,1,0,0,0,1,0,1,0,0,1,1,0,1,0,0,0,0,0,0,2,0,2,0,2,0,0.03918398479460294,True
4,0,0,0,2,0,0,0,2,0,0,0,0,0,0,2,1,0,0,0,1,0,2,1,1,0,0.02954037900022993,True
4,1,0,0,1,0,1,0,0,0,1,1,0,0,1,0,1,0,1,0,0,1,0,0,3,0,0.06326272953053562,True
4,0,0,1,0,1,1,0,0,0,1,1,0,0,0,1,0,2,0,0,0,3,0,0,0,1,0.5762227753568302,False
4,2,0,0,0,0,0,1,1,0,0,0,0,1,1,0,0,0,1,1,0,0,1,1,0,2,0.06458344752606832,True
4,0,1,0,1,0,0,1,1,0,0,0,2,0,0,0,0,0,2,0,0,0,1,1,0,2,0.0401501101303307,True
4,1,0,0,0,1,2,0,0,0,0,0,0,1,0,1,0,1,0,0,1,0,0,2,2,0,0.9128589430361285,False
4,1,0,1,0,0,1,1,0,0,0,0,1,0,1,0,0,2,0,0,0,0,3,1,0,0,0.07248995546479435,True
4,0,2,0,0,0,0,1,0,0,1,1,0,0,1,0,0,0,1,1,0,1,0,2,1,0,0.05787749828726173,True
4,2,0,0,0,0,1,0,1,0,0,0,0,1,1,0,0,2,0,0,0,1,1,0,0,2,0.07005239026128303,True
4,1,0,0,1,0,0,2,0,0,0,0,0,2,0,0,1,1,0,0,0,2,0,1,0,1,0.07556829193529221,True
4,1,0,0,1,0,0,1,1,0,0,2,0,0,0,0,0,0,0,1,1,0,1,2,0,1,0.10061912838085028,True
4,0,1,0,1,0,1,0,0,1,0,0,0,1,0,1,1,0,0,1,0,0,0,3,1,0,0.058268187137122875,True
4,0,1,0,1,0,1,0,0,1,0,1,1,0,0,0,0,0,1,1,0,0,1,0,3,0,0.0655781328354871,True
4,0,1,0,1,0,1,0,0,1,0,0,0,0,1,1,0,1,1,0,0,0,2,1,1,0,0.05222697475374768,True
4,0,0,0,2,0,1,1,0,0,0,0,0,0,2,0,2,0,0,0,0,1,0,0,0,3,0.01496332795497831,True
4,2,0,0,0,0,0,0,0,0,2,0,0,0,2,0,0,0,1,0,1,0,2,0,1,1,0.02983591698472442,True
4,0,1,0,0,1,1,1,0,0,0,1,0,0,0,1,2,0,0,0,0,0,1,0,1,2,0.7918169516171935,False
4,0,1,0,1,0,0,1,0,0,1,0,0,0,1,1,0,1,0,1,0,1,2,0,1,0,0.031038360000000063,True
4,2,0,0,0,0,1,1,0,0,0,0,0,1,1,0,1,0,0,1,0,0,0,0,3,1,0.06735460881881822,True
4,1,0,1,0,0,1,0,0,0,1,0,0,1,1,0,0,0,0,0,2,1,0,0,0,3,0.8672656028422181,False
4,1,0,0,1,0,2,0,0,0,0,0,1,0,0,1,0,0,2,0,0,1,1,0,1,1,0.8306046209076289,False
4,0,0,0,1,1,0,0,0,1,1,0,0,0,2,0,0,1,1,0,0,1,1,1,0,1,0.027269942453431586,True
4,0,0,1,0,1,0,1,1,0,0,0,0,0,1,1,0,0,0,1,1,0,0,0,2,2,0.12047518191034162,True
4,0,0,2,0,0,0,0,0,0,2,0,0,0,2,0,1,0,0,1,0,0,1,0,1,2,0.008326848875439288,True
4,0,1,1,0,0,1,0,0,1,0,0,2,0,0,0,0,0,0,2,0,0,0,0,4,0,0.06399375,True
4,0,1,0,1,0,1,0,1,0,0,1,0,0,0,1,0,0,1,1,0,1,0,2,1,0,0.07592476557341181,True
4,0,2,0,0,0,0,0,2,0,0,0,0,0,2,0,1,0,1,0,0,3,0,1,0,0,0.0921891176488969,True
4,1,0,0,1,0,0,0,0,2,0,0,1,0,1,0,1,0,1,0,0,1,2,1,0,0,0.06996538101829312,True
4,0,1,0,1,0,0,1,0,1,0,1,0,1,0,0,0,0,1,1,0,0,1,2,1,0,0.07068699837028763,True
4,0,0,1,0,1,0,2,0,0,0,0,0,1,0,1,0,0,2,0,0,0,3,1,0,0,0.05713760536473796,True
4,0,0,1,0,1,2,0,0,0,0,1,0,1,0,0,0,0,1,0,1,2,0,1,0,1,0.9369715168488354,False
4,0,0,1,0,1,1,0,0,1,0,1,0,1,0,0,0,0,0,2,0,2,0,0,1,1,0.05766806600277304,True
4,0,1,1,0,0,0,0,1,0,1,0,2,0,0,0,0,1,0,0,1,0,1,2,1,0,0.04533391440555812,True
4,0,0,0,1,1,1,1,0,0,0,0,0,2,0,0,0,0,0,1,1,0,0,1,0,3,0.8773195810193036,False
4,0,0,0,0,2,0,0,0,2,0,0,1,0,0,1,0,0,0,0,2,2,1,0,1,0,-0.008732369831241813,True
4,0,1,0,1,0,1,0,1,0,0,0,0,0,2,0,0,0,0,1,1,0,3,0,1,0,0.04884440203655441,True
4,0,0,1,0,1,2,0,0,0,0,1,0,0,0,1,1,0,0,0,1,0,3,0,1,0,0.11451307916389436,True
4,1,0,0,1,0,0,1,1,0,0,0,1,0,0,1,2,0,0,0,0,1,1,1,0,1,0.10061121200918796,True
4,1,0,1,0,0,2,0,0,0,0,1,1,0,0,0,0,0,2,0,0,0,2,0,2,0,0.10187476314281721,True
4,1,1,0,0,0,0,1,0,1,0,0,0,0,1,1,0,0,2,0,0,1,1,0,0,2,0.03812798787165363,True
4,0,1,0,1,0,0,0,1,0,1,0,0,0,1,1,0,0,0,0,2,1,1,0,0,2,0.02060329407977311,True
4,0,0,0,2,0,0,0,0,0,2,0,1,1,0,0,0,2,0,0,0,0,1,3,0,0,0.03660898680556327,True
4,0,0,0,1,1,0,1,1,0,0,0,1,0,1,0,0,0,1,0,1,0,0,0,3,1,0.027097377801229255,True
4,1,0,0,0,1,1,0,1,0,0,0,2,0,0,0,0,0,2,0,0,0,0,1,1,2,0.1600375354213414,True
4,0,1,0,1,0,0,2,0,0,0,0,0,1,0,1,1,1,0,0,0,0,2,1,1,0,0.05185956042535647,True
4,0,1,0,1,0,0,1,0,1,0,1,1,0,0,0,1,1,0,0,0,0,2,1,1,0,0.0684,True
4,0,0,0,1,1,0,0,0,2,0,0,2,0,0,0,0,1,0,1,0,0,1,3,0,0,0.04997266304288566,True
4,2,0,0,0,0,0,0,1,1,0,0,0,0,1,1,1,0,0,1,0,1,0,1,0,2,0.1233205881652079,True
4,0,1,1,0,0,0,0,2,0,0,0,0,0,0,2,2,0,0,0,0,0,1,1,1,1,0.9236501387098535,False
4,1,0,0,0,1,1,0,0,1,0,0,1,0,1,0,1,0,0,0,1,1,1,0,2,0,0.037121144680044654,True
4,0,2,0,0,0,1,0,0,0,1,1,1,0,0,0,2,0,0,0,0,0,0,0,3,1,0.052369606670437246,True
4,0,1,1,0,0,0,0,0,2,0,0,1,0,0,1,0,1,1,0,0,0,0,0,2,2,0.018782137959302177,True
4,0,0,0,0,2,0,2,0,0,0,0,0,0,0,2,0,1,0,1,0,0,1,1,0,2,-0.03083392731736881,True
4,0,0,0,2,0,0,0,0,0,2,0,1,1,0,0,1,0,0,0,1,2,1,0,0,1,0.02458344752606838,True
4,0,0,0,1,1,1,1,0,0,0,0,0,0,2,0,1,0,1,0,0,0,1,0,0,3,0.013251003152455835,True
4,0,1,1,0,0,0,2,0,0,0,1,1,0,0,0,1,0,1,0,0,1,0,0,0,3,0.03546389119044531,True
4,0,0,2,0,0,0,0,0,2,0,0,0,1,0,1,0,2,0,0,0,1,0,1,2,0,0.05525329447918509,True
4,0,2,0,0,0,0,1,0,0,1,1,0,1,0,0,0,0,0,0,2,0,1,0,1,2,0.019161382401068655,True
4,0,0,1,0,1,0,0,1,0,1,0,0,0,1,1,1,1,0,0,0,1,0,1,2,0,0.08206780135700976,True
4,1,0,1,0,0,0,2,0,0,0,2,0,0,0,0,1,0,1,0,0,3,0,0,1,0,0.17496061981493688,True
4,1,0,0,1,0,0,1,0,1,0,0,0,2,0,0,0,0,0,1,1,2,0,1,0,1,0.062415889504070676,True
4,0,0,2,0,0,0,1,0,1,0,1,0,1,0,0,0,2,0,0,0,0,0,0,3,1,0.06161245739187108,True
4,0,0,1,0,1,0,0,0,2,0,0,0,1,0,1,0,0,0,0,2,3,0,1,0,0,0.5684658076495367,False
4,0,1,1,0,0,0,0,0,0,2,1,0,1,0,0,0,1,0,0,1,0,0,0,0,4,0.8450563947615725,False
4,2,0,0,0,0,0,2,0,0,0,0,0,1,1,0,0,0,0,1,1,2,0,1,1,0,0.07061328098644339,True
4,0,0,2,0,0,0,0,0,0,2,0,0,0,2,0,1,0,1,0,0,1,0,0,0,3,0.5484658076495367,False
4,0,0,0,1,1,0,0,1,0,1,2,0,0,0,0,0,0,0,0,2,0,0,1,1,2,0.8787463885751783,False
4,0,1,0,1,0,0,1,1,0,0,1,0,0,0,1,0,1,1,0,0,1,3,0,0,0,0.056508822146283964,True
4,0,1,0,1,0,1,0,0,0,1,0,0,2,0,0,0,1,1,0,0,2,1,0,1,0,0.06832578390212862,True
4,0,0,2,0,0,0,0,2,0,0,1,0,0,0,1,0,1,1,0,0,1,0,2,1,0,0.9038661343180374,False
4,0,0,0,0,2,0,2,0,0,0,0,0,2,0,0,0,2,0,0,0,0,0,3,0,1,0.03672803056423135,True
4,0,0,1,1,0,0,0,2,0,0,0,0,0,0,2,0,0,1,1,0,2,0,0,1,1,0.14020782803374948,True
4,0,0,0,2,0,2,0,0,0,0,0,0,1,0,1,0,1,0,0,1,1,2,0,1,0,0.04289160603254049,True
4,0,2,0,0,0,0,0,1,1,0,1,0,0,0,1,0,1,0,0,1,0,1,0,1,2,0.011718272247998372,True
4,0,1,0,1,0,0,0,0,2,0,0,1,1,0,0,0,1,0,0,1,1,0,2,1,0,0.05107152614702139,True
4,0,0,0,1,1,0,1,1,0,0,2,0,0,0,0,0,0,0,1,1,1,0,0,1,2,0.7976852823926588,False
4,1,0,1,0,0,1,0,0,1,0,0,0,0,2,0,0,0,0,0,2,1,0,1,0,2,0.03989855995460713,True
4,1,0,1,0,0,2,0,0,0,0,0,0,1,0,1,1,0,0,0,1,0,4,0,0,0,0.13457022642952396,True
4,1,0,1,0,0,1,0,0,0,1,0,0,2,0,0,2,0,0,0,0,0,0,1,0,3,0.9167373730614742,False
4,1,0,0,0,1,1,0,0,1,0,0,0,1,1,0,2,0,0,0,0,1,2,0,0,1,0.09300659745697683,True
4,0,0,0,2,0,0,0,0,1,1,0,1,0,1,0,2,0,0,0,0,1,1,1,1,0,0.05213115998257312,True
4,0,0,1,1,0,1,0,0,0,1,0,0,1,0,1,2,0,0,0,0,1,0,0,2,1,0.918058140655173,False
4,0,2,0,0,0,1,1,0,0,0,0,0,1,0,1,1,1,0,0,0,1,0,0,1,2,0.028933316257810947,True
4,0,0,0,1,1,0,1,0,0,1,1,0,1,0,0,2,0,0,0,0,1,1,1,0,1,0.9396148880987399,False
4,0,1,0,1,0,0,0,1,1,0,0,0,0,0,2,0,1,0,1,0,1,2,1,0,0,0.0320072759185974,True
4,0,2,0,0,0,0,1,1,0,0,1,0,0,1,0,1,1,0,0,0,1,1,0,1,1,0.05799416999397566,True
4,0,1,1,0,0,0,0,2,0,0,0,1,0,1,0,0,0,1,1,0,0,0,2,0,2,0.05218911764889696,True
4,1,0,1,0,0,0,0,0,1,1,0,0,0,0,2,0,1,0,0,1,2,0,0,0,2,0.8795927543275631,False
4,0,1,0,1,0,1,0,0,0,1,0,0,0,2,0,0,1,0,0,1,1,0,0,2,1,0.015594552616445741,True
4,0,0,0,1,1,0,1,1,0,0,0,1,0,1,0,0,2,0,0,0,0,2,2,0,0,0.053570273913974516,True
4,1,0,0,0,1,0,2,0,0,0,0,1,0,1,0,0,1,1,0,0,1,0,1,1,1,0.04003064218708359,True
4,0,0,1,0,1,0,1,0,1,0,0,1,0,1,0,0,0,0,0,2,0,0,2,0,2,-0.007810882351102941,True
4,0,0,0,2,0,0,0,1,1,0,0,2,0,0,0,0,0,1,0,1,0,0,4,0,0,0.05811697379948901,True
4,0,1,0,0,1,1,0,0,1,0,0,0,1,1,0,0,0,2,0,0,3,0,0,1,0,0.0888940539909026,True
4,0,0,0,2,0,2,0,0,0,0,2,0,0,0,0,0,0,1,1,0,0,3,0,0,1,0.0632297804950788,True
4,2,0,0,0,0,0,1,0,1,0,0,1,1,0,0,0,0,0,0,2,0,4,0,0,0,0.03828261694202011,True
4,0,1,0,1,0,0,0,0,0,2,0,0,1,1,0,0,0,0,0,2,2,1,0,0,1,0.004583447526068413,True
4,1,0,0,0,1,0,2,0,0,0,0,0,1,0,1,0,1,0,0,1,1,0,3,0,0,0.14155845875694884,True
4,0,0,0,1,1,1,0,1,0,0,0,1,1,0,0,1,1,0,0,0,2,0,0,2,0,0.07774914700366047,True
4,0,0,2,0,0,0,1,0,0,1,1,0,1,0,0,0,2,0,0,0,0,1,2,0,1,0.10601491737175243,True
4,0,1,0,0,1,2,0,0,0,0,1,0,0,1,0,2,0,0,0,0,0,1,0,2,1,0.16681584845830225,True
4,1,0,1,0,0,0,0,0,0,2,1,1,0,0,0,1,0,1,0,0,0,2,1,0,1,0.9235516979029132,False
4,1,0,0,0,1,1,0,0,1,0,0,0,0,2,0,0,1,0,1,0,0,2,0,1,1,0.029758324454454966,True
4,0,0,2,0,0,1,0,1,0,0,0,1,0,1,0,0,0,0,1,1,0,1,0,3,0,0.05691083518743842,True
4,0,0,2,0,0,0,1,0,0,1,2,0,0,0,0,0,1,0,1,0,0,1,2,1,0,0.07627520888630457,True
4,0,0,0,1,1,0,0,0,2,0,1,1,0,0,0,0,0,1,0,1,0,0,0,0,4,-0.017584110495929194,True
4,0,0,0,0,2,0,1,1,0,0,1,0,1,0,0,0,0,2,0,0,2,0,1,0,1,0.9360243834495511,False
4,1,0,0,0,1,0,1,1,0,0,1,1,0,0,0,0,2,0,0,0,1,0,3,0,0,0.07610263349784047,True
4,1,0,1,0,0,0,2,0,0,0,0,0,0,1,1,0,0,2,0,0,0,2,1,1,0,0.06895100085796034,True
4,0,0,0,2,0,1,0,0,1,0,0,0,1,1,0,0,0,0,2,0,1,0,2,1,0,0.0624939211187287,True
4,1,0,1,0,0,0,1,0,0,1,0,1,0,0,1,0,0,0,0,2,0,0,0,0,4,0.8398846250342555,False
4,0,2,0,0,0,0,1,1,0,0,1,0,1,0,0,1,0,0,1,0,0,0,0,0,4,0.015565132384208813,True
4,2,0,0,0,0,1,1,0,0,0,0,0,2,0,0,2,0,0,0,0,2,1,0,1,0,0.3134080521161399,False
4,1,0,1,0,0,0,1,1,0,0,0,0,1,0,1,0,1,0,0,1,0,0,1,0,3,0.8848637696319739,False
4,1,0,0,1,0,0,0,1,0,1,0,0,0,0,2,0,0,1,0,1,0,4,0,0,0,0.023109430002804642,True
4,0,0,0,1,1,1,1,0,0,0,2,0,0,0,0,0,0,1,0,1,1,2,0,0,1,0.8173684741169835,False
4,0,0,2,0,0,1,0,0,0,1,0,0,1,0,1,0,0,0,2,0,3,0,0,0,1,0.5884658076495367,False
4,0,0,2,0,0,0,1,0,0,1,1,0,0,1,0,2,0,0,0,0,3,1,0,0,0,0.44529800657868956,True
4,0,0,1,1,0,0,2,0,0,0,2,0,0,0,0,1,0,0,0,1,2,0,0,1,1,0.06975403388380373,True
4,1,1,0,0,0,1,0,0,1,0,1,0,1,0,0,0,1,0,1,0,0,0,0,3,1,0.058911467220142275,True
4,1,0,0,1,0,0,1,0,1,0,1,0,1,0,0,0,0,0,0,2,1,3,0,0,0,0.040778657334954824,True
4,0,0,0,0,2,0,0,0,0,2,0,1,0,1,0,0,0,1,1,0,1,1,1,0,1,0.004583447526068413,True
4,0,0,0,1,1,1,1,0,0,0,0,0,1,1,0,1,0,1,0,0,0,2,2,0,0,0.07910692731474954,True
4,0,0,1,0,1,1,1,0,0,0,0,1,0,1,0,0,0,0,0,2,0,0,1,1,2,0.009754033883803826,True
4,1,0,1,0,0,0,0,1,1,0,1,0,0,1,0,0,2,0,0,0,0,0,2,1,1,0.06579389218381701,True
4,1,0,0,1,0,1,1,0,0,0,1,0,0,0,1,0,1,0,1,0,1,0,1,0,2,0.032189117648896995,True
4,2,0,0,0,0,0,0,1,1,0,0,0,1,0,1,0,1,0,0,1,2,0,0,1,1,0.9189765359345795,False
4,0,0,0,1,1,1,0,0,0,1,1,0,0,1,0,1,0,0,0,1,1,1,1,0,1,0.9004180923437748,False
4,0,0,1,0,1,0,1,1,0,0,2,0,0,0,0,1,0,0,1,0,2,0,1,0,1,0.6180796854616653,False
4,0,1,0,0,1,0,0,0,2,0,1,1,0,0,0,0,0,0,1,1,1,1,0,0,2,0.007269942454015212,True
4,2,0,0,0,0,0,1,0,1,0,1,0,0,1,0,0,1,0,1,0,1,0,0,3,0,0.06643733769755213,True
4,1,1,0,0,0,0,0,0,0,2,1,0,0,1,0,0,0,2,0,0,0,3,0,1,0,0.04452335913449817,True
4,0,0,2,0,0,1,1,0,0,0,0,1,1,0,0,0,1,0,0,1,1,3,0,0,0,0.069505791626011,True
4,0,0,0,1,1,0,1,1,0,0,0,0,0,2,0,0,0,1,1,0,4,0,0,0,0,0.061594801730756266,True
4,1,0,0,1,0,0,1,0,1,0,0,0,1,1,0,0,0,0,1,1,1,0,0,0,3,0.0015948017307563683,True
4,0,0,0,2,0,0,1,0,1,0,0,1,1,0,0,0,0,2,0,0,0,2,1,1,0,0.06905651492906939,True
4,1,0,0,0,1,0,0,0,1,1,0,0,1,1,0,0,0,0,1,1,2,2,0,0,0,0.057304358092930836,True
4,0,1,1,0,0,0,1,0,1,0,0,0,0,2,0,0,1,0,0,1,0,2,0,1,1,0.03108779916260421,True
4,1,0,0,1,0,0,0,1,1,0,1,0,0,0,1,0,2,0,0,0,0,1,2,0,1,0.0460277134424267,True
4,0,0,0,1,1,1,0,0,0,1,0,0,0,2,0,0,0,0,2,0,0,2,0,1,1,0.010823605785788554,True
4,1,0,0,1,0,0,0,1,0,1,0,2,0,0,0,1,1,0,0,0,3,0,1,0,0,0.07556355248500345,True
4,2,0,0,0,0,1,1,0,0,0,1,1,0,0,0,2,0,0,0,0,0,1,1,1,1,0.12357210111519452,True
4,0,0,0,1,1,0,0,2,0,0,0,2,0,0,0,1,0,1,0,0,0,0,0,3,1,0.06883543813582081,True
4,0,0,0,0,2,0,1,0,1,0,1,0,0,1,0,1,1,0,0,0,0,1,0,0,3,-0.013972286557573202,True
4,0,0,1,0,1,1,1,0,0,0,0,0,0,2,0,1,0,0,0,1,0,0,0,0,4,0.007600564267781465,True
4,0,0,1,1,0,1,0,0,1,0,0,0,1,1,0,0,1,1,0,0,0,3,1,0,0,0.07316005389067184,True
4,2,0,0,0,0,1,0,1,0,0,0,0,2,0,0,0,1,0,0,1,2,0,1,0,1,0.957306372242408,False
4,2,0,0,0,0,1,0,1,0,0,0,1,0,1,0,0,0,0,1,1,1,1,0,1,1,0.07749347184015488,True
4,1,1,0,0,0,1,1,0,0,0,1,0,0,0,1,0,0,1,1,0,0,0,4,0,0,0.11383795599016498,True
4,1,0,0,1,0,0,1,0,1,0,1,0,0,0,1,1,0,0,1,0,1,1,1,0,1,0.04231641811097018,True
4,0,1,0,0,1,0,0,0,0,2,0,0,1,1,0,0,0,2,0,0,1,2,1,0,0,0.08504860758213201,True
4,0,1,1,0,0,0,2,0,0,0,1,1,0,0,0,0,0,1,0,1,0,0,2,1,1,0.050199527367717385,True
4,2,0,0,0,0,0,0,0,1,1,0,1,0,0,1,1,0,0,0,1,1,0,1,0,2,0.8996859018012154,False
4,0,0,2,0,0,0,1,0,1,0,1,0,0,0,1,0,1,0,0,1,2,1,0,1,0,0.056275208886304606,True
4,2,0,0,0,0,1,0,1,0,0,1,1,0,0,0,1,0,0,0,1,2,0,0,2,0,0.2902427966714432,False
4,1,0,1,0,0,1,1,0,0,0,0,1,0,0,1,2,0,0,0,0,1,1,0,2,0,0.08615242303415428,True
4,1,1,0,0,0,0,1,0,1,0,1,0,0,1,0,0,1,0,0,1,1,1,1,1,0,0.05464727182856639,True
4,0,1,0,0,1,1,1,0,0,0,0,0,1,1,0,0,1,0,1,0,1,1,2,0,0,0.05972125772049657,True
4,0,0,0,0,2,0,1,1,0,0,0,0,2,0,0,0,0,0,2,0,0,0,0,1,3,0.004174046593552024,True
4,0,1,1,0,0,1,0,0,0,1,1,0,0,1,0,2,0,0,0,0,1,0,2,1,0,0.14978647144779916,True
4,1,1,0,0,0,1,0,0,0,1,0,0,0,2,0,0,2,0,0,0,2,0,0,0,2,0.020778657334954844,True
4,0,0,1,1,0,0,0,2,0,0,2,0,0,0,0,0,0,2,0,0,0,1,2,1,0,0.3064326293092484,False
4,0,0,0,1,1,0,1,0,1,0,0,0,2,0,0,0,0,0,0,2,1,0,0,1,2,0.03998830647581374,True
4,0,2,0,0,0,0,2,0,0,0,0,1,1,0,0,0,1,1,0,0,2,1,1,0,0,0.08206702931269838,True
4,0,1,1,0,0,0,0,0,2,0,0,2,0,0,0,0,1,1,0,0,2,2,0,0,0,0.07057161598934551,True
4,0,1,0,1,0,0,0,0,2,0,0,1,0,1,0,0,0,2,0,0,1,0,0,3,0,0.06333055555555556,True
4,1,0,0,1,0,0,0,1,1,0,0,0,0,2,0,0,0,0,2,0,0,0,0,0,4,-0.014798019609615192,True
4,0,1,0,0,1,0,0,0,1,1,1,0,0,0,1,1,0,0,1,0,1,1,0,1,1,0.1278076586535375,True
4,1,0,0,1,0,0,0,0,0,2,0,1,0,0,1,2,0,0,0,0,0,1,1,2,0,0.04034479721271342,True
4,0,2,0,0,0,1,1,0,0,0,0,1,1,0,0,0,1,0,1,0,0,2,1,1,0,0.06924375,True
4,1,0,0,0,1,0,1,1,0,0,0,1,0,0,1,1,0,1,0,0,1,0,0,0,3,0.8850563947615725,False
4,0,0,0,0,2,0,0,0,0,2,0,1,0,0,1,1,0,1,0,0,2,1,0,0,1,0.8800068523255313,False
4,0,0,0,2,0,0,0,1,1,0,0,1,0,0,1,1,1,0,0,0,2,0,0,0,2,0.021594801731590955,True
4,0,0,1,0,1,0,2,0,0,0,0,0,0,0,2,0,0,1,0,1,0,1,1,1,1,0.04647677387582113,True
4,1,0,1,0,0,1,1,0,0,0,0,0,0,1,1,0,0,1,1,0,0,3,0,0,1,0.06580019625124696,True
4,0,0,0,0,2,0,0,1,0,1,0,0,0,1,1,0,1,1,0,0,0,1,3,0,0,0.39459722650755924,True
4,0,2,0,0,0,1,1,0,0,0,2,0,0,0,0,0,0,1,0,1,0,2,2,0,0,0.07030991063800572,True
4,1,1,0,0,0,0,0,0,0,2,2,0,0,0,0,0,0,0,1,1,0,0,3,1,0,0.4058948905673799,True
4,2,0,0,0,0,0,0,0,1,1,1,0,1,0,0,1,1,0,0,0,3,0,0,0,1,0.9481578868395771,False
4,0,0,1,1,0,1,0,0,0,1,0,0,0,0,2,0,1,0,0,1,1,1,0,0,2,0.8624859046429864,False
4,0,0,1,1,0,0,1,1,0,0,0,1,1,0,0,0,0,2,0,0,1,0,2,1,0,0.10052523390365967,True
4,0,1,1,0,0,0,1,0,1,0,0,0,2,0,0,0,0,2,0,0,0,1,0,2,1,0.07193980401976521,True
4,1,0,0,1,0,0,0,1,1,0,0,0,2,0,0,0,0,0,2,0,1,1,2,0,0,0.07701089975020048,True
4,0,0,0,1,1,0,0,2,0,0,0,0,0,1,1,0,0,1,1,0,0,1,3,0,0,0.1457195866960243,True
4,0,1,0,0,1,0,2,0,0,0,0,1,0,1,0,2,0,0,0,0,0,3,0,1,0,0.05176980526700589,True
4,0,0,2,0,0,0,1,0,1,0,1,0,0,1,0,0,1,1,0,0,0,2,0,2,0,0.07043362298741696,True
4,0,0,2,0,0,0,0,0,1,1,2,0,0,0,0,0,1,0,1,0,4,0,0,0,0,0.178460711473414,True
4,0,0,1,0,1,1,0,0,0,1,0,1,1,0,0,0,1,0,1,0,0,0,2,2,0,0.04619581722830155,True
4,1,0,0,0,1,0,0,1,0,1,0,0,2,0,0,0,0,2,0,0,1,1,2,0,0,0.9589745974491352,False
4,0,1,0,0,1,2,0,0,0,0,0,2,0,0,0,0,1,0,0,1,0,3,0,0,1,0.03917022637593682,True
4,1,0,0,0,1,0,0,1,0,1,1,0,1,0,0,1,1,0,0,0,4,0,0,0,0,0.951215063418683,False
4,1,0,0,1,0,1,0,1,0,0,0,2,0,0,0,0,0,2,0,0,3,1,0,0,0,0.1031148036823123,True
4,0,1,0,0,1,1,0,0,0,1,0,0,1,1,0,0,0,0,1,1,2,0,1,1,0,0.11344782842886679,True
4,1,0,0,0,1,0,1,1,0,0,2,0,0,0,0,0,0,0,2,0,1,0,1,2,0,0.062491294185059804,True
4,1,0,0,0,1,0,1,0,0,1,2,0,0,0,0,0,0,0,0,2,0,1,0,0,3,0.8591863977497721,False
4,0,2,0,0,0,0,2,0,0,0,1,0,0,1,0,0,2,0,0,0,0,0,4,0,0,0.07249260765295376,True
4,1,0,1,0,0,1,1,0,0,0,2,0,0,0,0,1,0,0,1,0,2,0,0,0,2,0.6180640392467385,False
4,0,0,0,2,0,0,0,1,1,0,1,1,0,0,0,0,1,0,0,1,1,0,1,0,2,0.021594801731590955,True
4,1,0,0,0,1,0,1,0,1,0,0,1,0,0,1,1,0,0,1,0,0,1,1,2,0,0.03433780876162079,True
4,0,2,0,0,0,0,0,1,0,1,0,1,0,0,1,1,0,1,0,0,3,1,0,0,0,0.08198398737962119,True
4,0,0,1,1,0,0,0,0,2,0,0,1,0,0,1,0,1,1,0,0,1,1,0,1,1,0.03582241564555397,True
4,1,1,0,0,0,0,0,0,1,1,0,1,0,1,0,0,2,0,0,0,2,0,1,0,1,0.039731629613410605,True
4,0,0,1,0,1,0,1,0,0,1,0,1,0,1,0,0,2,0,0,0,0,0,1,1,2,0.004449947933321589,True
4,0,0,0,1,1,1,1,0,0,0,2,0,0,0,0,0,0,0,0,2,0,1,0,1,2,0.7718169516171935,False
4,1,0,0,0,1,2,0,0,0,0,1,1,0,0,0,1,1,0,0,0,2,1,1,0,0,0.15278298027785814,True
4,1,1,0,0,0,0,0,0,1,1,0,2,0,0,0,1,0,1,0,0,0,0,1,2,1,0.05308164720713861,True
4,1,0,0,0,1,1,0,1,0,0,0,2,0,0,0,0,0,2,0,0,0,1,0,1,2,0.08694050923987896,True
4,1,1,0,0,0,0,0,0,0,2,0,0,1,0,1,0,1,1,0,0,2,0,1,0,1,0.5784026021283318,False
4,0,0,0,2,0,0,0,0,1,1,2,0,0,0,0,0,0,0,2,0,0,1,0,0,3,-0.005565015543677314,True
4,1,0,1,0,0,1,1,0,0,0,1,0,1,0,0,0,0,2,0,0,0,0,2,0,2,0.9573211626391093,False
4,0,2,0,0,0,0,0,0,0,2,1,0,0,0,1,0,0,1,1,0,1,1,0,0,2,0.01004586441227624,True
4,1,0,0,1,0,1,0,1,0,0,0,1,0,0,1,0,0,0,2,0,1,0,1,0,2,0.03592782407345852,True
4,1,1,0,0,0,1,0,0,1,0,0,0,1,1,0,0,1,0,0,1,0,1,2,1,0,0.060120099668987764,True
4,0,0,0,2,0,0,0,0,0,2,0,0,0,1,1,0,1,0,0,1,1,0,2,1,0,0.014664398095265737,True
4,0,1,0,0,1,0,1,0,0,1,0,0,1,0,1,1,0,0,0,1,0,2,2,0,0,0.37951503131493836,True
4,0,2,0,0,0,0,0,1,0,1,1,0,0,0,1,0,0,2,0,0,0,0,0,4,0,0.041667168250454106,True
4,0,1,1,0,0,0,0,0,2,0,0,0,1,1,0,0,0,1,0,1,0,1,0,1,2,0.018542495331139587,True
4,0,1,0,0,1,0,0,0,2,0,0,0,2,0,0,0,0,1,0,1,3,1,0,0,0,0.07431615284249753,True
4,0,0,0,1,1,0,0,1,1,0,0,0,0,0,2,0,0,1,0,1,0,0,1,1,2,0.8585262255263219,False
4,1,0,0,0,1,0,1,0,1,0,0,0,2,0,0,0,0,2,0,0,3,0,1,0,0,0.6380984496462604,False
4,1,1,0,0,0,0,0,1,1,0,0,0,0,1,1,1,0,0,0,1,1,0,0,0,3,0.0984453514433168,True
4,2,0,0,0,0,0,0,0,2,0,0,0,0,0,2,0,0,0,2,0,1,0,0,1,2,-0.0022748759676444155,True
4,0,1,1,0,0,0,0,1,1,0,0,0,1,0,1,1,0,1,0,0,1,0,3,0,0,0.6381109522740532,False
4,0,0,0,0,2,0,1,0,1,0,0,0,1,1,0,0,0,2,0,0,0,0,0,1,3,0.004174046593552024,True
4,1,0,1,0,0,1,0,0,1,0,0,2,0,0,0,0,0,1,0,1,0,3,0,0,1,0.05249678618513344,True
4,0,0,0,2,0,0,1,1,0,0,0,0,0,0,2,1,1,0,0,0,2,0,1,1,0,0.041667168250454065,True
4,0,0,0,0,2,0,0,0,2,0,0,0,1,1,0,0,0,1,1,0,0,0,0,0,4,-0.03673727046946423,True
4,0,0,1,1,0,2,0,0,0,0,1,0,1,0,0,0,0,1,0,1,0,0,2,2,0,0.2776482522129493,False
4,0,0,0,0,2,2,0,0,0,0,0,2,0,0,0,0,0,0,0,2,2,0,1,1,0,0.09436285193933537,True
4,0,1,0,1,0,0,0,0,1,1,1,0,0,0,1,0,1,1,0,0,0,1,2,0,1,0.03812989628214632,True
4,0,0,1,0,1,1,0,0,0,1,0,0,2,0,0,1,0,0,1,0,0,2,2,0,0,0.27366431322239254,False
4,2,0,0,0,0,0,0,0,2,0,1,0,1,0,0,1,1,0,0,0,2,1,0,1,0,0.08503003347085872,True
4,0,1,0,1,0,1,0,0,0,1,1,0,0,0,1,0,0,1,0,1,2,1,0,1,0,0.051334865649553904,True
4,0,1,0,0,1,0,0,2,0,0,0,0,2,0,0,0,0,1,1,0,2,0,0,1,1,0.9429276654597398,False
4,0,1,0,0,1,0,0,0,1,1,0,1,0,1,0,0,0,0,2,0,2,0,0,1,1,0.015588675795684615,True
4,0,0,2,0,0,0,1,0,1,0,0,0,1,0,1,0,0,2,0,0,1,0,1,2,0,0.08769508483620995,True
4,0,0,1,1,0,0,1,1,0,0,2,0,0,0,0,0,0,0,1,1,1,0,0,1,2,0.07998830647581368,True
4,0,1,0,1,0,0,0,0,1,1,0,0,0,2,0,2,0,0,0,0,1,1,1,1,0,0.05213115998257312,True
4,0,1,0,0,1,0,1,0,0,1,0,0,0,1,1,0,0,2,0,0,0,3,0,0,1,0.9165907714979574,False
4,0,2,0,0,0,0,0,1,0,1,1,0,1,0,0,1,0,1,0,0,0,1,0,1,2,0.08694050923987896,True
4,0,2,0,0,0,0,0,1,1,0,0,0,0,2,0,0,1,0,1,0,0,0,1,1,2,0.0276259666483184,True
4,1,1,0,0,0,0,0,0,2,0,0,0,0,1,1,0,0,2,0,0,0,0,1,2,1,0.04709324225934152,True
4,2,0,0,0,0,1,0,0,0,1,0,0,0,1,1,0,0,1,0,1,0,3,0,1,0,0.06120536373861606,True
4,1,1,0,0,0,1,1,0,0,0,0,0,1,0,1,1,0,0,0,1,0,3,0,0,1,0.060239986657185086,True
4,0,2,0,0,0,0,0,0,0,2,0,1,0,0,1,0,0,0,2,0,2,0,2,0,0,0.025263684540558128,True
4,0,2,0,0,0,1,1,0,0,0,1,0,0,1,0,0,1,1,0,0,1,0,2,0,1,0.06295064222024999,True
4,0,1,1,0,0,0,0,0,2,0,2,0,0,0,0,0,0,1,1,0,2,0,0,2,0,0.0722997530329525,True
4,0,1,0,1,0,0,0,1,0,1,0,0,1,0,1,1,0,0,1,0,0,0,1,3,0,0.03496332795497824,True
4,1,1,0,0,0,0,0,0,2,0,0,2,0,0,0,1,1,0,0,0,0,0,1,0,3,0.015030097187167362,True
4,0,0,1,0,1,0,1,0,1,0,2,0,0,0,0,0,0,0,1,1,0,0,4,0,0,0.15848629999453365,True
4,0,0,0,2,0,0,1,0,1,0,0,0,2,0,0,0,2,0,0,0,0,3,0,0,1,0.050036009779972065,True
4,0,2,0,0,0,1,0,0,1,0,1,0,1,0,0,0,0,2,0,0,1,0,1,1,1,0.0897540338838037,True
4,0,1,0,1,0,1,0,0,0,1,2,0,0,0,0,0,0,0,1,1,1,0,0,1,2,0.059988306475813706,True
4,1,0,1,0,0,0,0,0,2,0,0,0,0,1,1,1,0,1,0,0,0,0,2,2,0,0.06755125780867369,True
4,0,1,0,0,1,1,0,0,0,1,0,0,0,2,0,0,0,0,2,0,0,0,0,4,0,0.02202178627006121,True
4,1,1,0,0,0,2,0,0,0,0,1,0,0,1,0,0,1,0,0,1,1,0,1,2,0,0.07301554545551457,True
4,0,2,0,0,0,0,0,0,1,1,0,0,0,0,2,0,0,0,0,2,1,0,0,0,3,0.03520631720673662,True
4,1,1,0,0,0,0,0,1,1,0,0,0,1,0,1,0,1,0,0,1,0,3,0,1,0,0.04057320100903061,True
4,2,0,0,0,0,0,0,1,0,1,0,1,0,0,1,0,0,1,1,0,1,0,0,2,1,0.8065652905410774,False
4,0,0,1,1,0,0,0,1,0,1,1,1,0,0,0,0,0,0,2,0,1,2,1,0,0,0.056136934785297625,True
4,0,2,0,0,0,0,0,0,1,1,0,0,1,1,0,0,0,0,2,0,0,1,1,1,1,0.03208348577798144,True
4,1,0,0,1,0,1,0,1,0,0,2,0,0,0,0,1,0,0,1,0,0,0,0,0,4,0.5684658076495367,False
4,1,0,0,0,1,0,0,0,0,2,0,1,0,1,0,1,0,0,0,1,0,1,1,0,2,0.09651500656348257,True
4,0,0,0,2,0,2,0,0,0,0,2,0,0,0,0,0,1,0,1,0,1,1,2,0,0,0.08059551394942113,True
4,1,0,0,1,0,0,1,1,0,0,0,0,1,0,1,0,0,2,0,0,0,1,1,1,1,0.10364671968070546,True
4,0,1,0,1,0,0,1,1,0,0,0,0,0,0,2,1,1,0,0,0,2,2,0,0,0,0.04039117084814947,True
4,2,0,0,0,0,2,0,0,0,0,2,0,0,0,0,0,1,0,1,0,4,0,0,0,0,0.6580546474163157,False
4,0,0,2,0,0,1,0,0,0,1,0,1,0,1,0,0,0,0,1,1,0,0,1,2,1,0.056897024550427756,True
4,0,2,0,0,0,2,0,0,0,0,0,0,1,0,1,0,0,1,0,1,4,0,0,0,0,0.6175498086671358,False
4,1,0,1,0,0,0,0,2,0,0,0,0,1,0,1,0,0,0,0,2,0,0,0,1,3,0.8769643367151275,False
4,0,0,0,0,2,0,2,0,0,0,0,0,0,0,2,2,0,0,0,0,0,0,1,2,1,0.04362853926155271,True
4,1,0,0,0,1,0,1,0,0,1,0,0,1,0,1,1,0,0,0,1,0,1,0,2,1,0.8978533125288712,False
4,0,0,2,0,0,0,1,1,0,0,1,0,0,1,0,1,1,0,0,0,1,3,0,0,0,0.08295303708730703,True
4,1,0,0,0,1,0,1,0,1,0,2,0,0,0,0,0,1,0,1,0,1,0,2,0,1,0.05218911764889696,True
4,0,0,1,1,0,0,1,0,0,1,0,0,2,0,0,0,1,1,0,0,1,2,0,1,0,0.06635953708761937,True
4,0,0,0,1,1,0,1,0,1,0,0,0,0,2,0,0,1,1,0,0,1,0,1,0,2,0.015262900014227358,True
4,0,1,0,1,0,1,0,0,0,1,0,0,0,0,2,0,0,1,0,1,1,0,0,2,1,0.042956527912589935,True
4,0,0,1,1,0,1,0,1,0,0,0,1,0,0,1,1,0,0,0,1,0,2,0,2,0,0.047927769318193016,True
4,0,0,1,0,1,0,0,0,2,0,1,0,0,1,0,0,0,1,1,0,1,1,1,0,1,0.03803531060205058,True
4,0,0,2,0,0,1,0,0,0,1,1,0,1,0,0,1,0,1,0,0,1,2,0,1,0,0.6387936526180642,False
4,1,1,0,0,0,1,1,0,0,0,0,1,1,0,0,0,0,1,1,0,0,0,1,3,0,0.07316005389067182,True
4,0,0,2,0,0,0,0,1,1,0,1,0,0,1,0,0,1,0,0,1,0,2,0,0,2,0.0490587429764077,True
4,0,0,2,0,0,0,0,0,1,1,0,1,0,1,0,0,0,2,0,0,2,1,1,0,0,0.10133154085154177,True
4,0,0,1,0,1,0,0,2,0,0,1,0,1,0,0,0,0,0,1,1,3,0,0,0,1,0.9371128178087126,False
4,0,0,2,0,0,0,0,0,1,1,1,0,1,0,0,1,0,0,1,0,2,1,1,0,0,0.44534854739299495,True
4,0,1,0,0,1,0,2,0,0,0,1,0,0,0,1,0,1,0,0,1,1,1,0,0,2,0.017287220271860377,True
4,1,0,0,1,0,1,1,0,0,0,0,2,0,0,0,0,0,2,0,0,1,2,0,1,0,0.07556796893166401,True
4,0,0,2,0,0,1,0,1,0,0,0,1,0,0,1,0,0,0,0,2,0,0,1,0,3,0.8774100692377305,False
4,1,0,1,0,0,2,0,0,0,0,1,0,0,0,1,2,0,0,0,0,0,2,1,1,0,0.6377857176405427,False
4,1,0,0,1,0,0,0,1,0,1,0,1,0,1,0,1,0,0,1,0,1,0,1,1,1,0.04205228306293378,True
4,0,0,0,2,0,0,0,0,2,0,0,2,0,0,0,1,1,0,0,0,1,1,2,0,0,0.06728678506432172,True
4,1,0,0,1,0,0,0,1,1,0,0,1,1,0,0,0,0,1,1,0,0,1,0,2,1,0.055861813913718465,True
4,0,0,0,1,1,0,0,0,0,2,0,2,0,0,0,0,0,0,2,0,0,1,2,1,0,0.014647271827422047,True
4,2,0,0,0,0,0,0,0,2,0,0,0,2,0,0,0,0,0,1,1,0,3,1,0,0,0.06526368447324857,True
4,0,0,2,0,0,0,0,2,0,0,0,1,0,1,0,2,0,0,0,0,1,1,0,2,0,0.09090414465983973,True
4,1,1,0,0,0,1,0,0,1,0,0,0,1,0,1,0,1,0,1,0,0,1,0,1,2,0.021920138773979306,True
4,0,0,1,0,1,0,1,0,1,0,0,1,0,0,1,0,1,0,0,1,0,0,1,0,3,0.018308157199180455,True
4,0,0,1,1,0,0,0,0,1,1,0,0,1,1,0,0,0,0,2,0,1,3,0,0,0,0.04948165526845039,True
4,0,0,1,1,0,0,0,1,0,1,0,0,0,0,2,0,0,0,2,0,2,0,2,0,0,0.05989855995460709,True
4,0,0,0,0,2,0,1,1,0,0,0,0,0,1,1,0,0,1,0,1,2,1,0,1,0,0.0653346454352049,True
4,0,0,0,2,0,0,0,0,2,0,0,2,0,0,0,0,1,1,0,0,0,1,0,3,0,0.06333055555555556,True
4,0,0,0,1,1,0,0,0,0,2,0,2,0,0,0,1,0,1,0,0,0,2,0,0,2,0.019230034234741174,True
4,0,0,2,0,0,1,0,0,0,1,1,0,1,0,0,0,0,0,2,0,1,0,1,0,2,0.5884658076495367,False
4,2,0,0,0,0,1,0,0,0,1,0,0,1,0,1,0,2,0,0,0,0,1,1,0,2,0.1361470776889118,True
4,0,0,0,2,0,0,2,0,0,0,1,0,0,0,1,0,0,2,0,0,0,0,0,4,0,0.04772980415104699,True
4,0,0,0,1,1,1,0,0,1,0,1,0,0,0,1,1,0,0,0,1,1,0,1,0,2,0.8833601891602115,False
4,0,2,0,0,0,0,1,0,0,1,2,0,0,0,0,0,0,0,2,0,0,3,1,0,0,0.05340089804834527,True
4,0,0,0,0,2,0,1,0,1,0,1,0,1,0,0,0,1,0,0,1,1,0,2,0,1,0.11846583033033636,True
4,0,0,1,0,1,0,2,0,0,0,0,0,0,0,2,2,0,0,0,0,4,0,0,0,0,0.5962227753568302,False
4,0,1,0,1,0,0,1,1,0,0,2,0,0,0,0,0,0,1,0,1,1,0,0,2,1,0.058573724197181196,True
4,1,0,1,0,0,0,1,0,1,0,0,1,0,0,1,0,1,0,1,0,0,0,0,3,1,0.03675611658243041,True
4,0,0,0,0,2,0,1,0,1,0,0,1,1,0,0,0,0,0,2,0,1,0,1,0,2,-0.0018830262005108918,True
4,0,0,1,1,0,0,1,0,0,1,0,1,0,0,1,0,1,0,0,1,1,1,1,0,1,0.1288746123117535,True
4,0,2,0,0,0,0,0,1,1,0,1,0,0,1,0,0,1,1,0,0,0,2,1,0,1,0.056115145167057644,True
4,0,1,0,0,1,2,0,0,0,0,1,0,0,0,1,1,1,0,0,0,0,0,0,0,4,0.8658560303039858,False
4,1,0,0,0,1,0,2,0,0,0,1,0,0,0,1,0,0,1,1,0,0,2,0,1,1,0.03223059362915925,True
4,0,1,1,0,0,0,1,0,0,1,0,1,1,0,0,0,0,0,2,0,1,1,0,0,2,0.02173346492883621,True
4,2,0,0,0,0,1,0,0,1,0,0,0,0,0,2,0,1,1,0,0,1,0,1,2,0,0.06769508483620999,True
4,0,0,2,0,0,0,2,0,0,0,0,0,0,2,0,0,0,2,0,0,1,3,0,0,0,0.07503009718716727,True
4,0,0,0,2,0,0,2,0,0,0,0,1,0,1,0,1,0,1,0,0,0,1,2,1,0,0.06838525838522644,True
4,0,1,0,0,1,0,1,0,0,1,0,2,0,0,0,1,0,1,0,0,0,1,0,3,0,0.0372593880000299,True
4,0,0,1,0,1,1,0,1,0,0,2,0,0,0,0,1,0,1,0,0,0,1,0,3,0,0.14676443854343144,True
4,0,0,2,0,0,0,1,0,1,0,1,0,0,1,0,1,1,0,0,0,0,1,1,1,1,0.06192013877397924,True
4,0,1,0,1,0,0,0,1,0,1,1,0,0,0,1,0,0,1,1,0,1,2,0,1,0,0.03905814843227061,True
4,2,0,0,0,0,0,1,1,0,0,1,1,0,0,0,1,0,0,1,0,0,1,1,2,0,0.07994520227953904,True
4,0,1,0,1,0,0,0,0,0,2,1,0,0,1,0,1,0,0,0,1,0,4,0,0,0,0.01660898680556328,True
4,0,1,0,1,0,0,0,0,2,0,0,0,1,0,1,1,0,1,0,0,0,2,2,0,0,0.056136934785297625,True
4,0,0,1,1,0,1,0,0,0,1,0,0,1,1,0,2,0,0,0,0,2,0,0,0,2,0.5884658076495367,False
4,0,1,0,0,1,0,1,0,0,1,0,0,0,1,1,0,0,0,0,2,1,1,0,0,2,0.8575218319421101,False
4,0,0,0,1,1,2,0,0,0,0,0,0,1,1,0,0,2,0,0,0,1,1,1,1,0,0.06318270801901445,True
4,0,0,0,1,1,0,1,1,0,0,0,0,0,0,2,0,1,0,0,1,3,0,0,0,1,0.8782001304548467,False
4,0,1,0,0,1,0,0,0,2,0,0,1,1,0,0,1,1,0,0,0,1,1,1,1,0,0.05464727182856639,True
4,1,0,1,0,0,1,0,0,1,0,1,0,0,1,0,0,1,1,0,0,3,0,0,1,0,0.09592476557341177,True
4,0,1,0,1,0,0,2,0,0,0,0,0,0,2,0,0,0,1,1,0,0,3,0,1,0,0.065775,True
4,0,2,0,0,0,2,0,0,0,0,0,0,1,1,0,2,0,0,0,0,0,0,0,2,2,0.058573724197181196,True
4,1,0,1,0,0,0,0,1,0,1,1,0,0,0,1,2,0,0,0,0,1,1,0,1,1,0.9390622146536411,False
4,0,0,0,1,1,0,1,1,0,0,0,1,0,0,1,0,2,0,0,0,1,0,1,2,0,0.040874259758268756,True
4,0,1,0,0,1,1,0,1,0,0,0,0,0,1,1,0,0,1,0,1,1,0,0,3,0,0.06699089775824187,True
4,0,0,1,1,0,0,0,0,0,2,1,1,0,0,0,0,1,1,0,0,4,0,0,0,0,0.09382539812293532,True
4,0,0,1,0,1,1,0,0,1,0,1,0,0,0,1,0,0,1,0,1,0,0,3,0,1,0.9074723876387878,False
4,0,1,1,0,0,0,0,1,0,1,0,1,1,0,0,0,0,0,0,2,0,1,0,0,3,0.0989312874821054,True
4,0,1,0,0,1,0,2,0,0,0,1,0,0,1,0,0,0,1,0,1,0,4,0,0,0,0.036260712229316615,True
4,0,1,0,1,0,0,1,0,0,1,0,2,0,0,0,0,0,0,1,1,0,1,0,2,1,0.01777542238714631,True
4,1,0,0,0,1,1,1,0,0,0,1,0,1,0,0,2,0,0,0,0,0,2,0,1,1,0.8363059707713424,False
4,0,1,0,1,0,0,1,0,1,0,0,2,0,0,0,1,0,1,0,0,0,3,0,0,1,0.051615309951774734,True
4,1,0,0,0,1,0,2,0,0,0,0,1,1,0,0,1,0,1,0,0,0,0,0,0,4,0.03347265709067358,True
4,0,0,0,1,1,1,0,1,0,0,1,0,0,0,1,2,0,0,0,0,0,1,1,1,1,0.938931520845572,False
4,0,0,0,2,0,2,0,0,0,0,1,0,1,0,0,0,0,0,0,2,0,0,2,0,2,0.5684658076495367,False
4,0,1,0,0,1,0,0,1,0,1,0,0,0,1,1,0,1,1,0,0,1,1,0,1,1,0.14081918780849748,True
4,0,0,0,2,0,0,0,0,0,2,0,0,0,0,2,1,0,0,0,1,0,1,1,0,2,0.06136228911061321,True
4,0,0,1,0,1,0,2,0,0,0,0,0,0,1,1,0,0,2,0,0,0,1,1,0,2,0.06502925035447253,True
4,0,0,1,0,1,0,0,0,1,1,2,0,0,0,0,0,0,1,0,1,0,3,0,0,1,0.9194963809514556,False
4,1,1,0,0,0,1,1,0,0,0,0,1,0,0,1,1,0,0,0,1,0,2,0,2,0,0.04136849689990962,True
4,1,0,0,0,1,0,0,0,1,1,0,0,1,1,0,1,0,1,0,0,0,0,0,0,4,0.8637322408027011,False
4,0,2,0,0,0,0,1,1,0,0,0,0,0,2,0,0,0,0,1,1,0,1,1,2,0,0.04880424253424001,True
4,0,1,0,1,0,0,0,0,0,2,0,0,0,2,0,0,0,1,0,1,0,1,0,0,3,-0.03768358188902969,True
4,0,1,1,0,0,0,2,0,0,0,2,0,0,0,0,0,1,0,0,1,2,1,0,0,1,0.058445178519510275,True
4,0,0,0,2,0,0,0,0,0,2,1,1,0,0,0,0,0,0,1,1,0,1,2,1,0,0.02012009966691401,True
4,0,2,0,0,0,0,0,2,0,0,0,2,0,0,0,0,0,0,0,2,0,3,0,0,1,0.022985063699632755,True
4,0,0,0,1,1,1,0,0,0,1,1,0,1,0,0,0,1,0,1,0,2,1,0,1,0,0.056275208585199105,True
4,1,0,0,0,1,0,0,2,0,0,0,1,0,0,1,2,0,0,0,0,0,0,0,1,3,0.8988948689048445,False
4,0,0,0,0,2,1,0,0,1,0,0,0,0,0,2,1,0,0,1,0,0,0,3,1,0,0.0799746329402044,True
4,1,0,0,0,1,0,2,0,0,0,1,0,0,0,1,1,0,1,0,0,0,0,2,1,1,0.15750331953307073,True
4,0,1,0,1,0,0,1,0,0,1,1,1,0,0,0,0,0,2,0,0,0,2,0,2,0,0.05402945466584559,True
4,1,1,0,0,0,1,0,1,0,0,0,0,0,2,0,0,0,1,1,0,1,0,1,0,2,0.04809613574483874,True
4,0,1,1,0,0,0,0,1,0,1,0,0,1,1,0,0,0,1,0,1,3,0,0,0,1,0.5980921962840797,False
4,2,0,0,0,0,1,0,1,0,0,0,1,0,1,0,0,0,0,1,1,1,1,0,2,0,0.06411410178879251,True
4,2,0,0,0,0,0,0,0,1,1,0,0,2,0,0,0,0,1,1,0,2,1,1,0,0,0.44534854739299495,True
4,0,0,1,1,0,0,1,0,0,1,0,2,0,0,0,0,0,0,1,1,0,0,4,0,0,0.0573704915930509,True
4,0,1,0,1,0,1,0,0,0,1,0,0,0,0,2,2,0,0,0,0,2,0,0,2,0,0.04769508483621002,True
4,0,0,0,0,2,0,0,0,2,0,0,1,0,1,0,0,0,0,2,0,3,1,0,0,0,0.026955799235251463,True
4,0,0,0,2,0,2,0,0,0,0,0,0,0,0,2,1,1,0,0,0,0,3,0,1,0,0.035259007656817484,True
4,0,0,0,0,2,0,0,0,0,2,0,2,0,0,0,0,0,1,0,1,3,0,0,1,0,0.07451307916389444,True
4,0,0,0,0,2,1,1,0,0,0,1,1,0,0,0,0,1,1,0,0,0,2,0,0,2,0.019202208250725113,True
4,0,0,1,1,0,1,0,0,0,1,1,0,0,1,0,0,2,0,0,0,0,0,4,0,0,0.07218911764889692,True
4,0,0,0,2,0,1,1,0,0,0,0,0,1,0,1,0,0,0,2,0,0,0,4,0,0,0.05496332795497824,True
4,0,1,0,0,1,1,0,0,0,1,1,0,0,0,1,0,0,0,0,2,0,0,0,3,1,0.8754980830324746,False
4,0,0,2,0,0,1,1,0,0,0,0,2,0,0,0,1,1,0,0,0,0,2,0,2,0,0.07332018592595509,True
4,0,0,0,2,0,0,0,1,1,0,1,0,0,1,0,0,0,0,1,1,4,0,0,0,0,0.05724388479075506,True
4,0,0,1,0,1,0,0,0,2,0,1,0,0,0,1,1,0,0,1,0,1,0,3,0,0,0.07989855995460707,True
4,0,0,0,2,0,1,0,0,1,0,0,1,0,1,0,0,1,0,0,1,0,1,1,1,1,0.029550360169791283,True
4,0,0,2,0,0,0,0,0,2,0,1,0,0,0,1,1,1,0,0,0,0,0,1,0,3,0.0476005642677814,True
4,2,0,0,0,0,0,0,0,2,0,0,0,0,1,1,0,0,1,0,1,0,0,4,0,0,0.14332058816520785,True
4,0,0,0,1,1,0,1,0,0,1,0,1,0,1,0,0,2,0,0,0,1,0,3,0,0,0.04428332556263761,True
4,1,0,0,1,0,0,0,1,1,0,0,0,0,2,0,0,1,1,0,0,0,2,0,2,0,0.06493773338991339,True
4,0,0,0,2,0,2,0,0,0,0,0,1,0,0,1,0,1,0,1,0,0,0,0,3,1,0.0336595527663465,True
4,0,0,0,1,1,1,0,0,1,0,1,0,1,0,0,0,0,0,1,1,1,2,0,0,1,0.14996584824119127,True
4,0,1,0,1,0,0,1,1,0,0,0,0,0,1,1,0,0,0,1,1,2,0,0,0,2,0.01735514601479481,True
4,2,0,0,0,0,0,1,0,1,0,1,0,1,0,0,1,1,0,0,0,3,1,0,0,0,0.10310405543125334,True
4,0,1,0,0,1,1,0,0,1,0,0,0,0,2,0,0,2,0,0,0,0,0,0,0,4,-0.02473709998547762,True
4,0,0,0,2,0,0,0,2,0,0,0,0,0,1,1,0,0,2,0,0,0,1,3,0,0,0.09431615283872548,True
4,0,1,1,0,0,0,1,0,0,1,1,1,0,0,0,0,0,1,1,0,0,1,1,2,0,0.05695597412861155,True
4,0,1,0,0,1,0,1,0,1,0,0,0,1,0,1,1,0,1,0,0,0,0,0,2,2,0.036897024562602826,True
4,0,0,0,2,0,0,0,0,2,0,0,0,0,0,2,0,2,0,0,0,1,0,0,3,0,0.023330555555555618,True
4,0,0,0,1,1,0,1,0,1,0,1,0,0,0,1,1,0,1,0,0,1,0,2,1,0,0.07684272668028437,True
4,0,0,1,0,1,1,0,0,0,1,1,1,0,0,0,0,0,0,0,2,1,0,0,1,2,0.8675400046429154,False
4,1,0,0,0,1,0,0,0,0,2,0,0,2,0,0,1,0,1,0,0,0,2,0,0,2,0.8990423712936567,False
4,0,0,0,1,1,0,2,0,0,0,0,1,1,0,0,0,0,1,1,0,0,0,2,0,2,0.028412433919244445,True
4,0,0,0,0,2,1,0,0,0,1,0,0,2,0,0,0,0,0,0,2,2,0,0,2,0,0.878786311966155,False
4,0,0,2,0,0,1,0,1,0,0,0,0,2,0,0,0,0,0,0,2,3,0,1,0,0,0.9539667048629468,False
4,0,0,1,1,0,0,1,1,0,0,0,0,2,0,0,0,0,0,2,0,1,0,0,2,1,0.058295119572974854,True
4,0,1,0,0,1,2,0,0,0,0,0,1,0,1,0,0,1,0,1,0,0,0,1,2,1,0.03878213795930214,True
4,0,0,1,0,1,1,0,1,0,0,0,1,0,1,0,0,1,1,0,0,0,3,0,1,0,0.05721587610026253,True
4,0,1,0,0,1,0,1,0,1,0,0,2,0,0,0,0,1,0,1,0,0,0,1,1,2,0.012204590718205927,True
4,1,0,0,1,0,0,0,0,0,2,0,1,1,0,0,1,0,0,0,1,0,2,1,1,0,0.033396922710032,True
4,0,0,0,0,2,1,0,0,0,1,0,1,0,1,0,0,1,0,0,1,0,4,0,0,0,0.0020899010826715453,True
4,1,0,0,0,1,0,0,1,1,0,1,1,0,0,0,0,0,0,0,2,1,0,2,1,0,0.10978647144779922,True
4,2,0,0,0,0,0,1,1,0,0,0,0,1,0,1,0,0,2,0,0,1,0,1,2,0,0.2902427966714432,False
4,1,0,0,1,0,2,0,0,0,0,0,0,0,0,2,0,0,0,1,1,2,1,1,0,0,0.4052575386314794,True
4,2,0,0,0,0,0,0,0,2,0,0,1,0,1,0,0,0,0,2,0,2,0,1,0,1,0.04825080477863853,True
4,1,0,0,0,1,0,2,0,0,0,0,1,0,1,0,0,0,1,0,1,0,1,0,2,1,0.021772325037111767,True
4,0,1,1,0,0,0,0,0,2,0,0,2,0,0,0,0,0,0,0,2,0,1,0,0,3,-0.021914076638100268,True
4,1,1,0,0,0,1,0,0,1,0,0,1,1,0,0,2,0,0,0,0,0,2,2,0,0,0.09017696487736857,True
4,0,0,0,2,0,0,0,0,0,2,0,0,2,0,0,0,0,0,1,1,0,0,2,2,0,0.02755125780867375,True
4,1,0,1,0,0,0,0,0,2,0,0,0,0,1,1,1,1,0,0,0,0,1,3,0,0,0.06931339557064356,True
4,0,0,1,1,0,0,0,0,0,2,0,1,0,0,1,2,0,0,0,0,0,2,0,0,2,0.7738638549083556,False
4,1,1,0,0,0,0,1,0,0,1,0,1,1,0,0,0,0,0,0,2,0,0,2,0,2,0.10017915372247121,True
4,2,0,0,0,0,0,2,0,0,0,0,2,0,0,0,0,0,0,0,2,1,1,0,1,1,0.024628458823705415,True
4,0,0,0,0,2,0,0,0,2,0,0,0,1,1,0,0,0,0,0,2,1,2,0,0,1,-0.011276396387581268,True
4,0,0,2,0,0,0,0,0,1,1,0,0,0,1,1,1,0,0,0,1,2,0,2,0,0,0.9380772879381456,False
4,1,0,0,0,1,1,0,0,1,0,1,1,0,0,0,0,0,1,1,0,2,0,2,0,0,0.10760056426778129,True
4,1,0,1,0,0,0,0,0,1,1,1,0,0,1,0,0,0,0,1,1,2,0,1,0,1,0.9183159565519037,False
4,0,0,0,0,2,1,0,0,0,1,0,1,0,0,1,0,0,1,1,0,4,0,0,0,0,0.9054363548597174,False
4,0,0,2,0,0,1,0,1,0,0,1,1,0,0,0,0,1,0,1,0,2,0,0,0,2,0.09383293334003988,True
4,2,0,0,0,0,0,1,1,0,0,0,1,1,0,0,0,1,0,0,1,0,1,3,0,0,0.1040800120684699,True
4,1,0,0,0,1,1,0,0,0,1,0,0,0,1,1,0,0,0,2,0,0,3,0,1,0,0.017877498286350428,True
4,1,1,0,0,0,0,0,0,0,2,0,1,0,1,0,1,0,0,1,0,0,0,0,3,1,0.018911467220142347,True
4,0,0,1,1,0,1,0,0,0,1,0,0,1,1,0,0,1,1,0,0,0,0,2,1,1,0.06417404659355191,True
4,0,0,1,0,1,0,1,1,0,0,1,0,0,0,1,0,1,1,0,0,0,1,0,0,3,0.11893128748210538,True
4,0,2,0,0,0,0,0,0,0,2,2,0,0,0,0,0,0,0,1,1,0,0,3,0,1,0.11947357767197811,True
4,1,0,1,0,0,1,1,0,0,0,0,0,1,1,0,1,1,0,0,0,1,0,2,0,1,0.11383544474789153,True
4,1,0,0,1,0,0,1,0,0,1,0,1,0,1,0,1,0,1,0,0,1,2,0,0,1,0.047724081432422454,True
4,0,1,0,1,0,0,1,0,1,0,0,1,0,0,1,2,0,0,0,0,0,0,2,0,2,0.02526368454055813,True
4,0,2,0,0,0,1,1,0,0,0,0,0,2,0,0,0,0,0,2,0,0,4,0,0,0,0.0697479730276681,True
4,0,2,0,0,0,0,1,0,0,1,1,0,0,1,0,0,0,0,0,2,0,0,3,0,1,0.02779883735599448,True
4,0,1,0,1,0,0,0,0,0,2,0,2,0,0,0,0,0,0,2,0,0,0,3,0,1,0.013160053890671947,True
4,0,1,0,1,0,0,1,0,0,1,0,0,1,1,0,0,0,2,0,0,0,0,2,0,2,0.042415889532443234,True
4,2,0,0,0,0,2,0,0,0,0,0,1,0,1,0,1,1,0,0,0,2,0,1,1,0,0.10052523390365967,True
4,1,0,1,0,0,1,0,1,0,0,0,0,0,0,2,0,0,0,2,0,0,1,1,0,2,0.12136228911061311,True
4,1,0,0,0,1,0,0,1,0,1,0,1,1,0,0,0,0,0,0,2,0,3,0,1,0,0.023089658460183203,True
4,1,0,0,1,0,0,0,2,0,0,0,0,1,0,1,0,0,1,1,0,2,0,0,2,0,0.08131290343677335,True
4,0,1,1,0,0,1,1,0,0,0,0,0,0,2,0,0,1,0,1,0,2,0,1,0,1,0.05316005389067188,True
4,1,0,0,0,1,0,0,0,2,0,0,0,2,0,0,1,1,0,0,0,0,1,3,0,0,0.07908536848282602,True
4,1,0,0,1,0,0,0,0,2,0,0,0,0,0,2,0,2,0,0,0,1,1,0,0,2,-0.00444847498679422,True
4,1,0,0,0,1,0,2,0,0,0,1,0,0,0,1,1,0,0,1,0,0,1,2,1,0,0.04832578390212865,True
4,0,1,1,0,0,0,0,1,1,0,0,1,1,0,0,0,2,0,0,0,2,0,2,0,0,0.08295782615457441,True
4,1,0,1,0,0,0,0,1,0,1,0,0,2,0,0,1,0,0,1,0,2,2,0,0,0,0.2936602338691841,False
4,0,1,0,1,0,0,0,0,2,0,0,1,0,1,0,0,0,0,2,0,0,1,3,0,0,0.06333055555555556,True
4,0,0,1,0,1,1,0,0,0,1,1,0,0,1,0,0,0,2,0,0,2,0,2,0,0,0.9474919071566116,False
4,2,0,0,0,0,1,0,0,0,1,1,0,0,0,1,0,0,0,0,2,0,1,1,1,1,0.8993410872567401,False
4,1,0,0,1,0,2,0,0,0,0,0,0,1,1,0,0,0,0,0,2,0,3,0,0,1,0.05051113472652724,True
4,0,2,0,0,0,0,1,1,0,0,0,1,0,0,1,1,0,0,0,1,1,3,0,0,0,0.039754518377339246,True
4,0,0,1,0,1,1,0,0,1,0,0,2,0,0,0,1,0,1,0,0,3,0,1,0,0,0.11383042176660223,True
4,0,0,1,1,0,1,0,1,0,0,0,1,0,0,1,0,0,1,1,0,3,1,0,0,0,0.09431615284249749,True
4,0,0,1,1,0,0,0,1,1,0,0,0,0,2,0,1,0,0,0,1,2,0,1,0,1,0.043262729530535636,True
4,0,0,1,0,1,0,2,0,0,0,0,1,1,0,0,0,0,1,0,1,1,0,1,1,1,0.05170244132199782,True
4,1,0,0,1,0,1,0,1,0,0,0,1,0,0,1,1,0,1,0,0,1,0,3,0,0,0.9675584971813664,False
4,0,0,0,2,0,1,0,0,1,0,0,0,1,0,1,0,2,0,0,0,0,0,2,0,2,0.018116973799489077,True
4,0,1,1,0,0,1,0,0,1,0,0,1,1,0,0,0,1,0,0,1,2,0,1,0,1,0.067803105643044,True
4,0,1,0,0,1,0,0,0,2,0,1,0,1,0,0,0,0,0,2,0,2,0,2,0,0,0.05724388479105444,True
4,0,0,1,0,1,0,0,2,0,0,1,1,0,0,0,0,0,1,0,1,0,2,2,0,0,0.27814110247209206,False
4,1,1,0,0,0,0,0,1,1,0,2,0,0,0,0,0,0,0,0,2,1,1,1,1,0,0.07133486564955388,True
4,1,0,0,0,1,0,0,0,2,0,0,0,0,0,2,1,1,0,0,0,0,0,3,1,0,0.03592476557341188,True
4,0,1,0,0,1,0,1,0,0,1,0,0,1,0,1,0,0,1,0,1,0,4,0,0,0,0.026751386393235915,True
4,1,0,1,0,0,0,0,0,0,2,0,0,0,1,1,0,0,1,1,0,0,1,0,2,1,0.1268158484529594,True
4,0,0,0,1,1,0,0,2,0,0,0,1,0,0,1,1,0,0,1,0,0,2,0,0,2,0.13000131966951942,True
4,0,0,1,1,0,2,0,0,0,0,1,0,0,1,0,0,0,2,0,0,0,1,2,0,1,0.181362289110613,True
4,1,1,0,0,0,0,1,0,0,1,0,0,1,0,1,0,1,0,0,1,0,1,1,2,0,0.0358577181103564,True
4,1,0,1,0,0,1,1,0,0,0,0,1,1,0,0,0,1,1,0,0,1,2,1,0,0,0.0910677987890696,True
4,0,0,0,2,0,2,0,0,0,0,0,0,1,0,1,0,0,1,0,1,1,1,0,1,1,0.07217550737042938,True
4,0,1,0,1,0,0,0,0,0,2,0,0,1,1,0,0,0,1,1,0,0,4,0,0,0,0.031011869269938232,True
4,0,0,2,0,0,0,0,2,0,0,1,0,1,0,0,1,0,0,1,0,0,1,0,0,3,0.9279190827328181,False
4,1,0,0,1,0,2,0,0,0,0,2,0,0,0,0,1,0,0,0,1,1,0,1,0,2,0.9270122658115372,False
4,0,0,1,0,1,0,0,1,1,0,1,1,0,0,0,0,0,1,1,0,0,1,0,3,0,0.052007284400377114,True
4,0,0,0,1,1,0,0,0,1,1,0,0,0,1,1,0,1,0,1,0,1,0,2,1,0,0.03315803724979032,True
4,0,0,1,1,0,2,0,0,0,0,0,2,0,0,0,0,0,1,1,0,1,0,0,2,1,0.061714063000500585,True
4,0,2,0,0,0,0,0,2,0,0,0,1,0,1,0,1,0,0,0,1,1,0,0,1,2,0.02899819532430081,True
4,0,0,0,2,0,1,0,1,0,0,1,1,0,0,0,0,0,0,1,1,3,1,0,0,0,0.06931339557064356,True
4,1,0,0,1,0,0,0,1,1,0,0,0,0,2,0,1,1,0,0,0,1,0,0,3,0,0.06407728593984857,True
4,0,1,0,0,1,0,0,1,0,1,0,1,1,0,0,0,0,0,1,1,1,1,0,1,1,0.14081918780849748,True
4,0,0,0,1,1,0,0,0,2,0,0,2,0,0,0,0,0,0,1,1,0,1,0,0,3,-0.02108331316899513,True
4,2,0,0,0,0,0,1,0,0,1,0,0,1,1,0,1,0,1,0,0,2,1,0,1,0,0.11887758469531753,True
4,1,0,0,0,1,0,2,0,0,0,0,0,0,2,0,2,0,0,0,0,0,3,0,1,0,0.051551165487873495,True
4,1,0,0,0,1,0,1,0,0,1,0,0,1,1,0,0,0,0,2,0,2,2,0,0,0,0.038969490238664924,True
4,0,1,0,1,0,0,0,0,2,0,0,0,1,1,0,0,1,0,1,0,0,2,0,1,1,0.04538461222222226,True
4,0,0,2,0,0,0,0,1,0,1,1,0,0,0,1,2,0,0,0,0,3,0,1,0,0,0.9569715168488355,False
4,2,0,0,0,0,0,1,0,1,0,0,0,2,0,0,1,0,1,0,0,0,1,0,0,3,0.1565518310647852,True
4,0,0,2,0,0,0,0,1,0,1,1,1,0,0,0,0,0,0,0,2,0,0,1,2,1,0.9034715510637048,False
4,0,1,0,1,0,0,0,2,0,0,1,0,1,0,0,0,0,0,1,1,0,3,1,0,0,0.06841390173932582,True
4,0,0,2,0,0,1,0,0,0,1,0,0,0,1,1,1,0,1,0,0,3,0,1,0,0,0.9574100692377308,False
4,0,0,1,0,1,1,1,0,0,0,0,0,1,1,0,0,1,0,1,0,0,1,2,0,1,0.0460277134424267,True
4,2,0,0,0,0,1,0,0,0,1,2,0,0,0,0,0,0,1,0,1,0,0,1,1,2,0.9187914198111776,False
4,0,0,2,0,0,0,1,0,1,0,1,1,0,0,0,2,0,0,0,0,0,1,1,2,0,0.07994520227953904,True
4,0,0,1,1,0,0,0,2,0,0,1,0,0,1,0,0,0,1,0,1,0,0,2,0,2,0.5884658076495367,False
4,0,0,0,0,2,1,0,0,1,0,0,1,1,0,0,0,0,0,1,1,0,1,0,2,1,0.02491085276076613,True
4,0,0,1,1,0,0,1,0,0,1,0,0,1,1,0,2,0,0,0,0,0,2,2,0,0,0.07469844319274181,True
4,1,0,0,1,0,0,1,0,1,0,0,1,1,0,0,1,0,0,0,1,1,1,1,1,0,0.056970769965405135,True
4,0,0,0,2,0,0,0,1,1,0,0,0,1,0,1,1,0,0,1,0,0,0,1,1,2,0.01772512403235555,True
4,1,1,0,0,0,1,0,0,0,1,0,0,0,1,1,2,0,0,0,0,0,4,0,0,0,0.05218455826684913,True
4,1,0,0,0,1,0,1,0,0,1,0,0,0,0,2,0,1,0,0,1,1,2,1,0,0,0.3495402362070858,True
4,1,0,0,1,0,1,0,0,1,0,0,2,0,0,0,0,1,0,0,1,0,0,4,0,0,0.06526368454055806,True
4,1,0,0,1,0,0,0,0,0,2,0,1,0,0,1,1,0,1,0,0,1,2,0,1,0,0.04434990135106419,True
4,0,0,1,0,1,1,0,0,1,0,0,1,0,1,0,2,0,0,0,0,1,0,1,0,2,0.06760056426778137,True
4,0,2,0,0,0,0,0,0,1,1,2,0,0,0,0,1,0,1,0,0,0,1,0,3,0,0.05972125766951502,True
4,1,0,1,0,0,1,1,0,0,0,1,0,1,0,0,0,0,0,1,1,3,0,0,1,0,0.44589489056737985,True
4,2,0,0,0,0,0,1,0,1,0,0,2,0,0,0,1,0,0,1,0,0,0,0,4,0,0.06618310533548337,True
4,0,1,0,0,1,0,0,2,0,0,0,0,0,0,2,0,1,0,0,1,0,0,2,0,2,0.8781400451865771,False
4,1,1,0,0,0,1,0,1,0,0,0,0,1,1,0,0,1,0,1,0,0,0,2,1,1,0.06579389218381701,True
4,0,0,2,0,0,0,2,0,0,0,0,0,0,0,2,0,0,0,1,1,0,0,3,1,0,0.06229397352245417,True
4,2,0,0,0,0,0,0,0,2,0,0,0,2,0,0,0,0,0,0,2,0,1,0,2,1,0.04914833863858206,True
4,1,0,0,1,0,0,0,1,0,1,0,0,0,1,1,0,1,0,0,1,0,0,1,0,3,0.8599293878187706,False
4,0,0,0,0,2,2,0,0,0,0,0,0,1,1,0,1,0,1,0,0,0,0,1,1,2,0.9034397195810677,False
4,0,0,0,2,0,2,0,0,0,0,0,1,0,1,0,0,0,0,2,0,4,0,0,0,0,0.0682508047786385,True
4,0,1,0,0,1,1,0,1,0,0,1,1,0,0,0,0,1,1,0,0,0,2,1,1,0,0.0687508770353578,True
4,1,0,0,0,1,0,0,0,2,0,0,0,0,1,1,2,0,0,0,0,0,1,2,0,1,0.06933213589042785,True
4,0,0,0,0,2,0,1,1,0,0,0,1,0,0,1,2,0,0,0,0,0,0,2,1,1,0.9034450743517686,False
4,0,0,1,1,0,1,0,0,1,0,1,0,0,1,0,0,2,0,0,0,1,0,0,2,1,0.05334755828869985,True
4,0,0,0,2,0,0,0,2,0,0,0,0,0,0,2,1,1,0,0,0,2,0,1,1,0,0.05592476557341184,True
4,0,2,0,0,0,0,1,0,0,1,1,0,1,0,0,0,1,0,0,1,2,0,0,2,0,0.05051138201757235,True
4,0,1,1,0,0,2,0,0,0,0,0,0,1,1,0,0,0,0,2,0,0,0,0,4,0,0.06528963698721887,True
4,2,0,0,0,0,0,0,0,0,2,1,0,0,0,1,0,0,0,1,1,1,0,0,1,2,0.8789307287695759,False
4,0,0,0,1,1,0,0,1,1,0,1,1,0,0,0,0,0,1,1,0,0,1,0,2,1,0.04329562376098116,True
4,0,0,1,1,0,0,1,0,0,1,0,0,0,0,2,1,0,0,0,1,2,0,2,0,0,0.9062573919876905,False
4,0,0,1,0,1,1,1,0,0,0,0,1,0,1,0,0,0,0,2,0,0,3,0,0,1,0.03235614384703322,True
4,1,0,0,1,0,1,1,0,0,0,0,1,1,0,0,2,0,0,0,0,1,3,0,0,0,0.0829458518192663,True
4,0,0,0,1,1,1,0,0,1,0,0,0,2,0,0,0,2,0,0,0,1,1,0,2,0,0.056955974125007504,True
4,0,0,0,2,0,0,1,1,0,0,1,0,0,1,0,2,0,0,0,0,1,0,1,2,0,0.0722997530329525,True
4,1,0,0,1,0,0,2,0,0,0,1,0,0,1,0,1,1,0,0,0,0,4,0,0,0,0.0697479730276681,True
4,0,1,0,1,0,0,0,2,0,0,1,0,0,0,1,0,1,0,1,0,2,0,0,0,2,0.032189117648896995,True
4,0,0,1,0,1,2,0,0,0,0,1,0,1,0,0,2,0,0,0,0,2,1,0,1,0,0.9643770538130558,False
4,1,0,0,1,0,1,0,1,0,0,0,2,0,0,0,0,1,1,0,0,0,1,1,2,0,0.07444959735574129,True
4,0,2,0,0,0,0,0,1,0,1,0,0,0,0,2,0,0,2,0,0,1,0,1,1,1,0.1400375354213414,True
4,0,1,0,1,0,0,1,0,1,0,0,2,0,0,0,0,1,0,1,0,3,1,0,0,0,0.06804930555555555,True
4,1,1,0,0,0,1,1,0,0,0,0,0,1,0,1,0,1,0,0,1,2,0,0,1,1,0.08091440519016825,True
4,0,1,0,0,1,0,0,0,0,2,0,1,0,1,0,0,0,1,1,0,0,0,3,0,1,0.022415889532443257,True
4,0,0,0,0,2,0,0,2,0,0,0,2,0,0,0,0,0,1,0,1,0,4,0,0,0,0.026619323871431594,True
4,1,0,0,1,0,1,0,0,0,1,0,1,1,0,0,0,0,0,1,1,1,0,1,1,1,0.07998830647581368,True
4,0,0,0,0,2,1,0,1,0,0,0,0,1,1,0,1,1,0,0,0,0,2,1,1,0,0.05339692271003196,True
4,0,2,0,0,0,0,0,0,0,2,0,0,1,0,1,0,0,2,0,0,2,0,0,0,2,0.5588197091460259,False
4,1,0,0,1,0,0,0,0,0,2,1,1,0,0,0,0,0,0,2,0,3,0,1,0,0,0.04809613574483874,True
4,0,0,2,0,0,1,0,1,0,0,0,1,1,0,0,1,0,0,0,1,1,2,0,1,0,0.11443353081826188,True
4,0,2,0,0,0,1,0,0,0,1,0,1,0,0,1,0,1,0,0,1,0,0,0,1,3,-0.0027245265870472143,True
4,1,1,0,0,0,0,2,0,0,0,0,1,0,0,1,0,0,1,0,1,1,1,0,0,2,0.01844517851951034,True
4,0,0,1,1,0,1,0,0,0,1,0,1,0,1,0,2,0,0,0,0,1,1,2,0,0,0.07908536848282602,True
4,0,0,0,0,2,2,0,0,0,0,0,1,0,1,0,0,0,2,0,0,0,0,2,1,1,0.15572889750783594,True
4,1,0,1,0,0,0,0,0,2,0,0,0,0,1,1,0,0,0,0,2,0,0,2,2,0,0.02755125780867375,True
4,0,1,1,0,0,0,0,1,1,0,0,0,0,2,0,0,1,0,0,1,0,1,1,2,0,0.048711361747186856,True
4,1,0,0,0,1,0,0,0,2,0,0,1,0,0,1,0,0,1,1,0,1,0,0,1,2,0.007305824569765054,True
4,2,0,0,0,0,0,0,0,1,1,0,1,1,0,0,0,0,0,0,2,0,1,0,1,2,0.7773275352014315,False
4,1,1,0,0,0,0,0,1,1,0,0,0,2,0,0,0,2,0,0,0,1,0,0,2,1,0.06466322853796157,True
4,0,0,0,0,2,0,1,1,0,0,0,0,2,0,0,1,0,1,0,0,0,2,1,1,0,0.09466180548930092,True
4,0,0,2,0,0,0,1,0,0,1,0,0,2,0,0,0,0,1,0,1,1,0,2,1,0,0.9529873718456691,False
4,0,0,0,2,0,1,0,1,0,0,0,0,1,1,0,1,0,0,0,1,0,3,0,0,1,0.04322978049507883,True
4,0,1,0,1,0,1,0,1,0,0,0,1,0,1,0,1,0,1,0,0,1,0,2,0,1,0.07218911764889692,True
4,0,0,0,0,2,1,1,0,0,0,0,1,0,1,0,1,0,0,1,0,1,2,1,0,0,0.038490489665954454,True
4,2,0,0,0,0,1,0,0,0,1,2,0,0,0,0,0,0,2,0,0,1,0,1,2,0,0.9588615100414035,False
4,0,1,0,1,0,2,0,0,0,0,0,0,1,0,1,0,1,0,1,0,0,3,0,1,0,0.051551165487873495,True
4,0,1,1,0,0,1,0,1,0,0,1,0,0,1,0,1,0,1,0,0,1,1,0,0,2,0.17655183106478517,True
4,1,0,0,1,0,2,0,0,0,0,1,0,0,1,0,0,0,0,2,0,1,0,2,0,1,0.0632627295305356,True
4,0,0,0,1,1,0,0,0,2,0,0,0,0,2,0,0,0,2,0,0,1,0,0,2,1,0.03197949402657575,True
4,0,1,0,0,1,0,1,0,1,0,1,0,1,0,0,0,2,0,0,0,0,0,1,1,2,0.024449947933321555,True
4,0,0,0,1,1,1,0,0,0,1,0,1,0,1,0,1,0,1,0,0,1,0,1,2,0,0.05301554544267323,True
4,1,0,1,0,0,0,0,0,2,0,1,1,0,0,0,0,0,0,2,0,2,1,0,0,1,0.0526526709373433,True
4,0,2,0,0,0,1,0,1,0,0,1,0,0,0,1,2,0,0,0,0,0,1,2,0,1,0.1775601750450128,True
4,0,2,0,0,0,0,0,1,1,0,0,2,0,0,0,1,0,0,0,1,1,3,0,0,0,0.05248818715523175,True
4,0,0,2,0,0,2,0,0,0,0,0,0,0,2,0,0,0,1,0,1,1,1,2,0,0,0.14676443854343146,True
4,0,1,0,1,0,0,0,1,1,0,1,0,0,0,1,1,1,0,0,0,0,0,1,1,2,0.02579389218381707,True
4,0,0,0,2,0,0,0,0,0,2,1,1,0,0,0,0,0,1,0,1,3,0,0,1,0,0.03592476557341188,True
4,0,0,2,0,0,0,0,1,1,0,0,0,0,0,2,0,1,0,1,0,0,0,0,0,4,0.007600564267781465,True
4,0,0,0,0,2,0,1,1,0,0,0,0,1,1,0,1,0,1,0,0,0,0,2,2,0,0.06769508483620999,True
4,0,0,2,0,0,0,2,0,0,0,1,0,0,1,0,0,0,0,1,1,0,1,0,1,2,0.031718271642813156,True
4,0,0,1,1,0,0,0,0,2,0,0,1,0,0,1,0,2,0,0,0,1,0,1,1,1,0.03336570254727684,True
4,0,1,0,1,0,2,0,0,0,0,0,0,2,0,0,0,0,1,0,1,4,0,0,0,0,0.6380828136796179,False
4,0,0,2,0,0,0,0,0,1,1,1,0,0,1,0,0,0,1,0,1,2,1,0,0,1,0.9207304185596541,False
4,0,1,0,0,1,1,0,0,1,0,0,0,1,0,1,0,0,2,0,0,0,1,1,1,1,0.8106046209076289,False
4,0,2,0,0,0,0,0,1,1,0,0,1,0,0,1,0,0,0,1,1,1,0,1,0,2,0.017358983175258913,True
4,0,0,0,2,0,1,0,0,1,0,0,1,0,0,1,1,0,0,1,0,0,1,1,2,0,0.04614670788171801,True
4,0,0,0,0,2,0,0,1,1,0,0,0,0,0,2,0,1,1,0,0,1,1,0,0,2,0.09653605268993794,True
4,0,0,0,2,0,0,0,0,0,2,0,1,0,0,1,1,0,1,0,0,0,3,0,0,1,0.01819192942625145,True
4,0,0,1,0,1,0,0,1,1,0,2,0,0,0,0,0,1,0,0,1,0,0,2,0,2,0.9071617059767826,False
4,0,0,0,1,1,0,1,1,0,0,0,2,0,0,0,0,1,0,1,0,3,0,1,0,0,0.05973508374886492,True
4,0,1,0,1,0,0,0,1,0,1,0,1,0,1,0,0,0,0,2,0,3,0,0,1,0,0.04772980415104698,True
4,0,0,0,2,0,1,0,0,0,1,0,1,0,0,1,2,0,0,0,0,1,0,3,0,0,0.14332058816520785,True
4,0,2,0,0,0,2,0,0,0,0,1,1,0,0,0,0,0,1,0,1,0,2,0,2,0,0.057777712942876806,True
4,1,0,0,1,0,0,1,1,0,0,0,0,0,0,2,0,0,1,1,0,0,0,3,1,0,0.05592476557341184,True
4,1,0,0,1,0,0,2,0,0,0,0,0,0,1,1,0,1,0,1,0,0,0,2,1,1,0.03578547126174507,True
4,1,0,1,0,0,2,0,0,0,0,1,0,1,0,0,0,1,0,0,1,0,0,1,1,2,0.9384844418435873,False
4,0,0,1,0,1,0,0,1,0,1,1,1,0,0,0,1,0,0,1,0,0,2,1,1,0,0.05339692271003196,True
4,0,0,0,0,2,0,1,1,0,0,1,1,0,0,0,0,0,2,0,0,1,0,0,2,1,0.08676703501817601,True
4,0,0,1,1,0,0,0,0,1,1,0,1,1,0,0,1,0,0,0,1,1,0,0,3,0,0.04159480173075631,True
4,0,0,1,0,1,0,1,0,0,1,1,0,0,0,1,1,0,1,0,0,2,0,0,0,2,0.8989570148798235,False
4,0,0,0,0,2,1,0,0,0,1,0,0,0,2,0,1,0,0,0,1,0,0,0,2,2,0.011327829197845097,True
4,1,0,0,0,1,0,2,0,0,0,2,0,0,0,0,0,0,1,0,1,0,0,2,2,0,0.07298310420989988,True
4,0,0,1,0,1,0,1,0,1,0,2,0,0,0,0,0,1,1,0,0,4,0,0,0,0,0.1138253981229353,True
4,0,0,0,0,2,1,0,0,1,0,0,0,0,2,0,1,0,0,0,1,0,0,1,3,0,0.011302648452343028,True
4,0,0,0,0,2,0,2,0,0,0,0,0,1,0,1,2,0,0,0,0,1,2,1,0,0,0.05396621856845344,True
4,0,1,0,1,0,1,0,0,1,0,1,0,0,1,0,2,0,0,0,0,1,2,0,1,0,0.07169800124265173,True
4,0,1,0,1,0,0,1,0,1,0,1,0,1,0,0,0,1,0,1,0,2,0,1,0,1,0.05316005389067188,True
4,0,0,1,0,1,1,1,0,0,0,0,1,0,0,1,0,0,2,0,0,2,0,1,0,1,0.9248637696319739,False
4,0,1,0,0,1,0,0,1,1,0,0,0,2,0,0,0,0,2,0,0,1,0,0,3,0,0.07592782407345847,True
4,0,0,2,0,0,0,2,0,0,0,2,0,0,0,0,0,0,0,0,2,0,2,0,1,1,0.06143031982597821,True
4,0,0,1,1,0,2,0,0,0,0,0,1,1,0,0,0,0,0,1,1,1,0,2,0,1,0.15848118344285364,True
4,1,0,1,0,0,1,1,0,0,0,1,0,0,1,0,0,0,1,1,0,0,2,0,0,2,0.054294704862541295,True
4,0,0,2,0,0,1,0,1,0,0,1,0,0,1,0,1,0,0,1,0,0,0,4,0,0,0.6484658076495367,False
4,0,0,0,1,1,2,0,0,0,0,0,0,0,0,2,0,0,0,2,0,1,1,1,0,1,0.049332135890427876,True
4,0,2,0,0,0,0,0,1,0,1,0,2,0,0,0,0,0,2,0,0,1,1,0,2,0,0.056063420856992396,True
4,0,0,1,0,1,0,0,1,0,1,1,1,0,0,0,0,0,0,0,2,3,1,0,0,0,0.8428390145055744,False
4,0,2,0,0,0,1,0,0,1,0,1,0,1,0,0,0,0,0,2,0,0,1,3,0,0,0.0745154265619327,True
4,1,0,0,1,0,0,0,1,0,1,0,0,1,0,1,1,0,0,0,1,0,0,2,1,1,0.9035673977905296,False
4,0,0,1,0,1,0,0,2,0,0,1,0,0,0,1,1,0,0,1,0,0,0,1,3,0,0.07989855995460714,True
4,0,0,1,1,0,1,0,0,0,1,0,1,1,0,0,0,0,2,0,0,1,0,2,1,0,0.14978647144779916,True
4,1,0,0,1,0,1,0,1,0,0,0,0,0,0,2,0,1,0,1,0,0,0,0,2,2,0.013564859398949195,True
4,0,0,0,2,0,0,1,0,0,1,0,0,1,1,0,0,0,0,0,2,2,0,0,0,2,-0.0040721759265414095,True
4,0,0,0,2,0,1,0,1,0,0,1,0,1,0,0,0,1,0,0,1,0,0,0,1,3,0.04848801510610684,True
4,0,1,0,0,1,0,1,0,1,0,0,0,1,1,0,1,0,0,1,0,0,0,3,1,0,0.054804499503079904,True
4,0,0,2,0,0,1,0,0,0,1,0,0,0,1,1,1,0,0,1,0,1,0,0,3,0,0.05592782407070038,True
4,0,0,1,1,0,1,1,0,0,0,0,1,1,0,0,0,1,0,1,0,2,0,0,0,2,0.04077865733495482,True
4,0,0,0,2,0,0,0,0,1,1,2,0,0,0,0,2,0,0,0,0,1,2,1,0,0,0.07469844313574325,True
4,0,0,1,1,0,0,1,1,0,0,0,0,1,0,1,1,0,0,1,0,0,3,0,1,0,0.05525900765681745,True
4,1,0,0,0,1,0,0,0,2,0,0,1,0,1,0,1,0,0,1,0,2,0,1,0,1,0.03496332795497827,True
4,0,0,1,0,1,0,0,0,0,2,0,0,0,2,0,0,2,0,0,0,1,0,0,1,2,-0.014206107816182863,True
4,0,0,0,0,2,0,1,0,0,1,0,2,0,0,0,0,0,2,0,0,2,1,0,0,1,0.06249036688959705,True
4,2,0,0,0,0,0,0,0,2,0,0,0,2,0,0,0,0,0,2,0,0,0,0,4,0,0.062493921118728694,True
4,0,0,0,2,0,0,0,1,0,1,1,0,0,1,0,1,0,1,0,0,1,1,0,1,1,0.04832684887543923,True
4,0,1,1,0,0,0,2,0,0,0,0,0,1,0,1,0,1,0,1,0,2,0,1,1,0,0.05721587610026254,True
4,1,0,1,0,0,0,0,0,1,1,0,0,0,2,0,0,0,2,0,0,4,0,0,0,0,0.16332058816520784,True
4,0,0,0,2,0,0,1,1,0,0,0,0,1,1,0,0,1,1,0,0,0,0,2,1,1,0.05536568351561805,True
4,0,2,0,0,0,1,0,0,0,1,2,0,0,0,0,1,1,0,0,0,1,0,0,3,0,0.060778657334954765,True
4,1,1,0,0,0,0,2,0,0,0,0,0,2,0,0,0,0,0,1,1,1,1,1,1,0,0.0652150079604593,True
4,1,0,0,0,1,1,0,0,1,0,0,0,2,0,0,0,2,0,0,0,0,0,1,3,0,0.058116973799489,True
4,1,0,0,1,0,1,0,0,1,0,1,0,0,1,0,0,2,0,0,0,1,0,0,0,3,0.018116973799489077,True
4,0,0,2,0,0,1,1,0,0,0,1,1,0,0,0,0,1,0,0,1,1,0,0,2,1,0.08022300312478159,True
4,0,0,1,1,0,0,1,0,0,1,0,0,1,1,0,1,0,1,0,0,1,0,1,2,0,0.06755125780955727,True
4,0,0,0,2,0,0,0,1,0,1,1,1,0,0,0,0,2,0,0,0,0,0,0,0,4,-0.019221342665045084,True
4,0,0,0,0,2,0,0,1,1,0,0,0,0,1,1,0,0,2,0,0,0,1,1,2,0,0.04034479720253817,True
4,0,0,1,1,0,1,1,0,0,0,0,0,0,2,0,2,0,0,0,0,3,0,1,0,0,0.08809613574483868,True
4,0,1,0,0,1,0,1,0,1,0,0,1,1,0,0,0,0,2,0,0,1,0,2,0,1,0.0678137739530489,True
4,0,0,1,1,0,0,1,0,1,0,2,0,0,0,0,0,0,0,0,2,0,0,1,3,0,0.03496332795497824,True
4,0,1,1,0,0,0,2,0,0,0,0,1,0,1,0,1,0,1,0,0,2,1,0,1,0,0.0741590671603554,True
4,0,2,0,0,0,1,0,0,0,1,0,0,2,0,0,1,0,1,0,0,0,0,1,0,3,0.5796357884361086,False
4,0,0,0,1,1,2,0,0,0,0,1,0,0,0,1,0,0,1,1,0,1,1,1,0,1,0.9191209988377704,False
4,0,1,0,1,0,0,0,0,0,2,1,0,0,1,0,2,0,0,0,0,0,2,1,1,0,0.03905814843227061,True
4,0,1,0,0,1,0,1,0,1,0,0,0,0,2,0,1,0,1,0,0,1,0,2,1,0,0.054804499503079904,True
4,2,0,0,0,0,0,0,0,0,2,1,0,0,1,0,0,0,0,2,0,2,2,0,0,0,0.04379557519797194,True
4,1,0,0,1,0,0,0,0,0,2,0,0,0,0,2,1,0,1,0,0,1,0,1,0,2,0.8672126360569986,False
4,1,0,0,0,1,0,0,0,1,1,0,1,0,1,0,0,1,0,1,0,0,0,0,4,0,0.02686358006719179,True
4,1,1,0,0,0,1,0,0,0,1,0,1,0,1,0,0,0,1,0,1,0,4,0,0,0,0.03828261694202011,True
4,1,0,0,1,0,1,1,0,0,0,0,1,0,0,1,0,0,0,0,2,0,3,0,0,1,0.025784888394132736,True
4,0,0,0,1,1,0,1,0,0,1,0,0,0,1,1,0,0,1,0,1,1,0,0,3,0,0.027201267771060054,True
4,0,0,0,0,2,1,0,0,1,0,0,1,0,1,0,0,2,0,0,0,0,1,0,1,2,-0.004034248528930554,True
4,1,0,1,0,0,1,0,0,0,1,1,0,0,1,0,0,0,0,1,1,1,1,1,1,0,0.09887758469531757,True
4,2,0,0,0,0,0,0,1,1,0,0,0,2,0,0,0,1,0,1,0,1,0,1,2,0,0.08249129418505977,True
4,1,1,0,0,0,0,0,0,2,0,0,1,0,1,0,0,0,2,0,0,1,0,0,1,2,0.03536568351561808,True
4,1,0,0,0,1,0,0,0,2,0,1,0,0,1,0,0,1,1,0,0,0,2,0,0,2,0.01878705213884146,True
4,1,1,0,0,0,0,0,0,2,0,1,0,1,0,0,0,1,1,0,0,1,2,0,0,1,0.06212353422103649,True
4,0,1,0,1,0,1,0,0,0,1,2,0,0,0,0,0,1,1,0,0,1,0,2,1,0,0.0805252339036597,True
4,2,0,0,0,0,0,0,0,1,1,0,0,2,0,0,1,0,0,0,1,0,0,1,1,2,0.918306453998368,False
4,0,1,0,0,1,2,0,0,0,0,2,0,0,0,0,0,1,0,0,1,3,0,0,1,0,0.9502369448153217,False
4,2,0,0,0,0,0,1,1,0,0,0,0,0,1,1,0,0,2,0,0,1,1,0,0,2,0.9163201742665289,False
4,1,0,0,1,0,0,1,0,1,0,0,0,0,1,1,1,0,0,1,0,1,0,1,2,0,0.050208004622088714,True
4,0,0,2,0,0,1,1,0,0,0,0,1,0,0,1,1,0,0,0,1,1,2,1,0,0,0.10677061662314406,True
4,0,0,0,1,1,1,1,0,0,0,0,1,0,0,1,0,1,0,0,1,1,0,0,3,0,0.02689615214827078,True
4,0,0,0,0,2,0,2,0,0,0,0,0,1,0,1,0,1,0,0,1,0,2,2,0,0,0.0199088457331514,True
4,0,1,0,0,1,0,0,1,1,0,0,1,0,0,1,1,0,0,0,1,0,0,0,1,3,0.7506046209076289,False
4,0,0,2,0,0,0,2,0,0,0,2,0,0,0,0,0,0,2,0,0,1,0,1,1,1,0.20184734182562053,True
4,0,0,0,1,1,1,0,0,1,0,0,1,0,0,1,0,0,0,1,1,0,0,2,0,2,0.7739172803360334,False
4,0,0,1,0,1,0,0,1,0,1,0,2,0,0,0,0,0,2,0,0,1,2,1,0,0,0.07645484454724094,True
4,0,0,1,0,1,0,0,0,2,0,0,0,0,2,0,0,0,1,1,0,1,1,0,2,0,0.04321503179085739,True
4,2,0,0,0,0,0,0,0,1,1,0,1,1,0,0,0,0,0,2,0,1,1,0,2,0,0.05433780876146749,True
4,0,1,0,0,1,0,2,0,0,0,0,1,0,0,1,0,0,0,1,1,0,1,0,1,2,-0.000897477245115323,True
4,0,0,0,1,1,0,0,0,2,0,1,0,0,0,1,1,0,0,1,0,1,3,0,0,0,0.035262900014227314,True
4,2,0,0,0,0,0,2,0,0,0,0,1,0,1,0,1,1,0,0,0,1,0,1,0,2,0.04294465408008597,True
4,0,1,1,0,0,1,1,0,0,0,1,0,1,0,0,1,0,0,1,0,1,1,1,1,0,0.08832578390212857,True
4,0,2,0,0,0,0,1,0,1,0,0,1,1,0,0,0,0,1,1,0,3,0,1,0,0,0.07503009718716726,True
4,0,1,0,1,0,0,2,0,0,0,1,0,1,0,0,1,1,0,0,0,2,2,0,0,0,0.07498389618791208,True
4,1,0,0,0,1,0,2,0,0,0,0,1,0,0,1,1,0,0,1,0,0,2,0,0,2,0.011965622425210914,True
4,0,0,0,1,1,0,2,0,0,0,0,1,0,0,1,2,0,0,0,0,0,2,1,0,1,0.046902480511796824,True
4,0,0,0,0,2,0,0,2,0,0,0,0,0,2,0,0,1,0,1,0,0,0,1,1,2,0.0020522830629338498,True
4,0,0,1,1,0,1,0,0,1,0,0,0,1,0,1,0,1,0,0,1,0,1,2,1,0,0.051267630168758085,True
4,0,0,0,2,0,1,0,1,0,0,0,0,2,0,0,1,1,0,0,0,0,0,2,1,1,0.08417404659355189,True
4,0,1,0,0,1,0,0,1,1,0,0,0,0,2,0,0,0,1,0,1,0,0,0,0,4,-0.024072175926541373,True
4,0,0,0,1,1,0,0,0,2,0,0,1,0,1,0,0,0,1,1,0,1,2,0,0,1,0.029721393604135362,True
4,0,2,0,0,0,2,0,0,0,0,1,0,0,1,0,1,0,1,0,0,0,0,0,1,3,0.04975403388380376,True
4,0,0,0,1,1,0,1,0,1,0,0,1,0,0,1,0,0,1,0,1,0,0,3,1,0,0.04134788957033339,True
4,1,0,1,0,0,0,2,0,0,0,0,0,0,1,1,0,2,0,0,0,2,2,0,0,0,0.05792149187592905,True
4,1,1,0,0,0,0,1,0,0,1,0,0,1,0,1,0,1,0,1,0,0,0,0,2,2,0.011438500420434131,True
4,1,1,0,0,0,0,1,1,0,0,0,0,2,0,0,1,0,0,0,1,1,0,3,0,0,0.6411977797567896,False
4,0,0,1,0,1,1,0,1,0,0,0,1,0,0,1,0,0,0,0,2,1,2,1,0,0,0.898209496232993,False
4,1,0,1,0,0,0,0,0,2,0,0,0,0,2,0,0,0,1,0,1,0,0,0,1,3,-0.0022748759676444134,True
4,0,1,0,0,1,0,0,1,0,1,0,0,2,0,0,0,1,0,0,1,2,0,2,0,0,0.9373712891741074,False
4,0,0,1,0,1,1,0,0,0,1,1,0,0,1,0,0,0,2,0,0,2,1,0,1,0,0.26643262930924844,False
4,0,1,0,1,0,0,0,2,0,0,0,1,0,0,1,0,2,0,0,0,1,0,0,2,1,0.04154047050398183,True
4,0,0,0,2,0,1,0,1,0,0,0,2,0,0,0,0,1,1,0,0,1,0,1,0,2,0.04077865733495482,True
4,1,0,1,0,0,0,0,0,1,1,0,0,0,0,2,1,0,1,0,0,1,0,0,3,0,0.12332058816520804,True
4,2,0,0,0,0,0,0,0,0,2,1,1,0,0,0,1,0,0,1,0,0,0,0,4,0,0.038268187137122885,True
4,0,0,1,0,1,1,1,0,0,0,1,0,0,1,0,0,0,0,2,0,2,0,2,0,0,0.0680961357448387,True
4,0,0,1,0,1,0,0,0,0,2,0,0,1,0,1,1,0,1,0,0,0,1,0,1,2,0.878484441843587,False
4,0,0,1,1,0,1,0,1,0,0,0,1,1,0,0,0,0,0,2,0,2,0,0,1,1,0.062052283062933755,True
4,0,0,1,1,0,1,1,0,0,0,1,0,0,1,0,0,1,0,0,1,0,2,0,1,1,0.04358710558010423,True
4,1,0,0,1,0,1,0,1,0,0,0,0,2,0,0,0,0,0,2,0,0,2,1,1,0,0.07607011537858178,True
4,1,0,1,0,0,0,0,2,0,0,1,1,0,0,0,0,1,0,0,1,0,0,2,1,1,0.9448607264823782,False
4,0,0,0,1,1,0,1,1,0,0,0,1,1,0,0,1,0,0,1,0,0,1,1,0,2,0.038131804572679825,True
4,0,0,0,0,2,0,0,1,0,1,1,1,0,0,0,0,1,1,0,0,0,0,0,0,4,0.517549808667136,False
4,1,0,0,0,1,1,1,0,0,0,0,1,0,0,1,1,1,0,0,0,1,0,2,0,1,0.1380856476888021,True
4,0,1,1,0,0,1,0,0,0,1,0,1,0,0,1,0,0,0,2,0,0,0,1,3,0,0.032328120207283144,True
4,0,1,1,0,0,0,0,2,0,0,0,0,1,0,1,2,0,0,0,0,0,0,1,3,0,0.10760056426778124,True
4,1,0,0,1,0,0,0,0,1,1,0,0,0,1,1,1,0,0,0,1,0,1,1,1,1,0.12780765865041108,True
4,0,1,1,0,0,1,0,1,0,0,0,0,0,1,1,0,1,0,1,0,2,1,0,1,0,0.06318270801901445,True
4,1,0,1,0,0,0,2,0,0,0,0,0,0,0,2,1,0,1,0,0,0,2,0,1,1,0.06143031982597821,True
4,1,0,0,0,1,0,1,0,0,1,0,1,0,0,1,0,1,0,0,1,1,1,2,0,0,0.9081731485538695,False
4,0,0,1,0,1,0,1,0,0,1,1,0,0,0,1,1,0,0,1,0,1,0,0,3,0,0.03592782407345853,True
4,0,1,0,1,0,0,0,0,2,0,0,1,1,0,0,0,0,0,1,1,0,3,0,0,1,0.031235609766850827,True
4,0,0,0,2,0,0,1,0,0,1,1,1,0,0,0,0,0,2,0,0,3,0,0,0,1,0.062415889532443196,True
4,0,0,1,1,0,0,0,2,0,0,0,0,0,0,2,0,0,1,0,1,0,2,0,0,2,0.8820321418399368,False
4,1,0,0,0,1,0,1,0,1,0,0,2,0,0,0,0,0,0,0,2,0,1,2,0,1,0.009168962377852927,True
4,1,0,0,0,1,1,0,0,0,1,0,2,0,0,0,0,0,1,1,0,0,0,0,3,1,0.031648585129738845,True
4,1,1,0,0,0,0,0,1,0,1,0,1,0,1,0,0,0,2,0,0,0,2,0,2,0,0.055956778675316995,True
4,0,0,2,0,0,1,0,0,0,1,1,0,0,1,0,0,0,1,0,1,0,0,3,1,0,0.8792914573541749,False
4,1,0,0,0,1,0,0,1,0,1,0,0,0,2,0,1,0,0,1,0,0,3,0,1,0,0.032889823295085684,True
4,1,0,0,1,0,0,0,2,0,0,0,0,0,2,0,1,1,0,0,0,2,0,0,2,0,0.0722997530329525,True
4,1,0,0,1,0,0,0,2,0,0,0,1,0,0,1,0,1,0,1,0,0,0,3,0,1,0.062415889532443196,True
4,0,2,0,0,0,1,0,0,0,1,0,0,2,0,0,0,0,0,0,2,0,3,0,0,1,0.04155358471687539,True
4,0,0,0,0,2,0,0,2,0,0,0,1,0,0,1,0,1,1,0,0,2,0,1,0,1,0.904863769631974,False
4,0,1,1,0,0,0,0,0,0,2,0,1,0,1,0,1,0,1,0,0,0,0,1,3,0,0.03811697379948902,True
4,0,0,0,2,0,1,0,0,1,0,1,1,0,0,0,1,0,1,0,0,1,1,2,0,0,0.08059551394942113,True
4,0,0,2,0,0,0,0,0,2,0,0,0,1,1,0,1,1,0,0,0,1,0,0,2,1,0.058295119572974854,True
4,1,0,1,0,0,0,1,1,0,0,0,2,0,0,0,0,0,0,1,1,2,2,0,0,0,0.06539045357675743,True
4,0,0,2,0,0,0,0,0,2,0,1,0,1,0,0,1,0,0,1,0,2,2,0,0,0,0.08379557519797189,True
4,0,0,1,0,1,0,1,1,0,0,0,1,1,0,0,2,0,0,0,0,0,1,1,2,0,0.07452912703100617,True
4,2,0,0,0,0,0,0,0,0,2,2,0,0,0,0,1,0,0,1,0,0,0,2,0,2,0.9071531443650918,False
4,0,0,2,0,0,0,0,0,1,1,0,0,1,1,0,0,2,0,0,0,2,0,1,1,0,0.07061328098644339,True
4,0,1,0,1,0,0,1,0,1,0,0,1,0,0,1,0,0,1,1,0,0,0,2,2,0,0.048102844874140405,True
4,0,0,1,0,1,0,1,0,0,1,1,0,0,1,0,0,0,0,1,1,1,2,0,1,0,0.03421778840523091,True
4,1,1,0,0,0,0,0,2,0,0,0,1,0,1,0,0,1,0,0,1,1,0,3,0,0,0.08781164056618151,True
4,0,0,0,2,0,0,1,1,0,0,2,0,0,0,0,0,0,0,2,0,0,1,0,2,1,0.04957964190224418,True
4,1,0,0,1,0,1,0,1,0,0,1,0,1,0,0,0,1,0,0,1,0,0,3,1,0,0.42464387430982975,True
4,1,1,0,0,0,0,2,0,0,0,1,0,0,0,1,0,0,2,0,0,0,4,0,0,0,0.058325942573785095,True
4,1,0,0,1,0,2,0,0,0,0,0,2,0,0,0,1,0,0,0,1,0,0,0,3,1,0.051648585129738814,True
4,2,0,0,0,0,1,1,0,0,0,0,0,0,2,0,0,2,0,0,0,1,0,1,0,2,0.04077865733495482,True
4,0,1,1,0,0,1,1,0,0,0,0,0,1,1,0,0,2,0,0,0,1,0,0,2,1,0.05787300389366481,True
4,0,0,1,0,1,1,0,0,0,1,1,1,0,0,0,1,0,0,1,0,0,3,0,1,0,0.04452335913449817,True
4,1,0,0,1,0,1,1,0,0,0,0,0,2,0,0,0,1,0,1,0,2,1,0,0,1,0.06602771344242665,True
4,1,1,0,0,0,1,0,1,0,0,0,1,0,0,1,1,1,0,0,0,1,1,2,0,0,0.10233387132301426,True
4,0,0,0,1,1,1,0,0,1,0,2,0,0,0,0,0,0,1,0,1,4,0,0,0,0,0.9434593296966338,False
4,0,1,1,0,0,1,1,0,0,0,0,1,0,0,1,0,0,2,0,0,1,0,2,1,0,0.10241291428333874,True
4,0,0,0,0,2,1,0,1,0,0,1,0,0,1,0,2,0,0,0,0,0,0,0,4,0,0.05044164342759486,True
4,1,0,0,1,0,2,0,0,0,0,0,2,0,0,0,1,1,0,0,0,0,0,2,2,0,0.07775516798836901,True
4,1,0,0,1,0,0,0,2,0,0,0,2,0,0,0,0,0,2,0,0,1,2,0,0,1,0.07915012834669245,True
4,1,0,0,1,0,0,1,0,1,0,0,1,1,0,0,0,0,1,0,1,0,1,0,3,0,0.04916001556035203,True
4,0,0,1,0,1,0,2,0,0,0,1,0,0,1,0,1,0,0,0,1,1,1,0,1,1,0.03887076691370803,True
4,2,0,0,0,0,1,0,1,0,0,0,2,0,0,0,1,0,1,0,0,0,1,3,0,0,0.17711818122150477,True
4,0,1,0,0,1,1,0,1,0,0,0,0,0,0,2,2,0,0,0,0,0,0,4,0,0,0.9374100692377303,False
4,0,2,0,0,0,1,0,1,0,0,0,0,1,1,0,0,0,0,1,1,0,1,1,0,2,0.038131804572679825,True
4,1,0,0,0,1,0,1,0,1,0,0,0,0,0,2,0,1,0,0,1,1,1,1,1,0,0.016275208886304664,True
4,0,0,0,1,1,0,1,1,0,0,1,0,1,0,0,0,0,2,0,0,0,2,1,1,0,0.08883004426260056,True
4,0,1,0,0,1,0,0,0,0,2,1,0,0,1,0,0,1,1,0,0,2,1,1,0,0,0.06130775792577748,True
4,0,1,1,0,0,0,0,0,0,2,2,0,0,0,0,0,1,0,1,0,0,1,0,2,1,0.03193980401976528,True
4,0,0,0,0,2,1,0,0,0,1,0,0,0,2,0,0,0,0,0,2,0,2,1,0,1,0.01300659745697696,True
4,2,0,0,0,0,1,0,0,0,1,1,0,0,1,0,0,0,1,0,1,0,0,3,0,1,0.9273902972146775,False
4,0,0,0,1,1,0,0,0,2,0,0,0,0,0,2,1,0,1,0,0,1,3,0,0,0,0.02526368447324864,True
4,0,1,0,0,1,1,1,0,0,0,0,1,0,1,0,0,1,0,0,1,0,2,1,0,1,0.02752842701649115,True
4,0,1,0,1,0,0,0,0,2,0,0,0,0,0,2,0,0,1,0,1,2,0,0,1,1,0.0020522830629338476,True
4,0,0,1,0,1,0,0,1,1,0,1,0,1,0,0,0,0,1,1,0,2,2,0,0,0,0.08957353954619372,True
4,0,0,1,0,1,2,0,0,0,0,0,1,0,0,1,0,0,2,0,0,1,2,1,0,0,0.9276541256573183,False
4,0,1,0,1,0,0,0,0,0,2,0,1,0,1,0,1,0,0,0,1,0,0,3,0,1,0.012189117648897024,True
4,0,2,0,0,0,1,0,0,0,1,1,0,0,1,0,0,0,0,0,2,1,0,3,0,0,0.07382539812293537,True
4,0,1,0,0,1,1,0,0,0,1,1,1,0,0,0,0,0,2,0,0,2,1,0,1,0,0.10533464543520482,True
4,1,0,1,0,0,0,0,1,1,0,1,1,0,0,0,1,1,0,0,0,0,1,3,0,0,0.10312017646985228,True
4,0,2,0,0,0,0,1,0,0,1,0,1,0,1,0,0,1,0,1,0,0,0,0,4,0,0.04623274182818077,True
4,0,0,2,0,0,0,0,1,1,0,0,1,0,0,1,1,1,0,0,0,2,0,0,2,0,0.07301554545551457,True
4,0,0,1,0,1,0,2,0,0,0,0,0,1,0,1,0,0,0,1,1,1,1,2,0,0,0.06337451002695112,True
4,0,0,1,1,0,1,0,0,1,0,0,2,0,0,0,0,0,0,0,2,1,0,2,1,0,0.041667168250454065,True
4,0,0,1,1,0,0,1,0,0,1,2,0,0,0,0,0,1,1,0,0,3,1,0,0,0,0.1013104012396671,True
4,0,1,0,1,0,1,0,0,1,0,0,0,1,0,1,1,0,0,1,0,0,0,1,1,2,0.022052283062933817,True
4,1,0,1,0,0,0,0,2,0,0,0,1,1,0,0,0,1,1,0,0,1,3,0,0,0,0.09734019857421507,True
4,0,1,1,0,0,0,0,0,1,1,0,0,0,0,2,1,1,0,0,0,0,1,1,1,1,0.03997464083015655,True
4,0,0,2,0,0,0,0,1,0,1,0,0,0,1,1,0,0,0,2,0,0,1,2,0,1,0.06933213589042785,True
4,0,1,0,0,1,1,1,0,0,0,2,0,0,0,0,0,1,0,0,1,0,1,0,1,2,0.1333242012438493,True
4,0,0,2,0,0,0,0,1,1,0,0,1,0,1,0,1,0,1,0,0,3,0,0,0,1,0.10760056426778129,True
4,2,0,0,0,0,0,0,0,0,2,1,0,0,0,1,0,0,0,0,2,1,0,1,2,0,0.8786121222963394,False
4,0,1,1,0,0,0,0,0,0,2,0,0,1,1,0,0,0,0,0,2,0,0,2,2,0,0.02769508483621005,True
4,1,0,1,0,0,0,0,1,1,0,0,1,0,0,1,0,0,0,1,1,1,0,1,1,1,0.8106046209076289,False
4,0,2,0,0,0,1,0,1,0,0,0,1,0,1,0,1,0,1,0,0,0,0,0,1,3,0.028998195324300813,True
4,0,0,0,0,2,0,0,0,0,2,0,0,0,1,1,2,0,0,0,0,0,0,1,2,1,0.8778627928498284,False
4,2,0,0,0,0,2,0,0,0,0,0,0,0,0,2,0,1,0,1,0,0,2,0,1,1,0.05894211832637529,True
4,0,1,1,0,0,0,1,1,0,0,0,0,2,0,0,0,0,1,1,0,1,1,2,0,0,0.10313270950577093,True
4,0,1,0,1,0,2,0,0,0,0,1,0,1,0,0,1,0,0,1,0,0,2,1,1,0,0.07905814843227055,True
4,1,0,0,0,1,0,0,1,1,0,1,0,0,1,0,0,1,0,1,0,1,0,0,1,2,0.022052283062933817,True
4,0,0,1,0,1,1,1,0,0,0,0,1,0,0,1,1,0,1,0,0,0,2,1,1,0,0.06823320016567314,True
4,1,1,0,0,0,0,2,0,0,0,1,0,0,0,1,0,0,0,0,2,1,0,0,0,3,0.011357298465010823,True
4,0,0,0,1,1,0,0,1,0,1,0,0,0,1,1,0,2,0,0,0,3,0,1,0,0,0.08021473736092351,True
4,0,0,2,0,0,0,2,0,0,0,0,1,0,0,1,0,1,0,1,0,0,0,1,3,0,0.05157619916843091,True
4,0,1,1,0,0,0,0,1,0,1,0,0,0,2,0,0,0,0,1,1,0,2,0,0,2,0.007724081354264591,True
4,0,0,0,0,2,0,0,2,0,0,0,0,1,1,0,0,0,0,2,0,4,0,0,0,0,0.07989855995460707,True
4,1,0,0,0,1,0,0,1,1,0,1,0,0,0,1,1,0,1,0,0,0,1,2,0,1,0.9269483222016669,False
4,0,0,2,0,0,1,0,0,0,1,0,0,0,1,1,0,0,0,1,1,0,0,2,2,0,0.3723448698452067,True
4,2,0,0,0,0,0,2,0,0,0,1,0,0,0,1,0,0,0,0,2,0,2,0,0,2,0.042424740120043845,True
4,1,0,1,0,0,0,0,2,0,0,0,2,0,0,0,0,0,1,1,0,0,0,0,1,3,0.04975403388380376,True
4,0,2,0,0,0,0,0,1,1,0,0,0,0,2,0,1,0,0,0,1,1,0,0,1,2,0.015365683515618112,True
4,0,0,0,1,1,1,1,0,0,0,0,0,0,2,0,0,0,2,0,0,2,0,0,2,0,0.05775234406310457,True
4,0,2,0,0,0,0,2,0,0,0,1,0,0,1,0,1,1,0,0,0,0,0,0,4,0,0.06724375,True
4,1,0,0,1,0,1,0,0,0,1,0,0,1,0,1,1,0,1,0,0,0,1,0,2,1,0.8065652905410774,False
4,0,0,1,0,1,0,1,1,0,0,0,1,1,0,0,1,0,0,1,0,2,0,0,2,0,0.06619581722830152,True
4,1,0,0,0,1,0,1,0,0,1,0,1,0,1,0,0,1,0,0,1,2,0,0,0,2,0.03828795613877403,True
4,0,0,0,0,2,1,0,0,0,1,0,1,0,0,1,1,1,0,0,0,0,1,1,2,0,0.02615242303415438,True
4,1,1,0,0,0,1,0,0,1,0,0,1,1,0,0,0,2,0,0,0,1,0,1,1,1,0.060030642187083566,True
4,2,0,0,0,0,1,1,0,0,0,0,0,0,1,1,2,0,0,0,0,0,2,0,0,2,0.8116618475200295,False
4,1,0,1,0,0,1,1,0,0,0,0,0,1,1,0,0,0,0,0,2,0,2,0,2,0,0.042678525615535395,True
4,0,2,0,0,0,0,2,0,0,0,1,1,0,0,0,0,1,0,1,0,0,2,0,2,0,0.0687159722222222,True
4,0,1,1,0,0,0,1,0,1,0,0,0,1,1,0,0,0,1,1,0,0,1,3,0,0,0.0745154265619327,True
4,0,0,0,0,2,0,1,1,0,0,0,0,0,1,1,0,1,1,0,0,0,2,0,0,2,0.020523434788741957,True
4,0,1,0,0,1,0,0,1,0,1,0,0,0,2,0,1,0,0,1,0,0,2,0,1,1,0.019122242895642884,True
4,1,0,0,0,1,0,2,0,0,0,1,1,0,0,0,1,0,0,0,1,2,0,0,2,0,0.049292097330890426,True
4,1,0,0,1,0,0,0,0,0,2,0,0,0,2,0,0,1,0,0,1,1,1,1,0,1,0.007705418931378994,True
4,0,0,1,0,1,0,1,1,0,0,0,0,0,2,0,2,0,0,0,0,0,0,0,0,4,0.027600564267781433,True
4,0,1,0,1,0,0,0,0,1,1,0,0,2,0,0,2,0,0,0,0,1,0,1,0,2,0.1384709486108322,True
4,0,1,1,0,0,0,0,0,1,1,0,1,1,0,0,0,0,2,0,0,0,1,0,0,3,0.06552537011644124,True
4,0,0,1,0,1,0,0,1,0,1,1,1,0,0,0,1,1,0,0,0,0,0,3,1,0,0.13584171718970223,True
4,0,0,0,1,1,1,1,0,0,0,0,1,0,1,0,0,1,1,0,0,1,2,1,0,0,0.0578722054783789,True
4,0,0,0,0,2,0,0,2,0,0,0,1,0,1,0,1,1,0,0,0,2,0,0,2,0,0.04619581722830155,True
4,0,1,0,0,1,1,1,0,0,0,0,1,0,1,0,0,1,0,1,0,0,0,2,0,2,0.017724887209101984,True
4,0,2,0,0,0,0,0,0,2,0,1,0,0,1,0,1,0,1,0,0,0,1,0,2,1,0.052058112828603856,True
4,1,0,1,0,0,0,0,0,0,2,1,1,0,0,0,0,0,1,0,1,0,0,1,2,1,0.9032245367793096,False
4,2,0,0,0,0,0,0,0,2,0,0,1,1,0,0,0,1,0,1,0,1,0,1,1,1,0.05536568351561805,True
4,1,0,1,0,0,0,1,0,1,0,0,0,1,1,0,0,0,0,0,2,1,1,0,0,2,0.024583447526068385,True
4,0,1,1,0,0,0,2,0,0,0,1,0,1,0,0,2,0,0,0,0,0,1,2,1,0,0.09045153018665113,True
4,0,0,1,0,1,1,0,0,0,1,1,1,0,0,0,0,0,0,0,2,0,2,0,1,1,0.7763059707713424,False
4,0,1,0,0,1,0,0,0,0,2,0,1,0,0,1,0,1,0,1,0,2,1,0,1,0,0.009189622816509212,True
4,0,1,1,0,0,0,1,0,1,0,0,0,0,1,1,0,2,0,0,0,0,1,1,2,0,0.05019665017358099,True
4,0,0,1,1,0,1,0,1,0,0,0,2,0,0,0,0,1,0,1,0,0,1,2,0,1,0.058085923361899605,True
4,0,1,0,0,1,0,0,2,0,0,0,0,2,0,0,1,0,1,0,0,2,0,1,1,0,0.9731031732829759,False
4,0,0,0,1,1,0,0,1,0,1,2,0,0,0,0,0,1,0,0,1,1,0,0,1,2,0.8989516625791518,False
4,0,2,0,0,0,1,1,0,0,0,0,1,0,0,1,0,1,0,1,0,0,3,1,0,0,0.051534303002486244,True
4,1,0,0,1,0,0,0,2,0,0,0,0,0,1,1,1,0,0,1,0,1,0,1,0,2,0.1233205881652079,True
4,0,0,2,0,0,0,0,1,0,1,0,1,0,1,0,0,0,2,0,0,0,1,2,0,1,0.17660438717228885,True
4,0,0,2,0,0,0,1,0,1,0,1,0,0,1,0,0,0,1,1,0,1,0,0,3,0,0.0682508047786385,True
4,1,0,0,0,1,1,0,1,0,0,1,1,0,0,0,0,1,1,0,0,3,1,0,0,0,0.15457022642952395,True
4,0,0,0,2,0,1,1,0,0,0,0,0,2,0,0,0,0,0,2,0,1,2,1,0,0,0.06996538101829312,True
4,1,0,0,0,1,1,1,0,0,0,0,2,0,0,0,0,2,0,0,0,0,0,1,1,2,0.019895527403803417,True
4,1,0,0,1,0,0,0,0,1,1,1,1,0,0,0,0,1,1,0,0,1,1,0,1,1,0.05171827164281312,True
4,0,0,0,1,1,1,0,1,0,0,2,0,0,0,0,0,0,0,1,1,0,0,4,0,0,0.957795634407057,False
4,0,0,2,0,0,1,0,0,1,0,0,1,0,0,1,0,1,0,1,0,0,3,0,0,1,0.04387459193635964,True
4,1,0,1,0,0,0,0,1,0,1,0,1,1,0,0,1,1,0,0,0,1,0,3,0,0,0.6411977797567896,False
4,0,0,0,1,1,0,0,2,0,0,0,1,0,1,0,0,1,0,0,1,1,0,0,1,2,0.03644048968854306,True
4,1,0,0,1,0,0,1,0,0,1,0,1,0,1,0,0,0,0,0,2,1,1,0,2,0,0.014337808761620824,True
4,0,0,0,0,2,1,0,0,0,1,0,1,0,0,1,1,0,1,0,0,3,1,0,0,0,0.913459337011842,False
4,0,0,0,0,2,0,2,0,0,0,0,1,1,0,0,0,0,1,0,1,2,2,0,0,0,0.030117249415831764,True
4,1,0,0,1,0,0,0,1,0,1,0,0,0,1,1,1,1,0,0,0,0,2,1,0,1,0.05803174555412244,True
4,0,0,1,1,0,0,1,0,0,1,0,0,2,0,0,1,0,0,1,0,0,0,1,2,1,0.06770029306592472,True
4,0,0,0,2,0,1,0,1,0,0,0,1,0,1,0,0,0,2,0,0,3,0,0,0,1,0.0680961357448387,True
4,0,1,0,0,1,0,0,0,0,2,0,0,1,0,1,2,0,0,0,0,1,0,0,3,0,0.10332058816520806,True
4,1,0,0,1,0,1,0,0,1,0,2,0,0,0,0,0,0,2,0,0,1,1,1,0,1,0.181362289110613,True
4,0,0,1,0,1,1,0,0,1,0,0,0,1,0,1,1,1,0,0,0,0,2,0,1,1,0.05894211832637529,True
4,1,0,1,0,0,0,1,1,0,0,0,2,0,0,0,0,0,0,2,0,0,3,0,0,1,0.05455974025829555,True
4,0,0,1,1,0,0,2,0,0,0,2,0,0,0,0,0,0,2,0,0,0,1,0,2,1,0.07193980401976521,True
4,0,0,1,1,0,1,0,1,0,0,0,0,2,0,0,0,1,0,1,0,0,0,1,1,2,0.06417404659355191,True
4,0,0,2,0,0,0,0,0,1,1,0,0,2,0,0,1,1,0,0,0,1,0,2,1,0,0.4504297088284663,True
4,1,0,0,1,0,0,1,0,1,0,1,1,0,0,0,0,1,1,0,0,0,1,0,2,1,0.054264913091878635,True
4,0,1,0,0,1,0,0,1,0,1,0,1,1,0,0,0,1,1,0,0,0,0,0,0,4,0.08155845875694893,True
4,1,1,0,0,0,1,0,0,0,1,0,0,1,0,1,1,0,1,0,0,0,1,1,2,0,0.09192592140729433,True
4,0,0,1,1,0,1,0,0,0,1,1,0,0,1,0,1,1,0,0,0,0,1,0,3,0,0.052007284400377114,True
4,0,1,0,1,0,0,0,0,1,1,0,1,0,0,1,0,0,0,1,1,3,0,1,0,0,0.056173490722360095,True
4,1,0,0,1,0,1,0,0,0,1,0,1,0,0,1,1,0,1,0,0,0,1,1,1,1,0.8106046209076289,False
4,1,0,0,1,0,2,0,0,0,0,1,0,0,1,0,0,1,1,0,0,1,1,1,0,1,0.08458344752606828,True
4,0,2,0,0,0,2,0,0,0,0,0,1,0,1,0,1,0,0,1,0,0,3,0,1,0,0.069069189521235,True
4,0,1,0,1,0,0,1,0,0,1,1,0,0,1,0,1,0,1,0,0,0,1,2,1,0,0.060120099668987764,True
4,2,0,0,0,0,0,0,1,0,1,1,0,0,0,1,0,1,0,1,0,0,0,0,3,1,0.05773424789700065,True
4,0,0,1,0,1,1,0,0,0,1,0,1,1,0,0,0,0,2,0,0,1,0,0,0,3,0.8948840445269625,False
4,0,1,0,1,0,0,1,1,0,0,1,0,1,0,0,0,1,0,1,0,0,1,2,1,0,0.07260615744296264,True
4,0,1,0,0,1,0,1,1,0,0,0,0,0,1,1,0,2,0,0,0,0,1,3,0,0,0.04923744404459014,True
4,2,0,0,0,0,0,0,0,1,1,1,0,1,0,0,0,2,0,0,0,0,1,1,0,2,0.08197584979146655,True
4,0,0,0,2,0,1,0,0,1,0,0,2,0,0,0,0,0,1,1,0,0,0,2,2,0,0.06529036965314802,True
4,1,0,1,0,0,1,0,1,0,0,1,0,0,1,0,0,0,0,2,0,0,2,1,0,1,0.0687236036124186,True
4,0,0,0,2,0,0,1,1,0,0,1,0,1,0,0,1,0,0,1,0,0,0,0,0,4,0.008096135744838811,True
4,1,1,0,0,0,1,0,1,0,0,1,1,0,0,0,0,1,0,0,1,0,1,2,1,0,0.07940872816467721,True
4,0,0,2,0,0,0,0,1,0,1,1,0,0,0,1,0,2,0,0,0,0,3,0,1,0,0.04632524980171655,True
4,1,1,0,0,0,1,0,0,1,0,0,0,0,1,1,2,0,0,0,0,2,2,0,0,0,0.07908860940449203,True
4,0,0,2,0,0,0,0,1,1,0,0,0,2,0,0,0,0,2,0,0,1,0,0,0,3,0.927543648656814,False
4,0,0,0,1,1,1,1,0,0,0,0,1,1,0,0,0,2,0,0,0,0,1,1,2,0,0.054405695044921536,True
4,0,0,2,0,0,0,1,1,0,0,2,0,0,0,0,0,1,1,0,0,0,2,2,0,0,0.11698365132185996,True
4,0,0,0,1,1,0,0,1,1,0,1,0,1,0,0,0,0,0,0,2,0,0,1,1,2,0.8785262255263218,False
4,2,0,0,0,0,0,0,1,0,1,0,0,2,0,0,0,1,0,0,1,0,2,1,0,1,0.9388598010638511,False
4,0,0,0,0,2,0,0,1,0,1,2,0,0,0,0,2,0,0,0,0,0,1,1,1,1,0.9192019997816311,False
4,0,1,1,0,0,0,0,0,2,0,0,1,0,0,1,0,1,0,1,0,0,1,3,0,0,0.05264122933031136,True
4,0,0,2,0,0,1,0,0,0,1,0,0,1,1,0,1,1,0,0,0,0,0,0,1,3,0.13572889750783598,True
4,0,0,1,1,0,0,1,0,1,0,0,2,0,0,0,1,1,0,0,0,4,0,0,0,0,0.07503009718716726,True
4,0,1,0,0,1,0,0,2,0,0,0,1,0,1,0,0,0,0,1,1,1,3,0,0,0,0.04428332556263761,True
4,1,1,0,0,0,1,0,1,0,0,0,1,1,0,0,0,2,0,0,0,2,0,0,0,2,0.05546389119044527,True
4,1,0,0,0,1,0,0,0,2,0,0,0,0,1,1,0,0,1,0,1,0,1,0,3,0,0.013663480125900714,True
4,1,0,1,0,0,1,0,0,1,0,1,0,1,0,0,0,0,2,0,0,0,0,1,2,1,0.9587356720358851,False
4,0,1,1,0,0,0,1,0,0,1,0,0,0,2,0,1,1,0,0,0,4,0,0,0,0,0.06526368454055806,True
4,0,1,0,0,1,2,0,0,0,0,0,1,1,0,0,0,0,2,0,0,1,1,1,1,0,0.1261508253773921,True
4,0,0,1,1,0,1,0,0,0,1,0,0,1,0,1,0,0,1,1,0,2,0,0,1,1,0.14020782803374948,True
4,0,1,0,0,1,0,0,0,0,2,1,0,0,0,1,1,0,0,0,1,3,0,1,0,0,0.8998754159158705,False
4,1,1,0,0,0,1,1,0,0,0,0,1,1,0,0,0,0,0,2,0,0,2,0,1,1,0.05441333748011401,True
4,0,0,0,0,2,0,2,0,0,0,0,0,0,2,0,1,1,0,0,0,1,1,0,1,1,0.015965751471069413,True
4,0,1,1,0,0,0,1,0,1,0,0,0,0,2,0,0,1,1,0,0,1,0,0,2,1,0.05056345253749068,True
4,0,1,0,0,1,0,1,0,1,0,2,0,0,0,0,2,0,0,0,0,0,2,0,2,0,0.05881198254094208,True
4,0,1,0,0,1,0,0,1,0,1,0,0,0,1,1,0,1,0,0,1,0,2,0,0,2,0.8772657854602178,False
4,0,0,1,0,1,0,0,0,0,2,1,1,0,0,0,0,1,1,0,0,1,0,0,2,1,0.06545250506800843,True
4,0,1,0,0,1,0,0,0,0,2,0,0,0,1,1,0,1,0,1,0,0,1,1,1,1,0.004806930466680096,True
4,1,0,0,1,0,0,1,0,0,1,2,0,0,0,0,0,0,0,2,0,3,0,0,0,1,0.0559278240734585,True
4,1,0,1,0,0,0,0,0,0,2,0,0,1,0,1,0,0,1,0,1,1,2,0,0,1,0.8990423712936566,False
4,0,0,1,1,0,0,2,0,0,0,0,0,0,0,2,0,1,1,0,0,1,0,0,1,2,0.008998195324300844,True
4,1,0,1,0,0,2,0,0,0,0,1,0,0,0,1,0,1,0,1,0,1,0,0,1,2,0.15572889750783597,True
4,0,2,0,0,0,0,0,0,1,1,1,0,0,0,1,0,0,0,1,1,2,0,0,0,2,0.03751896673709538,True
4,1,0,1,0,0,0,0,1,0,1,0,0,1,1,0,1,1,0,0,0,0,2,1,0,1,0.10428027283107698,True
4,1,1,0,0,0,1,0,0,0,1,0,0,0,0,2,0,0,1,0,1,0,0,3,0,1,0.8890329455078397,False
4,0,0,0,0,2,1,0,0,1,0,1,0,0,1,0,0,0,0,1,1,1,1,1,1,0,0.03126763016478503,True
4,0,1,0,0,1,0,0,1,0,1,1,0,1,0,0,0,1,0,0,1,2,0,0,0,2,0.899296270218162,False
4,0,0,0,2,0,1,0,1,0,0,0,0,0,2,0,0,1,1,0,0,1,0,0,0,3,0.01496332795497831,True
4,0,0,2,0,0,1,1,0,0,0,0,0,2,0,0,0,0,1,1,0,0,0,2,0,2,0.6181140770777652,False
4,0,0,1,1,0,1,0,1,0,0,0,0,0,0,2,0,1,1,0,0,1,0,2,0,1,0.5980953231358918,False
4,0,1,0,1,0,0,2,0,0,0,2,0,0,0,0,2,0,0,0,0,1,1,1,0,1,0.06916607268263103,True
4,0,0,0,2,0,0,0,0,2,0,2,0,0,0,0,0,2,0,0,0,1,1,0,0,2,0.029690489729774047,True
4,0,0,0,1,1,1,0,1,0,0,1,1,0,0,0,0,0,0,1,1,0,0,0,0,4,0.8581046501880344,False
4,0,1,1,0,0,0,0,1,1,0,0,1,1,0,0,0,1,0,0,1,0,0,2,1,1,0.05785644797513841,True
4,0,0,0,0,2,0,1,0,0,1,1,0,0,1,0,1,0,1,0,0,1,2,1,0,0,0.08502708889950893,True
4,1,0,0,1,0,0,0,0,0,2,1,0,0,1,0,1,0,0,0,1,0,0,1,2,1,0.05132782919784504,True
4,0,0,0,2,0,1,1,0,0,0,0,1,0,0,1,2,0,0,0,0,0,0,0,0,4,0.0024158895324432965,True
4,0,0,1,1,0,0,1,0,0,1,0,2,0,0,0,0,0,0,0,2,0,0,3,1,0,0.03061328151188556,True
4,0,1,0,1,0,0,0,1,1,0,0,2,0,0,0,1,0,0,0,1,1,0,2,0,1,0.04077865733495481,True
4,0,0,1,0,1,0,1,1,0,0,1,1,0,0,0,1,0,0,0,1,0,0,3,1,0,0.13584171718970223,True
4,2,0,0,0,0,1,1,0,0,0,1,0,0,1,0,0,1,0,0,1,0,1,0,2,1,0.06491085276745849,True
4,2,0,0,0,0,0,0,1,1,0,0,0,1,1,0,0,0,0,1,1,0,0,0,3,1,0.05666422533571166,True
4,0,1,0,0,1,0,1,0,0,1,1,0,0,0,1,0,1,0,1,0,4,0,0,0,0,0.07828795613877397,True
4,0,1,1,0,0,0,0,1,1,0,0,0,2,0,0,0,1,0,1,0,0,2,1,0,1,0.06212353422103649,True
4,1,1,0,0,0,1,1,0,0,0,0,0,0,2,0,2,0,0,0,0,0,0,2,0,2,0.05218911764889696,True
4,0,1,0,0,1,0,0,2,0,0,0,0,0,0,2,1,1,0,0,0,0,1,2,0,1,0.9037439717111497,False
4,2,0,0,0,0,1,0,0,0,1,0,0,1,1,0,0,0,0,2,0,0,2,0,2,0,0.05107790188682828,True
4,1,0,1,0,0,0,1,1,0,0,0,2,0,0,0,0,0,1,0,1,1,0,3,0,0,0.11644264811045817,True
4,0,0,1,1,0,1,0,0,1,0,0,0,1,1,0,1,1,0,0,0,0,0,0,1,3,0.02205228306293382,True
4,0,1,0,1,0,0,0,0,1,1,1,0,1,0,0,0,0,0,1,1,0,0,0,1,3,0.016440489685757228,True
4,1,0,0,0,1,0,1,0,1,0,1,0,1,0,0,0,0,0,2,0,3,0,0,1,0,0.058268187137122875,True
4,0,0,2,0,0,0,0,0,0,2,0,0,0,2,0,0,0,1,0,1,0,0,0,3,1,0.028448195021488962,True
4,0,0,2,0,0,1,0,0,0,1,2,0,0,0,0,1,0,0,1,0,0,0,0,3,1,0.821978345724136,False
4,1,1,0,0,0,0,1,0,0,1,0,1,0,0,1,0,1,0,1,0,0,0,3,0,1,0.03736094818167836,True
4,0,0,1,1,0,0,1,1,0,0,0,0,2,0,0,0,0,1,0,1,0,2,1,0,1,0.10430365192991814,True
4,1,0,0,0,1,0,0,1,0,1,1,0,1,0,0,0,0,0,1,1,2,1,1,0,0,0.9365157594671222,False
4,1,0,1,0,0,0,0,0,1,1,0,0,1,1,0,0,1,0,1,0,1,0,1,1,1,0.052886137525525706,True
4,0,0,2,0,0,0,0,1,1,0,1,0,0,1,0,1,0,1,0,0,0,0,1,3,0,0.0832627295305356,True
4,0,0,0,2,0,0,2,0,0,0,2,0,0,0,0,1,0,1,0,0,0,1,1,2,0,0.07245067639381736,True
4,0,0,1,1,0,1,0,1,0,0,1,0,1,0,0,0,2,0,0,0,0,1,2,0,1,0.09006761237063714,True
4,0,0,0,2,0,0,0,0,0,2,1,1,0,0,0,1,0,1,0,0,0,1,2,1,0,0.045030033470858766,True
4,0,1,1,0,0,1,0,0,0,1,2,0,0,0,0,0,1,1,0,0,0,0,2,0,2,0.5992307422483095,False
4,0,0,2,0,0,1,0,1,0,0,1,0,0,0,1,0,0,0,2,0,0,0,1,1,2,0.14020782803374948,True
4,0,1,1,0,0,0,2,0,0,0,1,1,0,0,0,1,0,0,0,1,1,1,0,0,2,0.028906544460542645,True
4,0,0,0,2,0,0,0,0,1,1,1,1,0,0,0,0,1,0,1,0,1,1,2,0,0,0.05264122932996527,True
4,0,1,1,0,0,0,0,0,0,2,0,0,0,1,1,1,1,0,0,0,0,1,1,1,1,0.03997464083015655,True
4,0,1,0,0,1,0,2,0,0,0,0,1,0,0,1,0,0,0,2,0,1,0,2,0,1,0.021412523836441568,True
4,0,0,0,0,2,1,1,0,0,0,0,0,2,0,0,1,0,1,0,0,0,0,1,2,1,0.9234715510637048,False
4,0,1,0,1,0,1,0,0,1,0,0,0,1,0,1,1,0,0,1,0,0,1,0,2,1,0.0358618139137185,True
4,0,0,1,1,0,1,0,0,1,0,2,0,0,0,0,0,2,0,0,0,0,0,1,3,0,0.07090185458865972,True
4,0,0,1,0,1,2,0,0,0,0,0,2,0,0,0,0,0,1,1,0,0,2,2,0,0,0.07018122531628085,True
4,0,0,0,0,2,0,0,1,0,1,1,1,0,0,0,1,0,0,1,0,0,1,1,2,0,0.030904144659839823,True
4,0,0,2,0,0,0,0,0,0,2,1,0,0,1,0,1,0,1,0,0,0,1,1,2,0,0.08520308237749318,True
4,0,1,0,1,0,0,0,1,1,0,0,2,0,0,0,0,1,0,0,1,0,1,1,0,2,0.01593140682302057,True
4,1,0,1,0,0,0,0,1,0,1,0,1,1,0,0,0,0,1,0,1,2,2,0,0,0,0.2761057249245714,False
4,0,0,1,1,0,0,0,1,1,0,0,0,0,0,2,1,0,1,0,0,0,2,1,1,0,0.049540379000229895,True
4,0,1,0,1,0,1,0,0,0,1,0,1,0,0,1,0,0,2,0,0,0,3,0,1,0,0.04057320100903061,True
4,0,0,1,0,1,0,2,0,0,0,0,2,0,0,0,0,2,0,0,0,0,4,0,0,0,0.04995555555555558,True
4,0,0,0,2,0,1,1,0,0,0,1,0,0,1,0,0,1,1,0,0,1,1,0,0,2,0.03555152501320572,True
4,1,0,0,1,0,0,1,1,0,0,0,0,0,0,2,0,0,1,0,1,0,2,1,0,1,0.06426857816175961,True
4,0,0,0,0,2,0,1,1,0,0,0,1,0,0,1,1,0,0,0,1,0,3,0,1,0,0.012939678143262945,True
4,1,1,0,0,0,0,0,0,1,1,0,0,1,1,0,0,1,1,0,0,1,2,0,1,0,0.05844265526832129,True
4,1,0,0,0,1,0,0,1,0,1,1,1,0,0,0,0,0,0,2,0,0,0,1,0,3,0.02760056426778143,True
4,0,1,1,0,0,0,0,2,0,0,1,0,1,0,0,0,0,0,0,2,1,0,2,0,1,0.937321162639109,False
4,0,0,0,0,2,1,0,1,0,0,1,1,0,0,0,0,0,1,1,0,3,0,0,0,1,0.5980734280008385,False
4,1,1,0,0,0,0,1,0,1,0,1,0,0,0,1,0,0,0,1,1,1,0,2,0,1,0.04779456786377297,True
4,0,2,0,0,0,0,0,0,0,2,1,1,0,0,0,0,0,2,0,0,0,1,0,0,3,0.010375306900877028,True
4,0,1,1,0,0,0,0,0,2,0,2,0,0,0,0,0,0,1,0,1,2,0,1,1,0,0.07592476557341181,True
4,0,1,0,1,0,0,0,0,2,0,0,0,0,1,1,0,0,0,0,2,0,0,1,1,2,-0.021946414038490982,True
4,0,1,0,1,0,0,0,1,1,0,0,0,1,1,0,0,0,1,1,0,2,0,2,0,0,0.07496332795497822,True
4,0,2,0,0,0,1,0,0,1,0,0,0,1,0,1,0,2,0,0,0,0,0,3,1,0,0.05721587610026254,True
4,1,0,0,1,0,0,0,0,1,1,0,1,0,1,0,0,0,0,1,1,2,1,0,1,0,0.03712838776373141,True
4,0,0,1,1,0,1,1,0,0,0,1,0,0,1,0,0,0,0,0,2,0,0,0,3,1,0.027354608818818283,True
4,0,0,1,0,1,1,0,0,1,0,0,0,1,1,0,0,0,2,0,0,1,1,2,0,0,0.14676443854343146,True
4,0,1,1,0,0,1,0,0,0,1,2,0,0,0,0,0,1,1,0,0,1,0,0,0,3,0.5775498086671358,False
4,2,0,0,0,0,0,1,1,0,0,0,1,0,0,1,0,0,2,0,0,2,1,0,1,0,0.12582630269795692,True
4,1,0,1,0,0,0,0,1,0,1,0,1,0,1,0,0,0,1,1,0,1,0,0,0,3,0.0476005642677814,True
4,0,2,0,0,0,0,1,0,0,1,0,1,0,0,1,0,1,0,0,1,0,0,0,0,4,-0.023068245653295606,True
4,0,1,0,1,0,0,0,0,2,0,0,0,1,0,1,0,1,0,0,1,1,1,1,0,1,0.018304751802410816,True
4,1,0,0,1,0,0,0,0,0,2,1,0,1,0,0,0,0,1,1,0,2,0,2,0,0,0.6084658076495366,False
4,0,0,1,1,0,0,0,0,1,1,0,0,0,2,0,0,0,0,0,2,0,0,3,1,0,0.02166176060830889,True
4,0,1,1,0,0,0,0,0,0,2,0,0,1,0,1,0,1,0,0,1,3,0,0,1,0,0.38589489056737997,True
4,0,2,0,0,0,0,0,1,0,1,0,1,1,0,0,1,0,0,0,1,0,1,1,0,2,0.030954571278506614,True
4,0,0,2,0,0,1,1,0,0,0,1,1,0,0,0,0,0,0,2,0,3,1,0,0,0,0.08363034315581057,True
4,1,0,0,0,1,0,2,0,0,0,1,0,0,0,1,0,0,1,1,0,0,0,0,0,4,0.013817861415333315,True
4,0,0,1,1,0,0,0,1,0,1,0,2,0,0,0,0,0,1,0,1,1,1,0,1,1,0.03887076691370803,True
4,0,0,0,1,1,0,1,0,0,1,0,0,0,0,2,0,0,0,2,0,1,1,2,0,0,0.019153101527082092,True
4,0,2,0,0,0,1,0,1,0,0,1,0,0,1,0,0,0,2,0,0,2,1,0,0,1,0.09005891485750754,True
4,0,1,0,1,0,0,0,2,0,0,0,0,0,2,0,1,0,0,1,0,2,0,0,0,2,0.03496332795497827,True
4,0,1,0,0,1,0,1,1,0,0,0,0,1,1,0,0,1,1,0,0,0,0,1,1,2,0.037856447975138444,True
4,0,0,1,0,1,1,0,0,0,1,1,0,0,1,0,0,0,0,1,1,1,3,0,0,0,0.047792433238701644,True
4,0,0,1,0,1,0,1,0,0,1,0,1,0,1,0,0,1,1,0,0,0,0,1,3,0,0.035262900014522244,True
4,0,1,0,1,0,0,0,2,0,0,0,0,0,2,0,0,0,1,1,0,0,0,1,3,0,0.06407728593984857,True
4,0,0,1,0,1,0,0,2,0,0,0,0,1,0,1,0,1,0,1,0,1,1,1,1,0,0.07133486564955388,True
4,2,0,0,0,0,0,0,1,1,0,0,0,0,2,0,0,2,0,0,0,3,0,0,0,1,0.05811697379948901,True
4,0,0,1,0,1,1,0,1,0,0,0,2,0,0,0,0,0,1,0,1,0,0,0,1,3,0.11878820921008587,True
4,0,0,1,0,1,0,2,0,0,0,1,0,1,0,0,0,0,2,0,0,0,2,2,0,0,0.09698365132186001,True
4,0,2,0,0,0,0,0,2,0,0,0,0,0,2,0,1,0,0,1,0,1,1,2,0,0,0.0745154265619327,True
4,0,0,0,0,2,0,1,1,0,0,1,0,0,0,1,0,1,1,0,0,1,0,3,0,0,0.6000349328416172,False
4,0,0,1,0,1,0,0,0,2,0,0,2,0,0,0,1,0,1,0,0,2,0,1,1,0,0.06166716825045403,True
4,2,0,0,0,0,0,0,1,0,1,0,0,1,1,0,1,0,0,1,0,0,0,0,3,1,0.0684481950214889,True
4,0,0,0,1,1,0,0,0,1,1,0,0,1,1,0,0,2,0,0,0,2,1,0,1,0,0.04000688222850205,True
4,1,1,0,0,0,1,0,0,1,0,0,0,1,1,0,0,1,0,1,0,1,0,2,0,1,0.05811697379948901,True
4,0,0,1,1,0,1,0,0,1,0,0,1,0,1,0,0,0,1,0,1,2,0,0,2,0,0.05229975303295253,True
4,1,1,0,0,0,0,1,0,1,0,0,0,0,0,2,0,0,1,1,0,0,0,1,0,3,-0.007810882351102939,True
4,0,2,0,0,0,0,1,0,0,1,0,1,0,1,0,0,1,1,0,0,0,0,1,3,0,0.04930546468457637,True
4,0,2,0,0,0,0,0,1,1,0,0,0,2,0,0,1,1,0,0,0,1,1,1,1,0,0.07917708937822965,True
4,1,1,0,0,0,0,0,2,0,0,0,2,0,0,0,0,1,0,1,0,2,0,0,2,0,0.07316434554840524,True
4,0,0,1,0,1,0,2,0,0,0,0,1,0,0,1,0,0,0,1,1,0,0,0,4,0,0.015598803265614794,True
4,1,0,0,0,1,0,0,1,0,1,1,0,1,0,0,1,0,0,0,1,0,3,0,1,0,0.11496061981493691,True
4,0,0,0,0,2,0,0,2,0,0,0,1,0,1,0,0,0,1,0,1,1,2,0,0,1,0.0642724767642164,True
4,0,1,1,0,0,2,0,0,0,0,1,1,0,0,0,1,0,0,1,0,0,0,3,0,1,0.11383293334003984,True
4,2,0,0,0,0,0,0,0,0,2,0,1,1,0,0,1,1,0,0,0,0,0,0,2,2,0.06409234146548125,True
4,0,0,1,1,0,1,0,1,0,0,0,0,0,1,1,1,0,0,1,0,2,1,1,0,0,0.09431615283872548,True
4,2,0,0,0,0,0,0,2,0,0,0,1,0,0,1,0,2,0,0,0,1,0,0,0,3,0.11947357767197811,True
4,2,0,0,0,0,0,0,1,0,1,0,0,0,0,2,0,1,0,1,0,0,1,1,1,1,0.06364671968070552,True
4,1,0,1,0,0,0,0,0,1,1,2,0,0,0,0,1,0,0,0,1,2,2,0,0,0,0.9400819215907922,False
4,1,0,0,0,1,1,0,1,0,0,0,1,1,0,0,0,1,0,1,0,2,0,1,0,1,0.09383042176660225,True
4,1,0,1,0,0,0,0,0,1,1,1,0,0,0,1,1,0,0,1,0,1,3,0,0,0,0.0677924332387016,True
4,2,0,0,0,0,0,2,0,0,0,0,2,0,0,0,0,0,0,1,1,1,1,1,1,0,0.057873729210242024,True
4,0,0,2,0,0,0,1,1,0,0,0,1,0,1,0,0,0,0,2,0,0,2,1,1,0,0.06905651492906939,True
4,0,1,0,0,1,0,0,1,0,1,0,0,1,1,0,1,0,1,0,0,0,0,1,3,0,0.055927824073458504,True
4,0,0,0,1,1,0,0,0,0,2,0,0,1,1,0,0,1,1,0,0,1,0,2,0,1,0.11848118344285372,True
4,0,1,0,1,0,0,1,1,0,0,2,0,0,0,0,1,0,0,1,0,1,2,1,0,0,0.0784904896659544,True
4,0,1,0,1,0,2,0,0,0,0,2,0,0,0,0,0,0,0,1,1,0,1,0,3,0,0.05691083518743842,True
4,0,1,0,0,1,0,0,2,0,0,1,0,1,0,0,0,1,0,1,0,0,1,1,1,1,0.07749347203707427,True
4,0,1,1,0,0,1,1,0,0,0,0,0,0,1,1,0,1,1,0,0,0,1,0,3,0,0.05465610099580142,True
4,1,1,0,0,0,1,0,1,0,0,0,2,0,0,0,1,1,0,0,0,0,1,0,0,3,0.02890654446054265,True
4,0,0,0,2,0,1,1,0,0,0,0,1,0,1,0,1,0,1,0,0,3,1,0,0,0,0.0745154265619327,True
4,0,1,1,0,0,0,0,2,0,0,2,0,0,0,0,1,0,0,0,1,0,1,1,2,0,0.1119259214072943,True
4,0,0,1,1,0,0,2,0,0,0,1,0,0,0,1,0,2,0,0,0,0,0,1,3,0,0.0501406752357516,True
4,0,2,0,0,0,2,0,0,0,0,0,1,0,0,1,0,0,0,0,2,3,0,1,0,0,0.13666795739994553,True
4,0,0,1,1,0,0,0,0,1,1,1,0,0,1,0,1,0,0,1,0,1,0,3,0,0,0.0759278240707003,True
4,1,0,0,0,1,0,1,1,0,0,1,0,1,0,0,0,0,2,0,0,1,1,0,2,0,0.1119259214072943,True
4,0,0,1,0,1,0,1,0,1,0,1,0,0,1,0,0,0,1,0,1,0,0,1,2,1,0.03356485939894916,True
4,1,0,0,1,0,1,0,1,0,0,0,0,1,1,0,0,0,1,0,1,2,0,1,0,1,0.6084658076495366,False
4,2,0,0,0,0,0,1,0,0,1,0,0,1,0,1,0,0,0,1,1,3,0,1,0,0,0.9393094563405403,False
4,0,0,2,0,0,0,0,2,0,0,0,2,0,0,0,0,1,0,0,1,2,1,1,0,0,0.10477168602845105,True
4,0,0,0,0,2,0,1,0,1,0,1,1,0,0,0,0,0,0,1,1,2,0,0,0,2,0.007786028537790511,True
4,1,0,1,0,0,0,2,0,0,0,1,1,0,0,0,0,0,1,1,0,0,3,0,1,0,0.07293599995634181,True
4,0,1,1,0,0,1,0,0,1,0,2,0,0,0,0,1,1,0,0,0,0,0,3,0,1,0.11383293334003984,True
4,0,0,1,1,0,1,0,0,1,0,0,0,1,1,0,0,0,0,0,2,0,0,0,0,4,-0.00010144004539279905,True
4,0,0,0,0,2,1,0,0,1,0,1,0,0,1,0,0,0,1,1,0,0,0,0,4,0,0.026886467340583895,True
4,1,0,1,0,0,0,1,0,1,0,0,0,2,0,0,0,1,0,0,1,0,0,1,0,3,0.11848629999453371,True
4,0,0,0,2,0,0,0,1,0,1,1,0,1,0,0,1,1,0,0,0,0,1,0,0,3,0.024583447526068385,True
4,0,0,0,0,2,1,0,0,1,0,0,1,0,0,1,0,0,1,1,0,0,0,1,0,3,0.063320588165208,True
4,0,1,0,1,0,1,0,1,0,0,0,2,0,0,0,0,1,0,1,0,0,1,1,1,1,0.05236397553332493,True
4,0,2,0,0,0,0,1,0,0,1,0,1,1,0,0,1,0,0,1,0,0,1,1,1,1,0.041703835323802334,True
4,0,0,0,2,0,1,0,0,1,0,0,1,1,0,0,0,1,1,0,0,1,0,2,0,1,0.05811697379948901,True
4,1,0,0,1,0,1,0,1,0,0,0,0,1,1,0,0,0,0,2,0,2,0,1,0,1,0.0632627295305356,True
4,2,0,0,0,0,0,0,1,0,1,1,0,0,1,0,0,0,1,1,0,0,3,1,0,0,0.0721891176488969,True
4,0,2,0,0,0,1,0,0,1,0,0,1,0,1,0,0,2,0,0,0,0,1,1,0,2,0.030687946597377107,True
4,2,0,0,0,0,1,1,0,0,0,0,0,2,0,0,0,0,0,1,1,2,1,0,0,1,0.9431622981696661,False
4,1,0,0,1,0,0,0,1,0,1,1,0,1,0,0,0,1,0,0,1,1,2,0,1,0,0.06434990135106416,True
4,1,0,0,0,1,1,1,0,0,0,2,0,0,0,0,0,0,2,0,0,1,0,0,0,3,0.9112150634186833,False
4,0,1,0,1,0,1,0,0,1,0,0,0,2,0,0,0,1,1,0,0,2,0,1,1,0,0.081667168250454,True
4,1,1,0,0,0,0,1,1,0,0,1,0,0,1,0,1,0,0,0,1,0,3,0,0,1,0.052491233926518624,True
4,1,0,0,0,1,0,1,0,1,0,2,0,0,0,0,0,0,0,1,1,0,0,1,2,1,0.056897024550427756,True
4,1,1,0,0,0,1,0,0,1,0,0,0,2,0,0,0,0,1,0,1,0,1,0,3,0,0.06059551394942118,True
4,0,0,2,0,0,1,0,0,0,1,1,0,0,1,0,0,2,0,0,0,0,0,1,2,1,0.058573724197181196,True
4,1,0,1,0,0,0,1,0,0,1,1,0,0,1,0,1,0,1,0,0,2,1,1,0,0,0.4453182287836238,True
4,0,1,0,1,0,0,0,0,1,1,0,1,1,0,0,0,0,2,0,0,0,1,3,0,0,0.07295921042928862,True
4,1,0,0,1,0,0,1,0,0,1,0,0,0,0,2,1,0,1,0,0,0,0,3,1,0,0.3846438743098298,True
4,0,1,0,1,0,0,0,1,1,0,2,0,0,0,0,0,0,1,0,1,0,0,0,2,2,0.03356485939894917,True
4,0,0,1,1,0,0,0,0,0,2,2,0,0,0,0,0,0,0,2,0,1,0,3,0,0,0.07989855995460707,True
4,0,1,0,0,1,1,0,1,0,0,0,0,0,0,2,0,0,0,0,2,1,0,0,2,1,0.8785444760576727,False
4,0,0,0,1,1,0,0,1,0,1,2,0,0,0,0,0,0,0,1,1,1,2,0,1,0,0.07862439909882242,True
4,1,0,0,0,1,0,1,0,0,1,1,1,0,0,0,0,1,0,1,0,2,0,1,1,0,0.05061328151188553,True
4,0,0,2,0,0,0,0,0,2,0,0,1,0,1,0,1,0,1,0,0,0,0,0,0,4,0.008096135744838811,True
4,0,1,0,1,0,0,0,0,1,1,0,0,0,2,0,2,0,0,0,0,2,0,0,2,0,0.050208004622088714,True
4,0,2,0,0,0,1,0,0,1,0,1,0,0,1,0,1,0,0,1,0,2,0,1,1,0,0.07288982329508563,True
4,0,0,0,1,1,0,1,0,1,0,0,1,0,0,1,0,0,1,0,1,1,0,1,2,0,0.0262609233319815,True
4,0,0,0,0,2,0,1,0,0,1,1,1,0,0,0,1,0,1,0,0,1,0,0,2,1,0.7972850735992262,False
4,0,0,0,2,0,1,0,0,1,0,0,1,0,1,0,0,0,0,2,0,0,0,0,3,1,0.04374652008310253,True
4,1,0,0,1,0,0,0,1,1,0,0,0,1,0,1,0,1,1,0,0,0,0,3,0,1,0.08760056426778133,True
4,0,1,0,1,0,2,0,0,0,0,1,0,0,1,0,0,1,0,0,1,2,0,1,1,0,0.06645426852631138,True
4,0,1,0,0,1,0,0,0,2,0,2,0,0,0,0,1,1,0,0,0,0,1,1,2,0,0.05433780876162076,True
4,1,1,0,0,0,2,0,0,0,0,0,1,0,1,0,0,0,0,0,2,0,1,0,3,0,0.03451542656193277,True
4,1,0,0,1,0,0,0,2,0,0,0,0,1,1,0,0,0,1,0,1,0,0,2,0,2,0.5884658076495367,False
4,0,1,0,0,1,1,0,0,0,1,0,0,1,0,1,0,2,0,0,0,0,0,1,3,0,0.025263684540558076,True
4,0,0,2,0,0,0,1,1,0,0,0,0,1,1,0,0,1,0,0,1,0,4,0,0,0,0.06210446180617775,True
4,2,0,0,0,0,0,1,0,1,0,0,0,0,2,0,0,0,2,0,0,1,2,1,0,0,0.0761369347852976,True
4,0,0,0,0,2,1,1,0,0,0,0,0,1,1,0,0,1,0,0,1,2,0,1,1,0,0.05684272668508751,True
4,2,0,0,0,0,0,1,1,0,0,0,0,0,2,0,1,0,0,0,1,0,0,1,0,3,0.0476005642677814,True
4,1,0,0,0,1,0,0,1,0,1,0,1,0,0,1,0,2,0,0,0,0,0,0,2,2,0.019091044912310746,True
4,0,1,0,0,1,1,0,0,1,0,2,0,0,0,0,0,0,0,1,1,1,0,1,1,1,0.8106046209076289,False
4,1,0,0,1,0,1,0,1,0,0,1,0,0,1,0,0,0,2,0,0,0,0,0,4,0,0.07430488028326093,True
4,1,0,0,0,1,1,1,0,0,0,0,0,0,2,0,0,1,0,0,1,0,0,1,3,0,0.032328120207283144,True
4,0,0,1,0,1,0,0,1,1,0,0,0,0,0,2,1,0,0,1,0,2,0,2,0,0,0.5884658076495367,False
4,0,0,1,0,1,0,0,0,1,1,1,1,0,0,0,0,0,0,2,0,0,1,1,0,2,0.013251003152455833,True
4,1,0,1,0,0,1,0,1,0,0,1,0,0,0,1,0,0,0,0,2,2,0,0,0,2,0.8985234692889146,False
4,0,1,0,0,1,0,1,0,1,0,0,1,0,0,1,0,1,0,0,1,1,0,1,2,0,0.022201574433394114,True
4,0,0,1,1,0,1,0,0,0,1,0,0,0,0,2,0,0,2,0,0,0,2,1,1,0,0.06983904327308928,True
4,1,0,0,1,0,1,0,0,0,1,0,0,0,2,0,0,0,1,1,0,0,1,1,1,1,0.034530360756177575,True
4,1,0,0,0,1,1,0,0,0,1,0,0,0,1,1,1,0,0,1,0,1,2,0,1,0,0.04434990126776991,True
4,0,2,0,0,0,0,0,1,1,0,0,0,1,0,1,0,0,2,0,0,0,2,1,0,1,0.05915391747176455,True
4,1,0,0,1,0,0,0,0,2,0,0,1,1,0,0,1,0,0,1,0,2,0,0,0,2,0.03496332795497827,True
4,2,0,0,0,0,0,0,0,1,1,0,1,0,1,0,0,1,1,0,0,0,0,0,1,3,0.017856447519984067,True
4,0,0,2,0,0,0,1,1,0,0,2,0,0,0,0,0,0,0,1,1,0,2,2,0,0,0.12903109970456092,True
4,0,1,1,0,0,0,0,0,0,2,0,0,2,0,0,0,1,0,1,0,0,2,1,0,1,0.03914823360655218,True
4,0,0,0,2,0,0,0,0,1,1,0,0,1,0,1,0,1,0,0,1,2,0,0,1,1,0.027331664718164412,True
4,1,1,0,0,0,0,1,1,0,0,1,0,1,0,0,2,0,0,0,0,1,1,1,1,0,0.11463528280771577,True
4,0,0,1,1,0,0,0,2,0,0,0,0,2,0,0,1,1,0,0,0,1,1,0,2,0,0.09090414465983973,True
4,0,0,0,2,0,0,1,0,0,1,0,0,0,1,1,0,0,2,0,0,0,1,0,0,3,0.008003171127463982,True
4,0,0,0,0,2,0,1,0,1,0,0,0,0,0,2,1,0,0,1,0,1,0,3,0,0,0.04760056426778139,True
4,1,0,0,0,1,0,0,2,0,0,0,1,0,1,0,0,0,0,0,2,1,1,0,1,1,0.06364671968070552,True
4,0,0,0,2,0,0,2,0,0,0,0,0,2,0,0,0,0,0,0,2,1,2,0,0,1,0.022123534221036554,True
4,0,1,1,0,0,0,1,0,1,0,2,0,0,0,0,1,0,1,0,0,0,4,0,0,0,0.07828577349871844,True
4,0,0,1,1,0,0,0,0,1,1,0,0,0,2,0,1,0,1,0,0,0,1,3,0,0,0.06489067208928653,True
4,0,0,2,0,0,2,0,0,0,0,1,0,0,0,1,0,2,0,0,0,4,0,0,0,0,0.6375498086671357,False
4,0,2,0,0,0,0,1,0,0,1,1,0,0,0,1,0,0,0,2,0,1,0,1,1,1,0.02152430481275679,True
4,0,1,1,0,0,0,1,0,0,1,0,2,0,0,0,0,0,0,2,0,1,2,0,0,1,0.034479269274058484,True
4,0,0,1,0,1,0,0,2,0,0,0,1,0,0,1,0,0,0,0,2,0,0,0,4,0,0.028894053990902634,True
4,0,1,0,0,1,1,0,0,0,1,0,0,0,2,0,0,0,2,0,0,1,0,3,0,0,0.14332058816520785,True
4,0,0,0,1,1,0,0,2,0,0,0,0,0,1,1,0,1,0,1,0,2,0,0,2,0,0.04626092333147204,True
4,1,0,0,1,0,0,0,2,0,0,0,0,0,1,1,1,1,0,0,0,0,2,0,0,2,0.05803509298717569,True
4,0,1,0,1,0,2,0,0,0,0,0,1,1,0,0,0,0,1,1,0,1,0,2,0,1,0.07218911764889692,True
4,0,0,1,0,1,0,0,0,1,1,1,1,0,0,0,0,0,0,2,0,2,0,1,0,1,0.04241588950407071,True
4,1,0,1,0,0,0,0,1,0,1,0,0,1,1,0,1,0,1,0,0,0,3,0,1,0,0.0805252339036597,True
4,1,0,1,0,0,1,1,0,0,0,0,0,2,0,0,0,1,1,0,0,0,0,0,2,2,0.10813366192940797,True
4,1,0,0,0,1,0,0,0,1,1,0,2,0,0,0,0,1,0,1,0,1,3,0,0,0,0.034834625383074136,True
4,1,0,0,1,0,0,0,0,2,0,0,0,0,1,1,0,0,1,0,1,0,4,0,0,0,0.0326412293299653,True
4,0,1,0,0,1,1,0,1,0,0,0,0,0,1,1,0,1,0,0,1,1,0,0,0,3,0.879697705356744,False
4,1,0,0,0,1,0,1,0,0,1,0,0,0,1,1,0,0,2,0,0,0,1,1,0,2,0.8991867576709006,False
4,1,0,0,1,0,1,0,1,0,0,2,0,0,0,0,0,1,0,0,1,1,0,2,0,1,0.9462573919876905,False
4,0,0,1,0,1,0,0,0,2,0,1,0,1,0,0,0,0,0,2,0,0,1,0,1,2,0.014530360756177607,True
4,1,1,0,0,0,1,0,0,0,1,1,0,1,0,0,0,0,1,1,0,2,0,0,2,0,0.08769508483620995,True
4,0,0,0,0,2,1,0,0,1,0,1,0,0,0,1,0,1,1,0,0,0,0,3,0,1,0.5780828136796181,False
4,0,0,0,0,2,0,0,0,1,1,0,0,1,1,0,0,1,1,0,0,0,0,3,1,0,0.05684272668028441,True
4,0,0,0,2,0,0,2,0,0,0,1,0,0,1,0,0,1,0,1,0,0,0,2,0,2,0.02845813223946555,True
4,0,2,0,0,0,0,1,1,0,0,0,1,1,0,0,0,0,1,1,0,0,0,1,0,3,0.022955431732080405,True
4,1,0,1,0,0,1,1,0,0,0,0,1,1,0,0,0,2,0,0,0,0,3,0,1,0,0.07375465718838918,True
4,0,0,1,0,1,0,1,0,1,0,1,0,1,0,0,1,0,1,0,0,1,0,0,3,0,0.0680961357448387,True
4,0,1,1,0,0,1,0,0,0,1,1,0,1,0,0,2,0,0,0,0,0,1,0,0,3,0.908498112715362,False
4,1,0,1,0,0,0,0,0,2,0,2,0,0,0,0,0,1,0,0,1,3,0,0,0,1,0.14332058816520787,True
4,0,0,0,1,1,0,1,0,1,0,1,0,1,0,0,2,0,0,0,0,0,3,0,0,1,0.06579252451155065,True
4,0,0,0,0,2,1,0,0,1,0,0,0,0,0,2,0,1,1,0,0,0,0,0,2,2,0.02295652791258997,True
4,0,0,2,0,0,0,1,1,0,0,0,1,1,0,0,1,0,1,0,0,0,0,0,1,3,0.16243403960027789,True
4,0,0,2,0,0,1,1,0,0,0,1,0,0,0,1,2,0,0,0,0,3,0,0,0,1,0.9512150634186831,False
4,0,0,0,0,2,0,1,1,0,0,0,0,0,1,1,0,0,1,1,0,0,0,0,2,2,0.016897024550427825,True
4,0,0,1,0,1,0,0,1,0,1,0,0,1,1,0,1,0,0,1,0,0,0,0,3,1,0.04844819502148893,True
4,0,0,2,0,0,0,0,0,0,2,0,1,1,0,0,1,1,0,0,0,0,0,4,0,0,0.6219449834827744,False
4,1,0,0,1,0,1,0,0,1,0,2,0,0,0,0,0,0,0,0,2,1,0,2,1,0,0.11997463294020434,True
4,0,1,0,0,1,1,0,0,1,0,0,0,1,0,1,0,0,2,0,0,3,0,0,1,0,0.4046438743098298,True
4,1,0,0,1,0,1,1,0,0,0,1,0,0,0,1,0,1,0,0,1,0,0,0,4,0,0.034804499503079955,True
4,1,0,0,0,1,0,0,0,2,0,0,0,0,1,1,1,0,1,0,0,0,2,2,0,0,0.054698443135743284,True
4,0,0,0,1,1,0,0,0,1,1,0,1,0,0,1,1,0,0,1,0,1,2,1,0,0,0.044340012516969125,True
