m,g0_cooperative,g0_conditional_cooperator,g0_compensating_cooperator,g0_selfish,g0_sanctioning,g1_cooperative,g1_conditional_cooperator,g1_compensating_cooperator,g1_selfish,g1_sanctioning,outsider_cooperative,outsider_conditional_cooperator,outsider_compensating_cooperator,outsider_selfish,outsider_sanctioning,welfare_efficiency,collapsed
2,1,0,0,1,2,0,0,1,0,3,0,1,1,1,1,0.8789315208455712,False
2,3,1,0,0,0,0,0,1,3,0,1,0,0,3,0,0.0682508047786385,True
2,0,0,2,2,0,1,1,2,0,0,0,1,0,0,3,0.044583447526068354,True
2,0,1,0,2,1,1,0,0,0,3,2,0,0,0,2,0.8784992041437683,False
2,0,2,0,1,1,2,2,0,0,0,1,0,1,1,1,0.06667526196669118,True
2,1,0,2,1,0,0,3,1,0,0,2,0,0,2,0,0.07775516798836901,True
2,0,4,0,0,0,0,3,0,0,1,1,0,1,2,0,0.05519048448728095,True
2,1,0,2,1,0,0,2,0,1,1,2,0,1,0,1,0.8339883770617615,False
2,1,0,2,0,1,0,0,0,2,2,0,1,0,2,1,0.9168255539649768,False
2,0,0,0,0,4,2,0,2,0,0,0,0,0,0,4,0.8385234692889143,False
2,0,0,0,1,3,0,1,2,0,1,1,2,0,1,0,0.05917730077386284,True
2,2,1,0,1,0,1,1,2,0,0,3,1,0,0,0,0.10310943000280443,True
2,0,0,2,1,1,0,0,2,0,2,3,1,0,0,0,0.9380388772067006,False
2,0,0,0,3,1,2,0,0,1,1,0,1,0,0,3,0.8970440478493451,False
2,1,1,0,0,2,1,1,1,0,1,1,1,0,0,2,0.8997531652944689,False
2,1,1,1,1,0,0,1,2,0,1,0,0,0,1,3,0.059988306477400596,True
2,0,1,0,0,3,2,0,1,1,0,1,1,0,2,0,0.04034479721271342,True
2,0,1,3,0,0,2,0,0,1,1,0,0,0,1,3,0.8972922777354594,False
2,0,2,1,0,1,0,0,0,2,2,1,0,0,0,3,0.8793306878570174,False
2,1,1,0,0,2,0,1,3,0,0,0,0,2,2,0,0.10206780135700974,True
2,1,0,0,3,0,0,2,1,0,1,0,2,1,1,0,0.05158890752368732,True
2,2,1,1,0,0,1,1,0,1,1,0,0,0,4,0,0.06162948876659965,True
2,1,0,0,0,3,2,1,1,0,0,0,2,0,1,1,0.7963059707713424,False
2,0,0,0,0,4,0,2,0,0,2,1,1,2,0,0,0.8728109246357427,False
2,0,0,4,0,0,1,0,0,0,3,2,2,0,0,0,0.9258757787705549,False
2,2,1,1,0,0,0,1,1,2,0,0,1,3,0,0,0.08363034315581057,True
2,0,1,2,0,1,0,0,1,3,0,0,1,0,1,2,0.022334646657058414,True
2,0,0,1,3,0,0,1,0,1,2,0,3,1,0,0,0.03341646923775219,True
2,0,2,1,1,0,3,0,0,1,0,1,0,0,0,3,0.032189117648896995,True
2,0,1,3,0,0,0,0,0,2,2,3,1,0,0,0,0.15187255274055325,True
2,0,3,0,1,0,2,0,1,0,1,0,0,0,0,4,-0.004439607560742797,True
2,1,3,0,0,0,0,0,1,1,2,1,0,1,2,0,0.044077034788692196,True
2,2,0,0,0,2,1,2,0,1,0,1,0,0,0,3,0.03381032321701286,True
2,0,1,0,0,3,3,0,0,1,0,2,0,1,1,0,0.3846438743098298,True
2,2,1,1,0,0,1,1,0,1,1,3,0,0,1,0,0.1660838807099705,True
2,0,0,1,0,3,0,2,1,0,1,0,0,1,1,2,0.878810373096794,False
2,1,0,0,0,3,1,2,1,0,0,3,1,0,0,0,0.11323662739520506,True
2,2,0,0,2,0,1,0,1,1,1,0,0,0,0,4,0.08332058816520796,True
2,1,1,2,0,0,0,1,3,0,0,1,0,2,0,1,0.6425923922586082,False
2,0,0,2,1,1,0,0,0,3,1,0,2,1,0,1,0.9380563750290778,False
2,1,3,0,0,0,0,0,2,0,2,0,3,0,0,1,0.0337904437906544,True
2,0,2,0,0,2,0,1,1,2,0,1,0,2,0,1,0.03245785199029118,True
2,1,0,1,0,2,0,0,1,3,0,0,0,3,0,1,0.0598985599546071,True
2,0,0,0,3,1,2,1,0,0,1,2,0,0,0,2,0.9184839467161747,False
2,0,0,0,3,1,1,0,2,0,1,0,3,0,1,0,0.057450698438614264,True
2,0,3,0,0,1,0,0,3,1,0,2,0,2,0,0,0.8540770283361961,False
2,0,2,2,0,0,1,0,2,1,0,0,0,1,1,2,0.06975403388380373,True
2,1,0,2,0,1,3,0,0,1,0,0,2,2,0,0,0.2936520740287816,False
2,0,0,2,0,2,2,0,0,1,1,0,0,3,0,1,0.9174595912506188,False
2,2,0,0,2,0,0,1,0,0,3,0,0,2,1,1,0.04848801510610684,True
2,0,0,1,2,1,0,0,0,4,0,1,1,1,0,1,0.0322759321735711,True
2,1,0,1,1,1,0,0,1,3,0,0,1,0,1,2,0.022334646656836828,True
2,0,0,1,2,1,2,0,0,1,1,0,0,1,2,1,0.935640543629347,False
2,1,0,0,3,0,2,0,0,0,2,0,0,1,3,0,0.031302648452343,True
2,0,0,3,1,0,0,0,1,2,1,0,0,1,1,2,0.8106046209076289,False
2,1,0,0,2,1,1,1,1,0,1,1,2,0,0,1,0.9371765716477017,False
2,0,0,3,0,1,1,2,0,1,0,0,2,1,1,0,0.06155902475525545,True
2,0,0,0,1,3,2,0,1,0,1,1,1,1,1,0,0.9001418461928978,False
2,2,0,1,1,0,1,3,0,0,0,0,0,3,0,1,0.07556987158717407,True
2,1,0,2,1,0,0,0,0,3,1,2,0,1,0,1,0.8339883770617615,False
2,3,0,0,1,0,1,0,2,0,1,0,1,3,0,0,0.9029823743798473,False
2,0,0,3,1,0,0,0,3,1,0,0,0,0,1,3,0.14020782803374948,True
2,0,0,1,3,0,0,1,3,0,0,0,1,0,1,2,0.038542495331139556,True
2,3,0,0,0,1,0,3,0,1,0,1,1,0,0,2,0.02916318268662123,True
2,1,2,1,0,0,2,1,0,0,1,2,0,0,1,1,0.10091440519016821,True
2,0,1,2,1,0,0,3,0,0,1,0,1,0,2,1,0.051552105279033894,True
2,0,0,1,0,3,0,0,1,2,1,0,1,0,1,2,0.8784340491493055,False
2,1,0,1,0,2,2,0,0,0,2,3,0,0,0,1,0.8994338254080392,False
2,1,1,0,0,2,1,0,1,0,2,4,0,0,0,0,0.9196966426956887,False
2,0,1,0,3,0,0,1,0,3,0,2,0,2,0,0,0.06333055555555556,True
2,1,0,1,0,2,1,0,2,1,0,1,0,0,2,1,0.9183243474101784,False
2,1,1,0,2,0,0,0,0,1,3,3,0,0,1,0,0.026454268523503143,True
2,0,1,0,3,0,0,0,1,2,1,0,2,2,0,0,0.052289590207870836,True
2,2,2,0,0,0,0,0,1,1,2,1,3,0,0,0,0.04833094459421735,True
2,1,0,3,0,0,0,2,0,0,2,0,2,0,0,2,0.9195894419378986,False
2,0,2,0,0,2,0,0,1,3,0,1,0,2,1,0,0.037251259327889356,True
2,0,1,3,0,0,2,0,2,0,0,2,0,1,1,0,0.9237710090031274,False
2,1,0,2,0,1,1,0,2,0,1,1,0,0,3,0,0.6084658076495365,False
2,1,2,1,0,0,1,0,2,0,1,0,1,1,1,1,0.10792782088398256,True
2,0,0,3,1,0,2,0,1,0,1,0,0,1,0,3,0.9075079917068287,False
2,2,1,1,0,0,0,2,1,0,1,0,0,0,0,4,0.8835516979029133,False
2,0,2,1,0,1,0,2,1,1,0,2,0,1,1,0,0.0652749923161453,True
2,0,2,0,2,0,0,2,2,0,0,2,1,0,0,1,0.053557788816848695,True
2,1,0,2,0,1,1,1,1,0,1,0,2,0,1,1,0.9391839665422705,False
2,1,2,0,0,1,0,1,2,1,0,0,0,0,0,4,0.03831219620429926,True
2,1,1,0,1,1,0,0,0,1,3,0,0,2,0,2,0.8792912913954002,False
2,1,1,0,0,2,0,0,0,3,1,0,0,4,0,0,0.9388248137841885,False
2,0,1,0,3,0,1,0,0,2,1,2,0,0,1,1,0.035588675795656284,True
2,0,1,3,0,0,1,1,0,1,1,0,0,1,0,3,0.9042614324482129,False
2,0,0,0,3,1,0,2,0,0,2,0,2,0,0,2,0.8924798221263236,False
2,1,0,0,1,2,0,1,2,0,1,0,2,1,0,1,0.9195310277863394,False
2,0,3,1,0,0,0,1,2,0,1,1,0,2,1,0,0.07366374348563837,True
2,0,3,0,0,1,0,1,2,0,1,0,2,0,0,2,0.9178252431270094,False
2,0,0,0,2,2,0,1,2,0,1,0,3,1,0,0,0.06030430718027686,True
2,0,0,3,0,1,0,0,0,2,2,0,1,0,2,1,0.9172350844461513,False
2,1,1,1,0,1,0,0,4,0,0,1,0,2,1,0,0.972987371845669,False
2,0,2,0,1,1,1,0,1,0,2,2,0,1,0,1,0.9195010889982231,False
2,0,2,2,0,0,1,1,0,2,0,1,1,0,2,0,0.06961735068500968,True
2,0,1,1,2,0,3,0,1,0,0,2,0,0,0,2,0.08760056426778133,True
2,0,0,1,3,0,0,1,0,0,3,0,1,0,3,0,0.007599176045848035,True
2,0,1,0,1,2,0,1,3,0,0,0,1,3,0,0,0.15617483351273448,True
2,3,1,0,0,0,1,1,1,0,1,1,1,0,2,0,0.08615242303415428,True
2,1,0,1,1,1,1,3,0,0,0,0,3,0,0,1,0.04897133749073223,True
2,0,0,1,0,3,0,1,3,0,0,3,1,0,0,0,0.8639950958563083,False
2,1,0,0,2,1,0,1,1,0,2,1,0,1,2,0,0.12187554401717701,True
2,0,3,0,0,1,0,0,1,1,2,1,0,0,0,3,0.8794963809514554,False
2,0,1,0,1,2,3,0,0,0,1,2,1,0,1,0,0.3877260208322711,True
2,0,2,0,1,1,0,0,2,1,1,2,0,2,0,0,0.9587472241876469,False
2,0,0,1,3,0,0,1,1,2,0,3,0,0,0,1,0.04825080477863853,True
2,1,1,1,1,0,3,0,0,0,1,1,1,0,2,0,0.07090414465983975,True
2,2,1,1,0,0,3,0,0,1,0,2,0,1,1,0,0.16978647144779913,True
2,0,1,2,0,1,1,0,1,2,0,1,1,0,2,0,0.06022224758220137,True
2,3,0,1,0,0,2,1,0,0,1,2,1,1,0,0,0.9745922956127882,False
2,2,0,2,0,0,0,4,0,0,0,1,2,0,0,1,0.06570962482476836,True
2,0,0,0,4,0,0,2,0,1,1,0,2,1,0,1,0.030095604791940914,True
2,0,2,0,0,2,2,0,0,2,0,0,2,2,0,0,0.04777371376478874,True
2,1,1,2,0,0,0,2,0,2,0,1,0,1,0,2,0.04077865733495482,True
2,1,3,0,0,0,1,1,1,0,1,0,1,1,1,1,0.05315599754285368,True
2,1,1,0,2,0,0,3,0,1,0,0,0,2,1,1,0.04928623760839399,True
2,0,1,0,2,1,0,0,2,1,1,1,0,0,2,1,0.9350436290974983,False
2,2,0,0,1,1,3,0,0,1,0,1,1,0,0,2,0.9200881574803221,False
2,0,2,1,1,0,0,0,1,0,3,2,0,1,1,0,0.040525233903659766,True
2,3,0,0,0,1,1,0,2,1,0,1,3,0,0,0,0.1138253981229352,True
2,2,0,0,2,0,2,0,1,1,0,2,0,0,0,2,0.07989855995460707,True
2,1,2,0,1,0,1,1,0,2,0,2,1,1,0,0,0.07101186926993816,True
2,1,0,1,1,1,0,4,0,0,0,1,1,1,0,1,0.045290047241861746,True
2,0,0,0,3,1,0,1,2,0,1,2,0,0,1,1,0.9376735115018561,False
2,0,2,1,1,0,0,3,1,0,0,0,0,2,0,2,0.036512813179976907,True
2,1,1,0,0,2,0,0,2,1,1,1,0,0,2,1,0.9179622642442111,False
2,2,2,0,0,0,3,0,0,0,1,4,0,0,0,0,0.6348359826973823,False
2,0,0,2,1,1,1,0,0,0,3,0,2,1,1,0,0.11931478784532613,True
2,0,0,3,0,1,0,1,0,0,3,0,0,2,0,2,0.8771790650583783,False
2,1,1,0,1,1,0,0,0,4,0,4,0,0,0,0,0.054119340742445655,True
2,0,2,0,0,2,1,0,2,0,1,0,2,0,0,2,0.8999944456134444,False
2,1,0,2,0,1,0,3,0,1,0,1,0,0,3,0,0.053160053890671854,True
2,1,0,0,0,3,0,1,3,0,0,0,1,0,2,1,0.8003222596284914,False
2,4,0,0,0,0,0,3,1,0,0,0,0,0,1,3,0.04953386825784212,True
2,1,0,0,3,0,1,0,0,1,2,1,0,3,0,0,0.055927824070700335,True
2,1,2,0,0,1,1,2,0,0,1,0,0,0,1,3,0.8958781159888101,False
2,2,0,2,0,0,3,0,0,0,1,0,1,1,0,2,0.9386526380746192,False
2,1,1,2,0,0,0,2,1,1,0,0,2,1,1,0,0.07556796893166401,True
2,0,2,0,1,1,2,0,2,0,0,0,2,1,1,0,0.0976653573516838,True
2,3,0,0,1,0,2,0,1,1,0,2,0,1,1,0,0.15997463294020428,True
2,1,0,2,1,0,0,0,2,1,1,1,0,1,1,1,0.9390762444407883,False
2,0,1,3,0,0,1,3,0,0,0,1,2,1,0,0,0.08116565366937481,True
2,0,2,0,1,1,2,0,0,1,1,2,0,0,2,0,0.09484844386602691,True
2,0,0,0,3,1,1,1,0,2,0,0,1,0,2,1,0.038174931192787386,True
2,0,1,0,1,2,1,0,1,0,2,0,0,0,1,3,0.8589516625791517,False
2,2,1,1,0,0,1,1,0,0,2,1,0,2,1,0,0.4263554065381587,True
2,0,2,1,0,1,1,2,1,0,0,1,3,0,0,0,0.0652808549146982,True
2,1,2,0,0,1,3,1,0,0,0,1,0,0,3,0,0.07245785199029108,True
2,1,0,1,2,0,0,0,0,2,2,0,0,0,4,0,0.029292737957077868,True
2,0,1,0,2,1,0,1,1,0,2,1,0,2,0,1,0.9191691785330517,False
2,1,1,2,0,0,1,1,1,0,1,0,2,0,1,1,0.18401549432461753,True
2,1,1,2,0,0,0,0,1,3,0,3,1,0,0,0,0.08059551394942113,True
2,1,1,1,1,0,0,1,3,0,0,2,0,2,0,0,0.13385050971814805,True
2,0,0,3,1,0,1,0,2,0,1,2,0,0,2,0,0.2776482522129493,False
2,1,0,0,3,0,0,0,2,2,0,0,1,1,2,0,0.06321503179085736,True
2,0,0,3,1,0,0,1,2,0,1,0,0,0,4,0,0.061661760608910765,True
2,2,1,0,1,0,0,0,0,3,1,0,1,2,1,0,0.06469134825417217,True
2,0,2,0,0,2,0,0,1,3,0,1,1,1,1,0,0.03395531648974998,True
2,1,0,0,1,2,0,2,0,1,1,0,2,1,1,0,0.04525535219215067,True
2,1,0,0,2,1,3,0,1,0,0,0,0,1,3,0,0.10699089775599184,True
2,2,0,1,0,1,0,0,1,2,1,1,1,0,2,0,0.09472264300015959,True
2,3,0,0,1,0,0,0,0,1,3,0,1,1,2,0,0.04034479720253817,True
2,1,0,1,2,0,1,2,0,1,0,1,1,2,0,0,0.0745154265619327,True
2,0,1,1,1,1,0,0,4,0,0,0,1,0,1,2,0.9377895515691899,False
2,3,1,0,0,0,1,2,1,0,0,2,1,0,0,1,0.0894875422280664,True
2,0,0,1,3,0,1,1,1,1,0,0,2,0,1,1,0.04975832445445493,True
2,0,1,0,1,2,0,2,0,1,1,1,0,1,0,2,0.8969114620879423,False
2,2,0,0,0,2,2,0,2,0,0,0,1,1,1,1,0.9387017276186093,False
2,1,0,1,0,2,0,2,0,0,2,2,2,0,0,0,0.37182999407925793,True
2,2,0,1,0,1,1,0,0,0,3,0,2,0,0,2,0.8797585092934095,False
2,0,0,0,0,4,0,1,0,3,0,2,0,0,2,0,-0.00770024696704737,True
2,0,0,1,3,0,1,2,0,0,1,0,3,0,0,1,0.036790290344409726,True
2,3,0,1,0,0,1,0,2,0,1,2,1,0,1,0,0.9605514922735218,False
2,2,0,1,0,1,2,0,1,1,0,0,0,1,0,3,0.9073539822048617,False
2,0,0,2,2,0,1,0,0,1,2,2,0,1,0,1,0.1233205881652079,True
2,1,0,3,0,0,1,0,0,3,0,1,1,2,0,0,0.0941988126828467,True
2,0,1,2,0,1,1,2,1,0,0,0,3,0,0,1,0.06956319215012477,True
2,0,1,2,0,1,2,0,0,0,2,2,0,1,0,1,0.9183236709339611,False
2,1,1,1,1,0,0,1,2,1,0,0,0,3,0,1,0.07218911764889692,True
2,1,1,2,0,0,0,0,1,0,3,0,2,2,0,0,0.2566240628288051,False
2,0,1,1,1,1,1,0,0,0,3,3,1,0,0,0,0.9123186828528319,False
2,1,0,0,2,1,0,0,1,3,0,0,2,0,2,0,0.048339934476489634,True
2,2,1,1,0,0,1,2,0,1,0,0,1,0,0,3,0.0291675175678398,True
2,1,1,0,2,0,0,0,2,0,2,0,0,3,1,0,0.05592476557341184,True
2,2,2,0,0,0,1,0,1,2,0,1,2,0,1,0,0.07382630478549748,True
2,2,0,0,2,0,0,1,1,2,0,0,3,0,1,0,0.06618310533548337,True
2,0,2,0,1,1,2,2,0,0,0,0,0,1,0,3,0.037806281375486986,True
2,2,0,1,1,0,0,0,0,3,1,0,0,2,0,2,0.8139706175501747,False
2,2,0,1,1,0,1,1,1,0,1,1,0,2,1,0,0.42464387430982975,True
2,1,2,0,0,1,0,1,3,0,0,1,1,2,0,0,0.17492000826812115,True
2,0,0,0,4,0,0,0,0,1,3,0,3,0,1,0,0.006863580067191835,True
2,0,0,4,0,0,0,1,0,2,1,1,0,1,2,0,0.16187554401717694,True
2,2,0,1,1,0,2,1,0,1,0,2,0,1,1,0,0.09592476557341177,True
2,0,0,1,3,0,0,0,2,1,1,0,3,0,0,1,0.039424794245312755,True
2,2,0,0,1,1,0,1,0,2,1,2,0,2,0,0,0.9588798242282454,False
2,1,0,0,0,3,0,1,1,1,1,0,1,1,2,0,0.05472264300779841,True
2,0,0,0,2,2,0,0,3,0,1,0,1,2,0,1,0.9179457075985856,False
2,1,0,0,2,1,0,1,0,0,3,3,1,0,0,0,0.902721631072983,False
2,1,1,2,0,0,0,1,1,2,0,0,0,2,0,2,0.05218911764889696,True
2,0,0,0,1,3,0,4,0,0,0,0,1,1,0,2,-0.01524340832134222,True
2,2,0,0,1,1,1,1,0,0,2,0,1,2,0,1,0.9196977053567442,False
2,0,2,0,2,0,0,0,0,4,0,3,1,0,0,0,0.06333055555555556,True
2,0,2,0,2,0,2,0,0,1,1,0,0,1,1,2,0.021524304811332315,True
2,3,0,0,1,0,0,0,3,1,0,1,1,1,1,0,0.10569522546426137,True
2,1,0,1,0,2,2,0,0,1,1,0,0,1,1,2,0.8987463885751783,False
2,0,0,0,0,4,0,0,1,1,2,1,1,1,0,1,0.8594666929228219,False
2,0,2,0,0,2,0,3,0,0,1,1,1,0,2,0,0.03492315281754721,True
2,0,2,2,0,0,0,2,0,0,2,0,0,2,2,0,0.05051138201757235,True
2,0,0,0,2,2,1,2,1,0,0,0,0,0,3,1,0.039640671208421206,True
2,0,0,0,1,3,1,0,2,1,0,0,1,3,0,0,0.40535864967891866,True
2,0,0,1,3,0,0,2,1,0,1,0,0,3,0,1,0.04693221882768671,True
2,0,1,1,2,0,0,1,1,2,0,0,0,1,0,3,0.010901854588659849,True
2,1,2,1,0,0,3,0,0,0,1,0,0,3,1,0,0.155403484218235,True
2,1,0,1,2,0,1,0,1,2,0,0,1,3,0,0,0.07701089975020048,True
2,0,2,0,1,1,4,0,0,0,0,1,1,2,0,0,0.9681447697675072,False
2,1,3,0,0,0,0,1,0,0,3,0,2,1,1,0,0.019727533430153946,True
2,0,2,0,2,0,0,0,3,1,0,1,1,0,0,2,0.03555152501320572,True
2,1,0,1,2,0,0,1,2,0,1,0,0,0,1,3,0.04848801510610684,True
2,1,2,0,0,1,1,0,1,1,1,0,0,0,1,3,0.8988836677372884,False
2,1,1,1,1,0,0,2,0,2,0,2,0,1,0,1,0.05316005389067188,True
2,0,2,1,0,1,0,0,1,3,0,1,0,0,0,3,0.006932218827686775,True
2,1,1,0,2,0,0,0,1,0,3,0,0,1,3,0,0.014963327954978274,True
2,0,2,0,2,0,1,2,0,1,0,1,0,0,3,0,0.06521597222222222,True
2,2,1,1,0,0,0,0,3,1,0,3,1,0,0,0,0.17512679151922747,True
2,0,1,1,2,0,0,3,0,1,0,0,0,3,0,1,0.0501406752357516,True
2,1,0,1,2,0,1,1,1,1,0,0,1,0,2,1,0.055861813913718465,True
2,1,0,2,0,1,0,1,2,0,1,1,0,1,1,1,0.93715138397386,False
2,2,1,0,0,1,0,0,1,3,0,1,0,2,0,1,0.0559278240734585,True
2,0,0,0,2,2,2,0,0,2,0,1,1,1,0,1,0.04800317112610415,True
2,3,0,0,0,1,0,2,1,1,0,2,2,0,0,0,0.07017128330209692,True
2,0,0,0,1,3,0,2,1,1,0,0,0,0,2,2,-0.008561499584804937,True
2,0,1,0,0,3,1,0,1,0,2,0,2,2,0,0,0.8787542758492419,False
2,1,3,0,0,0,0,3,0,0,1,0,0,2,1,1,0.04898619364521637,True
2,0,0,1,2,1,0,1,0,2,1,1,1,0,2,0,0.054923126386728964,True
2,2,1,1,0,0,1,0,0,2,1,0,2,0,0,2,0.15850756063620466,True
2,0,1,1,0,2,1,1,1,0,1,0,2,0,1,1,0.9186355271859712,False
2,0,0,0,4,0,0,2,2,0,0,2,0,0,1,1,0.04953539977355211,True
2,1,0,2,0,1,0,1,0,2,1,1,0,0,0,3,0.8991245997818337,False
2,1,0,1,1,1,0,0,1,0,3,3,0,0,1,0,0.9116232389805117,False
2,1,2,1,0,0,1,0,0,1,2,0,0,0,3,1,0.04715289495547381,True
2,0,2,1,1,0,1,0,2,0,1,1,0,2,1,0,0.0805252339036597,True
2,0,3,0,0,1,0,2,0,1,1,4,0,0,0,0,0.9535568008150984,False
2,0,0,1,1,2,0,3,0,0,1,0,2,1,0,1,0.9165907714979574,False
2,1,1,1,0,1,3,0,0,1,0,1,0,1,2,0,0.11168657426512907,True
2,0,1,2,1,0,2,0,0,1,1,0,0,0,0,4,0.09846071147341413,True
2,0,0,1,3,0,2,1,0,1,0,0,0,1,3,0,0.06407728593984857,True
2,0,1,3,0,0,0,0,1,1,2,0,1,0,3,0,0.04931339557064358,True
2,0,2,0,1,1,0,1,0,1,2,0,0,2,2,0,0.054480381476643254,True
2,0,1,2,0,1,0,2,0,1,1,0,2,2,0,0,0.11036333222033777,True
2,2,2,0,0,0,0,0,2,1,1,1,3,0,0,0,0.06892462555607112,True
2,2,0,1,1,0,1,0,1,0,2,0,1,1,2,0,0.08520308237749318,True
2,0,2,0,0,2,0,3,0,0,1,1,3,0,0,0,0.03935133292096206,True
2,0,1,2,0,1,0,3,0,0,1,1,0,0,3,0,0.05682274633469679,True
2,1,0,0,1,2,2,0,0,2,0,0,2,0,0,2,0.029058742924351136,True
2,0,4,0,0,0,2,1,0,0,1,0,0,2,1,1,0.04509663782376818,True
2,1,1,0,1,1,1,1,2,0,0,1,1,1,0,1,0.8411008235084162,False
2,0,1,1,2,0,2,0,2,0,0,2,0,0,1,1,0.08417404659355189,True
2,1,3,0,0,0,2,2,0,0,0,2,0,0,0,2,0.041955819093703786,True
2,0,1,1,0,2,2,1,0,0,1,0,0,0,2,2,0.8983008844524351,False
2,1,1,1,0,1,1,3,0,0,0,0,0,2,1,1,0.05937761788049736,True
2,1,0,0,3,0,3,1,0,0,0,0,1,1,0,2,0.042316418110970186,True
2,0,1,2,0,1,0,3,0,1,0,1,1,1,0,1,0.04461938829536713,True
2,2,0,1,1,0,1,0,1,0,2,2,0,1,0,1,0.9273539822048619,False
2,1,0,0,1,2,1,1,1,0,1,2,1,0,0,1,0.9195500545477631,False
2,0,0,2,0,2,1,0,2,0,1,0,1,0,2,1,0.9178104409369104,False
2,2,0,2,0,0,0,2,0,0,2,0,1,1,0,2,0.9193498253650565,False
2,0,1,3,0,0,0,0,0,0,4,0,0,0,1,3,0.8491464644936275,False
2,2,2,0,0,0,1,1,0,2,0,2,1,0,1,0,0.07260615744296264,True
2,1,2,0,0,1,1,2,1,0,0,1,1,2,0,0,0.08704365174637987,True
2,1,1,0,2,0,1,1,1,1,0,2,1,0,1,0,0.07068699837028763,True
2,1,0,1,0,2,0,0,2,0,2,1,2,0,1,0,0.5783660300210574,False
2,0,0,0,4,0,0,1,0,0,3,1,1,1,1,0,0.009243984396379685,True
2,0,1,1,1,1,0,1,3,0,0,2,0,0,0,2,0.9249569876581766,False
2,0,3,0,1,0,1,0,3,0,0,3,0,0,0,1,0.07556987158717407,True
2,2,1,0,1,0,1,1,0,2,0,0,0,1,2,1,0.05334755828869985,True
2,1,1,1,1,0,1,3,0,0,0,0,3,0,0,1,0.056508802441165955,True
2,0,3,0,0,1,2,1,0,0,1,0,0,0,4,0,0.042814116931123636,True
2,1,1,0,1,1,0,0,0,3,1,0,1,0,3,0,0.042950672509035615,True
2,0,3,1,0,0,2,0,1,0,1,0,1,0,3,0,0.056608986805563234,True
2,0,3,0,1,0,0,3,0,0,1,0,1,1,1,1,0.038555800470678595,True
2,0,0,0,1,3,0,0,4,0,0,0,0,2,2,0,0.9120602602844115,False
2,1,1,1,1,0,1,1,2,0,0,0,0,2,1,1,0.0897540338838037,True
2,3,0,0,1,0,0,1,3,0,0,1,3,0,0,0,0.09556987158717403,True
2,0,1,1,2,0,1,3,0,0,0,0,3,0,1,0,0.0684,True
2,1,0,0,3,0,2,2,0,0,0,3,1,0,0,0,0.0745154265619327,True
2,1,1,1,0,1,1,0,1,0,2,1,2,0,1,0,0.13883356893523216,True
2,0,0,2,2,0,0,0,3,1,0,1,0,3,0,0,0.11989855995460699,True
2,0,1,0,3,0,0,4,0,0,0,0,2,0,1,1,0.04926824390000003,True
2,1,1,2,0,0,1,0,1,0,2,0,0,0,0,4,0.8690329455078398,False
2,0,1,1,2,0,2,1,0,1,0,0,0,0,0,4,-0.001883026200510887,True
2,0,0,3,0,1,0,0,1,3,0,1,2,1,0,0,0.06379557519797191,True
2,3,0,1,0,0,1,2,1,0,0,1,0,0,1,2,0.17684716380104892,True
2,2,0,0,0,2,0,1,1,2,0,0,1,2,0,1,0.04458344752606835,True
2,1,1,0,2,0,0,1,2,1,0,0,1,0,2,1,0.052058112828603856,True
2,0,2,0,0,2,2,1,0,1,0,0,1,2,1,0,0.04918962281650915,True
2,2,2,0,0,0,0,0,4,0,0,2,0,0,2,0,0.1129831042098998,True
2,0,2,0,2,0,0,1,2,1,0,0,2,0,0,2,0.030811606124533816,True
2,0,0,1,2,1,0,1,2,1,0,0,1,3,0,0,0.08526078930203453,True
2,0,3,1,0,0,1,2,0,1,0,2,0,0,1,1,0.054852394570974405,True
2,0,0,3,1,0,0,1,1,2,0,0,0,2,1,1,0.062052283062933755,True
2,1,0,0,2,1,0,0,2,1,1,1,1,1,0,1,0.938884027525694,False
2,0,1,0,0,3,1,0,0,0,3,0,0,1,3,0,0.06332058816520812,True
2,1,0,2,1,0,0,0,0,3,1,0,2,2,0,0,0.08435954867176905,True
2,2,1,0,0,1,2,1,0,1,0,0,0,3,0,1,0.15846071147341406,True
2,0,0,0,1,3,0,0,1,2,1,0,4,0,0,0,0.018052832862704114,True
2,0,0,0,0,4,0,0,1,0,3,0,0,3,0,1,0.8377179499370921,False
2,0,2,0,2,0,3,0,0,1,0,0,0,0,0,4,-0.001883026200510887,True
2,1,1,1,0,1,3,0,0,1,0,0,4,0,0,0,0.07294027359698876,True
2,2,1,0,1,0,2,0,2,0,0,1,0,2,1,0,0.16978647144779913,True
2,1,3,0,0,0,1,0,2,1,0,1,1,0,2,0,0.07444959735574129,True
2,1,0,2,1,0,1,0,1,1,1,0,2,2,0,0,0.1250557780006323,True
2,1,1,0,1,1,1,2,0,0,1,1,1,1,0,1,0.9372657854602178,False
2,0,0,1,2,1,1,1,0,0,2,1,0,2,0,1,0.918997361444301,False
2,0,0,3,0,1,0,0,0,0,4,2,0,1,0,1,0.8774264579157717,False
2,1,2,0,0,1,0,1,0,2,1,0,0,0,3,1,0.21895990140552854,True
2,0,1,0,0,3,3,0,1,0,0,1,0,0,0,3,0.8796966426956889,False
2,0,3,0,0,1,1,1,0,2,0,2,0,0,2,0,0.053278037635328464,True
2,2,0,2,0,0,3,0,0,0,1,1,2,0,1,0,0.6379318940552967,False
2,0,1,3,0,0,0,0,0,0,4,1,0,1,2,0,0.2302427966714433,False
2,0,0,0,2,2,1,1,0,1,1,0,0,1,0,3,0.8787549767368183,False
2,1,0,1,2,0,2,0,0,1,1,0,2,1,1,0,0.06289160603047785,True
2,2,1,0,1,0,1,2,0,0,1,0,0,2,1,1,0.07644048996425562,True
2,1,0,3,0,0,1,3,0,0,0,2,0,2,0,0,0.13580310776751908,True
2,0,0,3,0,1,1,1,1,1,0,1,0,0,2,1,0.10295652791258983,True
2,0,1,3,0,0,0,1,0,3,0,3,0,0,1,0,0.07288982329508563,True
2,2,2,0,0,0,0,0,0,4,0,0,1,0,1,2,0.02864046260334338,True
2,2,1,1,0,0,0,0,2,2,0,1,0,0,3,0,0.07496332795497819,True
2,2,0,1,1,0,0,1,1,2,0,2,0,0,2,0,0.0722997530329525,True
2,0,0,4,0,0,2,1,0,0,1,4,0,0,0,0,0.9771128178087128,False
2,0,2,2,0,0,0,3,0,0,1,0,2,0,2,0,0.05699022058510605,True
2,0,1,1,2,0,0,0,2,2,0,0,0,3,1,0,0.07010140587626941,True
2,2,0,0,0,2,0,0,0,3,1,0,1,1,1,1,0.9167112713100785,False
2,1,0,1,2,0,1,1,1,1,0,1,0,0,0,3,0.028096135744838775,True
2,0,2,1,0,1,0,3,0,1,0,2,0,2,0,0,0.06428499643922042,True
2,0,1,0,0,3,0,1,0,2,1,3,1,0,0,0,0.9009311450687428,False
2,2,1,0,1,0,0,0,2,2,0,1,0,2,0,1,0.0680961357448387,True
2,0,2,1,0,1,0,0,1,3,0,1,0,2,1,0,0.05725125932788933,True
2,1,1,1,0,1,1,1,1,0,1,2,0,0,0,2,0.9192962702181623,False
2,0,2,1,1,0,0,2,1,0,1,0,3,1,0,0,0.0576778792563837,True
2,0,0,4,0,0,1,0,0,2,1,0,0,2,2,0,0.41234486984520663,True
2,0,0,4,0,0,0,0,2,2,0,1,0,2,1,0,0.15997463294020428,True
2,0,1,3,0,0,0,0,4,0,0,1,1,0,2,0,0.13192592140729426,True
2,0,1,0,1,2,1,0,1,1,1,1,1,1,0,1,0.9193350725054178,False
2,0,0,0,0,4,1,0,1,0,2,0,0,1,2,1,0.8583729025788402,False
2,3,1,0,0,0,0,1,3,0,0,1,1,1,1,0,0.1149224900220729,True
2,1,3,0,0,0,1,0,1,1,1,1,1,0,1,1,0.05272001107147721,True
2,0,1,0,1,2,3,0,0,1,0,0,2,1,0,1,0.1499540179463964,True
2,0,0,3,1,0,1,1,2,0,0,0,0,0,1,3,0.15572889750783597,True
2,3,1,0,0,0,2,0,1,0,1,1,0,1,1,1,0.9485895774569092,False
2,0,1,0,3,0,1,0,0,2,1,0,2,1,0,1,0.03420763106930382,True
2,2,1,1,0,0,2,0,1,0,1,0,1,0,3,0,0.07908536848282602,True
2,1,0,0,1,2,0,1,0,3,0,0,0,0,4,0,0.02453517632856127,True
2,1,0,1,1,1,1,0,1,0,2,2,2,0,0,0,0.9131253806523687,False
2,0,1,0,0,3,1,0,0,0,3,2,1,0,0,1,0.8591863977497718,False
2,0,2,0,2,0,2,1,1,0,0,1,0,0,2,1,0.05581431566916102,True
2,1,1,1,0,1,0,0,1,2,1,1,0,2,0,1,0.9384472003607409,False
2,0,1,1,0,2,0,2,0,1,1,0,2,1,0,1,0.9165907714979574,False
2,0,0,1,1,2,0,1,2,0,1,2,1,0,1,0,0.39470219632014647,True
2,1,1,2,0,0,1,0,0,3,0,0,1,1,1,1,0.05854249533113952,True
2,0,0,0,2,2,1,1,2,0,0,1,0,2,1,0,0.14819242562332502,True
2,1,3,0,0,0,2,0,2,0,0,1,0,3,0,0,0.13547901125408865,True
2,1,1,2,0,0,1,1,2,0,0,0,0,2,0,2,0.621574132799132,False
2,3,0,1,0,0,1,0,0,1,2,1,0,0,1,2,0.9189069433984366,False
2,0,1,3,0,0,1,1,2,0,0,0,0,3,0,1,0.6431372123558412,False
2,0,1,0,1,2,1,0,1,2,0,0,0,1,1,2,0.027331664718164412,True
2,1,0,0,3,0,2,0,1,0,1,0,1,1,1,1,0.04832684887543923,True
2,0,1,0,2,1,2,0,0,1,1,2,1,0,0,1,0.9378093798426869,False
2,1,0,0,2,1,0,1,0,3,0,0,2,0,1,1,0.03264374836719588,True
2,0,2,0,2,0,0,2,0,0,2,0,0,0,1,3,-0.021288545322637183,True
2,1,1,0,1,1,0,0,3,1,0,0,1,0,3,0,0.06025391205138411,True
2,1,1,1,0,1,1,3,0,0,0,0,1,1,2,0,0.05910974842799667,True
2,0,0,1,2,1,0,0,3,0,1,1,1,0,0,2,0.9182095603186015,False
2,2,0,2,0,0,0,1,2,0,1,0,0,1,1,2,0.9369134441433755,False
2,0,1,0,0,3,3,0,0,0,1,1,0,2,1,0,0.9131043869713494,False
2,2,0,0,0,2,0,1,1,0,2,1,2,0,0,1,0.8988573767084389,False
2,0,3,0,0,1,0,0,0,4,0,0,1,0,0,3,-0.009236363141399166,True
2,0,2,2,0,0,1,1,2,0,0,2,1,0,1,0,0.09058168491946023,True
2,1,0,0,3,0,0,1,2,0,1,1,1,1,0,1,0.04770541893137893,True
2,0,0,2,2,0,2,0,1,1,0,1,1,1,0,1,0.07814144860379774,True
2,1,0,0,0,3,2,0,0,1,1,1,1,0,2,0,0.11395091110770399,True
2,0,0,0,1,3,0,1,0,0,3,0,0,4,0,0,0.8786666794211117,False
2,0,0,2,1,1,0,1,0,0,3,2,1,0,1,0,0.37248065058037416,True
2,3,0,0,0,1,0,2,1,0,1,0,0,0,2,2,0.9183008844524352,False
2,2,1,0,0,1,1,0,0,0,3,0,0,3,0,1,0.8989570148798232,False
2,0,1,2,1,0,1,1,1,1,0,2,1,0,0,1,0.06602771344242665,True
2,2,0,0,0,2,1,0,0,3,0,0,1,0,1,2,0.008326848875439288,True
2,0,0,3,0,1,1,0,1,2,0,0,0,1,3,0,0.06326272953053562,True
2,3,1,0,0,0,0,1,2,1,0,1,2,0,0,1,0.07913875812964301,True
2,0,0,0,2,2,1,1,2,0,0,3,1,0,0,0,0.14943265655346852,True
2,3,0,1,0,0,2,1,0,1,0,0,0,1,3,0,0.08809613574483868,True
2,3,0,0,1,0,3,1,0,0,0,0,1,0,0,3,0.1565044799445343,True
2,0,2,0,1,1,0,1,0,0,3,0,1,2,1,0,0.062311889476999456,True
2,0,1,2,1,0,0,0,0,0,4,2,0,0,2,0,0.02769508483621005,True
2,1,0,1,1,1,0,1,0,0,3,0,0,1,0,3,0.8593094563405399,False
2,0,1,0,1,2,0,2,0,1,1,0,1,1,1,1,0.9116059807693376,False
2,0,0,2,2,0,0,3,0,1,0,0,0,0,4,0,0.06399375,True
2,0,0,2,1,1,0,1,0,0,3,2,2,0,0,0,0.378389898725552,True
2,1,0,0,3,0,1,1,0,1,1,4,0,0,0,0,0.0669322188268681,True
2,0,1,1,2,0,1,3,0,0,0,0,0,0,0,4,-0.004969902812832604,True
2,0,3,0,0,1,1,0,0,3,0,0,0,1,0,3,0.001900041859252124,True
2,3,0,0,1,0,1,0,0,2,1,3,1,0,0,0,0.16562144753882296,True
2,2,0,0,1,1,0,1,0,2,1,2,1,0,1,0,0.10130272938500397,True
2,1,0,1,1,1,3,0,0,1,0,1,1,0,0,2,0.9205953858878283,False
2,3,1,0,0,0,3,0,0,0,1,0,2,0,1,1,0.8293185720747289,False
2,0,0,3,0,1,0,0,1,0,3,0,2,2,0,0,0.9069919057467037,False
2,0,0,0,4,0,0,1,3,0,0,0,1,0,3,0,0.06355063778837539,True
2,1,0,0,3,0,0,2,0,2,0,0,1,0,2,1,0.04522040603328384,True
2,0,2,0,2,0,1,1,0,0,2,1,0,0,0,3,-0.014736315459441804,True
2,0,1,0,1,2,1,3,0,0,0,0,0,2,0,2,0.018187251913133733,True
2,0,3,0,1,0,0,3,1,0,0,1,1,1,0,1,0.0516557274901104,True
2,0,1,1,1,1,1,2,0,0,1,2,0,1,0,1,0.9396338264053392,False
2,0,0,2,1,1,0,3,0,1,0,1,3,0,0,0,0.05484031391561936,True
2,0,1,0,3,0,3,1,0,0,0,0,2,0,1,1,0.052208075368235185,True
2,0,0,2,0,2,0,4,0,0,0,0,1,3,0,0,0.04713319247782936,True
2,1,1,0,2,0,3,0,0,0,1,0,1,1,1,1,0.05393224929401004,True
2,1,2,1,0,0,0,1,1,0,2,1,0,1,1,1,0.0833260505372538,True
2,2,0,0,0,2,1,1,1,0,1,0,0,0,3,1,0.9172242313870431,False
2,0,3,0,0,1,0,0,2,0,2,0,4,0,0,0,0.03882891407439986,True
2,0,1,0,0,3,3,1,0,0,0,0,0,4,0,0,0.9292638865043877,False
2,1,2,0,1,0,0,0,1,3,0,1,0,2,0,1,0.050901854588659784,True
2,0,0,2,2,0,1,1,0,1,1,1,0,2,0,1,0.08699089775824183,True
2,0,4,0,0,0,0,1,0,3,0,0,2,1,0,1,0.049076667875999964,True
2,1,0,0,0,3,0,0,0,1,3,0,0,3,0,1,0.8588163516340167,False
2,1,1,1,0,1,0,2,1,0,1,1,1,1,0,1,0.9395894419378987,False
2,0,0,3,1,0,0,1,0,0,3,0,1,2,0,1,0.9029253840720513,False
2,3,0,1,0,0,1,0,1,0,2,2,1,0,1,0,0.9443770538130558,False
2,0,0,3,0,1,3,0,1,0,0,1,0,3,0,0,0.9736794787659341,False
2,1,0,0,1,2,0,4,0,0,0,0,0,3,0,1,0.028924625556071205,True
2,0,0,1,1,2,0,1,1,2,0,1,0,1,1,1,0.03288613752552573,True
2,1,1,1,1,0,0,1,2,1,0,1,0,3,0,0,0.0921891176488969,True
2,3,1,0,0,0,1,2,0,0,1,2,1,0,0,1,0.8341511054918598,False
2,0,1,0,1,2,0,3,1,0,0,0,0,0,1,3,-0.007506829063054032,True
2,3,0,0,0,1,0,1,1,0,2,0,1,0,1,2,0.8992477958945967,False
2,0,1,0,3,0,1,1,1,0,1,0,4,0,0,0,0.049972663042953926,True
2,0,0,1,1,2,1,1,0,2,0,0,3,0,0,1,0.023874591891697546,True
2,1,2,1,0,0,2,0,1,0,1,0,1,2,1,0,0.09482701810900923,True
2,2,0,0,1,1,1,1,0,0,2,2,0,1,1,0,0.9298834820796271,False
2,2,2,0,0,0,1,0,0,1,2,1,0,0,0,3,0.09520631720673653,True
2,1,3,0,0,0,3,0,0,1,0,0,2,1,1,0,0.07556796893166401,True
2,1,0,1,0,2,0,0,2,2,0,1,0,1,0,2,0.5684658076495367,False
2,1,2,0,1,0,1,0,1,1,1,0,0,2,2,0,0.061205186267110405,True
2,0,0,2,1,1,0,0,2,0,2,0,2,2,0,0,0.9164244641843671,False
2,0,0,2,2,0,0,1,1,2,0,0,0,1,2,1,0.05069916776189307,True
2,0,0,2,1,1,1,0,0,1,2,2,1,1,0,0,0.9343792699704875,False
2,0,0,0,1,3,1,3,0,0,0,3,0,0,0,1,0.02665493408940238,True
2,0,1,0,2,1,2,1,0,0,1,2,1,1,0,0,0.9338131614058075,False
2,3,0,0,0,1,3,1,0,0,0,0,1,0,0,3,0.9054222518559701,False
2,1,2,0,0,1,0,0,0,1,3,0,1,3,0,0,0.9090196553246592,False
2,0,0,0,0,4,1,3,0,0,0,3,1,0,0,0,0.021453552066763904,True
2,1,0,3,0,0,0,3,0,0,1,3,0,1,0,0,0.9782856365343207,False
2,0,0,1,0,3,2,0,0,2,0,0,1,1,2,0,0.026569667034130866,True
2,3,0,1,0,0,0,2,1,0,1,0,1,2,0,1,0.9588598010638515,False
2,0,0,2,0,2,1,1,0,1,1,0,1,0,2,1,0.9177615816593448,False
2,3,0,0,0,1,1,1,0,0,2,0,0,1,1,2,0.8993912023571756,False
2,1,3,0,0,0,2,1,1,0,0,1,1,1,0,1,0.06930003833082682,True
2,0,1,1,2,0,1,1,0,2,0,0,0,4,0,0,0.07090185458865975,True
2,1,0,2,1,0,0,3,0,0,1,4,0,0,0,0,0.8539528482648544,False
2,0,1,0,0,3,1,0,0,2,1,1,0,0,3,0,0.027201267771060054,True
2,2,1,0,0,1,1,0,0,2,1,0,3,1,0,0,0.07780625869782051,True
2,0,2,0,2,0,0,0,0,0,4,1,1,2,0,0,0.0036303431558106923,True
2,0,2,0,2,0,1,0,1,0,2,3,0,0,0,1,0.032189117648896995,True
2,0,0,0,4,0,2,0,1,1,0,2,1,0,1,0,0.06573792917295365,True
2,0,0,1,2,1,1,1,0,0,2,0,0,0,0,4,0.8593295049403907,False
2,2,0,1,0,1,1,0,2,0,1,1,0,0,3,0,0.6084658076495365,False
2,1,1,0,0,2,0,0,3,1,0,0,0,0,0,4,0.8669483222016666,False
2,1,0,3,0,0,0,1,2,1,0,1,2,0,0,1,0.12429586041362999,True
2,1,1,0,0,2,0,0,0,1,3,0,0,3,0,1,0.8791226873571576,False
2,2,0,0,0,2,2,1,0,1,0,0,2,0,0,2,0.06423737568055156,True
2,0,0,2,1,1,3,0,1,0,0,3,0,0,0,1,0.9579534519172676,False
2,0,1,1,0,2,1,2,0,1,0,0,1,0,0,3,-0.0018777134704323348,True
2,2,1,0,1,0,0,0,0,0,4,0,1,1,0,2,0.09651500656348257,True
2,0,3,0,1,0,0,2,1,0,1,2,0,2,0,0,0.06428499643922042,True
2,1,1,2,0,0,1,1,0,2,0,1,0,0,3,0,0.07090185458865972,True
2,1,1,0,1,1,1,3,0,0,0,0,1,2,1,0,0.06192337065035889,True
2,3,1,0,0,0,0,4,0,0,0,0,0,3,1,0,0.07834091949567286,True
2,2,0,0,1,1,2,0,0,1,1,0,1,1,1,1,0.9380850381804392,False
2,0,1,0,2,1,1,1,0,0,2,2,0,0,0,2,0.89802704070174,False
2,0,0,0,0,4,1,1,0,0,2,0,2,0,0,2,0.8376372359290704,False
2,0,0,4,0,0,0,1,3,0,0,1,0,0,1,2,0.958842770174365,False
2,0,0,1,0,3,0,1,0,2,1,1,1,2,0,0,0.9095039247173271,False
2,1,2,1,0,0,1,0,2,0,1,0,0,0,4,0,0.06166716825045407,True
2,0,1,1,1,1,0,2,0,0,2,2,1,0,0,1,0.9167213223021561,False
2,0,4,0,0,0,0,1,0,0,3,1,2,1,0,0,0.01778265833338331,True
2,2,1,0,1,0,2,1,1,0,0,0,1,0,1,2,0.058870766913707996,True
2,1,0,1,2,0,1,2,0,0,1,2,2,0,0,0,0.0677737137647887,True
2,1,1,1,1,0,0,1,0,1,2,0,0,4,0,0,0.09833238501365237,True
2,0,0,3,1,0,0,0,0,2,2,0,1,0,1,2,0.12780765865041108,True
2,0,1,1,0,2,1,0,3,0,0,2,2,0,0,0,0.9374035824827744,False
2,0,0,0,1,3,0,2,2,0,0,0,0,1,1,2,0.04332605053850543,True
2,1,0,2,1,0,1,3,0,0,0,0,0,0,1,3,0.028998195324300813,True
2,2,0,0,0,2,2,1,0,0,1,1,0,0,2,1,0.9179161873808609,False
2,1,0,0,1,2,2,1,0,1,0,0,0,2,1,1,0.07998830647581368,True
2,1,3,0,0,0,0,3,0,0,1,0,1,1,0,2,0.028666068462007536,True
2,3,0,0,0,1,0,1,2,1,0,0,3,0,0,1,0.07948199184709082,True
2,1,0,0,0,3,0,0,4,0,0,0,3,1,0,0,0.6008158478074173,False
2,0,3,0,0,1,1,3,0,0,0,0,2,0,0,2,0.025570145784491728,True
2,2,0,2,0,0,0,0,3,1,0,2,2,0,0,0,0.31367247079501376,False
2,0,1,2,1,0,0,1,3,0,0,0,1,1,0,2,0.07007630765724501,True
2,0,2,1,1,0,0,1,0,0,3,0,1,0,1,2,-0.008281727752001596,True
2,1,2,0,0,1,0,0,0,4,0,1,0,0,0,3,-0.005880659257469182,True
2,0,1,3,0,0,0,1,0,3,0,1,3,0,0,0,0.07014067523575157,True
2,0,0,0,2,2,0,2,0,0,2,0,0,2,2,0,0.05484844386602697,True
2,0,0,1,1,2,1,1,1,0,1,1,2,0,1,0,0.07917730077386281,True
2,3,0,1,0,0,1,0,1,0,2,0,2,1,1,0,0.6182220465727767,False
2,0,2,1,0,1,1,0,2,1,0,1,3,0,0,0,0.07736670259095506,True
2,2,1,0,0,1,0,0,1,2,1,3,0,0,0,1,0.9393295049403908,False
2,1,3,0,0,0,0,0,1,1,2,1,0,0,3,0,0.037724887159910375,True
2,0,0,4,0,0,0,4,0,0,0,1,1,0,1,1,0.06668448281231815,True
2,1,0,0,0,3,1,0,3,0,0,1,2,1,0,0,0.9254164757083041,False
2,0,3,0,0,1,1,0,1,1,1,0,0,1,1,2,0.9190614583904849,False
2,0,1,2,1,0,0,0,1,0,3,0,0,0,0,4,0.5180828136796182,False
2,0,0,1,1,2,1,0,1,2,0,0,2,0,2,0,0.03588672418359619,True
2,1,0,0,1,2,2,0,2,0,0,1,0,0,0,3,0.8988163516340169,False
2,0,0,3,0,1,2,0,0,0,2,0,1,2,1,0,0.9244702924797827,False
2,0,3,0,1,0,2,1,0,1,0,1,1,0,1,1,0.05236397553332493,True
2,1,0,2,0,1,1,0,0,3,0,0,0,4,0,0,0.09989855995460704,True
2,0,0,3,0,1,0,0,0,1,3,0,1,0,1,2,0.8785815977293596,False
2,1,0,2,0,1,1,1,0,1,1,1,1,0,1,1,0.93894522905671,False
2,3,0,1,0,0,1,1,0,2,0,0,2,2,0,0,0.08729404040188331,True
2,1,0,0,0,3,0,2,0,1,1,1,1,1,1,0,0.11109632708221412,True
2,0,0,2,2,0,0,0,3,1,0,0,1,0,1,2,0.04832684887543923,True
2,0,1,0,0,3,0,0,1,0,3,0,1,3,0,0,0.8772837829670634,False
2,0,1,3,0,0,2,0,0,2,0,0,0,3,0,1,0.10760056426778129,True
2,0,0,2,0,2,4,0,0,0,0,1,0,2,1,0,0.9531953994815312,False
2,1,0,0,3,0,2,0,2,0,0,0,2,0,0,2,0.048723603612418634,True
2,3,1,0,0,0,0,1,1,0,2,0,0,1,0,3,0.888498112715362,False
2,0,1,0,1,2,0,1,3,0,0,1,2,1,0,0,0.0810204430782113,True
2,0,3,0,1,0,1,0,3,0,0,1,1,0,1,1,0.06485015561074746,True
2,2,0,0,2,0,0,1,0,0,3,2,0,0,0,2,0.08332058816520796,True
2,0,0,1,3,0,2,1,0,0,1,1,2,1,0,0,0.05896949023866489,True
2,3,0,1,0,0,2,2,0,0,0,0,0,0,2,2,0.1040923414654812,True
2,0,1,1,2,0,1,0,0,0,3,0,1,0,1,2,-0.006067750705989862,True
2,1,0,0,2,1,0,0,1,0,3,0,0,1,2,1,0.8971767123354861,False
2,0,1,3,0,0,1,1,2,0,0,2,1,1,0,0,0.17912515987536964,True
2,3,1,0,0,0,3,0,0,0,1,0,0,2,0,2,0.9301468780629345,False
2,0,1,1,2,0,2,0,0,1,1,3,0,0,0,1,0.062415889504070676,True
2,1,1,1,1,0,1,1,1,1,0,1,2,0,0,1,0.06212353422103649,True
2,0,4,0,0,0,0,2,0,1,1,0,1,2,1,0,0.05620779825550119,True
2,0,0,0,0,4,0,1,1,1,1,0,2,0,2,0,0.0033835156695479363,True
2,0,0,0,1,3,3,0,0,0,1,2,0,1,0,1,0.8995668902341142,False
2,2,2,0,0,0,3,0,1,0,0,0,3,1,0,0,0.09524799114664262,True
2,1,0,0,3,0,0,2,1,0,1,1,0,0,2,1,0.03853069560890764,True
2,0,4,0,0,0,0,1,0,0,3,0,1,1,2,0,0.014405725115393906,True
2,0,2,1,0,1,0,0,1,0,3,3,1,0,0,0,0.9134293247443954,False
2,0,2,2,0,0,1,0,0,2,1,0,0,1,0,3,0.06174781361100412,True
2,0,1,0,3,0,1,0,0,0,3,0,1,0,2,1,-0.004138186086281436,True
2,0,4,0,0,0,0,0,1,1,2,0,3,0,0,1,0.020702409806229796,True
2,0,2,0,1,1,3,1,0,0,0,0,0,4,0,0,0.8618194329084836,False
2,0,0,0,0,4,1,0,3,0,0,1,1,0,2,0,0.5752626664205563,False
2,1,0,1,2,0,0,0,2,1,1,0,3,1,0,0,0.06526368447324857,True
2,0,1,0,2,1,1,2,0,1,0,1,0,0,2,1,0.043933701172549605,True
2,1,0,1,2,0,0,0,1,2,1,0,0,0,1,3,0.02733166471767752,True
2,1,1,0,0,2,0,2,1,0,1,1,0,0,0,3,0.8800032425263944,False
2,0,1,2,0,1,0,3,0,1,0,0,0,0,2,2,0.021540470503981862,True
2,3,1,0,0,0,0,0,3,1,0,1,1,1,0,1,0.19656234702064618,True
2,0,3,0,1,0,0,2,0,1,1,2,0,0,1,1,0.039280378031335945,True
2,0,2,1,0,1,1,0,1,2,0,0,4,0,0,0,0.057259388000029846,True
2,0,2,0,1,1,1,1,2,0,0,0,1,1,0,2,0.16307241096886527,True
2,2,0,0,2,0,0,2,1,1,0,2,0,0,0,2,0.03811697379948904,True
2,1,1,0,2,0,0,1,0,3,0,2,1,0,0,1,0.0457733218809009,True
2,0,0,2,2,0,2,1,1,0,0,0,1,2,1,0,0.08503003347085872,True
2,2,0,1,0,1,0,1,2,1,0,0,1,2,0,1,0.17657286060868913,True
2,0,1,3,0,0,2,1,0,1,0,0,1,2,1,0,0.08832578390212857,True
2,1,0,0,1,2,0,0,0,2,2,1,0,1,0,2,0.8788594595319155,False
2,0,1,1,1,1,0,1,2,0,1,1,1,2,0,0,0.9553852124600505,False
2,0,1,3,0,0,0,0,1,3,0,0,1,0,3,0,0.06695579923525138,True
2,0,0,2,0,2,1,3,0,0,0,0,3,0,0,1,0.0337904437906544,True
2,2,0,1,0,1,1,2,0,0,1,0,0,3,0,1,0.9384622096257486,False
2,3,0,1,0,0,0,1,0,2,1,0,0,0,1,3,0.9183040588964848,False
2,0,0,3,0,1,1,1,1,0,1,1,1,1,1,0,0.935699333772979,False
2,0,0,0,2,2,0,0,4,0,0,0,0,0,1,3,0.8977570168359377,False
2,0,0,1,0,3,0,1,0,1,2,0,3,0,0,1,0.8765247853863549,False
2,0,0,2,1,1,0,4,0,0,0,0,1,0,3,0,0.05137779981028562,True
2,0,0,0,1,3,0,0,0,1,3,0,0,3,1,0,0.8689202071710207,False
2,4,0,0,0,0,1,0,2,1,0,0,0,2,1,1,0.9635673977905298,False
2,0,2,0,0,2,0,1,0,2,1,2,1,0,0,1,0.9125316143369971,False
2,2,0,0,1,1,0,1,1,1,1,1,0,1,0,2,0.919222780483671,False
2,1,0,2,0,1,2,1,0,0,1,0,1,1,0,2,0.9190423712936565,False
2,0,3,0,0,1,0,0,1,2,1,4,0,0,0,0,0.9585878088070854,False
2,0,4,0,0,0,4,0,0,0,0,0,1,0,0,3,0.028306044027923215,True
2,0,0,0,2,2,0,0,1,0,3,0,0,3,1,0,0.889304866517147,False
2,4,0,0,0,0,1,0,0,2,1,0,0,3,1,0,0.9689202071710205,False
2,3,0,0,0,1,1,2,1,0,0,0,1,0,3,0,0.06363034315581058,True
2,0,0,0,0,4,0,2,1,0,1,0,0,0,3,1,0.8755369901210884,False
2,0,2,1,1,0,1,3,0,0,0,1,1,1,1,0,0.07090002961673987,True
2,0,1,0,3,0,1,1,0,0,2,1,0,0,1,2,-0.0019464140383253351,True
2,0,2,1,0,1,1,1,1,1,0,0,0,4,0,0,0.1183444937686653,True
2,2,1,0,1,0,0,1,1,2,0,0,0,4,0,0,0.07811697379948898,True
2,0,2,1,0,1,0,0,3,1,0,1,0,0,1,2,0.8106046209076289,False
2,1,1,0,0,2,0,0,2,0,2,1,0,2,0,1,0.8977513434726059,False
2,0,1,0,0,3,1,1,0,1,1,0,0,2,1,1,0.8989490045676138,False
2,0,0,1,0,3,0,1,1,0,2,0,1,2,0,1,0.878462209625748,False
2,1,3,0,0,0,3,0,1,0,0,1,0,2,0,1,0.11381450133256968,True
2,0,1,2,1,0,1,3,0,0,0,0,1,1,0,2,0.04014678688579616,True
2,1,0,0,3,0,1,0,0,1,2,1,0,3,0,0,0.055927824070700335,True
2,0,0,3,1,0,0,4,0,0,0,2,1,1,0,0,0.07829103349726882,True
2,1,1,0,2,0,0,3,1,0,0,0,0,2,0,2,0.035030097187167326,True
2,0,0,0,0,4,0,1,1,0,2,0,1,0,3,0,-0.00568384715750231,True
2,1,0,1,1,1,0,1,0,3,0,1,1,1,1,0,0.05213115998257312,True
2,2,0,0,2,0,2,1,0,0,1,0,0,1,3,0,0.05724388479105443,True
2,0,0,4,0,0,1,3,0,0,0,1,0,0,0,3,0.07547901125408875,True
2,0,1,0,3,0,0,0,2,2,0,1,0,1,2,0,0.062996520797221,True
2,0,1,0,1,2,0,1,2,1,0,1,1,1,1,0,0.0491896215199433,True
2,1,1,0,0,2,1,0,1,1,1,2,1,1,0,0,0.9325852468875777,False
2,1,3,0,0,0,2,1,0,0,1,1,2,0,1,0,0.059624286654778993,True
2,1,0,2,0,1,0,1,0,2,1,0,3,0,0,1,0.9365340915849918,False
2,1,1,1,1,0,1,2,1,0,0,2,1,1,0,0,0.08612292428390014,True
2,3,1,0,0,0,3,1,0,0,0,2,1,1,0,0,0.17278298027785813,True
2,3,1,0,0,0,3,1,0,0,0,0,2,1,1,0,0.09527015803112113,True
2,1,1,1,1,0,0,0,2,1,1,1,2,1,0,0,0.07910875851023391,True
2,3,0,1,0,0,0,2,1,0,1,0,0,2,2,0,0.41234486984520663,True
2,0,2,2,0,0,1,1,0,1,1,0,0,0,0,4,0.04073260467890621,True
2,0,2,0,1,1,0,0,0,2,2,1,1,0,1,1,0.9117513741170391,False
2,2,0,2,0,0,0,1,0,2,1,0,0,4,0,0,0.9773988397454675,False
2,0,0,1,2,1,1,0,3,0,0,1,1,0,1,1,0.9581974317697489,False
2,0,1,0,2,1,1,0,0,2,1,2,0,1,0,1,0.9376511919419266,False
2,0,1,0,3,0,1,2,1,0,0,0,3,0,0,1,0.050036009779972065,True
2,0,2,0,1,1,0,2,1,0,1,0,0,1,2,1,0.9302514258147495,False
2,0,1,0,2,1,0,1,0,0,3,0,1,0,3,0,0.00641274249171252,True
2,1,1,1,0,1,0,0,0,3,1,1,3,0,0,0,0.06709297158885452,True
2,1,1,0,2,0,0,0,1,1,2,0,0,3,1,0,0.04645426852350311,True
2,0,0,2,0,2,2,1,0,0,1,0,1,1,1,1,0.9189817604787262,False
2,0,0,0,3,1,0,1,0,3,0,1,1,0,1,1,0.03316519593085872,True
2,0,1,0,3,0,0,0,2,1,1,0,3,0,0,1,0.03432538710516448,True
2,0,0,2,0,2,0,0,0,1,3,1,2,1,0,0,0.8782270670449318,False
2,0,1,1,0,2,0,1,2,1,0,2,0,2,0,0,0.15849653136961828,True
2,0,1,0,2,1,3,0,1,0,0,1,0,0,3,0,0.08720126777105996,True
2,2,0,2,0,0,1,2,0,1,0,1,0,2,1,0,0.10052523390365967,True
2,2,0,0,1,1,0,0,0,1,3,1,0,0,1,2,0.8781812500000004,False
2,0,0,4,0,0,0,1,1,0,2,0,0,1,2,1,0.9364694952524676,False
2,0,0,0,4,0,0,1,2,0,1,2,2,0,0,0,0.05119439167627278,True
2,0,1,1,1,1,0,0,0,1,3,1,1,2,0,0,0.9095039247173271,False
2,1,3,0,0,0,2,0,1,0,1,0,3,1,0,0,0.06278762566569286,True
2,2,2,0,0,0,1,0,1,0,2,0,2,1,1,0,0.055491198146578734,True
2,1,3,0,0,0,0,1,1,1,1,0,4,0,0,0,0.05527223985854009,True
2,0,0,2,2,0,3,0,0,1,0,1,1,1,0,1,0.07814144860379774,True
2,0,1,0,1,2,0,2,0,2,0,1,2,0,0,1,0.0171188096195131,True
2,0,0,1,2,1,0,2,1,0,1,1,1,2,0,0,0.9394801798828873,False
2,0,1,2,1,0,0,0,2,0,2,2,0,1,1,0,0.12978647144779917,True
2,2,1,0,0,1,1,0,1,1,1,1,2,0,0,1,0.9385907774751593,False
2,1,1,1,0,1,0,1,1,2,0,0,0,1,1,2,0.03288613752808347,True
2,1,1,0,2,0,1,3,0,0,0,0,1,3,0,0,0.07251316662766626,True
2,0,4,0,0,0,0,0,3,1,0,0,0,3,1,0,0.07721587610026251,True
2,0,0,2,0,2,1,1,0,1,1,1,0,2,0,1,0.9181101118593372,False
2,0,0,0,3,1,0,2,2,0,0,1,0,0,1,2,0.04793079941905903,True
2,0,1,1,1,1,4,0,0,0,0,0,0,3,1,0,0.9713966216863545,False
2,0,0,1,3,0,0,2,0,2,0,0,0,0,1,3,0.005629772723292515,True
2,1,0,1,0,2,0,1,3,0,0,0,2,0,0,2,0.8958671525438223,False
2,0,0,0,4,0,0,2,2,0,0,0,4,0,0,0,0.0667888888888889,True
2,0,0,2,1,1,0,0,1,0,3,2,1,0,0,1,0.8986666794211121,False
2,0,0,1,0,3,0,0,1,1,2,1,0,1,1,1,0.8783064539983675,False
2,0,0,2,2,0,1,0,1,0,2,0,0,0,1,3,0.10020782803374953,True
2,1,1,0,0,2,1,0,0,1,2,1,1,2,0,0,0.9127353885009809,False
2,2,2,0,0,0,0,1,3,0,0,1,0,1,1,1,0.09170244132199776,True
2,1,1,2,0,0,1,1,0,0,2,0,1,0,1,2,0.79893605753781,False
2,0,0,3,0,1,1,0,2,0,1,1,2,0,1,0,0.6192148584302206,False
2,2,2,0,0,0,0,0,3,0,1,2,2,0,0,0,0.09509454656324819,True
2,0,1,1,0,2,0,0,0,3,1,1,1,1,0,1,0.9187662597346676,False
2,2,1,0,0,1,0,0,0,4,0,1,0,0,2,1,0.03197949402661644,True
2,0,1,1,1,1,0,1,1,0,2,2,0,1,1,0,0.9288813328965916,False
2,0,0,2,1,1,0,0,2,2,0,0,2,1,1,0,0.06289160603047785,True
2,0,2,0,2,0,0,1,0,3,0,0,1,1,1,1,0.04524801959183677,True
2,2,2,0,0,0,3,0,0,1,0,3,0,0,1,0,0.10052523390365967,True
2,1,0,2,1,0,2,0,0,2,0,0,1,0,1,2,0.04832684887543923,True
2,1,0,2,1,0,1,0,0,2,1,1,1,0,1,1,0.167807658650411,True
2,2,0,0,0,2,0,0,1,0,3,1,1,1,1,0,0.8840558597371178,False
2,0,2,2,0,0,0,2,0,1,1,0,0,2,0,2,0.06109667720342282,True
2,0,1,1,0,2,2,1,1,0,0,0,0,3,0,1,0.9313087192384907,False
2,0,0,0,1,3,0,1,0,3,0,1,0,1,0,2,-0.0184051982692436,True
2,0,0,2,2,0,2,1,1,0,0,0,0,3,0,1,0.10760056426778129,True
2,2,0,1,0,1,1,0,1,1,1,0,1,1,2,0,0.15395091110770392,True
2,1,0,0,2,1,0,1,1,1,1,0,0,1,3,0,0.05682274629115941,True
2,1,0,0,0,3,1,1,0,1,1,1,1,0,0,2,0.8783119405470022,False
2,0,0,2,2,0,0,0,2,0,2,0,1,2,0,1,0.1413622891106131,True
2,2,0,1,0,1,0,3,1,0,0,2,0,2,0,0,0.11482207078117619,True
2,0,3,0,1,0,2,0,0,1,1,0,1,0,2,1,0.03948633988513984,True
2,0,1,0,0,3,2,1,0,1,0,0,0,1,0,3,0.0784402302799165,True
2,1,1,0,1,1,1,0,0,1,2,1,2,0,0,1,0.9151762672673059,False
2,1,2,0,1,0,0,1,0,1,2,2,0,0,1,1,0.03130515022253897,True
2,1,1,0,1,1,3,0,0,0,1,1,0,1,1,1,0.9389431262837178,False
2,1,1,0,2,0,0,0,2,1,1,1,2,0,1,0,0.05613546518814289,True
2,2,2,0,0,0,2,0,0,2,0,0,3,1,0,0,0.07503009718716727,True
2,0,0,1,0,3,0,0,1,2,1,0,3,0,0,1,0.8985878088070851,False
2,0,0,0,1,3,0,1,1,0,2,0,0,3,1,0,0.8913966216863546,False
2,1,0,0,2,1,1,1,1,0,1,0,1,1,1,1,0.9382179153374571,False
2,1,2,0,0,1,0,0,2,0,2,0,2,1,0,1,0.9197576925149635,False
2,1,1,1,1,0,2,0,1,1,0,0,0,2,2,0,0.08249129418505977,True
2,1,0,3,0,0,2,0,1,1,0,2,0,1,1,0,0.919291457354175,False
2,3,1,0,0,0,2,0,1,1,0,0,0,3,1,0,0.16978647144779913,True
2,0,0,2,1,1,0,1,2,1,0,0,0,3,1,0,0.09684272668028435,True
2,1,1,2,0,0,2,0,0,0,2,0,2,0,0,2,0.9033874135999409,False
2,1,2,0,0,1,1,0,2,0,1,0,0,1,3,0,0.08699089777755993,True
2,1,0,1,1,1,1,0,2,1,0,2,1,0,1,0,0.11887758469531753,True
2,0,2,0,2,0,2,0,2,0,0,0,0,4,0,0,0.0921891176488969,True
2,1,0,0,0,3,2,0,1,0,1,0,0,0,4,0,0.07997463294020431,True
2,4,0,0,0,0,0,1,1,0,2,2,0,2,0,0,0.958652638074619,False
2,0,1,0,3,0,0,2,0,2,0,1,0,1,1,1,0.045218110710059205,True
2,0,0,0,4,0,1,1,1,0,1,0,0,1,2,1,0.03197949402661644,True
2,1,1,0,1,1,2,0,0,0,2,2,0,2,0,0,0.9394666929228223,False
2,0,2,0,2,0,0,0,1,1,2,0,2,0,2,0,0.029427721497501728,True
2,0,0,0,2,2,1,3,0,0,0,0,4,0,0,0,0.034934434606338834,True
2,0,3,0,1,0,0,1,2,0,1,0,0,2,1,1,0.04444994793332153,True
2,0,1,0,3,0,0,0,1,3,0,1,0,0,0,3,0.004077285939848664,True
2,1,2,0,0,1,0,0,2,1,1,1,0,0,3,0,0.06720126777246622,True
2,2,0,0,2,0,1,2,1,0,0,3,0,1,0,0,0.0921891176488969,True
2,0,2,0,2,0,0,3,1,0,0,0,1,2,1,0,0.06839999999999999,True
2,0,0,1,1,2,0,0,2,2,0,1,3,0,0,0,0.045263684473248605,True
2,1,0,2,1,0,1,0,0,3,0,0,1,1,2,0,0.06727897702980225,True
2,0,2,0,0,2,1,0,3,0,0,1,2,1,0,0,0.42344873022706536,True
2,2,1,0,0,1,2,0,2,0,0,3,1,0,0,0,0.9724573652950612,False
2,0,1,1,1,1,2,0,0,0,2,1,1,0,0,2,0.899550054547763,False
2,1,1,1,1,0,0,0,0,1,3,0,2,0,0,2,0.01802504978456899,True
2,0,0,2,0,2,0,1,0,3,0,1,0,1,2,0,0.032299753032952565,True
2,1,0,1,1,1,0,0,0,1,3,0,1,1,0,2,0.8792912913954003,False
2,2,0,1,0,1,0,1,0,3,0,2,1,1,0,0,0.06059551394942117,True
2,1,0,1,1,1,0,0,4,0,0,1,2,0,1,0,0.1809927656455475,True
2,0,3,1,0,0,3,0,0,1,0,0,0,0,0,4,0.01556039243925717,True
2,2,0,0,2,0,0,1,0,1,2,2,0,0,2,0,0.041424861958527626,True
2,0,0,3,0,1,0,0,0,4,0,0,2,0,2,0,0.046142434107136546,True
2,0,1,3,0,0,1,2,1,0,0,4,0,0,0,0,0.13547901125408865,True
2,0,1,1,2,0,1,1,1,0,1,0,2,0,2,0,0.0518791820710702,True
2,1,0,3,0,0,0,2,0,1,1,0,1,3,0,0,0.9781213342147737,False
2,0,0,0,1,3,1,1,0,2,0,1,1,0,1,1,0.007410817397564097,True
2,0,0,0,2,2,1,0,0,3,0,1,0,1,0,2,0.006932218826652664,True
2,2,2,0,0,0,0,1,0,0,3,2,1,1,0,0,0.060549898419187925,True
2,2,0,1,0,1,1,2,0,1,0,1,2,0,1,0,0.06155902475525545,True
2,1,1,0,0,2,1,1,0,0,2,4,0,0,0,0,0.9194834422818972,False
2,1,3,0,0,0,3,0,0,1,0,1,0,2,0,1,0.07556197250335359,True
2,0,0,4,0,0,0,1,2,0,1,2,0,1,0,1,0.9531518413565174,False
2,1,3,0,0,0,1,1,0,2,0,0,1,2,0,1,0.053557788816848695,True
2,0,1,1,1,1,4,0,0,0,0,2,0,0,0,2,0.9395927543275632,False
2,1,1,1,0,1,1,0,0,1,2,2,0,0,0,2,0.8995927543275631,False
2,1,0,0,1,2,0,0,3,0,1,0,0,2,2,0,0.9120547356930675,False
2,0,0,3,1,0,0,0,2,2,0,0,0,0,2,2,0.04792511764420444,True
2,1,2,0,1,0,0,0,3,1,0,2,1,1,0,0,0.08363034315581057,True
2,4,0,0,0,0,0,0,3,0,1,2,0,0,1,1,0.9577739250108336,False
2,2,2,0,0,0,0,0,0,4,0,1,0,0,2,1,0.048490609621765955,True
2,1,2,1,0,0,0,2,0,2,0,0,2,1,0,1,0.052462535261185245,True
2,2,0,1,0,1,1,1,1,0,1,0,0,4,0,0,0.9567844860195822,False
2,0,2,0,0,2,2,0,2,0,0,0,1,0,0,3,0.8997402176677701,False
2,1,0,3,0,0,2,0,1,1,0,1,2,0,1,0,0.12983904327308918,True
2,1,1,2,0,0,0,0,0,0,4,1,1,0,2,0,0.0519259214072944,True
2,0,2,1,0,1,2,2,0,0,0,1,0,0,1,2,0.058513458992648724,True
2,0,4,0,0,0,0,3,1,0,0,1,0,1,0,2,0.10722579863854331,True
2,1,2,1,0,0,0,2,2,0,0,0,0,0,0,4,0.01610263349784058,True
2,1,2,1,0,0,0,0,0,4,0,0,0,0,1,3,0.009535399773552182,True
2,0,0,0,3,1,0,1,1,0,2,1,1,0,2,0,0.04201878492431082,True
2,3,0,0,1,0,1,0,1,1,1,1,0,2,0,1,0.9438156347990302,False
2,0,1,1,2,0,2,0,0,0,2,0,2,2,0,0,0.04729404040188337,True
2,1,1,2,0,0,0,1,3,0,0,1,1,2,0,0,0.17989949073389752,True
2,0,0,1,1,2,1,3,0,0,0,0,1,0,1,2,0.012720011071477277,True
2,1,1,1,1,0,0,1,2,0,1,1,2,0,0,1,0.07804513715581733,True
2,1,0,1,1,1,3,0,0,1,0,0,1,1,1,1,0.8306046209076289,False
2,2,0,0,0,2,0,2,1,1,0,0,0,3,0,1,0.0738329333400399,True
2,0,1,0,1,2,2,2,0,0,0,0,1,0,0,3,0.017287231617667154,True
2,1,1,2,0,0,0,3,1,0,0,0,1,1,1,1,0.06651911030167096,True
2,1,0,1,2,0,0,2,0,1,1,0,0,2,2,0,0.05780358510978311,True
2,0,0,2,2,0,0,0,0,3,1,2,0,0,0,2,0.047201267770689545,True
2,0,0,0,1,3,0,1,1,0,2,0,0,0,3,1,0.875770546567788,False
2,4,0,0,0,0,0,0,2,1,1,1,1,1,0,1,0.9589079388484617,False
2,0,0,0,3,1,0,1,0,1,2,2,0,1,0,1,0.9176511919419266,False
2,1,1,0,0,2,0,1,2,1,0,0,2,2,0,0,0.059106931643162074,True
2,0,2,1,0,1,1,0,0,3,0,0,1,3,0,0,0.060253912052042856,True
2,3,1,0,0,0,0,3,0,0,1,1,1,1,0,1,0.17739408115260807,True
2,0,3,1,0,0,0,0,1,1,2,1,0,0,0,3,0.008405054043542175,True
2,0,0,2,1,1,0,1,0,3,0,0,0,0,2,2,0.01559455261640669,True
2,0,0,3,1,0,0,0,4,0,0,2,0,1,0,1,0.967534633014207,False
2,0,1,0,0,3,0,0,3,1,0,0,1,0,3,0,0.024890672090425447,True
2,1,0,0,1,2,0,3,1,0,0,0,1,2,1,0,0.04515609708999212,True
2,0,0,2,2,0,0,0,2,0,2,2,1,1,0,0,0.1267644385434315,True
2,1,1,0,1,1,0,2,0,1,1,1,1,2,0,0,0.24079819085226034,True
2,0,0,3,0,1,2,1,0,1,0,0,0,0,2,2,0.08295652791258988,True
2,1,2,0,1,0,0,0,2,0,2,2,1,0,1,0,0.04832578390212865,True
2,0,0,2,0,2,0,2,0,1,1,1,2,1,0,0,0.1397442457005554,True
2,1,1,1,0,1,1,0,1,1,1,2,0,0,2,0,0.3923448698452066,True
2,0,1,1,1,1,0,1,2,1,0,1,0,0,3,0,0.057907363550779564,True
2,0,0,0,1,3,0,1,2,0,1,0,0,0,4,0,0.01466439809526573,True
2,0,1,0,0,3,1,0,2,1,0,1,0,3,0,0,0.9275584971813666,False
2,2,1,0,0,1,4,0,0,0,0,0,0,0,0,4,0.8997824834558651,False
2,0,1,1,1,1,3,0,0,1,0,0,3,0,1,0,0.06527499161143079,True
2,0,1,0,0,3,0,1,3,0,0,0,0,0,3,1,0.14302392906076294,True
2,3,1,0,0,0,0,0,0,2,2,3,0,0,1,0,0.1452078971911298,True
2,3,0,0,0,1,0,1,1,0,2,0,2,0,2,0,0.059183984794602906,True
2,1,1,0,1,1,0,0,4,0,0,0,2,0,2,0,0.08338351566954781,True
2,0,0,0,3,1,1,0,1,2,0,0,1,0,2,1,0.04581372288566283,True
2,0,2,1,0,1,0,0,2,1,1,0,1,0,1,2,0.9188942200504376,False
2,0,4,0,0,0,1,0,0,0,3,2,1,0,0,1,0.00830604402792324,True
2,0,2,0,0,2,0,0,2,2,0,1,0,3,0,0,0.08699089777755993,True
2,1,0,0,2,1,2,0,1,1,0,2,1,1,0,0,0.1656524115432107,True
2,2,0,0,0,2,3,0,0,0,1,1,2,0,0,1,0.9183623265230285,False
2,0,1,3,0,0,0,3,0,1,0,0,1,2,0,1,0.06015232536750649,True
2,0,2,0,0,2,1,0,0,0,3,1,1,2,0,0,0.8928109246357427,False
2,0,0,3,1,0,1,0,1,0,2,0,1,1,2,0,0.08520308237749318,True
2,0,2,0,1,1,2,1,0,1,0,2,0,0,0,2,0.056166819602575926,True
2,2,0,0,2,0,1,3,0,0,0,0,4,0,0,0,0.0697479730276681,True
2,1,0,1,1,1,0,0,3,1,0,1,1,1,1,0,0.11887758469531753,True
2,1,3,0,0,0,0,2,0,0,2,1,1,0,0,2,0.011869209387480472,True
2,1,1,0,2,0,0,0,1,3,0,2,0,0,2,0,0.062996520797221,True
2,0,1,1,2,0,0,0,0,4,0,3,0,0,0,1,0.044077285939848596,True
2,0,3,0,1,0,1,2,0,1,0,1,0,0,2,1,0.050518672098765455,True
2,3,0,1,0,0,1,1,0,0,2,1,1,2,0,0,0.9564718514607361,False
2,0,0,0,3,1,0,0,4,0,0,0,1,2,1,0,0.17636111212670094,True
2,1,0,1,2,0,1,3,0,0,0,0,1,2,1,0,0.07260615744296264,True
2,1,1,0,0,2,0,3,0,0,1,0,0,2,0,2,0.8999944456134444,False
2,0,2,0,2,0,1,1,0,2,0,1,1,0,2,0,0.06462222222222222,True
2,0,1,0,3,0,1,0,1,1,1,0,1,0,0,3,-0.0016952481980462108,True
2,0,0,0,1,3,1,0,1,1,1,0,0,0,1,3,0.858427647536621,False
2,1,0,2,0,1,0,2,0,2,0,2,0,1,1,0,0.06166716825045403,True
2,1,0,1,2,0,0,2,1,1,0,0,0,1,3,0,0.06643733769755213,True
2,1,1,1,1,0,1,0,0,1,2,0,2,0,2,0,0.0388119825366598,True
2,3,0,1,0,0,0,2,0,2,0,0,0,3,1,0,0.081667168250454,True
2,1,0,0,0,3,0,0,2,0,2,1,2,1,0,0,0.8855390404500842,False
2,2,0,0,0,2,1,0,1,1,1,1,0,1,1,1,0.9187463885751783,False
2,0,2,0,0,2,0,2,0,0,2,0,0,1,1,2,0.8771872454960304,False
2,2,1,1,0,0,2,1,1,0,0,0,0,1,0,3,0.5984026021283319,False
2,1,0,0,0,3,1,2,1,0,0,0,1,0,0,3,0.09469044655000894,True
2,0,1,0,0,3,2,0,0,2,0,0,1,1,2,0,0.020222247582201435,True
2,1,0,1,2,0,1,1,1,1,0,0,2,2,0,0,0.0761369347852976,True
2,0,0,0,2,2,1,0,0,1,2,0,0,0,2,2,0.8742553789916423,False
2,0,0,0,0,4,2,0,1,1,0,1,0,0,1,2,0.8630599893867507,False
2,0,1,0,1,2,1,2,0,0,1,0,0,0,4,0,0.022814116930610993,True
2,3,1,0,0,0,3,0,1,0,0,0,0,1,0,3,0.9306685043475406,False
2,1,0,2,1,0,0,0,0,2,2,0,0,1,3,0,0.04693221882665261,True
2,2,0,2,0,0,0,0,3,0,1,1,2,1,0,0,0.967397380120474,False
2,1,0,0,3,0,1,0,0,0,3,1,0,1,1,1,0.01766806600277311,True
2,1,0,3,0,0,1,2,0,0,1,0,0,2,1,1,0.9576368769172865,False
2,1,0,1,1,1,2,1,1,0,0,0,0,1,1,2,0.9231971711523,False
2,1,1,2,0,0,1,0,0,3,0,2,0,1,0,1,0.0680961357448387,True
2,2,1,1,0,0,0,1,0,0,3,1,1,0,2,0,0.046152423034154344,True
2,0,0,3,1,0,0,0,0,3,1,0,2,1,0,1,0.10698304593416783,True
2,0,0,1,1,2,0,0,0,1,3,0,1,0,2,1,0.876239041790723,False
2,0,0,3,1,0,1,0,1,2,0,2,0,0,0,2,0.07989855995460707,True
2,0,2,1,0,1,0,1,1,2,0,0,0,2,2,0,0.05507430346326643,True
2,0,1,3,0,0,1,1,0,2,0,3,1,0,0,0,0.08363034315581057,True
2,0,0,0,0,4,0,0,1,1,2,0,3,1,0,0,0.07877850870665487,True
2,0,0,1,0,3,0,0,4,0,0,0,0,1,1,2,0.8953727901535442,False
2,1,0,0,3,0,0,0,2,0,2,0,3,1,0,0,0.03811697379948903,True
2,1,0,2,0,1,1,1,1,0,1,0,4,0,0,0,0.08302345637740252,True
2,0,1,1,2,0,0,1,0,2,1,2,0,1,0,1,0.046896152147601004,True
2,0,1,0,0,3,0,1,0,1,2,1,0,1,1,1,0.8780760920137174,False
2,0,1,0,3,0,1,2,0,1,0,2,0,0,2,0,0.06462222222222222,True
2,0,1,0,0,3,3,0,0,1,0,3,0,1,0,0,0.9252023816563548,False
2,0,2,2,0,0,2,1,0,0,1,2,1,0,1,0,0.07932455313011066,True
2,1,0,0,0,3,1,0,1,2,0,2,1,0,0,1,0.12136228911061311,True
2,0,2,1,0,1,0,0,2,2,0,0,3,1,0,0,0.0614125238364415,True
2,1,0,0,2,1,0,0,2,1,1,1,1,0,0,2,0.9189112090808961,False
2,0,3,0,0,1,0,2,0,1,1,0,0,2,0,2,0.9177895191990421,False
2,0,0,2,0,2,2,1,1,0,0,0,0,1,2,1,0.9234715510637048,False
2,0,2,0,2,0,0,0,0,1,3,0,2,0,2,0,0.009427721497501759,True
2,2,0,1,1,0,1,1,1,1,0,0,1,3,0,0,0.09908536848282598,True
2,2,1,0,1,0,0,0,3,1,0,1,0,2,1,0,0.09592476557341177,True
2,0,2,0,1,1,3,0,1,0,0,3,0,0,0,1,0.9596977053567445,False
2,1,0,1,1,1,1,0,1,0,2,2,0,1,0,1,0.9182665532266527,False
2,0,1,1,0,2,2,2,0,0,0,0,0,3,1,0,0.08193474484992942,True
2,0,1,0,1,2,0,2,1,0,1,1,1,0,1,1,0.9141609115457114,False
2,1,1,1,1,0,2,0,0,2,0,3,0,0,0,1,0.0680961357448387,True
2,0,2,0,0,2,1,2,0,0,1,0,1,3,0,0,0.9212308122087154,False
2,0,0,1,3,0,1,0,0,0,3,1,3,0,0,0,0.018116973799489067,True
2,0,1,1,2,0,1,0,1,0,2,0,0,3,1,0,0.05592476557341184,True
2,0,1,0,3,0,2,0,1,1,0,0,0,3,1,0,0.07010140587626941,True
2,0,0,4,0,0,0,2,2,0,0,0,0,0,2,2,0.11078245326929585,True
2,2,0,1,0,1,0,1,2,1,0,0,4,0,0,0,0.06612422038918243,True
2,0,0,0,3,1,2,0,2,0,0,3,0,1,0,0,0.9786695579589485,False
2,2,0,0,2,0,1,1,0,0,2,0,3,1,0,0,0.0452636845405581,True
2,0,1,0,0,3,0,0,2,1,1,1,1,0,0,2,0.8795010889982232,False
2,2,0,0,0,2,0,2,0,2,0,0,1,1,0,2,0.006027713442426762,True
2,1,1,2,0,0,2,2,0,0,0,2,0,0,0,2,0.0934726570906735,True
2,3,0,0,0,1,1,0,2,0,1,0,0,1,1,2,0.9180631826785552,False
2,2,0,0,1,1,0,4,0,0,0,1,1,0,2,0,0.054405695044921536,True
2,0,0,3,0,1,0,0,1,1,2,1,1,1,0,1,0.9175009144889029,False
2,1,3,0,0,0,0,1,3,0,0,1,0,0,2,1,0.06611192717967132,True
2,0,1,3,0,0,1,2,0,0,1,0,1,2,0,1,0.8454080267575876,False
2,1,0,0,0,3,3,0,1,0,0,2,1,1,0,0,0.9358148189469858,False
2,3,0,0,1,0,2,0,0,0,2,0,0,3,1,0,0.8792914573541749,False
2,0,0,1,1,2,0,3,0,0,1,0,0,4,0,0,0.9386264098558298,False
2,0,2,1,0,1,0,0,4,0,0,0,0,1,1,2,0.9365675906421532,False
2,0,0,0,4,0,0,4,0,0,0,0,2,2,0,0,0.0667888888888889,True
2,0,0,1,3,0,3,1,0,0,0,0,0,3,0,1,0.0680961357448387,True
2,1,0,0,0,3,0,2,1,0,1,1,2,0,0,1,0.8986581681130626,False
2,1,1,2,0,0,1,1,2,0,0,0,0,3,0,1,0.6423104067791909,False
2,0,2,1,0,1,0,4,0,0,0,2,1,1,0,0,0.06019094348679442,True
2,0,2,0,1,1,0,1,1,2,0,0,2,0,1,1,0.03842509609747069,True
2,1,0,3,0,0,1,0,0,1,2,1,0,0,1,2,0.9181100258332747,False
2,0,0,0,0,4,0,0,3,0,1,0,1,2,1,0,0.8844702924797827,False
2,2,2,0,0,0,2,1,0,0,1,1,0,1,0,2,0.13666795739994556,True
2,0,2,2,0,0,0,1,1,2,0,1,0,1,1,1,0.05793160080855591,True
2,0,0,1,3,0,0,1,1,2,0,0,1,2,1,0,0.0645621957379456,True
2,1,0,2,0,1,2,0,1,0,1,0,1,0,3,0,0.12676443854343147,True
2,0,0,0,1,3,2,0,2,0,0,1,3,0,0,0,0.13947357767197813,True
2,1,0,2,0,1,0,0,0,2,2,0,1,2,0,1,0.9186580861083748,False
2,0,3,1,0,0,0,0,2,0,2,0,1,1,2,0,0.04228681307140364,True
2,0,0,0,1,3,1,1,0,0,2,2,0,2,0,0,0.8994666929228221,False
2,0,0,0,0,4,2,1,0,1,0,0,3,0,0,1,0.0194618366218244,True
2,2,0,2,0,0,0,0,4,0,0,0,0,1,0,3,0.9319725616105138,False
2,0,0,0,2,2,1,0,0,2,1,0,2,1,1,0,0.04525535219125125,True
2,3,0,1,0,0,2,2,0,0,0,0,1,1,2,0,0.09452912703100613,True
2,0,1,0,3,0,0,0,3,0,1,0,0,3,0,1,0.04809613574483874,True
2,1,0,0,3,0,1,0,2,0,1,2,0,0,2,0,0.058147491781584605,True
2,2,1,0,1,0,1,0,3,0,0,4,0,0,0,0,0.658082813679618,False
2,0,3,0,1,0,2,1,0,1,0,0,3,0,1,0,0.0684,True
2,1,1,0,1,1,2,0,1,0,1,0,0,0,1,3,0.8989516625791519,False
2,1,1,0,0,2,1,0,0,3,0,1,0,2,0,1,0.03592782407345852,True
2,3,0,0,1,0,2,1,0,0,1,0,0,4,0,0,0.9666682730525951,False
2,0,4,0,0,0,3,0,0,1,0,0,0,0,2,2,0.037873003893664846,True
2,0,1,0,3,0,1,2,0,1,0,0,2,1,0,1,0.04759318703328398,True
2,0,1,0,3,0,1,1,0,0,2,2,1,1,0,0,0.03691083518833655,True
2,0,0,0,3,1,0,3,0,0,1,2,0,0,0,2,0.9164286235466412,False
2,1,1,0,1,1,0,2,0,1,1,0,0,2,2,0,0.07448038147664322,True
2,0,1,3,0,0,1,1,1,0,1,0,0,3,1,0,0.4513072774675316,True
2,1,0,0,0,3,4,0,0,0,0,2,0,0,2,0,0.9185108212608818,False
2,3,0,1,0,0,0,1,2,0,1,0,3,1,0,0,0.18289656050197012,True
2,1,0,3,0,0,1,0,2,0,1,1,1,2,0,0,0.9789745974491353,False
2,1,2,1,0,0,1,0,0,0,3,1,0,1,0,2,0.5571139383725792,False
2,0,1,3,0,0,0,0,1,0,3,3,0,0,1,0,0.8634238377431296,False
2,1,0,2,1,0,0,1,0,0,3,2,0,0,0,2,0.8859058776352371,False
2,2,0,1,0,1,1,0,3,0,0,1,0,0,1,2,0.9369643367151279,False
2,0,0,4,0,0,0,0,0,1,3,2,1,1,0,0,0.9397749545934823,False
2,0,1,0,3,0,2,0,1,1,0,0,1,1,0,2,0.03265267093734333,True
2,3,0,0,1,0,1,0,0,2,1,0,1,1,1,1,0.167807658650411,True
2,1,0,0,3,0,2,1,0,1,0,1,0,0,1,2,0.03244806206036395,True
2,0,0,1,3,0,1,0,0,2,1,0,0,0,1,3,0.0019136538326768484,True
2,2,0,1,0,1,0,0,1,0,3,0,2,0,2,0,0.09258187063140014,True
2,1,0,0,1,2,0,1,0,0,3,0,0,1,1,2,0.8589431262837175,False
2,2,1,0,1,0,1,0,1,0,2,0,0,0,0,4,0.5380640392467386,False
2,2,0,0,0,2,1,1,0,0,2,0,0,0,0,4,0.8397824834558646,False
2,0,0,1,1,2,0,3,0,1,0,0,1,0,2,1,0.019486339885139873,True
2,1,0,3,0,0,1,0,0,1,2,2,2,0,0,0,0.9376496960373215,False
2,0,1,1,0,2,0,0,2,2,0,0,4,0,0,0,0.039721257720496596,True
2,0,1,0,3,0,0,2,0,0,2,2,0,0,0,2,-0.0020926364487260426,True
2,0,0,2,1,1,1,0,0,2,1,0,2,1,0,1,0.9388960479197701,False
2,0,0,0,4,0,2,0,2,0,0,1,1,0,0,2,0.038035310602050586,True
2,0,3,0,0,1,1,1,1,1,0,1,3,0,0,0,0.061508313568852065,True
2,1,2,0,0,1,0,0,3,0,1,0,3,1,0,0,0.10322066869207883,True
2,1,0,0,3,0,1,0,1,0,2,0,1,2,0,1,0.03814144860379781,True
2,2,0,0,0,2,1,0,1,2,0,0,1,0,2,1,0.04914833863858206,True
2,0,2,0,0,2,0,3,0,1,0,0,1,0,2,1,0.01777542238714631,True
2,1,2,1,0,0,0,2,0,0,2,1,0,0,3,0,0.041412523836441506,True
2,1,0,1,0,2,0,0,2,1,1,1,0,0,3,0,0.12332058816520804,True
2,2,0,1,1,0,4,0,0,0,0,0,1,2,1,0,0.3064326293092484,False
2,1,1,1,0,1,2,0,0,0,2,0,0,3,0,1,0.9179723763943541,False
2,0,1,0,2,1,3,0,1,0,0,2,0,0,1,1,0.9583040588964847,False
2,1,0,1,1,1,2,2,0,0,0,1,1,0,0,2,0.08092621074680276,True
2,2,0,1,1,0,1,1,0,0,2,1,3,0,0,0,0.06779243389344104,True
2,2,0,1,1,0,1,2,1,0,0,1,2,0,1,0,0.08155902475525542,True
2,2,0,1,1,0,0,0,0,3,1,0,0,0,3,1,0.07977253774867353,True
2,1,2,1,0,0,0,0,2,2,0,0,1,0,2,1,0.05910948055289805,True
2,1,0,0,3,0,0,3,0,0,1,3,0,0,0,1,0.04190004185925206,True
2,1,1,0,2,0,0,1,0,1,2,4,0,0,0,0,0.0524578519187536,True
2,1,0,0,2,1,0,0,1,1,2,1,1,2,0,0,0.9355724525488929,False
2,0,1,0,1,2,1,2,0,0,1,0,0,0,0,4,0.858142544475495,False
2,2,0,1,1,0,3,0,0,1,0,2,0,1,0,1,0.6284658076495366,False
2,0,0,1,1,2,0,0,2,1,1,0,0,1,2,1,0.9174633381908907,False
2,0,4,0,0,0,0,0,3,1,0,1,0,2,0,1,0.06295782615457444,True
2,0,0,3,0,1,1,0,0,2,1,2,1,0,0,1,0.9388416626625985,False
2,1,0,2,0,1,0,0,1,2,1,0,1,0,0,3,0.8988416626625985,False
2,3,0,0,0,1,0,0,1,1,2,0,2,0,1,1,0.9179257194789419,False
2,3,0,0,1,0,0,1,0,3,0,2,1,1,0,0,0.0720072844003771,True
2,0,1,0,2,1,0,2,1,0,1,0,1,1,0,2,0.9177310686550411,False
2,1,0,0,3,0,1,0,1,0,2,0,0,0,0,4,-0.00010144004539279905,True
2,2,1,0,1,0,0,2,0,0,2,0,0,4,0,0,0.09832027300790626,True
2,0,0,1,3,0,0,0,0,0,4,0,1,1,0,2,-0.021858551396202092,True
2,0,1,0,0,3,3,0,0,1,0,0,0,3,0,1,0.9059058776352371,False
2,0,3,0,0,1,0,2,0,1,1,0,0,3,1,0,0.12440491055417477,True
2,2,0,2,0,0,0,0,0,3,1,2,2,0,0,0,0.17771903437923572,True
2,2,0,0,1,1,1,1,2,0,0,0,0,1,2,1,0.8403222596284913,False
2,0,1,0,0,3,1,0,0,3,0,1,2,0,0,1,0.002691680019928304,True
2,2,1,0,0,1,0,1,2,1,0,0,2,2,0,0,0.07910693164316204,True
2,4,0,0,0,0,0,3,1,0,0,2,0,0,1,1,0.08953386825784204,True
2,0,1,0,0,3,2,0,0,0,2,0,1,0,3,0,0.014316152842497659,True
2,0,0,0,2,2,0,1,2,1,0,0,1,0,3,0,0.0346862169254063,True
2,0,2,2,0,0,0,1,1,2,0,3,0,0,0,1,0.06077865733495478,True
2,4,0,0,0,0,0,2,0,0,2,2,0,2,0,0,0.9597200501759434,False
2,2,1,0,0,1,1,0,0,2,1,1,0,0,2,1,0.9359308940953754,False
2,0,0,3,0,1,2,1,1,0,0,1,1,0,2,0,0.1119259214072943,True
2,1,0,0,0,3,1,1,2,0,0,1,1,1,1,0,0.2537862737872569,False
2,0,0,3,1,0,2,0,1,1,0,1,2,1,0,0,0.1095735395461937,True
2,1,3,0,0,0,0,1,0,3,0,0,0,0,3,1,0.04932661746532544,True
2,1,0,0,1,2,2,0,1,0,1,0,1,0,0,3,0.8796859018012154,False
2,1,1,1,1,0,0,0,0,1,3,1,0,0,3,0,0.021594801730756338,True
2,0,0,0,4,0,2,0,0,1,1,0,0,1,0,3,-0.0027561152092448354,True
2,1,1,0,0,2,0,1,0,2,1,2,0,1,1,0,0.9164626936862863,False
2,2,0,1,0,1,1,0,0,0,3,0,0,0,1,3,0.8591431268758629,False
2,0,1,1,1,1,1,1,0,0,2,2,2,0,0,0,0.13460252423901917,True
2,2,2,0,0,0,0,2,0,1,1,1,0,3,0,0,0.09949210957069404,True
2,3,0,1,0,0,1,1,1,1,0,3,0,0,0,1,0.6380734280008383,False
2,0,0,1,3,0,0,1,2,0,1,0,1,1,0,2,0.027705418931378966,True
2,1,1,0,0,2,1,0,2,1,0,2,0,1,0,1,0.9266682730525951,False
2,0,1,0,2,1,1,0,0,0,3,1,0,0,3,0,0.027201267771060054,True
2,1,1,2,0,0,0,0,1,3,0,2,1,0,0,1,0.06231641811097015,True
2,1,1,1,0,1,2,0,2,0,0,0,1,2,1,0,0.9523820700249629,False
2,2,2,0,0,0,3,0,1,0,0,0,3,1,0,0,0.09524799114664262,True
2,0,1,0,1,2,1,0,1,2,0,1,0,3,0,0,0.08699089775824183,True
2,1,2,0,0,1,0,0,1,3,0,0,0,1,0,3,0.006932218827686775,True
2,0,0,0,3,1,0,1,1,1,1,0,2,1,1,0,0.05834932315315094,True
2,0,0,3,0,1,0,0,3,1,0,2,1,1,0,0,0.9029957888258733,False
2,2,0,2,0,0,1,0,1,2,0,0,2,1,1,0,0.08954037900022983,True
2,0,2,2,0,0,0,0,3,1,0,0,1,2,0,1,0.09008065446571872,True
2,1,1,1,1,0,1,2,1,0,0,0,0,1,3,0,0.07316005389067182,True
2,0,0,1,2,1,0,3,0,1,0,0,0,4,0,0,0.06428974057303405,True
2,0,0,0,4,0,0,0,2,0,2,2,0,0,1,1,0.017725124032355547,True
2,1,1,0,2,0,0,0,0,3,1,0,1,2,0,1,0.043338522852902704,True
2,1,0,1,2,0,0,0,3,1,0,2,0,0,2,0,0.07814749178158457,True
2,1,1,1,0,1,0,1,0,2,1,0,2,0,0,2,0.9142179841398381,False
2,0,2,0,0,2,0,3,0,1,0,2,1,0,1,0,0.03507240907499038,True
2,2,0,0,1,1,1,0,0,1,2,0,2,1,0,1,0.91802704070174,False
2,0,2,0,0,2,0,1,1,1,1,2,0,0,0,2,0.8994963809514555,False
2,3,0,1,0,0,0,1,3,0,0,0,0,2,2,0,0.31024279667144317,False
2,0,0,0,3,1,0,0,3,0,1,0,2,0,1,1,0.9374872741862923,False
2,0,0,0,4,0,0,1,0,2,1,0,0,0,0,4,-0.027877202638542705,True
2,1,1,0,1,1,1,2,0,1,0,4,0,0,0,0,0.07734938948780451,True
2,0,0,2,0,2,1,0,2,1,0,0,1,2,1,0,0.26643262930924844,False
2,3,0,1,0,0,2,1,1,0,0,0,1,3,0,0,0.9239950958563082,False
2,0,2,0,1,1,2,0,2,0,0,2,2,0,0,0,0.17771903471261521,True
2,1,1,0,0,2,1,1,0,0,2,0,1,0,2,1,0.8945051350779181,False
2,0,0,1,3,0,2,0,0,1,1,1,3,0,0,0,0.05526290001422728,True
2,1,1,1,0,1,0,0,2,0,2,0,0,2,1,1,0.9171941054913362,False
2,0,1,0,1,2,3,0,0,1,0,1,0,0,3,0,0.046932218826868176,True
2,0,0,3,0,1,0,1,0,0,3,2,1,1,0,0,0.9183334224510065,False
2,0,2,1,1,0,0,0,1,1,2,4,0,0,0,0,0.06779883670110118,True
2,1,0,2,0,1,0,0,0,2,2,0,2,1,0,1,0.9192537074993125,False
2,1,0,0,2,1,0,3,0,1,0,1,1,1,1,0,0.05507240873577631,True
2,1,1,0,0,2,0,0,1,3,0,0,1,1,1,1,0.022334646657058414,True
2,1,0,0,1,2,0,0,2,0,2,3,1,0,0,0,0.9130210055586808,False
2,0,2,2,0,0,3,0,0,1,0,2,2,0,0,0,0.09017554458963042,True
2,1,0,1,0,2,1,2,0,0,1,0,0,1,2,1,0.9185427376252248,False
2,4,0,0,0,0,0,0,4,0,0,2,0,2,0,0,0.994078558062317,False
2,0,3,1,0,0,0,0,0,3,1,0,0,0,4,0,0.052149769719267915,True
2,1,0,2,1,0,1,2,1,0,0,0,3,1,0,0,0.08295543173208031,True
2,0,2,0,0,2,1,0,2,0,1,0,0,1,2,1,0.9184310453804461,False
2,0,1,0,2,1,0,2,0,1,1,1,0,2,0,1,0.937979666714291,False
2,0,0,1,2,1,0,2,2,0,0,2,1,1,0,0,0.08818511847142069,True
2,0,0,2,0,2,0,0,0,4,0,1,0,3,0,0,0.043262729530535636,True
2,0,0,2,0,2,1,2,1,0,0,0,0,2,1,1,0.16125244713221232,True
2,2,1,0,0,1,0,1,0,1,2,0,4,0,0,0,0.037255126185206835,True
2,0,0,1,0,3,0,0,3,1,0,0,0,0,4,0,0.030441643427594884,True
2,2,1,1,0,0,2,2,0,0,0,0,2,1,0,1,0.07971141461596476,True
2,1,0,3,0,0,2,0,0,0,2,2,1,0,0,1,0.9383236709339612,False
2,1,0,0,3,0,0,2,1,1,0,0,0,0,2,2,0.028490609621765986,True
2,0,0,1,2,1,0,0,0,3,1,0,2,0,0,2,0.9106239259188876,False
2,3,1,0,0,0,1,1,1,0,1,0,0,0,2,2,0.8172850735992261,False
2,2,1,0,0,1,0,0,1,1,2,1,1,1,1,0,0.3917179735433484,True
2,1,1,1,0,1,0,1,0,1,2,2,0,0,0,2,0.8996977053567439,False
2,1,3,0,0,0,0,1,0,2,1,0,0,4,0,0,0.07344636119068518,True
2,2,0,0,1,1,0,1,0,0,3,1,1,0,2,0,0.05472264300779841,True
2,1,1,0,0,2,0,1,3,0,0,1,0,2,1,0,0.4290843068763276,True
2,2,0,0,0,2,0,0,1,2,1,0,2,2,0,0,0.3995150313149383,True
2,0,2,1,1,0,0,0,2,2,0,0,0,0,1,3,0.015365683515618114,True
2,0,2,1,1,0,1,2,0,1,0,3,1,0,0,0,0.07251316662766626,True
2,0,0,1,0,3,0,0,0,1,3,0,3,0,0,1,0.8581425444754947,False
2,0,0,1,2,1,0,0,2,0,2,0,0,1,2,1,0.9174633381908907,False
2,0,1,0,1,2,2,0,0,1,1,0,1,2,1,0,0.1318884442585497,True
2,1,0,0,1,2,0,0,1,0,3,1,0,1,1,1,0.8787463885751781,False
2,1,0,3,0,0,0,3,0,0,1,1,0,0,2,1,0.958481209637134,False
2,0,1,0,1,2,1,1,2,0,0,2,1,0,0,1,0.8200446514187575,False
2,0,1,0,0,3,0,0,2,0,2,0,0,2,0,2,0.8577513434726056,False
2,0,3,0,1,0,4,0,0,0,0,0,2,0,1,1,0.06192971298964691,True
2,2,1,1,0,0,1,1,0,0,2,0,2,1,0,1,0.8183438744581177,False
2,2,0,0,1,1,1,0,0,3,0,1,1,0,1,1,0.0423346466568368,True
2,1,0,0,2,1,0,3,0,0,1,3,0,1,0,0,0.9569114620879424,False
2,0,4,0,0,0,1,0,1,1,1,4,0,0,0,0,0.06833094459421735,True
2,2,2,0,0,0,0,0,3,1,0,0,0,1,1,2,0.06975403388380373,True
2,1,0,3,0,0,1,2,0,1,0,2,1,0,1,0,0.08832578390212857,True
2,1,0,0,0,3,0,0,2,1,1,0,2,0,1,1,0.8989490045676136,False
2,0,1,0,2,1,3,0,0,1,0,0,2,1,1,0,0.06844489980093886,True
2,1,0,1,0,2,0,2,0,1,1,0,1,0,0,3,0.8790908809831052,False
2,1,1,0,2,0,0,1,0,3,0,0,0,0,4,0,0.06,True
2,0,2,2,0,0,2,0,0,1,1,2,0,1,0,1,0.16087404985329173,True
2,0,0,4,0,0,0,0,0,2,2,2,1,1,0,0,0.9589287556439119,False
2,0,0,0,4,0,0,4,0,0,0,1,0,0,0,3,0.006788888888888985,True
2,1,1,1,1,0,1,0,0,3,0,0,0,2,1,1,0.05244806206036392,True
2,0,0,1,2,1,1,0,0,0,3,1,1,1,1,0,0.3717179735433484,True
2,2,1,1,0,0,0,0,0,2,2,1,1,1,0,1,0.8191100633698197,False
2,1,1,1,1,0,2,0,0,1,1,0,0,1,0,3,0.11845559203998828,True
2,0,2,1,0,1,0,2,0,1,1,1,1,1,0,1,0.937789519199042,False
2,0,1,2,1,0,2,0,0,0,2,3,1,0,0,0,0.13510763044928384,True
2,0,0,1,1,2,1,0,1,0,2,0,0,0,4,0,0.02889405398791522,True
2,4,0,0,0,0,1,0,3,0,0,0,0,0,3,1,0.9773571467143256,False
2,1,0,2,1,0,0,3,1,0,0,0,2,0,2,0,0.07205157659817532,True
2,0,0,0,3,1,1,0,2,1,0,2,0,0,0,2,0.8139528482648545,False
2,1,3,0,0,0,0,0,1,2,1,0,0,3,1,0,0.06814422224985683,True
2,1,1,1,1,0,1,0,0,1,2,3,1,0,0,0,0.08130247071812309,True
2,2,0,1,1,0,1,3,0,0,0,3,0,0,1,0,0.08452335913449811,True
2,0,3,1,0,0,0,1,1,1,1,1,1,1,0,1,0.053642838811587726,True
2,2,0,1,1,0,0,2,2,0,0,0,1,0,1,2,0.058870766913707996,True
2,0,0,0,1,3,1,0,0,0,3,1,0,0,0,3,0.8197393131941644,False
2,0,0,2,1,1,0,3,0,0,1,4,0,0,0,0,0.9595310277863398,False
2,1,0,0,2,1,1,0,2,1,0,1,1,2,0,0,0.16568601123488183,True
2,0,0,0,4,0,1,0,0,0,3,1,1,0,1,1,-0.005469639243822363,True
2,0,4,0,0,0,0,3,0,1,0,0,0,0,1,3,0.010599829053254541,True
2,0,1,0,0,3,1,0,1,0,2,1,0,1,2,0,0.8751301688794133,False
2,0,3,1,0,0,0,1,2,0,1,2,0,0,1,1,0.05983847379049854,True
2,2,0,1,1,0,0,0,0,2,2,2,0,0,1,1,0.8106046209076289,False
2,0,0,0,1,3,2,0,1,1,0,0,0,0,4,0,0.021661760608308864,True
2,1,1,0,0,2,2,1,0,0,1,0,2,0,2,0,0.04338351858589545,True
2,1,2,0,1,0,0,0,1,2,1,0,0,2,1,1,0.051305150220653344,True
2,1,0,0,0,3,1,0,1,1,1,0,0,1,3,0,0.10332058816520806,True
2,2,0,0,1,1,0,1,2,1,0,0,3,1,0,0,0.06840949804930316,True
2,1,0,0,0,3,0,3,1,0,0,2,1,1,0,0,0.04270613508462927,True
2,0,1,0,1,2,0,2,1,1,0,0,1,2,0,1,0.03155823873388941,True
2,0,1,0,3,0,0,0,1,1,2,0,2,1,1,0,0.030209900613099777,True
2,0,0,4,0,0,0,0,0,4,0,0,1,2,1,0,0.07121306496037277,True
2,2,2,0,0,0,2,0,0,1,1,1,0,1,1,1,0.10041394739395376,True
2,0,0,1,0,3,0,2,1,1,0,0,0,1,2,1,0.018573724197181254,True
2,0,3,1,0,0,0,3,0,1,0,0,0,0,2,2,0.03159644256172846,True
2,1,1,0,0,2,4,0,0,0,0,0,0,1,0,3,0.8998754159158712,False
2,0,2,2,0,0,1,0,3,0,0,0,0,3,1,0,0.17712906597600134,True
2,0,0,2,0,2,2,2,0,0,0,2,0,0,1,1,0.15684716380104896,True
2,0,0,4,0,0,3,0,0,0,1,0,0,2,0,2,0.93484319028808,False
2,0,2,2,0,0,0,2,0,1,1,1,0,1,2,0,0.06591298774200306,True
2,1,1,0,2,0,1,2,1,0,0,0,0,2,0,2,0.04077865733495482,True
2,1,3,0,0,0,1,0,0,1,2,0,1,0,3,0,0.03465610099580145,True
2,0,0,0,3,1,1,0,1,2,0,1,1,0,1,1,0.05045518741392603,True
2,1,0,2,0,1,1,2,0,1,0,1,1,0,2,0,0.05994520227953906,True
2,2,0,2,0,0,1,0,0,2,1,0,0,0,3,1,0.9550248074969953,False
2,0,1,1,1,1,1,1,0,2,0,0,0,1,0,3,0.012457851918753666,True
2,1,0,0,2,1,0,1,1,0,2,0,0,0,3,1,0.9131790990934705,False
2,0,0,3,1,0,0,2,0,2,0,1,0,1,1,1,0.05536568351561805,True
2,3,0,0,0,1,3,0,0,0,1,1,0,3,0,0,0.9585234692889144,False
2,0,2,0,2,0,1,1,1,0,1,0,0,0,4,0,0.04686358006719755,True
2,0,1,1,0,2,1,1,1,0,1,0,0,2,1,1,0.9184003480318446,False
2,0,0,2,0,2,0,2,1,0,1,2,2,0,0,0,0.40112085487520477,True
2,1,2,1,0,0,3,1,0,0,0,0,1,0,0,3,0.04948754222806647,True
2,3,0,1,0,0,0,0,1,1,2,2,0,2,0,0,0.9576689606699604,False
2,3,0,1,0,0,3,0,0,1,0,2,0,0,1,1,0.9630599893867506,False
2,1,0,1,1,1,0,4,0,0,0,0,1,3,0,0,0.06306236937875305,True
2,1,0,0,2,1,0,3,0,0,1,1,0,2,0,1,0.9392825545174506,False
2,0,3,0,0,1,1,1,0,1,1,0,2,1,1,0,0.05804870813393847,True
2,2,0,1,0,1,1,0,1,1,1,0,0,4,0,0,0.9567844860195822,False
2,0,2,2,0,0,2,0,0,1,1,1,2,0,1,0,0.06861511997324717,True
2,1,1,0,1,1,0,0,2,1,1,1,1,0,0,2,0.9193092064391153,False
2,2,2,0,0,0,0,0,2,0,2,1,1,0,1,1,0.08553212162745912,True
2,2,1,0,0,1,0,2,1,1,0,2,0,0,2,0,0.06120518627642781,True
2,1,2,1,0,0,0,2,1,1,0,0,1,0,1,2,0.037994169993975695,True
2,3,1,0,0,0,0,3,0,0,1,1,2,0,1,0,0.07142297776378485,True
2,0,1,0,2,1,0,3,1,0,0,1,0,0,1,2,0.0287832987661662,True
2,1,0,2,1,0,1,0,1,1,1,0,1,0,0,3,0.9007304185596541,False
2,0,0,2,1,1,1,2,0,1,0,1,2,1,0,0,0.06489935345159786,True
2,2,2,0,0,0,0,1,0,3,0,2,1,1,0,0,0.07101186926993816,True
2,0,2,0,0,2,0,1,2,1,0,2,0,1,0,1,0.07832027300790628,True
2,0,0,0,1,3,0,1,1,2,0,0,1,0,0,3,-0.026748996847544098,True
2,1,2,1,0,0,0,3,1,0,0,2,0,2,0,0,0.08359426650683477,True
2,0,0,3,0,1,0,1,0,1,2,0,0,0,4,0,0.0346643980952657,True
2,2,0,0,0,2,0,0,0,3,1,0,1,1,2,0,0.05326131455720343,True
2,0,0,2,0,2,0,1,0,1,2,3,0,0,0,1,0.899122687357158,False
2,3,0,1,0,0,1,1,1,1,0,1,3,0,0,0,0.09556513238420865,True
2,1,1,0,0,2,0,1,0,1,2,1,2,0,0,1,0.8952831240467052,False
2,0,2,2,0,0,1,0,0,2,1,0,1,0,0,3,0.03988383850692392,True
2,1,0,2,1,0,1,0,2,1,0,0,0,3,1,0,0.15997463294020428,True
2,0,0,1,0,3,0,0,2,0,2,1,1,0,0,2,0.8583236709339608,False
2,2,0,0,2,0,1,2,0,1,0,2,0,0,2,0,0.06920262757627053,True
2,2,0,0,0,2,1,0,0,2,1,2,1,0,0,1,0.9183757995521604,False
2,0,1,0,2,1,0,1,2,1,0,3,0,0,0,1,0.0761868294548489,True
2,0,0,2,1,1,0,1,1,0,2,0,0,0,0,4,0.8584002986363212,False
2,1,1,0,2,0,2,0,1,0,1,1,1,1,0,1,0.06458344752606832,True
2,1,0,1,2,0,2,0,0,1,1,0,1,2,0,1,0.08933213589042782,True
2,3,0,0,0,1,1,0,0,0,3,0,0,3,0,1,0.8985234692889141,False
2,0,2,1,1,0,1,0,0,3,0,2,1,1,0,0,0.069160015560352,True
2,1,0,2,1,0,0,0,1,1,2,3,0,0,1,0,0.4046438743098298,True
2,3,0,1,0,0,3,0,0,0,1,1,3,0,0,0,0.6362227753568298,False
2,1,0,0,1,2,1,0,1,2,0,1,1,1,1,0,0.051267630164785,True
2,1,0,1,1,1,0,1,2,0,1,0,1,0,3,0,0.059153101527081975,True
2,0,0,1,0,3,0,2,0,1,1,2,0,0,0,2,0.8796977053567436,False
2,3,0,0,1,0,1,0,0,0,3,1,0,1,1,1,0.902972087910804,False
2,0,0,3,0,1,1,0,3,0,0,1,0,0,1,2,0.9349132065530478,False
2,0,1,1,2,0,0,1,0,0,3,1,0,0,1,2,-0.007113862471916467,True
2,1,0,0,0,3,2,1,0,1,0,2,0,0,1,1,0.13572889750783598,True
2,0,2,1,0,1,0,1,1,2,0,1,0,0,1,2,0.026951396522076454,True
2,0,3,1,0,0,0,0,3,1,0,0,2,1,1,0,0.07556796893166401,True
2,1,0,0,0,3,0,1,0,3,0,0,0,3,0,1,0.008096135744838804,True
2,0,2,0,1,1,3,0,0,0,1,0,1,1,2,0,0.07326131456653105,True
2,0,0,0,3,1,0,0,1,0,3,4,0,0,0,0,0.9189020136773877,False
2,3,1,0,0,0,0,1,3,0,0,0,0,0,0,4,0.5788197091460259,False
2,2,1,0,1,0,0,0,0,3,1,1,1,0,2,0,0.057607851627267434,True
2,0,2,0,1,1,1,0,0,1,2,1,3,0,0,0,0.04609765137816669,True
2,2,0,0,1,1,3,0,0,1,0,0,1,0,1,2,0.8106046209076289,False
2,2,0,1,0,1,1,0,0,2,1,0,0,4,0,0,0.957795634407057,False
2,0,1,0,0,3,2,0,0,1,1,2,0,0,0,2,0.8794009401355329,False
2,2,1,1,0,0,0,3,1,0,0,0,0,2,2,0,0.0798153251648471,True
2,0,1,0,2,1,1,0,0,0,3,0,0,4,0,0,0.9188416626625981,False
2,1,1,0,0,2,0,0,2,1,1,0,2,1,0,1,0.9195310277863394,False
2,0,0,2,0,2,1,0,1,2,0,0,1,1,1,1,0.07217550737042938,True
2,2,2,0,0,0,1,0,2,0,1,1,0,0,0,3,0.5775498086671358,False
2,2,0,1,0,1,3,0,0,0,1,0,0,2,0,2,0.9181626615930599,False
2,1,0,1,1,1,0,0,0,4,0,2,0,0,0,2,0.01724388479075513,True
2,0,0,3,0,1,3,0,0,1,0,1,0,1,1,1,0.9436267327616334,False
2,0,1,3,0,0,0,0,0,4,0,0,0,0,1,3,0.012448062060363984,True
2,0,3,0,0,1,0,1,0,2,1,1,1,1,0,1,0.9276882033886465,False
2,0,2,1,0,1,0,2,0,0,2,0,3,1,0,0,0.047737558555677774,True
2,2,0,2,0,0,0,1,1,0,2,2,1,0,1,0,0.9368619658832472,False
2,0,1,2,1,0,2,1,1,0,0,1,0,0,1,2,0.06975403388380373,True
2,0,1,0,1,2,0,2,0,0,2,0,0,2,2,0,0.054848443871466875,True
2,3,0,0,1,0,0,2,0,2,0,0,0,0,0,4,-0.001883026200510887,True
2,2,0,0,0,2,0,0,1,3,0,2,1,0,1,0,0.04111600667880517,True
2,0,2,0,1,1,0,1,2,0,1,0,0,0,4,0,0.04281411693061096,True
2,1,2,1,0,0,0,3,1,0,0,1,1,1,0,1,0.06076296143032089,True
2,0,2,2,0,0,1,0,3,0,0,2,1,0,0,1,0.2028070418905981,True
2,3,0,1,0,0,0,1,2,1,0,1,0,0,3,0,0.08809613574483868,True
2,0,2,1,1,0,1,0,0,2,1,2,1,0,1,0,0.06000688222850202,True
2,2,1,0,1,0,1,1,2,0,0,1,1,0,0,2,0.07005239026128303,True
2,4,0,0,0,0,2,1,0,0,1,1,0,0,2,1,0.9579161873808612,False
2,0,0,3,0,1,0,2,1,0,1,0,0,4,0,0,0.9504742710269481,False
2,1,0,0,1,2,1,2,1,0,0,2,0,0,2,0,0.0577491470036605,True
2,1,0,1,2,0,0,3,0,0,1,1,3,0,0,0,0.05868660376591874,True
2,0,0,4,0,0,0,1,2,0,1,2,0,1,1,0,0.9729223689160885,False
2,1,0,1,1,1,0,0,4,0,0,1,0,3,0,0,0.9724309581523294,False
2,1,1,2,0,0,0,1,0,1,2,2,1,0,0,1,0.8200446514187575,False
2,2,1,0,1,0,1,2,0,1,0,0,2,2,0,0,0.07368194674308529,True
2,0,0,0,3,1,1,0,0,2,1,0,4,0,0,0,0.04916578592642837,True
2,2,2,0,0,0,0,2,0,2,0,1,2,0,1,0,0.0684,True
2,0,0,1,2,1,1,0,1,2,0,0,3,1,0,0,0.061412523803149335,True
2,1,0,1,1,1,1,2,0,1,0,1,1,2,0,0,0.07294656409233256,True
2,2,0,0,1,1,1,3,0,0,0,1,2,0,0,1,0.0520514015754814,True
2,0,3,1,0,0,0,0,1,1,2,0,4,0,0,0,0.03671663953506203,True
2,2,1,0,1,0,0,2,1,0,1,1,0,2,1,0,0.08134788993124854,True
2,0,0,1,0,3,1,0,1,0,2,2,0,0,2,0,0.878786311966155,False
2,1,2,0,1,0,0,2,1,0,1,0,1,1,2,0,0.05503830572853732,True
2,3,1,0,0,0,0,2,0,1,1,0,0,4,0,0,0.8618194329084836,False
2,1,0,2,0,1,0,1,0,1,2,4,0,0,0,0,0.9391226873571581,False
2,0,0,0,2,2,0,0,0,2,2,1,1,1,0,1,0.8973887521525744,False
2,0,0,2,2,0,1,0,2,0,1,1,1,0,0,2,0.1413622891106131,True
2,0,0,1,3,0,0,0,1,1,2,3,0,0,1,0,0.04166176060830886,True
2,0,2,0,1,1,1,1,0,1,1,3,1,0,0,0,0.23347388742758238,True
2,0,2,0,0,2,0,1,1,1,1,3,1,0,0,0,0.9207168653959055,False
2,1,1,2,0,0,0,2,1,1,0,1,0,0,2,1,0.06466322853796157,True
2,0,1,1,1,1,1,1,0,2,0,1,0,2,0,1,0.0524578519187536,True
2,1,2,0,1,0,0,2,0,2,0,0,3,0,0,1,0.04967428773424405,True
2,0,0,0,1,3,0,0,0,4,0,0,0,0,2,2,-0.028020505973424148,True
2,3,0,1,0,0,0,0,3,1,0,2,2,0,0,0,0.31366023386918407,False
2,1,1,2,0,0,2,1,0,1,0,0,0,1,0,3,0.07383042176660229,True
2,0,1,1,1,1,1,0,0,1,2,1,0,0,3,0,0.04720126777106002,True
2,0,0,0,3,1,0,2,1,1,0,0,3,0,0,1,0.042065851932395204,True
2,0,0,0,4,0,0,4,0,0,0,0,1,0,0,3,0.007160918395061831,True
2,1,1,1,0,1,1,2,0,0,1,0,1,0,1,2,0.9171872454960306,False
2,0,4,0,0,0,0,0,2,1,1,0,0,2,0,2,0.029696922330295063,True
2,0,0,2,0,2,2,2,0,0,0,1,2,1,0,0,0.07481583836327138,True
2,0,0,0,2,2,0,0,0,1,3,4,0,0,0,0,0.8986878265032221,False
2,0,1,1,0,2,0,0,3,0,1,1,1,2,0,0,0.9398120392143958,False
2,0,1,3,0,0,1,0,1,0,2,1,0,1,2,0,0.2702427966714433,False
2,1,3,0,0,0,3,0,0,0,1,0,0,0,2,2,0.03853345598726644,True
2,1,0,0,3,0,1,0,0,0,3,2,0,1,0,1,0.03989855995460713,True
2,0,2,0,0,2,0,0,3,0,1,0,3,1,0,0,0.08322066869207886,True
2,2,0,2,0,0,1,1,1,0,1,1,0,0,2,1,0.9581273515571824,False
2,1,3,0,0,0,0,0,2,2,0,0,2,1,0,1,0.056115145167057644,True
2,1,2,0,1,0,1,0,0,0,3,2,1,0,0,1,0.03003933731033087,True
2,1,0,0,1,2,3,1,0,0,0,2,2,0,0,0,0.10289691726159363,True
2,0,3,0,0,1,1,1,1,0,1,0,0,0,2,2,0.9142141826459776,False
2,2,1,1,0,0,1,1,2,0,0,1,1,0,2,0,0.09452912703100613,True
2,4,0,0,0,0,0,0,3,1,0,2,0,0,2,0,0.29764825221294927,False
2,0,2,1,0,1,0,0,0,3,1,1,1,2,0,0,0.2475335511503075,True
2,0,2,1,1,0,2,0,0,2,0,1,1,0,2,0,0.06782216638215159,True
2,2,1,0,0,1,0,0,3,1,0,1,0,1,0,2,0.9273648990716636,False
2,1,0,2,0,1,0,1,0,3,0,0,0,2,1,1,0.04205228306293378,True
2,0,0,3,0,1,0,1,1,2,0,0,2,0,1,1,0.047980849277711735,True
2,2,1,0,1,0,0,3,0,0,1,0,0,2,1,1,0.06435006871248228,True
2,0,1,0,3,0,1,2,0,0,1,2,0,2,0,0,0.057907363551273856,True
2,3,0,0,1,0,0,2,1,1,0,0,0,1,2,1,0.061714063000500585,True
2,2,1,1,0,0,0,3,0,1,0,1,2,0,1,0,0.07185956042535643,True
2,1,0,1,0,2,1,0,2,1,0,0,1,1,0,2,0.9071617059767828,False
2,0,0,0,4,0,1,0,1,2,0,1,2,0,1,0,0.061900000000000004,True
2,0,0,0,0,4,0,4,0,0,0,0,2,0,1,1,-0.01788655353924091,True
2,2,1,0,1,0,4,0,0,0,0,2,1,1,0,0,0.17509485155246682,True
2,1,0,1,1,1,0,2,2,0,0,1,0,1,2,0,0.07774914700366047,True
2,2,0,1,1,0,2,1,0,0,1,3,0,0,0,1,0.9454363548597174,False
2,0,0,2,1,1,0,0,3,1,0,1,3,0,0,0,0.08781803965876842,True
2,0,0,2,0,2,1,1,1,0,1,0,1,0,1,2,0.8988103730967942,False
2,0,0,0,1,3,0,1,1,1,1,3,0,0,1,0,0.9055101895274276,False
2,0,1,0,0,3,0,1,1,2,0,0,2,0,0,2,-0.012275918567577449,True
2,2,0,0,1,1,0,0,4,0,0,0,0,0,4,0,0.08889405398791513,True
2,1,3,0,0,0,2,1,1,0,0,0,1,1,2,0,0.07606342085699237,True
2,3,0,1,0,0,2,1,0,1,0,0,1,0,2,1,0.09834393729387854,True
2,1,2,1,0,0,1,2,0,0,1,0,0,0,1,3,0.038513458992648755,True
2,1,0,0,2,1,0,1,0,0,3,2,0,0,0,2,0.8784992041437683,False
2,1,0,0,2,1,0,4,0,0,0,3,0,0,1,0,0.05942737321449805,True
2,1,0,1,2,0,1,1,0,2,0,0,1,1,2,0,0.06568839987014699,True
2,0,1,0,3,0,1,0,0,2,1,3,0,0,1,0,0.05269349231829145,True
2,0,2,0,1,1,1,1,0,2,0,3,0,0,1,0,0.05849778611744728,True
2,0,3,0,1,0,2,0,2,0,0,2,0,1,1,0,0.08452335913449811,True
2,0,2,0,1,1,1,0,2,0,1,0,1,0,2,1,0.936285147400473,False
2,0,1,1,2,0,3,0,1,0,0,2,0,2,0,0,0.12760056426778127,True
2,0,0,0,1,3,1,0,1,1,1,1,2,1,0,0,0.3761876521572138,True
2,0,1,2,0,1,0,1,1,0,2,2,0,2,0,0,0.937500914488903,False
2,0,0,1,3,0,0,0,0,0,4,1,0,1,0,2,-0.00010144004539280371,True
2,0,1,3,0,0,0,2,0,0,2,0,0,3,0,1,0.9269638744245505,False
2,3,1,0,0,0,2,0,1,0,1,1,0,2,0,1,0.9517853846471805,False
2,0,0,3,0,1,0,0,1,2,1,2,0,1,1,0,0.949829332836003,False
2,0,1,1,1,1,0,0,1,3,0,1,0,3,0,0,0.0669322188268681,True
2,0,2,1,0,1,1,0,3,0,0,0,0,0,1,3,0.917909539979008,False
2,0,1,3,0,0,1,0,0,0,3,1,0,0,1,2,0.8891464644936274,False
2,1,3,0,0,0,1,0,1,0,2,1,1,0,2,0,0.04228681307140364,True
2,1,2,0,0,1,0,3,0,1,0,4,0,0,0,0,0.06427601261267445,True
2,0,2,0,0,2,0,0,2,0,2,0,1,1,0,2,0.8793498253650561,False
2,0,0,3,1,0,0,2,0,2,0,1,0,0,0,3,0.018116973799489077,True
2,0,1,2,0,1,0,3,1,0,0,0,0,3,1,0,0.07380633173259639,True
2,0,1,0,1,2,3,0,0,1,0,1,1,1,1,0,0.07215237906499312,True
2,1,0,2,0,1,1,0,0,0,3,2,0,2,0,0,0.9176040005118643,False
2,0,2,0,1,1,0,1,1,2,0,0,0,0,0,4,-0.013103847851729166,True
2,0,2,1,1,0,0,2,0,2,0,0,0,2,2,0,0.06629930555555556,True
2,0,1,0,3,0,0,1,0,3,0,0,1,1,2,0,0.06033055555555556,True
2,2,0,2,0,0,0,0,0,0,4,1,0,1,2,0,0.8988615100414037,False
2,0,0,2,0,2,0,0,1,1,2,0,1,0,2,1,0.8979756138547791,False
2,3,0,0,0,1,2,0,0,1,1,1,3,0,0,0,0.15520631720673636,True
2,2,0,2,0,0,1,0,1,2,0,1,0,0,3,0,0.0832627295305356,True
2,2,2,0,0,0,0,1,0,0,3,0,2,2,0,0,0.03917368065387162,True
2,1,1,2,0,0,1,1,1,0,1,1,1,1,1,0,0.1261508253773921,True
2,2,0,2,0,0,1,1,0,0,2,1,0,1,0,2,0.9183236709339611,False
2,3,0,0,1,0,1,0,1,1,1,3,0,1,0,0,0.9636451726345484,False
2,0,0,2,1,1,0,2,0,2,0,0,1,1,2,0,0.05089624309505545,True
2,1,0,0,0,3,0,1,0,3,0,2,0,0,0,2,-0.011903864255161161,True
2,2,0,0,1,1,2,1,0,1,0,0,3,0,1,0,0.06057320002439706,True
2,0,1,0,0,3,2,0,0,0,2,1,0,3,0,0,0.898957014879823,False
2,0,1,2,0,1,0,0,0,3,1,1,1,0,1,1,0.9372975287087268,False
2,2,0,1,1,0,1,0,3,0,0,1,3,0,0,0,0.13384046706686856,True
2,0,2,0,2,0,0,1,3,0,0,1,1,1,0,1,0.058085923361899605,True
2,1,1,0,2,0,0,1,2,0,1,0,0,0,1,3,0.012886137528083503,True
2,0,2,0,0,2,2,0,0,1,1,1,1,0,1,1,0.9150876362084828,False
2,3,0,1,0,0,0,1,3,0,0,0,0,0,0,4,0.9148840445269626,False
2,1,0,1,0,2,1,0,2,0,1,0,0,3,0,1,0.9158261506303265,False
2,1,1,0,2,0,0,3,0,1,0,2,2,0,0,0,0.06804930555555555,True
2,0,0,0,1,3,0,4,0,0,0,0,0,0,4,0,0.010479285046825326,True
2,1,0,0,0,3,2,1,0,0,1,1,1,2,0,0,0.9140182309655691,False
2,0,0,1,0,3,0,3,0,1,0,1,0,0,0,3,-0.024439607560742763,True
2,0,0,1,2,1,0,0,0,3,1,2,0,2,0,0,0.9577865964154789,False
2,2,0,1,0,1,2,1,0,1,0,0,1,2,0,1,0.17654131274046742,True
2,2,0,2,0,0,4,0,0,0,0,0,0,3,1,0,0.9930847455674541,False
2,0,0,0,4,0,1,1,0,2,0,0,0,0,3,1,0.04374652008310253,True
2,0,1,1,0,2,0,1,2,0,1,0,1,0,1,2,0.8990548603682474,False
2,0,0,2,1,1,1,2,1,0,0,0,1,0,0,3,0.06401694060363332,True
2,0,0,1,2,1,2,0,0,1,1,0,0,1,2,1,0.935640543629347,False
2,1,0,1,1,1,0,0,3,0,1,4,0,0,0,0,0.9574595912506189,False
2,1,0,0,0,3,0,1,3,0,0,0,0,0,2,2,0.8831044152432396,False
2,1,0,2,0,1,1,0,1,1,1,0,1,1,2,0,0.15395091110770392,True
2,1,1,0,1,1,3,0,0,1,0,0,0,0,1,3,0.790604620907629,False
2,1,2,0,0,1,1,2,1,0,0,0,0,1,2,1,0.067586905684277,True
2,0,0,1,3,0,0,1,3,0,0,2,2,0,0,0,0.0761369347852976,True
2,0,1,0,3,0,0,4,0,0,0,0,0,2,1,1,0.04855779051775151,True
2,0,1,2,0,1,2,0,0,1,1,0,0,1,0,3,0.8986666794211121,False
2,1,0,0,0,3,0,2,0,0,2,2,2,0,0,0,0.3447433623500896,True
2,1,2,0,1,0,0,1,2,0,1,0,0,0,0,4,0.0077988373559945146,True
2,1,0,1,0,2,1,0,0,0,3,1,0,3,0,0,0.8977179499370926,False
2,0,1,0,0,3,1,0,2,1,0,2,0,1,1,0,0.3846438743098298,True
2,0,0,2,2,0,2,0,1,1,0,0,0,2,2,0,0.07814749178158457,True
2,0,0,4,0,0,0,0,2,2,0,0,1,2,1,0,0.10569522546426137,True
2,0,0,2,2,0,0,1,2,1,0,1,0,1,1,1,0.062052283062933755,True
2,0,0,0,2,2,0,1,1,2,0,0,0,0,1,3,-0.013048603479433487,True
2,0,2,0,2,0,1,1,0,2,0,2,0,1,0,1,0.04845813223946551,True
2,0,0,2,1,1,0,3,0,0,1,1,0,1,0,2,0.9192434397594675,False
2,0,1,3,0,0,0,1,0,1,2,1,0,1,0,2,0.9042614324482129,False
2,0,0,1,1,2,1,1,1,0,1,1,0,0,1,2,0.898808748567257,False
2,0,1,2,0,1,1,0,0,0,3,0,1,0,2,1,0.8985427376252246,False
2,1,0,1,1,1,1,2,0,1,0,0,2,1,0,1,0.0519743704266426,True
2,0,1,3,0,0,0,4,0,0,0,0,2,0,0,2,0.0391231441787167,True
2,0,1,2,0,1,1,0,0,2,1,0,3,1,0,0,0.08030430718027683,True
2,2,0,0,1,1,0,3,1,0,0,0,0,2,2,0,0.06407703478869216,True
2,2,1,0,1,0,1,1,0,0,2,1,1,0,1,1,0.0574934720370743,True
2,1,0,3,0,0,3,0,0,1,0,2,0,0,2,0,0.29764825221294927,False
2,0,1,1,2,0,0,0,0,4,0,1,1,1,1,0,0.0619,True
2,0,1,1,0,2,3,1,0,0,0,0,2,0,1,1,0.1579779852835978,True
2,2,0,0,0,2,1,0,3,0,0,1,0,0,1,2,0.9177739250108334,False
2,0,2,0,1,1,1,0,2,1,0,2,2,0,0,0,0.08434978213102551,True
2,0,4,0,0,0,0,0,2,2,0,3,0,0,0,1,0.055030097187167296,True
2,0,2,0,1,1,0,3,1,0,0,0,2,0,2,0,0.05478724985129038,True
2,2,0,1,1,0,0,3,1,0,0,0,0,0,4,0,0.06981636071591014,True
2,0,0,4,0,0,3,0,0,1,0,0,1,2,1,0,0.3064326293092484,False
2,2,0,2,0,0,0,1,0,2,1,2,0,1,1,0,0.9681588207740898,False
2,1,0,1,2,0,1,1,0,2,0,1,1,1,0,1,0.0526526709373433,True
2,0,0,0,4,0,1,0,1,2,0,0,0,3,1,0,0.0624939211187287,True
2,1,1,0,0,2,0,0,0,1,3,0,1,1,1,1,0.8779257194789417,False
2,1,2,1,0,0,2,0,2,0,0,1,0,2,0,1,0.6404282587813643,False
2,1,0,2,1,0,0,0,3,0,1,0,1,2,1,0,0.28643262930924845,False
2,1,1,0,0,2,1,0,1,0,2,0,1,1,1,1,0.8993432688676583,False
2,2,0,1,1,0,4,0,0,0,0,0,1,2,1,0,0.3064326293092484,False
2,0,0,0,2,2,2,0,0,1,1,2,0,1,0,1,0.9188594595319155,False
2,2,0,0,0,2,1,2,0,0,1,2,0,2,0,0,0.9397200501759434,False
2,0,3,0,0,1,0,3,0,1,0,1,1,0,2,0,0.052552630914354546,True
2,1,0,2,1,0,2,1,0,0,1,1,2,0,0,1,0.8339172803360334,False
2,1,0,0,3,0,0,0,1,0,3,0,2,1,1,0,0.01607011537858188,True
2,2,2,0,0,0,0,0,3,1,0,1,2,1,0,0,0.0901826453211548,True
2,1,3,0,0,0,0,4,0,0,0,1,2,0,0,1,0.052307104105427146,True
2,0,0,0,3,1,0,1,1,1,1,3,0,0,0,1,0.9382533646457772,False
2,0,1,1,2,0,1,0,0,3,0,3,0,1,0,0,0.0682508047786385,True
2,0,2,0,0,2,0,1,0,2,1,0,1,0,1,2,0.8924026533171557,False
2,1,0,2,0,1,0,0,1,1,2,0,0,2,2,0,0.9120547356930675,False
2,1,0,1,0,2,0,1,0,3,0,1,0,3,0,0,0.04809613574483874,True
2,2,0,1,0,1,1,1,2,0,0,0,1,1,2,0,0.1119259214072943,True
2,2,0,1,0,1,0,0,0,0,4,0,1,0,3,0,0.06676443854343157,True
2,0,2,0,0,2,0,1,2,0,1,1,0,0,3,0,0.047201267849206696,True
2,1,0,1,0,2,0,0,2,1,1,0,1,2,1,0,0.9157711900380832,False
2,0,2,2,0,0,0,2,0,1,1,2,0,0,0,2,0.05949210957069411,True
2,0,0,2,2,0,0,3,0,0,1,0,1,1,0,2,0.03719104027611978,True
2,1,1,0,2,0,0,0,0,0,4,2,1,0,0,1,0.004583447526068413,True
2,0,1,1,1,1,1,0,3,0,0,0,0,3,0,1,0.9551504492772508,False
2,2,0,2,0,0,1,1,2,0,0,0,2,0,2,0,0.10187476314281721,True
2,2,0,2,0,0,1,1,1,0,1,2,0,1,1,0,0.9733029426062436,False
2,0,3,0,0,1,0,0,3,0,1,1,1,1,1,0,0.154553835459299,True
2,0,1,0,1,2,1,0,1,1,1,0,1,0,2,1,0.9150535631003575,False
2,1,2,0,0,1,1,0,1,2,0,1,0,0,1,2,0.04733166472105174,True
2,1,3,0,0,0,1,1,2,0,0,3,1,0,0,0,0.08609539009897302,True
2,0,0,2,0,2,1,0,3,0,0,2,1,0,1,0,0.9452075201525807,False
2,0,0,0,3,1,0,2,1,0,1,0,1,2,0,1,0.9388002804285114,False
2,0,2,2,0,0,1,1,0,2,0,1,1,0,1,1,0.055965751471069344,True
2,1,0,2,1,0,2,2,0,0,0,0,0,0,0,4,0.053825398122935394,True
2,1,1,2,0,0,0,0,2,0,2,0,2,1,1,0,0.09466180548930092,True
2,0,1,0,2,1,2,1,1,0,0,0,1,3,0,0,0.12375728214584823,True
2,0,0,1,0,3,0,2,0,2,0,1,0,0,3,0,0.010901854588659813,True
2,2,0,0,0,2,0,0,2,2,0,1,0,2,1,0,0.11997463294020434,True
2,1,1,1,1,0,0,1,2,1,0,1,3,0,0,0,0.07503009718716727,True
2,0,1,1,0,2,1,0,0,1,2,1,0,1,0,2,0.87930945634054,False
2,1,1,1,1,0,2,1,0,0,1,0,0,0,4,0,0.05480449950307992,True
2,0,3,1,0,0,1,2,1,0,0,0,1,2,0,1,0.061054963823892215,True
2,0,1,1,1,1,1,1,2,0,0,3,0,0,1,0,0.1678971309825161,True
2,0,0,3,1,0,2,0,1,1,0,0,0,2,1,1,0.1802078280337494,True
2,1,0,3,0,0,0,0,3,0,1,1,2,0,0,1,0.956132655820208,False
2,0,0,0,1,3,0,1,1,1,1,1,0,1,1,1,0.8984340491493056,False
2,0,1,0,1,2,2,2,0,0,0,1,1,1,1,0,0.05186138900829369,True
2,2,0,1,0,1,0,0,0,1,3,2,1,0,1,0,0.8991892288927305,False
2,1,2,0,0,1,1,3,0,0,0,0,0,1,1,2,0.03228864814144123,True
2,1,0,0,3,0,1,3,0,0,0,0,3,1,0,0,0.06804930555555555,True
2,0,0,4,0,0,2,0,0,2,0,2,2,0,0,0,0.1095735395461937,True
2,1,1,0,2,0,2,0,2,0,0,1,0,2,0,1,0.10760056426778129,True
2,3,1,0,0,0,1,1,0,1,1,0,0,4,0,0,0.9563201742665288,False
2,0,1,2,0,1,1,3,0,0,0,3,1,0,0,0,0.07347791550699816,True
2,1,1,1,1,0,0,0,2,1,1,0,1,1,0,2,0.08063495645507301,True
2,0,0,0,0,4,1,0,2,1,0,0,3,1,0,0,0.053830421766602334,True
2,0,2,0,0,2,3,0,0,0,1,2,0,1,0,1,0.9200068523255316,False
2,2,0,0,0,2,0,0,1,1,2,2,0,1,1,0,0.9115450351199987,False
2,1,0,0,1,2,0,0,1,0,3,0,1,0,0,3,0.8396859018012149,False
2,2,1,0,1,0,2,0,1,0,1,1,1,0,1,1,0.10364671968070546,True
2,0,0,1,1,2,1,1,0,2,0,0,3,0,1,0,0.03335790814548113,True
2,1,3,0,0,0,1,0,2,1,0,1,0,0,2,1,0.06466322853796157,True
2,0,0,0,3,1,4,0,0,0,0,0,4,0,0,0,0.0772548261265303,True
2,0,1,2,0,1,1,0,0,2,1,1,1,0,0,2,0.9193092064391153,False
2,1,2,1,0,0,0,0,0,2,2,2,0,0,2,0,0.05051137367423399,True
2,1,0,1,2,0,1,0,0,3,0,0,0,0,4,0,0.06,True
2,0,0,4,0,0,1,1,0,0,2,0,0,0,4,0,0.06889405399090257,True
2,3,1,0,0,0,1,1,2,0,0,0,3,0,0,1,0.1015535847168753,True
2,0,1,2,0,1,0,0,2,1,1,3,1,0,0,0,0.9573372564772152,False
2,0,0,3,0,1,0,1,0,1,2,0,1,0,3,0,0.039153101527082006,True
2,2,1,1,0,0,2,0,0,0,2,1,0,0,0,3,0.8896509321198153,False
2,1,0,3,0,0,2,0,1,0,1,0,3,0,0,1,0.9588598010638513,False
2,3,0,1,0,0,2,0,1,0,1,0,0,1,0,3,0.9177777777777776,False
2,0,0,2,0,2,1,0,1,2,0,1,1,0,2,0,0.04656966703413083,True
2,0,0,0,4,0,0,1,0,3,0,0,0,3,0,1,0.04113263888888892,True
2,1,1,1,0,1,3,0,0,0,1,0,0,2,1,1,0.9387017276186093,False
2,1,0,2,1,0,1,0,0,3,0,1,3,0,0,0,0.07090185458865975,True
2,1,2,0,0,1,0,0,0,2,2,0,1,2,1,0,0.08231188919804179,True
2,0,3,0,1,0,0,0,2,1,1,2,0,0,0,2,0.028406561872980775,True
2,0,0,4,0,0,0,1,3,0,0,0,3,1,0,0,0.13888813114695045,True
2,1,0,0,3,0,3,0,0,0,1,4,0,0,0,0,0.09989855995460704,True
2,0,3,0,0,1,0,0,1,1,2,1,1,0,2,0,0.04201878493183924,True
2,2,0,2,0,0,0,2,0,2,0,2,0,0,0,2,0.05218911764889696,True
2,1,0,0,0,3,0,1,2,1,0,1,0,0,0,3,0.5380734280008386,False
2,2,2,0,0,0,0,0,1,0,3,1,2,0,0,1,0.06404860802816387,True
2,0,1,2,1,0,1,0,0,1,2,0,4,0,0,0,0.0420968217904184,True
2,0,0,0,0,4,1,2,0,1,0,0,2,0,1,1,-0.007769406370840691,True
2,0,0,0,2,2,1,2,1,0,0,0,1,0,1,2,0.02711457423535887,True
2,1,0,0,0,3,0,4,0,0,0,2,0,1,1,0,0.025904292976963162,True
2,1,0,1,1,1,0,0,3,0,1,0,2,1,0,1,0.9379592941398293,False
2,0,2,1,0,1,0,0,0,2,2,1,0,1,2,0,0.07484844386602695,True
2,0,2,1,0,1,0,0,1,3,0,1,0,0,1,2,0.02191365383311606,True
2,2,0,1,0,1,1,2,1,0,0,1,0,2,0,1,0.6192307422483094,False
2,4,0,0,0,0,1,1,1,1,0,2,0,2,0,0,0.6580765569020842,False
2,0,0,0,1,3,1,0,2,1,0,1,0,2,1,0,0.3846438743098298,True
2,1,0,1,1,1,1,0,3,0,0,2,0,0,1,1,0.95738209855347,False
2,0,1,1,0,2,2,0,1,1,0,2,1,1,0,0,0.4253182287836238,True
2,0,2,0,1,1,3,1,0,0,0,0,1,1,2,0,0.06988643231694625,True
2,1,1,1,1,0,0,3,0,1,0,1,2,0,0,1,0.052462535261185245,True
2,0,0,0,4,0,0,0,2,1,1,2,1,0,1,0,0.049243984396343914,True
2,1,0,3,0,0,0,0,2,1,1,0,2,0,1,1,0.9580089377276739,False
2,3,0,1,0,0,1,1,0,2,0,1,0,0,3,0,0.07496332795497819,True
2,1,0,0,2,1,1,0,1,1,1,2,0,0,2,0,0.14187554401591654,True
2,2,0,1,1,0,0,0,0,3,1,0,1,1,0,2,0.14887461059772467,True
2,0,1,1,2,0,1,1,0,0,2,2,0,0,0,2,0.022415889532443257,True
2,1,2,1,0,0,0,0,0,2,2,1,0,0,1,2,0.03851339564429226,True
2,2,1,0,1,0,0,2,2,0,0,1,1,1,0,1,0.06917474086597815,True
2,3,1,0,0,0,0,1,0,1,2,1,1,1,0,1,0.8173684741169835,False
2,0,1,0,0,3,0,0,3,0,1,1,1,2,0,0,0.9194189647431138,False
2,0,2,0,2,0,0,2,0,2,0,0,0,4,0,0,0.06678888888888888,True
2,1,0,0,2,1,0,1,2,0,1,0,1,1,1,1,0.9384398120765516,False
2,1,2,0,0,1,1,2,0,1,0,1,1,0,0,2,0.03154671358548958,True
2,0,2,0,2,0,1,2,1,0,0,1,0,0,0,3,0.015030097187167362,True
2,1,0,1,1,1,1,1,0,1,1,0,0,3,1,0,0.9484495520295856,False
2,1,0,1,1,1,2,2,0,0,0,3,1,0,0,0,0.10091365687281283,True
2,3,1,0,0,0,1,1,2,0,0,0,2,1,0,1,0.12661746874165877,True
2,1,2,0,0,1,2,1,1,0,0,2,0,1,1,0,0.16669631028578238,True
2,1,0,0,1,2,2,0,0,2,0,0,1,1,1,1,0.04838571387230532,True
2,0,1,2,0,1,1,2,0,0,1,1,0,0,1,2,0.9192886054308146,False
2,0,0,0,0,4,3,1,0,0,0,1,0,2,0,1,0.8901468780629344,False
2,2,0,1,1,0,0,1,2,0,1,0,0,3,0,1,0.9480870633524535,False
2,1,1,1,1,0,1,2,1,0,0,1,2,1,0,0,0.08039675906157381,True
2,1,2,0,1,0,0,1,3,0,0,0,0,0,3,1,0.06161245739187108,True
2,0,2,1,0,1,0,1,0,2,1,2,2,0,0,0,0.08410767847415265,True
2,0,0,2,1,1,1,2,0,1,0,0,0,0,2,2,0.031438500415195005,True
2,1,0,1,2,0,0,3,0,0,1,0,1,1,2,0,0.05450730053817541,True
2,2,0,2,0,0,0,0,2,2,0,1,1,0,2,0,0.08656966703413077,True
2,0,0,0,2,2,1,1,1,1,0,3,0,0,0,1,0.07830007777963728,True
2,0,1,3,0,0,0,1,1,1,1,2,0,1,0,1,0.9459333729810988,False
2,1,1,0,2,0,0,2,2,0,0,0,1,2,0,1,0.058085923361899605,True
2,2,0,2,0,0,0,2,0,0,2,1,0,1,2,0,0.3923448698452066,True
2,0,1,0,1,2,1,0,0,2,1,0,0,1,3,0,0.03682274629115945,True
2,0,0,0,3,1,0,2,0,1,1,2,0,1,1,0,0.12272902661363255,True
2,2,0,1,0,1,0,3,0,0,1,2,0,0,1,1,0.9390307430088458,False
2,0,2,2,0,0,0,1,2,0,1,2,0,1,1,0,0.10253145571455412,True
2,2,2,0,0,0,0,0,4,0,0,1,0,2,0,1,0.641574132799132,False
2,0,1,1,1,1,0,3,0,0,1,2,0,1,1,0,0.23124875677008688,True
2,0,0,1,3,0,0,0,0,0,4,0,0,0,4,0,-0.013113532659416042,True
2,1,2,0,1,0,3,0,0,1,0,2,0,2,0,0,0.0921891176488969,True
2,1,1,1,1,0,0,0,2,0,2,1,2,1,0,0,0.07449917147309464,True
2,0,3,1,0,0,3,1,0,0,0,0,1,0,0,3,0.02890654446054265,True
2,3,1,0,0,0,0,0,0,3,1,2,0,0,1,1,0.173822062196051,True
2,2,1,0,0,1,0,0,1,2,1,1,0,0,2,1,0.9365068663804156,False
2,1,1,2,0,0,0,0,1,0,3,1,1,0,1,1,0.9033017507342291,False
2,1,2,0,0,1,3,0,0,0,1,2,0,0,1,1,0.9385582460450063,False
2,1,3,0,0,0,0,1,0,0,3,0,0,3,1,0,0.033158850938488436,True
2,0,1,0,3,0,0,3,1,0,0,0,0,4,0,0,0.07014067523575157,True
2,0,1,1,2,0,1,1,0,1,1,1,2,0,1,0,0.054252882673547886,True
2,1,0,2,1,0,0,1,0,3,0,0,3,0,0,1,0.04993507404185085,True
2,2,1,0,0,1,0,2,0,1,1,0,3,1,0,0,0.06676525504311336,True
2,0,0,3,0,1,1,0,2,0,1,0,0,2,0,2,0.9118603710805115,False
2,2,0,1,0,1,2,1,0,1,0,0,3,0,0,1,0.07947191558651777,True
2,0,3,1,0,0,1,0,2,1,0,1,0,0,2,1,0.06466322853796157,True
2,2,0,0,1,1,1,0,2,0,1,2,0,0,2,0,0.9320405909296381,False
2,0,3,1,0,0,1,0,0,0,3,0,0,0,4,0,0.015259007656817522,True
2,0,1,0,2,1,0,1,0,3,0,3,0,0,1,0,0.05118316482002121,True
2,1,0,0,1,2,0,0,0,3,1,0,2,1,0,1,0.9158183955151415,False
2,1,1,0,2,0,1,1,0,1,1,1,0,0,2,1,0.043023055256345956,True
2,1,0,1,0,2,0,1,1,1,1,1,0,1,0,2,0.8986666794211121,False
2,2,0,2,0,0,2,0,0,1,1,1,0,0,2,1,0.9579741902128327,False
2,0,1,1,0,2,0,1,0,1,2,0,1,0,3,0,0.011216094062383336,True
2,1,0,0,2,1,1,1,1,1,0,0,3,0,1,0,0.05800853450645083,True
2,0,2,1,1,0,0,0,0,3,1,0,2,0,2,0,0.05288077861831505,True
2,1,0,0,3,0,0,1,0,3,0,0,0,0,1,3,0.00340413219221907,True
2,0,3,1,0,0,1,1,0,1,1,3,0,0,0,1,0.05793281133559186,True
2,3,0,0,1,0,1,2,0,0,1,2,1,0,0,1,0.833828188825193,False
2,0,1,1,2,0,1,0,3,0,0,0,1,1,0,2,0.06458344752606832,True
2,2,2,0,0,0,1,0,1,1,1,3,0,0,1,0,0.10120536373861597,True
2,1,1,0,2,0,1,1,1,0,1,2,1,0,1,0,0.060120099668987764,True
2,0,1,1,2,0,3,0,1,0,0,2,1,0,0,1,0.08458344752606828,True
2,0,1,2,0,1,2,1,0,0,1,1,1,1,0,1,0.9393498253650565,False
2,0,0,0,1,3,0,0,1,3,0,1,0,2,1,0,0.02166176060830889,True
2,0,2,1,0,1,1,0,1,0,2,0,2,0,1,1,0.9186355271859712,False
2,0,2,1,0,1,0,1,1,0,2,1,0,0,0,3,0.8795585453683187,False
2,0,1,0,0,3,0,2,0,0,2,1,1,0,0,2,0.8575943484417499,False
2,2,1,1,0,0,2,0,1,0,1,0,0,0,1,3,0.909154565967888,False
2,3,0,1,0,0,0,2,1,1,0,0,2,0,0,2,0.05913875812964304,True
2,1,1,0,1,1,0,0,0,4,0,1,2,0,0,1,0.03089386869164806,True
2,0,0,3,0,1,1,0,2,0,1,2,2,0,0,0,0.9465231225310995,False
2,0,0,1,3,0,0,4,0,0,0,3,1,0,0,0,0.0686766985028476,True
2,3,1,0,0,0,0,0,2,1,1,0,0,1,2,1,0.8403222596284913,False
2,2,0,0,2,0,3,0,0,1,0,0,3,0,0,1,0.0632297804950788,True
2,0,3,0,0,1,0,3,0,1,0,0,1,2,1,0,0.05458816673160729,True
2,0,3,0,0,1,0,2,1,1,0,2,0,1,0,1,0.05120968528307243,True
2,0,1,2,0,1,0,0,1,0,3,0,4,0,0,0,0.04302345637740258,True
2,1,0,0,0,3,0,0,2,2,0,0,1,3,0,0,0.10676443854343153,True
2,0,0,1,3,0,0,1,0,1,2,3,0,0,1,0,0.03725125932771298,True
2,1,0,0,3,0,0,0,1,2,1,0,2,0,1,1,0.036529754485378985,True
2,0,2,1,1,0,0,3,0,0,1,2,1,0,0,1,0.04727491631123945,True
2,2,0,1,1,0,0,0,3,0,1,3,1,0,0,0,0.9029823743798473,False
2,0,0,1,1,2,1,0,1,1,1,0,0,2,0,2,0.8980772879381455,False
2,0,2,0,0,2,2,1,0,0,1,0,0,4,0,0,0.9391162402019667,False
2,2,0,0,1,1,0,0,2,1,1,2,0,2,0,0,0.9580772879381458,False
2,0,2,0,0,2,0,0,3,0,1,4,0,0,0,0,0.9384622096257483,False
2,0,2,0,2,0,2,1,0,1,0,1,0,0,3,0,0.06521597222222222,True
2,0,0,0,1,3,2,0,0,0,2,0,0,4,0,0,0.8982665532266524,False
2,2,0,0,1,1,0,1,3,0,0,2,0,1,0,1,0.9456953273504285,False
2,0,0,0,0,4,0,3,0,1,0,1,2,0,1,0,-0.004432031068335866,True
2,0,4,0,0,0,2,1,1,0,0,0,1,2,0,1,0.060615561339208736,True
2,1,0,2,0,1,2,2,0,0,0,2,1,0,0,1,0.17685896935660445,True
2,3,0,0,0,1,1,0,0,1,2,1,0,0,3,0,0.12332058816520804,True
2,0,3,1,0,0,3,1,0,0,0,0,3,0,0,1,0.06254346989162085,True
2,1,0,2,1,0,1,0,0,0,3,2,2,0,0,0,0.25363574981097253,False
2,1,0,1,0,2,2,0,0,1,1,0,0,4,0,0,0.9376450670482803,False
2,0,1,2,1,0,2,1,0,1,0,0,0,0,0,4,0.012189117648897031,True
2,1,0,1,1,1,3,0,0,0,1,2,0,2,0,0,0.958554666885966,False
2,2,1,1,0,0,0,1,1,1,1,0,1,2,0,1,0.842729071534109,False
2,0,0,1,3,0,2,0,0,0,2,1,0,0,3,0,0.031302648452343,True
2,0,0,3,0,1,2,0,0,1,1,1,0,2,1,0,0.9519300676506899,False
2,3,1,0,0,0,0,1,2,1,0,0,1,3,0,0,0.10312017646985228,True
2,0,0,3,1,0,0,2,1,1,0,0,2,0,2,0,0.07043362298741696,True
2,1,0,1,0,2,2,2,0,0,0,1,0,1,0,2,0.577113938372579,False
2,1,0,1,1,1,3,0,1,0,0,2,0,2,0,0,0.9776689606699606,False
2,0,0,3,1,0,1,0,0,3,0,0,2,0,1,1,0.052438601116874414,True
2,0,1,1,0,2,1,0,1,2,0,0,1,1,1,1,0.048385713876920124,True
2,0,1,3,0,0,1,1,2,0,0,0,1,1,2,0,0.09452912703100613,True
2,0,1,1,1,1,0,1,1,1,1,1,0,1,2,0,0.09484844386602691,True
2,3,0,0,1,0,2,0,2,0,0,1,2,1,0,0,0.3136439126761457,False
2,0,4,0,0,0,0,2,1,1,0,0,3,1,0,0,0.06963263888888889,True
2,2,0,2,0,0,1,0,0,3,0,1,1,0,2,0,0.07380021196890388,True
2,0,1,0,3,0,1,0,1,0,2,1,0,2,0,1,0.028096135744838772,True
2,1,1,0,0,2,1,0,1,1,1,2,0,0,2,0,0.3723448698452067,True
2,1,0,1,0,2,1,3,0,0,0,1,1,2,0,0,0.0631944614045958,True
2,1,2,1,0,0,0,0,0,0,4,1,2,0,0,1,0.0440486080281639,True
2,0,0,1,2,1,1,2,0,1,0,1,1,0,0,2,0.03155141304160817,True
2,0,1,0,2,1,2,0,1,0,1,1,0,0,0,3,0.8993295049403909,False
2,0,0,0,2,2,0,2,0,0,2,0,2,0,1,1,0.8927111640321383,False
2,0,3,0,1,0,1,0,0,2,1,1,1,0,2,0,0.051612940630216105,True
2,0,0,0,3,1,1,0,1,2,0,1,3,0,0,0,0.058686603749158545,True
2,1,1,1,0,1,1,0,1,2,0,0,2,0,0,2,0.0490587429764077,True
2,0,2,0,2,0,2,2,0,0,0,2,0,0,1,1,0.053453198233683115,True
2,1,0,0,0,3,0,0,3,1,0,0,0,2,0,2,0.8874919071566117,False
2,0,3,0,0,1,0,1,1,1,1,1,0,1,2,0,0.07448038147949418,True
2,2,1,0,0,1,2,0,2,0,0,0,0,1,0,3,0.918323670933961,False
2,1,1,1,1,0,2,1,0,1,0,0,3,0,0,1,0.05949772011425715,True
2,1,0,0,0,3,1,1,1,0,1,0,0,1,2,1,0.8985020578992992,False
2,0,0,3,0,1,0,0,1,2,1,1,0,2,1,0,0.9500009897738922,False
2,1,0,0,0,3,3,1,0,0,0,1,1,0,2,0,0.07192592140729437,True
2,2,0,0,1,1,1,0,0,1,2,0,0,4,0,0,0.9385598331575422,False
2,2,0,2,0,0,0,1,0,2,1,0,0,2,0,2,0.938447200360741,False
2,1,0,1,2,0,1,2,0,1,0,0,1,1,0,2,0.03555152501320572,True
2,0,1,1,0,2,1,0,0,3,0,0,2,0,0,2,0.002691680019928306,True
2,0,0,2,2,0,2,0,0,1,1,0,3,0,0,1,0.05819192937057946,True
2,1,0,1,2,0,4,0,0,0,0,0,3,1,0,0,0.09218911764889688,True
2,3,0,1,0,0,1,0,0,2,1,0,0,0,2,2,0.9369089577097925,False
2,0,1,0,2,1,0,0,1,3,0,1,0,1,1,1,0.0386109762028963,True
2,1,1,0,1,1,2,0,0,2,0,0,2,0,2,0,0.05371798176573257,True
2,0,1,2,1,0,1,0,1,2,0,2,0,1,1,0,0.07826818713712283,True
2,0,2,1,1,0,2,0,1,0,1,1,1,0,1,1,0.058870766913707996,True
2,1,0,2,0,1,0,2,0,0,2,0,3,1,0,0,0.08174781358341451,True
2,0,3,0,1,0,0,0,0,2,2,0,1,0,2,1,0.01777542238714631,True
2,0,1,0,0,3,1,2,0,1,0,1,3,0,0,0,0.019729944155493073,True
2,1,1,2,0,0,2,1,0,1,0,0,0,1,1,2,0.06975403388380373,True
2,3,0,1,0,0,0,0,1,2,1,3,0,0,0,1,0.9589308748322541,False
2,1,1,0,2,0,0,0,0,2,2,2,0,0,0,2,0.012457851917576368,True
2,0,0,0,4,0,2,2,0,0,0,1,0,1,2,0,0.06529036965314802,True
2,3,1,0,0,0,2,1,0,1,0,1,0,0,1,2,0.06975403388380373,True
2,1,0,2,0,1,0,0,1,3,0,0,0,2,0,2,0.0598985599546071,True
2,0,0,2,2,0,0,0,4,0,0,3,1,0,0,0,0.16676443854343143,True
2,0,1,1,1,1,3,0,0,0,1,0,0,2,2,0,0.3923448698452066,True
2,2,0,1,1,0,0,1,3,0,0,0,0,2,0,2,0.6181047016428195,False
2,2,0,0,0,2,1,0,0,0,3,2,0,1,1,0,0.8932503967782442,False
2,2,0,0,2,0,0,1,1,0,2,1,0,2,0,1,0.1233205881652079,True
2,0,0,2,0,2,0,1,2,1,0,1,0,2,1,0,0.12978647144779917,True
2,2,0,1,0,1,3,0,1,0,0,2,0,0,0,2,0.9385234692889148,False
2,0,0,0,2,2,1,2,0,0,1,1,0,0,2,1,0.914705152185964,False
2,0,0,0,0,4,1,1,1,1,0,0,0,0,2,2,0.02295652791258997,True
2,0,0,0,1,3,0,2,1,0,1,1,0,1,2,0,0.10187554402708095,True
2,1,3,0,0,0,0,1,1,0,2,0,3,1,0,0,0.04005800035535769,True
2,0,2,1,0,1,1,0,1,2,0,3,1,0,0,0,0.07915310157297735,True
2,2,0,1,0,1,0,2,0,0,2,1,1,0,0,2,0.8997531652944689,False
2,0,1,1,0,2,0,1,3,0,0,0,1,0,3,0,0.04931339563551705,True
2,0,2,0,1,1,1,0,1,0,2,0,1,2,1,0,0.13305074314014695,True
2,0,0,3,0,1,0,0,0,3,1,3,1,0,0,0,0.9554768627067003,False
2,0,0,1,0,3,0,1,0,1,2,4,0,0,0,0,0.8995927543275632,False
2,1,0,3,0,0,0,0,1,3,0,1,0,1,2,0,0.07814749178158457,True
2,1,0,1,1,1,0,2,1,1,0,0,2,0,1,1,0.04760139740775122,True
2,0,2,0,0,2,1,0,0,3,0,0,1,1,1,1,0.018845804265789023,True
2,1,3,0,0,0,0,4,0,0,0,0,2,1,1,0,0.069775,True
2,0,2,0,2,0,1,1,0,0,2,0,0,0,3,1,0.016756116582430446,True
2,0,1,0,2,1,2,0,0,1,1,0,1,0,0,3,0.8978093798426868,False
2,1,1,1,0,1,0,0,0,3,1,2,0,0,1,1,0.9374183735401221,False
2,0,2,0,1,1,1,1,1,0,1,0,0,1,1,2,0.9190614583904849,False
2,2,0,0,2,0,2,0,0,1,1,1,2,0,0,1,0.06905874292435106,True
2,0,2,0,0,2,0,2,0,1,1,1,1,1,0,1,0.9142725924208314,False
2,0,1,0,0,3,0,0,2,2,0,0,1,2,0,1,0.049332135892752815,True
2,2,2,0,0,0,3,0,0,1,0,0,1,0,0,3,0.050039337310330834,True
2,0,1,1,1,1,0,2,0,1,1,0,1,0,0,3,0.8953582783569608,False
2,2,1,0,1,0,1,1,0,0,2,1,0,1,1,1,0.07998830647740057,True
2,1,2,1,0,0,0,1,3,0,0,0,2,0,1,1,0.07503816823840348,True
2,0,0,2,2,0,2,2,0,0,0,1,1,0,1,1,0.06192013877397924,True
2,2,1,0,0,1,0,3,0,1,0,3,0,0,0,1,0.04839785602642253,True
2,0,0,4,0,0,2,0,1,0,1,0,0,0,2,2,0.9364445547438955,False
2,0,0,0,0,4,1,1,1,0,1,1,2,1,0,0,0.8805407461091769,False
2,1,2,0,0,1,0,0,3,0,1,1,1,0,0,2,0.9191162402019668,False
2,1,1,0,1,1,1,0,1,0,2,0,0,1,3,0,0.06699089775824187,True
2,2,0,0,0,2,1,0,0,3,0,0,2,1,1,0,0.03607011537858185,True
2,0,0,2,1,1,1,1,1,1,0,2,0,2,0,0,0.17849653136961827,True
2,0,0,0,2,2,1,0,0,0,3,1,0,1,2,0,0.3323448698452067,True
2,0,0,1,0,3,0,1,0,3,0,0,3,0,0,1,-0.003670372751629617,True
2,0,1,2,0,1,0,0,0,1,3,0,1,0,1,2,0.8789452290567097,False
2,3,0,0,1,0,0,1,1,0,2,0,1,0,2,1,0.14681584845830226,True
2,2,0,2,0,0,0,0,0,4,0,0,0,1,2,1,0.05423951082833167,True
2,0,2,0,1,1,1,0,0,2,1,1,1,0,2,0,0.05492312638675944,True
2,1,2,1,0,0,0,1,1,1,1,1,2,1,0,0,0.07331018809479516,True
2,0,1,2,0,1,0,1,2,0,1,3,0,0,1,0,0.954108226431316,False
2,0,1,1,0,2,0,1,2,1,0,1,1,0,1,1,0.0574934720370743,True
2,0,0,4,0,0,0,1,1,1,1,0,0,0,3,1,0.9568756344770061,False
2,2,1,1,0,0,0,2,0,1,1,1,0,1,0,2,0.8200446514187575,False
2,1,2,0,0,1,1,1,0,2,0,0,3,1,0,0,0.05577316870601785,True
2,1,0,1,2,0,0,0,0,3,1,0,0,0,3,1,0.04539897902710733,True
2,1,0,2,0,1,0,0,0,3,1,2,0,2,0,0,0.9583628304305879,False
2,0,0,0,4,0,0,1,0,3,0,1,2,0,1,0,0.06,True
2,0,0,1,0,3,4,0,0,0,0,1,1,1,0,1,0.9194818588106429,False
2,3,0,1,0,0,0,1,1,2,0,0,1,1,1,1,0.07393224929401,True
2,0,0,3,0,1,0,0,0,1,3,1,0,3,0,0,0.916253043322753,False
2,0,2,1,0,1,0,0,2,2,0,1,2,1,0,0,0.0677737137647887,True
2,0,0,1,3,0,0,0,4,0,0,2,0,2,0,0,0.11989855995460699,True
2,2,0,1,1,0,1,2,1,0,0,3,1,0,0,0,0.10310943000280443,True
2,2,0,0,1,1,0,1,0,2,1,0,0,0,0,4,0.8784839467161746,False
2,1,0,1,0,2,2,0,2,0,0,2,0,2,0,0,0.9562456096627696,False
2,0,3,0,1,0,0,1,0,1,2,1,0,1,2,0,0.03377558248173162,True
2,4,0,0,0,0,1,1,0,1,1,0,0,3,0,1,0.9591226873571581,False
2,2,1,0,0,1,2,1,1,0,0,0,2,0,0,2,0.8173684741169835,False
2,0,1,0,1,2,0,2,1,0,1,3,0,0,0,1,0.9194963809514555,False
2,0,1,0,1,2,0,1,0,3,0,0,2,1,0,1,0.014207631069315416,True
2,0,0,2,1,1,0,0,3,0,1,1,2,0,0,1,0.9377414696275194,False
2,1,0,0,1,2,0,0,3,1,0,0,3,0,0,1,0.1515744344255385,True
2,0,2,1,0,1,0,3,0,1,0,0,1,2,1,0,0.05507240907499035,True
2,1,0,0,3,0,1,0,2,0,1,2,0,1,1,0,0.07044164342759479,True
2,3,0,0,1,0,3,0,0,1,0,0,4,0,0,0,0.08363034315581055,True
2,0,1,0,1,2,1,0,1,2,0,1,3,0,0,0,0.04141252380341128,True
2,1,1,0,2,0,0,1,0,3,0,0,0,0,4,0,0.06,True
2,1,1,1,1,0,0,0,1,1,2,0,2,0,0,2,0.03803509298717573,True
2,0,1,2,1,0,0,0,0,1,3,0,1,0,3,0,0.01691083518743848,True
2,0,0,0,4,0,0,2,2,0,0,0,1,1,1,1,0.04864046260334334,True
2,1,1,2,0,0,1,0,1,2,0,0,0,0,1,3,0.044174046593551966,True
2,2,1,0,0,1,2,1,0,0,1,1,0,3,0,0,0.9592962702181623,False
2,0,1,3,0,0,1,2,0,0,1,2,0,0,2,0,0.09480545044381453,True
2,0,2,0,2,0,2,0,1,0,1,0,3,1,0,0,0.0550300971871673,True
2,4,0,0,0,0,2,0,0,1,1,0,1,0,0,3,0.9190891759695097,False
2,1,0,0,0,3,3,0,0,0,1,1,0,2,1,0,0.9133106156728941,False
2,1,0,2,1,0,0,1,2,1,0,0,3,0,1,0,0.07525900765681742,True
2,1,0,2,1,0,2,1,0,1,0,2,0,1,0,1,0.10760056426778129,True
2,0,0,3,0,1,1,0,2,1,0,3,0,0,1,0,0.8992914573541749,False
2,0,3,1,0,0,0,0,1,3,0,1,1,0,1,1,0.05068835657986958,True
2,1,3,0,0,0,0,0,0,3,1,4,0,0,0,0,0.07174351015019828,True
2,0,1,0,1,2,0,0,3,0,1,0,2,1,1,0,0.08008204349262246,True
2,2,0,1,0,1,0,0,4,0,0,0,1,0,0,3,0.9163968686396461,False
2,1,0,0,2,1,0,1,0,1,2,1,0,3,0,0,0.938912717738461,False
2,1,0,1,0,2,2,0,0,2,0,2,0,0,0,2,0.5684658076495367,False
2,0,0,2,1,1,2,2,0,0,0,0,1,2,1,0,0.07965985813872742,True
2,1,1,2,0,0,3,0,0,0,1,0,1,3,0,0,0.9039950958563082,False
2,0,1,0,3,0,0,2,1,0,1,0,0,0,2,2,0.013776199998473371,True
2,0,2,0,0,2,1,1,0,0,2,3,0,1,0,0,0.9197531652944689,False
2,0,1,1,0,2,3,0,1,0,0,3,0,1,0,0,0.9583236709339612,False
2,0,0,1,1,2,3,1,0,0,0,1,1,0,1,1,0.8173275352014315,False
2,4,0,0,0,0,0,2,1,1,0,3,0,1,0,0,0.1338228860526896,True
2,0,1,1,2,0,1,1,0,2,0,0,1,1,1,1,0.04864046260334334,True
2,0,0,3,0,1,0,1,1,2,0,0,2,1,0,1,0.054294704862541295,True
2,0,1,1,0,2,4,0,0,0,0,1,3,0,0,0,0.15738219552949667,True
2,0,2,0,0,2,1,0,0,0,3,0,0,1,1,2,0.8592477958945967,False
2,1,2,0,0,1,1,0,0,2,1,1,1,1,1,0,0.1018106613336431,True
2,3,0,0,1,0,1,2,1,0,0,2,0,2,0,0,0.13382791002756994,True
2,2,0,1,1,0,1,0,1,2,0,0,1,0,2,1,0.06247893136415564,True
2,1,0,0,3,0,0,0,0,0,4,0,0,2,0,2,-0.00010144004539280371,True
2,0,3,0,1,0,1,0,1,0,2,0,2,0,1,1,0.021929712989646973,True
2,0,0,1,3,0,0,0,1,2,1,1,2,0,1,0,0.05158890752363419,True
2,0,1,0,2,1,0,1,0,3,0,2,1,0,0,1,0.03410413583416026,True
2,0,1,1,1,1,0,3,0,0,1,1,1,2,0,0,0.2475335533242039,True
2,0,1,1,1,1,1,2,1,0,0,1,1,2,0,0,0.08790386784004045,True
2,0,1,3,0,0,0,3,0,0,1,1,0,3,0,0,0.8692249850338325,False
2,0,0,2,0,2,0,2,1,0,1,1,0,0,0,3,0.8784622096257481,False
2,0,1,0,2,1,1,2,0,0,1,0,1,0,0,3,0.8925316143369971,False
2,0,1,1,0,2,0,2,0,1,1,2,0,0,1,1,0.9177822816985319,False
2,0,1,0,3,0,1,0,0,0,3,1,0,1,2,0,0.012299753032952597,True
2,0,0,0,1,3,0,1,0,0,3,3,0,0,1,0,0.8692295068544283,False
2,1,0,1,0,2,3,0,1,0,0,0,0,3,1,0,0.9530847455674543,False
2,2,0,2,0,0,0,2,1,1,0,2,0,0,1,1,0.0897540338838037,True
2,1,0,0,3,0,0,1,0,0,3,4,0,0,0,0,0.03592782407345852,True
2,2,0,1,0,1,0,1,1,0,2,0,0,2,0,2,0.8977513434726059,False
2,1,0,2,1,0,0,4,0,0,0,0,0,1,0,3,0.022951839681564345,True
2,1,1,1,0,1,0,3,0,1,0,0,0,4,0,0,0.06841400639475591,True
2,2,0,1,1,0,1,3,0,0,0,0,1,1,2,0,0.07444959735574129,True
2,2,1,0,1,0,1,0,0,2,1,0,2,1,0,1,0.06523013462001608,True
2,3,0,0,1,0,0,0,3,1,0,0,0,2,2,0,0.10131290343677331,True
2,1,1,0,1,1,0,2,2,0,0,2,1,1,0,0,0.08733316384296846,True
2,2,0,0,0,2,1,2,1,0,0,0,0,1,2,1,0.08500426479788893,True
2,0,0,3,1,0,1,0,0,0,3,1,0,0,0,3,0.8673902972146774,False
2,0,3,0,1,0,3,0,0,0,1,1,0,2,0,1,0.055561972503353624,True
2,1,2,1,0,0,0,3,0,1,0,1,1,0,0,2,0.03493157746953561,True
2,0,0,2,1,1,0,0,0,1,3,0,0,3,0,1,0.8976914614850446,False
2,2,1,0,1,0,0,3,0,0,1,2,1,1,0,0,0.07666734358132242,True
2,0,2,1,0,1,2,0,0,0,2,0,4,0,0,0,0.0458577512781751,True
2,0,0,3,1,0,2,1,0,1,0,1,1,1,0,1,0.08458344752606828,True
2,3,0,0,1,0,1,1,1,0,1,0,0,1,0,3,0.9059262784537673,False
2,0,0,3,1,0,0,0,3,0,1,0,0,3,0,1,0.9475276638488883,False
2,0,1,0,0,3,0,2,2,0,0,1,1,0,1,1,0.04037441345443369,True
2,1,2,1,0,0,1,1,2,0,0,0,0,1,0,3,0.07515200530695117,True
2,1,0,3,0,0,2,0,0,1,1,2,0,1,0,1,0.9574100692377309,False
2,3,0,0,1,0,0,0,0,4,0,1,2,0,0,1,0.048039795510758355,True
2,2,0,0,0,2,0,0,0,3,1,0,2,0,2,0,0.034993927034597506,True
2,0,1,2,1,0,0,0,0,3,1,1,0,2,0,1,0.07620016332695649,True
2,0,0,3,0,1,1,0,0,2,1,1,2,0,1,0,0.09972263676896988,True
2,0,0,0,3,1,2,0,1,0,1,0,3,0,1,0,0.05717500742538932,True
2,1,1,0,0,2,1,0,3,0,0,1,1,0,0,2,0.9187636390973986,False
2,0,3,0,0,1,1,0,0,0,3,2,0,0,2,0,0.1018755442426013,True
2,0,0,1,1,2,1,0,1,2,0,2,0,1,0,1,0.1233205881652079,True
2,0,3,1,0,0,0,1,1,1,1,0,2,0,1,1,0.046524248259864,True
2,1,0,1,2,0,1,2,0,0,1,1,0,3,0,0,0.1069908977775599,True
2,0,1,2,0,1,2,1,1,0,0,0,0,2,2,0,0.12206780135700972,True
2,1,0,2,0,1,1,1,0,0,2,3,1,0,0,0,0.932457365295061,False
2,0,2,1,1,0,1,0,1,1,1,1,0,1,0,2,0.04780310498804823,True
2,0,0,3,0,1,0,0,2,2,0,1,2,0,0,1,0.09300659745697683,True
2,1,0,1,1,1,2,1,1,0,0,0,1,2,1,0,0.12598888724287527,True
2,1,1,1,0,1,0,2,0,0,2,0,3,1,0,0,0.059078383152152796,True
2,2,1,0,1,0,1,0,3,0,0,1,0,2,1,0,0.16978647144779913,True
2,2,0,0,1,1,1,1,0,1,1,0,1,1,1,1,0.9375562420721127,False
2,0,1,1,2,0,1,0,1,2,0,0,0,0,2,2,0.030699167761893107,True
2,0,0,4,0,0,0,1,3,0,0,1,0,1,0,2,0.9596164528510641,False
2,2,2,0,0,0,1,0,0,2,1,3,1,0,0,0,0.08493847772742248,True
2,0,1,2,0,1,1,1,2,0,0,0,0,2,0,2,0.9343050557653919,False
2,0,2,0,0,2,0,0,2,2,0,0,0,2,2,0,0.041424861958867305,True
2,1,2,0,0,1,0,3,1,0,0,0,1,0,3,0,0.053254252426317185,True
2,1,0,2,1,0,3,1,0,0,0,1,1,0,0,2,0.1765360526899378,True
2,1,1,2,0,0,0,1,0,2,1,1,1,1,1,0,0.08547366783189601,True
2,0,0,3,1,0,1,0,0,2,1,0,0,2,1,1,0.8306046209076289,False
2,1,0,1,2,0,0,2,1,0,1,2,0,0,1,1,0.0673316647210517,True
2,0,0,1,0,3,0,3,0,0,1,0,1,1,0,2,0.8799944456134443,False
2,1,0,0,0,3,0,0,0,3,1,2,1,1,0,0,0.9164912043962833,False
2,0,2,1,0,1,0,2,1,0,1,0,3,0,0,1,0.9305411092782565,False
2,0,2,1,0,1,2,0,0,1,1,0,2,0,2,0,0.05499392704091121,True
2,0,1,0,3,0,0,0,0,1,3,1,0,0,2,1,-0.00440544738359328,True
2,0,3,0,0,1,0,0,0,2,2,2,1,0,0,1,0.9125316143369971,False
2,2,0,0,1,1,1,2,1,0,0,0,1,3,0,0,0.10302345639489208,True
2,1,2,0,1,0,0,1,2,1,0,3,0,0,1,0,0.07525900765681742,True
2,1,2,0,0,1,1,1,1,1,0,0,3,1,0,0,0.06428242997129321,True
2,1,1,0,1,1,0,3,1,0,0,2,0,0,0,2,0.037932811335591884,True
2,1,1,0,2,0,1,1,0,1,1,0,2,2,0,0,0.059078006549366124,True
2,1,0,1,1,1,4,0,0,0,0,1,1,0,0,2,0.9396859018012159,False
2,0,0,2,0,2,0,1,0,2,1,1,0,1,2,0,0.12187554401717701,True
2,0,3,0,0,1,3,1,0,0,0,0,1,0,1,2,0.0917620319444389,True
2,0,0,3,0,1,2,2,0,0,0,2,0,2,0,0,0.6404282587813643,False
2,3,1,0,0,0,1,0,1,1,1,0,0,3,1,0,0.4472642919667113,True
2,0,2,1,1,0,1,0,3,0,0,0,2,1,0,1,0.07915391747176452,True
2,2,0,1,1,0,0,4,0,0,0,0,0,1,1,2,0.040030642187083604,True
2,2,0,1,0,1,2,0,0,1,1,2,1,1,0,0,0.9550179426635749,False
2,2,0,0,0,2,0,0,1,3,0,0,1,1,2,0,0.033800211968903954,True
2,0,0,0,2,2,2,0,0,2,0,0,0,1,2,1,0.03661939280670695,True
2,1,0,3,0,0,2,1,0,0,1,0,1,0,3,0,0.09431615284249753,True
2,0,0,1,3,0,1,1,0,0,2,0,0,1,3,0,0.02898780734190379,True
2,1,0,0,0,3,0,3,0,1,0,0,0,0,3,1,0.0016124573918711764,True
2,2,1,0,1,0,2,0,0,0,2,0,1,0,2,1,0.0583439372938786,True
2,1,1,2,0,0,0,2,0,2,0,2,0,0,2,0,0.07136759283445235,True
2,1,0,1,0,2,3,1,0,0,0,1,0,0,3,0,0.08760056426778128,True
2,1,0,2,0,1,0,2,1,1,0,3,0,0,0,1,0.09383293334003988,True
2,1,2,0,1,0,0,1,0,3,0,4,0,0,0,0,0.06845813223946548,True
2,1,0,1,1,1,0,0,0,0,4,0,0,1,1,2,0.8587463885751782,False
2,1,1,0,0,2,0,1,0,0,3,0,0,2,0,2,0.8597200501759429,False
2,0,0,1,3,0,3,0,1,0,0,1,2,0,1,0,0.07607011537858178,True
2,0,1,1,1,1,0,1,3,0,0,0,3,0,0,1,0.12147548976734786,True
2,0,1,2,0,1,0,1,2,1,0,0,0,0,3,1,0.06443935321442477,True
2,2,1,1,0,0,0,1,0,0,3,1,0,2,0,1,0.9092827282743655,False
2,0,0,2,2,0,0,0,3,0,1,1,2,0,0,1,0.09300659745697683,True
2,1,1,1,1,0,1,2,0,1,0,1,1,1,0,1,0.058085923361899605,True
2,2,0,2,0,0,0,1,0,2,1,1,0,2,1,0,0.9683962191607626,False
2,0,1,2,1,0,0,0,3,0,1,1,0,1,0,2,0.5981078271290837,False
2,1,1,0,0,2,0,1,2,0,1,2,0,0,0,2,0.899296270218162,False
2,0,3,0,1,0,2,1,1,0,0,0,0,2,2,0,0.07316434554840524,True
2,0,1,2,1,0,0,3,1,0,0,1,2,0,0,1,0.058109651202238585,True
2,0,2,0,0,2,0,2,1,1,0,1,0,3,0,0,0.057366702590955096,True
2,0,0,2,1,1,1,0,2,1,0,2,0,0,2,0,0.11168657426512907,True
2,0,0,3,0,1,3,0,1,0,0,0,3,0,1,0,0.15584171718970213,True
2,0,0,0,2,2,0,0,1,2,1,0,0,1,2,1,0.9141046323322385,False
2,1,1,0,2,0,0,0,3,0,1,0,1,1,2,0,0.05712114468004462,True
2,0,0,0,0,4,3,0,1,0,0,0,0,0,1,3,0.8591431268758629,False
2,0,0,0,0,4,1,0,1,2,0,1,1,1,1,0,0.025695225464261496,True
2,1,0,1,0,2,0,0,0,3,1,1,1,0,2,0,0.05326131455720343,True
2,0,0,1,3,0,0,1,2,0,1,0,1,3,0,0,0.06489067209042537,True
2,2,1,1,0,0,0,1,2,1,0,3,1,0,0,0,0.1031148036823123,True
2,0,2,0,2,0,1,0,3,0,0,0,0,3,0,1,0.07218911764889692,True
2,0,1,1,0,2,1,1,0,2,0,0,1,2,0,1,0.03325100320119465,True
2,2,0,0,1,1,0,1,2,0,1,2,2,0,0,0,0.418389898725552,True
2,0,1,1,0,2,2,0,0,1,1,0,0,0,3,1,0.9157705465677882,False
2,0,0,0,4,0,3,1,0,0,0,0,1,0,0,3,0.012652670937343367,True
2,1,0,1,0,2,1,0,0,2,1,0,0,3,1,0,0.9293048665171469,False
2,1,0,3,0,0,0,1,2,1,0,3,0,0,1,0,0.16978647144779913,True
2,0,1,1,2,0,0,0,3,0,1,2,1,1,0,0,0.07908536848282602,True
2,0,1,3,0,0,0,1,1,0,2,1,0,2,1,0,0.4304297088284664,True
2,2,0,1,0,1,1,1,1,1,0,2,0,0,2,0,0.08769508483620995,True
2,0,0,4,0,0,0,0,1,3,0,1,0,2,1,0,0.09044164342759475,True
2,0,3,0,0,1,1,1,0,1,1,0,1,0,3,0,0.0429506725090423,True
2,0,2,2,0,0,2,1,0,1,0,0,1,3,0,0,0.08612810833240074,True
2,1,2,0,0,1,0,0,1,0,3,1,1,0,0,2,0.8797531652944688,False
2,0,0,1,2,1,2,1,0,0,1,0,0,3,0,1,0.9386580861083752,False
2,3,0,0,1,0,0,0,2,2,0,1,0,1,2,0,0.07814749178158457,True
2,3,0,1,0,0,3,1,0,0,0,3,0,0,1,0,0.9227243807865717,False
2,1,1,2,0,0,4,0,0,0,0,0,2,0,0,2,0.9433874135999409,False
2,1,0,0,1,2,1,0,1,2,0,0,1,0,2,1,0.03717023510932662,True
2,2,0,0,2,0,0,2,0,0,2,1,0,0,2,1,0.0366193928071586,True
2,1,3,0,0,0,1,2,0,0,1,2,0,0,0,2,0.03715632121405462,True
2,1,1,1,0,1,0,0,2,1,1,2,1,0,1,0,0.41470219632014643,True
2,0,0,0,3,1,2,1,0,1,0,0,0,3,1,0,0.07315803724979025,True
2,1,0,1,2,0,2,1,0,0,1,1,1,1,1,0,0.07126763016875806,True
2,1,0,1,0,2,2,1,1,0,0,1,0,0,1,2,0.9091545659678879,False
2,0,0,1,2,1,3,0,1,0,0,0,0,1,0,3,0.9185598331575422,False
2,0,1,3,0,0,0,0,2,2,0,1,0,1,0,2,0.08760056426778133,True
2,4,0,0,0,0,0,1,2,0,1,1,0,1,1,1,0.9584844418435873,False
2,0,0,1,1,2,3,1,0,0,0,0,0,0,3,1,0.1570746950750792,True
2,0,0,1,1,2,1,0,0,3,0,1,1,1,1,0,0.036532080991628156,True
2,0,1,3,0,0,1,1,0,0,2,3,1,0,0,0,0.43089427193206215,True
2,0,0,1,1,2,2,0,0,0,2,3,0,0,0,1,0.8994271154491624,False
2,3,0,1,0,0,0,1,2,0,1,3,0,0,0,1,0.9579723763943545,False
2,1,1,0,2,0,0,0,1,0,3,0,2,0,2,0,0.013725783803635146,True
2,0,0,3,0,1,2,0,1,0,1,0,1,2,1,0,0.9458103096149613,False
2,0,2,1,0,1,1,0,1,1,1,0,0,2,0,2,0.9185196331944336,False
2,0,2,0,1,1,2,1,1,0,0,0,2,0,1,1,0.08894019452148866,True
2,0,0,0,1,3,0,0,1,0,3,1,1,1,0,1,0.8594666929228219,False
2,0,2,0,1,1,0,0,4,0,0,1,0,0,2,1,0.9579056596416259,False
2,0,0,0,0,4,0,2,2,0,0,1,0,2,0,1,0.5592307422483095,False
2,0,1,2,0,1,1,1,1,1,0,0,2,1,1,0,0.06635953708761937,True
2,1,1,0,2,0,1,2,0,0,1,0,0,1,0,3,0.012457851990291213,True
2,0,1,1,0,2,0,1,0,3,0,0,3,0,0,1,0.014325387105339114,True
2,0,3,1,0,0,1,3,0,0,0,1,0,1,0,2,0.03642786881098149,True
2,0,2,0,1,1,0,4,0,0,0,1,2,0,1,0,0.05536379060176879,True
2,0,0,0,1,3,1,2,1,0,0,1,2,0,1,0,0.028411637429197795,True
2,1,1,1,0,1,1,0,0,0,3,0,1,3,0,0,0.9172837829670637,False
2,2,1,0,1,0,0,3,0,1,0,0,0,0,1,3,0.013453198233683183,True
2,1,1,2,0,0,0,0,1,0,3,2,0,0,2,0,0.2502427966714433,False
2,0,1,0,1,2,0,2,1,0,1,0,0,2,0,2,0.8994004469210108,False
2,0,0,4,0,0,0,0,4,0,0,0,1,1,1,1,0.9722817175210146,False
2,2,1,0,1,0,0,0,1,3,0,0,1,2,1,0,0.06839862314078128,True
2,3,1,0,0,0,1,0,1,2,0,0,1,1,2,0,0.07712114468004458,True
2,0,3,0,1,0,1,1,2,0,0,1,0,0,1,2,0.040030642187083604,True
2,3,1,0,0,0,1,0,0,1,2,1,0,0,1,2,0.9039603831456899,False
2,0,3,1,0,0,0,0,3,1,0,0,1,0,0,3,0.02918051815108805,True
2,1,1,2,0,0,0,2,0,0,2,0,0,2,2,0,0.07480545044381455,True
2,2,1,1,0,0,0,2,0,0,2,0,1,0,1,2,0.13798459006062688,True
2,3,0,0,1,0,0,0,0,4,0,2,0,2,0,0,0.07130264845234294,True
2,2,1,0,0,1,0,0,3,1,0,0,0,4,0,0,0.9684006328071841,False
2,0,2,1,1,0,0,0,0,4,0,1,1,1,1,0,0.06399375,True
2,0,1,2,1,0,0,0,2,1,1,0,0,1,3,0,0.06159480173075627,True
2,0,2,2,0,0,2,0,0,0,2,1,1,0,2,0,0.054529127031006194,True
2,2,0,0,1,1,0,1,0,3,0,2,0,0,1,1,0.03805358596150892,True
2,0,0,1,0,3,2,2,0,0,0,0,1,3,0,0,0.11586370742855595,True
2,0,2,0,1,1,1,0,1,1,1,0,0,1,0,3,0.8993092064391152,False
2,0,0,0,1,3,0,1,1,0,2,1,0,2,1,0,0.8915198009099151,False
2,0,3,0,1,0,0,1,2,0,1,1,0,3,0,0,0.06841547415048166,True
2,2,0,1,1,0,0,2,0,0,2,0,0,1,2,1,0.14532382700723476,True
2,1,1,2,0,0,1,1,1,0,1,0,1,1,0,2,0.9158671525438223,False
2,1,0,0,2,1,2,2,0,0,0,0,0,1,3,0,0.06141252380314932,True
2,0,2,1,0,1,0,1,2,1,0,0,1,3,0,0,0.08526081088870924,True
2,1,0,2,0,1,2,0,0,1,1,0,0,0,3,1,0.9366338022171135,False
2,2,0,0,1,1,0,0,1,3,0,0,3,0,0,1,0.039424794245312755,True
2,3,0,1,0,0,1,0,0,1,2,0,1,1,1,1,0.938931520845572,False
2,0,1,0,3,0,1,0,1,1,1,0,0,1,2,1,0.035594552616406656,True
2,0,0,4,0,0,0,0,1,3,0,1,2,0,1,0,0.07607011537858178,True
2,3,0,0,1,0,3,1,0,0,0,0,0,0,2,2,0.10295652791258984,True
2,0,1,1,2,0,1,0,1,2,0,1,1,0,2,0,0.06568839987014699,True
2,0,0,0,4,0,0,1,0,3,0,0,0,3,1,0,0.06,True
2,0,2,1,1,0,0,0,0,0,4,1,1,1,0,1,0.010050215117486626,True
2,0,0,0,0,4,0,0,1,2,1,1,1,1,1,0,0.3517179735433485,True
2,0,1,0,0,3,0,2,1,0,1,0,0,0,4,0,0.007436512236807331,True
2,4,0,0,0,0,0,0,2,0,2,0,0,0,2,2,0.9182658521452861,False
2,2,0,2,0,0,1,1,1,1,0,1,0,0,1,2,0.1757288975078359,True
2,1,1,1,1,0,2,0,0,2,0,0,2,2,0,0,0.0761369347852976,True
2,2,1,0,1,0,0,3,0,1,0,1,0,3,0,0,0.07503009718716726,True
2,2,0,1,0,1,2,1,0,0,1,0,1,1,0,2,0.9197200501759434,False
2,2,0,1,0,1,3,1,0,0,0,1,1,0,1,1,0.9442710853847015,False
2,0,2,1,0,1,0,1,0,3,0,1,0,0,1,2,0.015588675795753869,True
2,0,1,2,0,1,1,1,1,1,0,0,3,0,1,0,0.060573201009030575,True
2,0,1,1,1,1,1,1,0,2,0,0,0,0,2,2,0.02302305525634599,True
2,2,0,0,0,2,1,0,0,3,0,0,1,0,3,0,0.029077521795140095,True
2,0,0,1,0,3,2,0,1,0,1,1,2,0,1,0,0.5779318940552969,False
2,4,0,0,0,0,0,2,1,1,0,1,2,0,0,1,0.0791330714223834,True
2,0,1,0,1,2,1,1,0,0,2,0,2,0,1,1,0.8910969858078427,False
2,1,2,0,0,1,1,2,1,0,0,1,2,1,0,0,0.07268361646717084,True
2,2,0,1,0,1,2,0,0,2,0,2,0,0,1,1,0.16020782803374944,True
2,1,1,1,1,0,2,0,1,1,0,1,1,0,1,1,0.07393224929401,True
2,1,0,2,1,0,1,0,1,2,0,1,2,0,0,1,0.0687236036124186,True
2,0,1,0,2,1,3,0,1,0,0,0,2,0,1,1,0.956122819749838,False
2,0,3,0,0,1,0,2,0,2,0,0,1,3,0,0,0.05559893713197575,True
2,0,1,3,0,0,1,1,0,1,1,2,0,1,1,0,0.16848578867713948,True
2,1,2,0,1,0,1,1,0,2,0,1,0,1,0,2,0.03316005389067192,True
2,0,2,0,2,0,1,1,2,0,0,0,1,0,3,0,0.06728678506432172,True
2,2,0,2,0,0,0,0,3,1,0,4,0,0,0,0,0.9875208984907613,False
2,2,0,0,2,0,1,0,0,3,0,1,2,0,1,0,0.06490172887386528,True
2,0,0,1,1,2,0,2,0,0,2,0,2,0,2,0,0.014993927040911275,True
2,1,0,2,1,0,0,1,1,1,1,1,1,1,1,0,0.0921523790649931,True
2,3,0,0,1,0,2,0,0,0,2,0,1,2,1,0,0.26643262930924844,False
2,2,0,0,1,1,0,0,0,3,1,0,2,0,1,1,0.9307917367691247,False
2,1,1,1,1,0,0,1,2,0,1,0,4,0,0,0,0.06210082241561316,True
2,0,1,1,0,2,1,2,0,0,1,0,2,0,0,2,0.8973211626391085,False
2,0,1,1,0,2,1,2,0,1,0,1,0,1,1,1,0.037856447975138444,True
2,2,0,1,1,0,0,3,0,0,1,0,1,0,1,2,0.085737152772771,True
2,2,1,0,1,0,1,0,1,1,1,3,0,1,0,0,0.17845559203998818,True
2,0,0,0,4,0,0,0,3,0,1,0,0,1,3,0,0.0452019803903847,True
2,0,0,2,1,1,0,0,0,2,2,0,0,0,1,3,0.8779052528294091,False
2,0,0,1,1,2,1,0,2,0,1,0,0,2,2,0,0.9120547356930675,False
2,1,0,1,1,1,1,1,0,0,2,0,2,0,0,2,0.8985907774751591,False
2,0,1,1,0,2,0,2,0,2,0,1,0,1,0,2,0.005263684540558164,True
2,0,0,1,3,0,1,1,0,1,1,1,0,1,1,1,0.041913653832804175,True
2,2,0,0,2,0,2,0,2,0,0,1,0,2,1,0,0.15997463294020428,True
2,0,1,2,0,1,1,0,0,2,1,1,0,0,3,0,0.06720126777105999,True
2,0,0,3,0,1,0,1,1,1,1,0,1,1,0,2,0.9177414696275192,False
2,0,1,1,1,1,1,2,1,0,0,0,1,0,0,3,0.03988385168732444,True
2,3,1,0,0,0,1,2,0,1,0,0,1,1,1,1,0.06485015561074746,True
2,2,0,2,0,0,1,0,0,0,3,0,3,0,0,1,0.9200032425263948,False
2,0,0,4,0,0,0,1,0,3,0,2,0,0,1,1,0.062052283062933755,True
2,0,0,3,0,1,0,0,1,0,3,0,1,0,2,1,0.8978104409369102,False
2,1,1,1,0,1,2,0,2,0,0,1,1,1,0,1,0.9581400451865777,False
2,2,1,0,0,1,0,1,1,2,0,0,0,0,2,2,0.027093242259850416,True
2,1,1,0,1,1,2,0,0,1,1,0,1,2,1,0,0.15188844425854967,True
2,2,0,0,2,0,0,0,0,2,2,2,1,0,1,0,0.04464839985400558,True
2,1,0,3,0,0,1,0,2,1,0,0,0,2,1,1,0.9640110805057269,False
2,1,1,0,2,0,0,0,1,3,0,0,1,2,0,1,0.04718486691281526,True
2,0,1,0,2,1,1,0,0,3,0,1,1,2,0,0,0.05716042089200054,True
2,0,1,1,0,2,0,0,4,0,0,0,2,0,0,2,0.917676390684205,False
2,1,0,1,2,0,1,0,0,2,1,0,0,2,1,1,0.06733166471767746,True
2,1,1,0,0,2,2,1,1,0,0,0,0,0,2,2,0.7972850735992262,False
2,1,2,1,0,0,0,1,1,2,0,1,1,0,1,1,0.055965751471069344,True
2,0,3,0,1,0,0,1,3,0,0,3,0,0,0,1,0.06295303708730707,True
2,1,0,0,0,3,3,0,0,1,0,0,0,0,3,1,0.781978345724136,False
2,2,1,0,1,0,1,0,1,1,1,0,1,1,2,0,0.06411410178879251,True
2,0,0,1,1,2,0,2,2,0,0,1,0,1,0,2,0.1228965605019702,True
2,0,3,1,0,0,2,0,0,2,0,2,0,0,0,2,0.04077865733495482,True
2,1,0,2,1,0,0,0,1,0,3,0,4,0,0,0,0.04311480368231238,True
2,2,0,1,0,1,0,0,2,1,1,1,0,2,0,1,0.9371790650583787,False
2,0,0,0,4,0,0,1,0,1,2,0,0,0,1,3,-0.027969325247127648,True
2,0,0,0,2,2,1,0,0,3,0,1,1,1,0,1,0.022257670235897375,True
2,0,2,0,0,2,2,0,2,0,0,1,1,1,0,1,0.9393498253650565,False
2,1,1,1,1,0,0,0,0,4,0,0,4,0,0,0,0.06521597222222222,True
2,1,1,1,0,1,1,0,2,0,1,1,1,0,1,1,0.9388103730967945,False
2,3,0,0,0,1,1,3,0,0,0,1,2,0,1,0,0.06264947021378278,True
2,1,0,2,1,0,0,1,0,1,2,1,0,3,0,0,0.94239742836498,False
2,0,3,1,0,0,0,1,3,0,0,2,1,0,1,0,0.08074663086036214,True
2,1,0,0,1,2,0,4,0,0,0,0,0,2,1,1,0.025089704416758736,True
2,2,0,0,2,0,0,0,2,1,1,1,0,1,1,1,0.08848801510437325,True
2,3,0,0,0,1,0,0,4,0,0,0,0,0,2,2,0.9371639992700214,False
2,0,1,0,1,2,0,0,3,1,0,0,3,0,0,1,0.08756962011394075,True
2,0,0,2,0,2,0,1,2,0,1,1,1,0,2,0,0.13395091110770393,True
2,0,0,1,3,0,0,1,1,0,2,0,2,2,0,0,0.038969490238664924,True
2,0,0,2,2,0,0,0,2,0,2,0,0,0,1,3,0.10020782803374953,True
2,0,0,0,1,3,1,0,2,1,0,0,0,2,0,2,0.8840453316122521,False
2,0,1,1,0,2,2,0,1,0,1,1,0,2,0,1,0.917751343472606,False
2,0,0,3,1,0,0,1,0,0,3,0,0,1,2,1,0.7865652905410774,False
2,0,1,0,2,1,0,2,0,0,2,0,0,2,1,1,0.9171369692439264,False
2,0,1,2,1,0,0,0,2,2,0,0,0,2,2,0,0.0722997530329525,True
2,0,0,0,0,4,2,0,0,0,2,0,2,1,1,0,0.5373427431077353,False
2,0,2,0,1,1,0,0,1,1,2,0,0,2,1,1,0.9184398120765512,False
2,1,1,1,1,0,1,0,1,2,0,3,0,1,0,0,0.08809613574483868,True
2,0,1,3,0,0,2,0,2,0,0,0,2,0,0,2,0.9450392716242421,False
2,2,1,1,0,0,0,1,2,1,0,2,0,2,0,0,0.13384297797801045,True
2,1,0,0,1,2,0,0,1,2,1,2,0,0,1,1,0.9175589654589474,False
2,0,1,2,1,0,2,2,0,0,0,0,0,0,0,4,0.015565132384208813,True
2,0,0,2,1,1,0,1,2,0,1,0,2,0,0,2,0.9188552297221233,False
2,0,3,1,0,0,0,1,0,3,0,4,0,0,0,0,0.07014067523575157,True
2,0,1,3,0,0,0,1,0,0,3,0,0,2,0,2,0.891961425694285,False
2,0,1,3,0,0,0,1,2,1,0,1,0,1,2,0,0.0861958172283015,True
2,0,2,1,1,0,0,1,1,1,1,1,1,2,0,0,0.06752402769723917,True
2,1,0,0,2,1,1,2,0,1,0,2,2,0,0,0,0.061664965831414544,True
2,1,0,0,1,2,0,2,0,2,0,1,3,0,0,0,0.03340089802876981,True
2,0,3,0,1,0,1,0,3,0,0,0,2,2,0,0,0.08040234601278076,True
2,3,0,1,0,0,0,0,0,0,4,0,3,0,1,0,0.09451307916389438,True
2,1,0,0,1,2,0,1,1,1,1,0,0,1,3,0,0.04720126777106002,True
2,0,0,1,2,1,0,0,1,3,0,2,1,1,0,0,0.06025391205121073,True
2,1,0,3,0,0,0,0,1,2,1,2,0,0,0,2,0.9375436222735111,False
2,0,0,2,1,1,2,0,0,2,0,0,0,0,1,3,0.04848801510437332,True
2,0,0,2,2,0,1,0,1,1,1,1,1,0,1,1,0.06838571387230528,True
2,0,0,1,3,0,0,3,1,0,0,1,0,1,1,1,0.05168373089815092,True
2,2,0,0,2,0,1,1,0,0,2,2,1,0,0,1,0.06933213589275279,True
2,1,1,0,2,0,2,1,1,0,0,1,0,0,3,0,0.07090185458865972,True
2,2,1,0,1,0,1,0,1,1,1,4,0,0,0,0,0.17844535144331666,True
2,0,1,3,0,0,0,2,1,1,0,0,1,1,2,0,0.07444959735574129,True
2,0,0,1,0,3,1,1,0,0,2,1,2,0,1,0,0.09812303135821768,True
2,2,0,1,1,0,2,0,1,1,0,1,0,1,2,0,0.10131290343677331,True
2,1,2,0,0,1,2,0,1,1,0,2,0,1,1,0,0.1534478284282234,True
2,2,0,0,2,0,0,1,1,0,2,0,1,0,3,0,0.033663480126076235,True
2,1,1,1,1,0,1,2,1,0,0,0,0,0,3,1,0.06161245739187108,True
2,0,1,0,2,1,1,0,1,1,1,1,1,1,0,1,0.9387662597346678,False
2,0,1,1,0,2,1,2,0,0,1,1,1,0,1,1,0.9171872454960305,False
2,0,0,0,1,3,2,0,0,0,2,0,1,2,0,1,0.8795927543275631,False
2,0,1,1,0,2,0,1,2,1,0,0,2,0,2,0,0.03881198254094212,True
2,0,0,3,0,1,0,0,0,2,2,1,1,2,0,0,0.9381210385972655,False
2,2,0,2,0,0,0,1,1,0,2,0,4,0,0,0,0.08302345637740252,True
2,1,0,2,1,0,0,2,0,0,2,0,0,0,2,2,0.1253238270072348,True
2,2,1,1,0,0,1,1,2,0,0,0,1,1,1,1,0.12792782088398252,True
2,1,0,0,3,0,1,0,0,0,3,0,2,1,1,0,0.01607011537858188,True
2,0,1,3,0,0,2,1,0,1,0,2,1,1,0,0,0.10311838563977523,True
2,2,0,0,0,2,2,0,0,0,2,0,1,1,1,1,0.8993410872567401,False
2,2,1,0,1,0,0,0,1,2,1,1,1,0,0,2,0.05697432643581439,True
2,0,0,3,1,0,0,0,1,3,0,1,0,1,2,0,0.06888400541297386,True
2,2,1,0,0,1,1,0,0,2,1,0,1,0,3,0,0.05121609406197633,True
2,0,2,2,0,0,3,0,0,1,0,2,1,1,0,0,0.10311301255492097,True
2,0,2,0,2,0,1,2,1,0,0,2,1,0,1,0,0.06980597510360506,True
2,0,0,0,1,3,1,0,1,0,2,0,1,1,1,1,0.8789315208455712,False
2,1,0,2,1,0,1,0,1,0,2,1,3,0,0,0,0.09383293334003996,True
2,0,1,0,0,3,0,1,0,1,2,3,0,1,0,0,0.8995500545477628,False
2,1,0,0,1,2,1,0,2,1,0,1,1,0,2,0,0.06034479720253814,True
2,0,1,0,1,2,1,1,0,2,0,2,0,2,0,0,0.0524578519187536,True
2,0,0,1,3,0,0,0,0,2,2,2,0,0,2,0,0.031529294509250315,True
2,1,1,0,2,0,1,2,1,0,0,0,3,0,0,1,0.05455974025829555,True
2,0,2,0,1,1,1,0,1,2,0,0,2,1,1,0,0.056629471109984265,True
2,1,0,1,1,1,2,0,2,0,0,1,0,0,0,3,0.9179534519172675,False
2,1,0,2,1,0,1,0,2,0,1,0,1,3,0,0,0.9029924366352687,False
2,0,1,0,1,2,1,0,1,2,0,0,2,1,1,0,0.03914716804444736,True
2,0,2,2,0,0,0,3,0,0,1,2,1,0,1,0,0.06778306867671978,True
2,2,0,2,0,0,0,0,0,2,2,1,0,1,1,1,0.9383161533159721,False
2,3,0,0,0,1,0,0,3,0,1,1,1,1,1,0,0.9439306539208572,False
2,0,1,0,3,0,1,0,1,2,0,0,0,2,1,1,0.0470041159073441,True
2,3,0,1,0,0,2,1,0,1,0,2,0,1,1,0,0.16978647144779913,True
2,0,4,0,0,0,0,0,1,3,0,2,0,0,2,0,0.06629930555555556,True
2,1,1,1,1,0,0,1,3,0,0,1,0,0,0,3,0.07384046706686866,True
2,0,1,0,3,0,1,1,0,1,1,0,0,1,2,1,0.033776199998465435,True
2,2,0,2,0,0,0,3,0,0,1,0,2,1,0,1,0.9602398786220699,False
2,0,0,0,0,4,1,0,1,2,0,1,1,0,0,2,0.08136228911061318,True
2,2,1,0,0,1,0,1,0,3,0,0,4,0,0,0,0.049972663042953926,True
2,1,0,1,1,1,2,1,0,1,0,1,0,1,1,1,0.09998830647581364,True
2,3,1,0,0,0,0,2,0,0,2,0,1,3,0,0,0.14943265655215338,True
2,0,1,0,0,3,1,0,0,2,1,0,0,1,2,1,0.8962390417907228,False
2,0,1,3,0,0,3,0,1,0,0,2,2,0,0,0,0.31610572492457134,False
2,1,0,0,1,2,0,3,0,0,1,1,1,1,0,1,0.9172657854602178,False
2,1,3,0,0,0,0,0,0,1,3,1,0,0,3,0,0.01772488715991041,True
2,0,3,1,0,0,0,2,0,1,1,0,1,0,3,0,0.0535638070670227,True
2,1,0,0,2,1,0,0,0,3,1,0,0,0,3,1,0.21895990140550328,True
2,1,2,1,0,0,0,0,2,1,1,1,1,0,2,0,0.06742675903063546,True
2,2,0,1,1,0,0,1,0,3,0,2,0,0,2,0,0.06666639312745606,True
2,1,1,1,0,1,0,1,1,1,1,2,0,0,1,1,0.9389144706096784,False
2,1,0,1,1,1,0,0,3,1,0,1,0,0,0,3,0.9041828170167533,False
2,2,0,1,0,1,1,0,0,0,3,0,2,0,0,2,0.8797585092934095,False
2,2,0,1,0,1,1,0,0,1,2,0,1,1,1,1,0.9189315208455717,False
2,0,1,0,1,2,1,0,1,2,0,0,0,0,2,2,0.01661939280682252,True
2,0,1,0,0,3,0,0,1,1,2,1,0,1,2,0,0.3323448698452067,True
2,2,1,0,0,1,1,1,0,2,0,0,1,0,3,0,0.050238899807543,True
2,1,0,1,1,1,1,1,1,0,1,0,0,0,3,1,0.9362864064976711,False
2,2,0,0,0,2,1,0,1,2,0,1,1,2,0,0,0.1267644385434315,True
2,0,1,2,0,1,1,0,1,2,0,0,0,0,4,0,0.051202255027431025,True
2,1,0,0,1,2,1,0,1,2,0,0,0,1,0,3,0.08332058816520796,True
2,3,0,0,0,1,0,0,1,2,1,0,1,0,1,2,0.9181999020114479,False
2,2,1,1,0,0,0,0,1,3,0,0,0,1,3,0,0.0682508047786385,True
2,0,1,0,2,1,0,1,1,0,2,0,0,3,1,0,0.9206032818627354,False
2,3,0,0,1,0,0,1,1,1,1,0,2,2,0,0,0.09731615295677191,True
2,0,0,2,2,0,1,1,0,1,1,1,1,0,0,2,0.04800317112746391,True
2,1,0,2,1,0,0,0,2,1,1,1,2,0,1,0,0.08434990126776984,True
2,1,0,2,1,0,0,0,1,3,0,2,1,1,0,0,0.07701089975020048,True
2,1,2,0,0,1,4,0,0,0,0,0,0,1,2,1,0.9578533125288716,False
2,3,0,1,0,0,1,2,1,0,0,1,1,2,0,0,0.17628614599414352,True
2,0,1,1,0,2,0,0,2,2,0,0,2,0,1,1,0.03766778719063304,True
2,2,0,0,2,0,0,1,1,1,1,0,0,4,0,0,0.1069908977582418,True
2,0,3,1,0,0,0,2,1,1,0,0,2,2,0,0,0.07144888513041715,True
2,0,0,1,2,1,0,0,0,3,1,0,0,1,1,2,0.915591159609124,False
2,0,2,1,0,1,2,1,0,0,1,0,0,1,0,3,0.89974021766777,False
2,0,0,1,0,3,0,2,1,0,1,0,2,1,1,0,0.059541692502629855,True
2,0,1,1,0,2,0,1,0,2,1,2,2,0,0,0,0.08545086608474216,True
2,1,0,1,1,1,1,0,1,2,0,1,1,1,1,0,0.07126763016478496,True
2,1,1,2,0,0,0,0,0,2,2,3,0,0,0,1,0.9234137673493065,False
2,1,0,0,2,1,2,1,1,0,0,0,0,0,3,1,0.11323531687859545,True
2,1,2,1,0,0,0,0,1,3,0,0,0,1,0,3,0.018116973799489077,True
2,0,2,0,0,2,0,0,0,4,0,0,2,0,1,1,0.00960112031547043,True
2,0,2,1,1,0,2,1,0,1,0,0,0,0,0,4,0.0007786573349548807,True
2,1,0,3,0,0,0,0,2,1,1,1,1,0,2,0,0.1739509111077039,True
2,3,0,0,0,1,0,1,1,2,0,1,1,2,0,0,0.07908536848282602,True
2,0,2,0,2,0,0,1,1,0,2,3,1,0,0,0,0.03972125772049661,True
2,0,0,0,0,4,1,0,0,1,2,0,4,0,0,0,-0.00018825371771857925,True
2,1,1,0,2,0,3,0,0,0,1,1,1,1,1,0,0.06503003347085874,True
2,0,1,1,1,1,0,2,0,0,2,0,3,0,1,0,0.03179067663602451,True
2,1,0,2,0,1,0,2,0,0,2,1,0,1,2,0,0.3723448698452067,True
2,0,3,1,0,0,1,1,2,0,0,0,1,0,0,3,0.030070735533598285,True
2,1,0,0,1,2,2,0,0,2,0,0,0,0,3,1,0.03666422533571168,True
2,2,0,0,2,0,3,0,0,0,1,1,2,0,0,1,0.09300659745697683,True
2,0,2,0,1,1,0,1,2,1,0,0,0,4,0,0,0.09621349241366195,True
2,0,0,1,0,3,1,1,1,1,0,0,0,3,1,0,0.10978647144779922,True
2,0,2,0,1,1,0,2,0,0,2,1,0,0,3,0,0.03037910405403041,True
2,0,2,0,2,0,1,0,0,3,0,1,1,0,1,1,0.045384349376000034,True
2,2,0,1,1,0,0,0,1,1,2,0,2,1,1,0,0.06434990126776988,True
2,0,3,0,1,0,0,2,0,2,0,3,0,0,0,1,0.04804930555555559,True
2,0,0,0,3,1,1,0,1,0,2,0,0,0,1,3,0.8775589654589474,False
2,0,2,0,2,0,0,1,2,1,0,1,0,2,0,1,0.05316005389067188,True
2,0,2,0,1,1,2,1,1,0,0,1,1,1,1,0,0.0851443339678404,True
2,1,0,1,2,0,2,0,1,0,1,1,1,2,0,0,0.14676443854343146,True
2,0,1,1,2,0,2,1,0,1,0,2,1,0,0,1,0.055551525013205684,True
2,1,0,0,1,2,0,3,0,0,1,0,0,2,0,2,0.8998876163342088,False
2,0,0,3,1,0,0,0,0,0,4,0,0,0,3,1,0.761978345724136,False
2,0,0,1,1,2,0,0,0,1,3,1,0,0,0,3,0.839267824785065,False
2,0,0,0,0,4,1,0,0,3,0,2,0,0,1,1,-0.0023319339972268562,True
2,1,1,1,0,1,0,1,1,1,1,0,0,3,0,1,0.937959294139829,False
2,0,0,1,1,2,1,1,0,2,0,0,2,0,2,0,0.03187918207089527,True
2,0,1,3,0,0,1,3,0,0,0,1,1,0,2,0,0.07606342085699237,True
2,0,0,2,0,2,1,0,0,0,3,1,2,1,0,0,0.8855390404500842,False
2,0,0,0,2,2,1,0,0,3,0,0,0,0,4,0,0.025240484169914697,True
2,0,1,0,0,3,1,0,0,3,0,0,1,0,3,0,0.007599176045848035,True
2,0,3,1,0,0,2,0,1,0,1,0,2,0,1,1,0.05371685748238622,True
2,0,1,0,0,3,0,0,0,3,1,2,0,2,0,0,0.9188798242282451,False
2,0,1,2,0,1,0,0,0,1,3,0,0,4,0,0,0.9171853219210373,False
2,0,0,2,2,0,0,2,2,0,0,2,0,1,0,1,0.07218911764889692,True
2,0,4,0,0,0,0,4,0,0,0,0,0,0,2,2,0.03195619097445628,True
2,2,1,0,0,1,0,0,1,3,0,0,1,1,0,2,0.027705418931378966,True
2,0,2,0,2,0,0,0,1,3,0,1,1,2,0,0,0.0655781328354871,True
2,1,1,1,0,1,0,0,0,3,1,0,0,0,4,0,0.04281411693049464,True
2,2,1,1,0,0,2,0,0,0,2,2,0,1,1,0,0.8828833708190706,False
2,1,2,0,1,0,0,1,2,0,1,0,0,0,1,3,0.017856447975138478,True
2,0,0,1,0,3,0,0,1,3,0,1,0,0,0,3,-0.00010144004539280138,True
2,1,0,0,1,2,2,1,0,0,1,0,2,0,0,2,0.8973218485331197,False
2,0,4,0,0,0,0,0,0,3,1,0,4,0,0,0,0.055418069085802955,True
2,0,1,3,0,0,0,2,2,0,0,2,0,0,2,0,0.08929209733089037,True
2,0,0,0,0,4,0,0,1,0,3,2,0,0,0,2,0.8194338254080389,False
2,2,1,0,1,0,0,2,1,1,0,0,0,1,1,2,0.03793160080855594,True
2,1,0,0,1,2,1,1,0,1,1,0,0,2,2,0,0.12187554401717701,True
2,1,1,0,2,0,2,0,1,0,1,2,0,2,0,0,0.10760056426778129,True
2,4,0,0,0,0,0,1,1,1,1,1,1,0,2,0,0.11472264300779832,True
2,1,1,0,2,0,4,0,0,0,0,0,1,0,3,0,0.07200728440037708,True
2,1,0,1,2,0,1,0,3,0,0,1,2,0,1,0,0.08954037900022983,True
2,0,1,2,0,1,1,2,0,0,1,1,1,0,2,0,0.07326131907337366,True
2,2,0,1,1,0,1,0,3,0,0,1,0,0,2,1,0.9585757352221727,False
2,0,1,0,3,0,2,1,1,0,0,4,0,0,0,0,0.07811697379948898,True
2,1,2,0,1,0,1,1,0,1,1,2,0,0,0,2,0.03734938948780458,True
2,0,0,2,2,0,0,3,0,1,0,0,1,0,2,1,0.04979774298020354,True
2,1,0,2,0,1,1,1,0,0,2,2,0,1,1,0,0.9332898619380595,False
2,2,0,0,2,0,4,0,0,0,0,0,1,1,2,0,0.08656966703413077,True
2,0,0,1,0,3,1,0,2,1,0,2,2,0,0,0,0.25364799354151185,False
2,0,1,0,3,0,1,0,2,1,0,4,0,0,0,0,0.07496332795497822,True
2,0,1,1,1,1,0,1,0,2,1,0,2,0,1,1,0.2350042806352708,True
2,1,1,2,0,0,0,0,2,1,1,1,2,1,0,0,0.1294676424135257,True
2,0,0,4,0,0,2,2,0,0,0,4,0,0,0,0,0.6600349328416171,False
2,0,0,1,0,3,3,0,0,1,0,0,0,3,1,0,0.8592914573541749,False
2,0,0,0,0,4,0,3,0,1,0,0,1,1,2,0,-0.005550402644258587,True
2,0,2,1,1,0,1,0,2,0,1,2,1,0,1,0,0.06832578390212862,True
2,0,0,4,0,0,1,0,1,2,0,1,1,0,2,0,0.08656966703413077,True
2,1,1,2,0,0,3,0,0,1,0,1,1,2,0,0,0.17512040546577068,True
2,0,2,1,0,1,1,0,3,0,0,1,2,0,1,0,0.12026051359065278,True
2,0,0,3,1,0,0,2,1,0,1,2,0,1,0,1,0.9441770247724488,False
2,0,1,1,0,2,0,1,3,0,0,0,0,0,0,4,0.8713087192384907,False
2,2,2,0,0,0,0,0,3,1,0,2,1,1,0,0,0.10311838563977523,True
2,0,1,0,3,0,0,0,2,0,2,1,0,1,0,2,0.008096135744838806,True
2,0,2,2,0,0,1,2,0,0,1,1,0,0,3,0,0.06141252383644148,True
2,0,2,0,1,1,4,0,0,0,0,0,0,3,0,1,0.9593578820663947,False
2,0,1,3,0,0,0,0,0,3,1,0,0,0,2,2,0.09790198620698741,True
2,0,0,0,3,1,1,0,0,2,1,0,1,0,0,3,0.8945380315753683,False
2,0,2,0,1,1,0,1,2,1,0,0,0,2,0,2,0.05620016339757813,True
2,0,0,1,3,0,0,3,0,1,0,2,0,0,2,0,0.06462222222222222,True
2,0,1,0,0,3,1,3,0,0,0,1,1,0,0,2,-0.002333731496497168,True
2,1,2,0,0,1,0,0,0,1,3,1,0,0,3,0,0.027201267772466283,True
2,1,0,2,1,0,1,1,1,1,0,1,1,0,2,0,0.07712114468004458,True
2,0,2,0,1,1,1,0,0,3,0,1,3,0,0,0,0.05204692612055355,True
2,2,1,0,0,1,0,0,1,0,3,2,1,0,1,0,0.8993855908027937,False
2,0,0,0,4,0,2,1,1,0,0,1,0,1,1,1,0.05244806206036392,True
2,1,0,3,0,0,0,0,0,3,1,0,3,0,1,0,0.07772377901286985,True
2,2,0,2,0,0,1,1,1,1,0,3,1,0,0,0,0.1751172120753709,True
2,0,0,3,0,1,1,3,0,0,0,1,0,3,0,0,0.11644264811045817,True
2,2,1,0,1,0,0,0,0,3,1,1,1,1,0,1,0.06477946273400013,True
2,0,0,0,4,0,2,1,0,1,0,0,0,2,2,0,0.062996520797221,True
2,2,0,2,0,0,0,3,0,1,0,4,0,0,0,0,0.09556513238420868,True
2,0,0,2,2,0,0,0,2,1,1,0,3,0,0,1,0.05819192937057946,True
2,0,0,3,0,1,2,0,1,0,1,1,1,1,0,1,0.9371790650583788,False
2,1,0,2,1,0,0,2,2,0,0,2,0,2,0,0,0.13385050971814805,True
2,0,0,0,4,0,1,0,1,2,0,1,0,1,0,2,0.02520198039038474,True
2,2,0,0,2,0,0,2,0,2,0,1,2,0,1,0,0.065775,True
2,0,0,3,0,1,0,0,0,1,3,0,1,0,1,2,0.8785815977293596,False
2,0,0,0,3,1,2,2,0,0,0,2,0,0,1,1,0.06604630218531786,True
2,0,0,1,3,0,2,2,0,0,0,0,1,2,1,0,0.07068699837028763,True
2,2,0,1,1,0,1,0,0,0,3,1,1,1,1,0,0.2464326293092485,False
2,3,1,0,0,0,0,0,1,1,2,0,3,0,1,0,0.052939463313756326,True
2,0,1,0,0,3,3,0,0,1,0,2,1,0,1,0,0.0788775846953176,True
2,0,1,2,0,1,2,0,0,2,0,1,0,0,2,1,0.06770029306592472,True
2,0,1,1,1,1,0,0,1,0,3,1,0,0,2,1,0.897962264244211,False
2,1,0,2,0,1,1,3,0,0,0,0,0,4,0,0,0.11612431379915662,True
2,0,1,1,0,2,0,0,2,0,2,0,2,0,0,2,0.8793498253650559,False
2,2,1,0,0,1,2,1,0,1,0,0,3,0,0,1,0.06578488839413267,True
2,0,0,0,0,4,1,1,1,1,0,0,1,2,0,1,0.11654131274046753,True
2,1,1,1,0,1,0,0,1,0,3,1,0,0,3,0,0.10332058816520806,True
2,0,1,2,1,0,0,2,1,0,1,1,0,2,1,0,0.08134788993124854,True
2,2,1,1,0,0,0,2,1,1,0,2,0,0,1,1,0.06899819532430074,True
2,0,0,4,0,0,0,0,3,0,1,0,1,1,2,0,0.6352626664205562,False
2,0,1,0,2,1,0,1,0,1,2,0,0,0,3,1,0.1989599014055139,True
2,2,0,0,1,1,2,1,1,0,0,1,1,0,1,1,0.8373275352014313,False
2,2,0,0,0,2,0,0,0,2,2,3,0,1,0,0,0.919319044288194,False
2,1,1,0,2,0,4,0,0,0,0,0,0,3,1,0,0.09592476557341177,True
2,1,2,1,0,0,2,0,2,0,0,0,0,0,4,0,0.08166716825045404,True
2,1,0,0,0,3,2,0,0,0,2,1,3,0,0,0,0.5548359826973828,False
2,0,0,1,3,0,0,0,1,3,0,0,0,2,2,0,0.06037443630368271,True
2,0,3,1,0,0,1,1,0,0,2,2,0,2,0,0,0.06868801984050885,True
2,1,2,0,0,1,2,2,0,0,0,0,3,0,0,1,0.059170226375936795,True
2,0,1,0,2,1,0,1,0,0,3,0,0,0,3,1,0.8897902900018694,False
2,0,1,1,1,1,0,0,2,2,0,0,1,2,1,0,0.06464839985429141,True
2,0,2,0,0,2,2,0,0,2,0,4,0,0,0,0,0.08699089777755993,True
2,1,1,0,2,0,0,3,1,0,0,2,1,0,0,1,0.053557788816848695,True
2,0,0,1,3,0,0,1,2,1,0,1,2,0,1,0,0.06714858061704114,True
2,0,0,4,0,0,0,0,1,0,3,0,2,1,1,0,0.5994921441464778,False
2,0,2,0,0,2,0,1,0,3,0,1,0,0,3,0,0.026250972858675798,True
2,0,1,0,2,1,1,1,2,0,0,0,0,0,1,3,0.14046292461345503,True
2,1,1,0,2,0,0,0,1,2,1,3,0,0,0,1,0.052457851917576306,True
2,0,0,0,1,3,0,0,4,0,0,3,0,1,0,0,0.9363968686396459,False
2,0,4,0,0,0,3,0,1,0,0,0,0,0,1,3,0.02893331625781095,True
2,1,0,0,3,0,0,1,0,2,1,1,0,1,1,1,0.0386109762028963,True
2,0,3,0,0,1,2,1,0,0,1,0,2,0,2,0,0.04967953610425715,True
2,0,1,3,0,0,2,0,2,0,0,2,1,0,0,1,0.9726354064242181,False
2,2,1,0,0,1,0,2,0,2,0,0,0,3,0,1,0.0452636845405581,True
2,0,1,2,0,1,1,1,1,1,0,4,0,0,0,0,0.17847606631497867,True
2,0,0,2,0,2,0,1,0,3,0,0,1,0,1,2,-0.0014575046688603797,True
2,3,0,0,0,1,0,1,0,3,0,0,0,1,3,0,0.04825080477863853,True
2,2,1,0,0,1,3,0,0,0,1,0,0,2,0,2,0.919481858810643,False
2,0,1,1,2,0,0,3,0,0,1,1,2,0,1,0,0.05286358598191598,True
2,1,1,0,1,1,0,2,1,0,1,0,3,1,0,0,0.06773780992552372,True
2,1,2,0,1,0,0,0,1,2,1,2,0,0,0,2,0.037355146014794775,True
2,0,0,1,0,3,1,0,1,2,0,1,1,2,0,0,0.10676443854343153,True
2,0,0,0,3,1,0,1,3,0,0,1,1,0,2,0,0.06988643231353259,True
2,1,1,2,0,0,2,0,0,2,0,0,2,1,0,1,0.07429470486254126,True
2,0,1,0,1,2,2,1,0,0,1,3,0,0,0,1,0.9183726679515435,False
2,1,2,0,1,0,0,1,1,1,1,0,2,2,0,0,0.0616736004343823,True
2,3,0,0,1,0,1,0,0,1,2,2,1,1,0,0,0.4252575386314794,True
2,0,0,2,0,2,2,0,0,0,2,0,0,0,3,1,0.8974750590883896,False
2,1,2,1,0,0,0,0,1,3,0,0,0,2,1,1,0.05536568351561805,True
2,0,1,0,3,0,0,0,1,0,3,1,1,0,2,0,0.010062059768015436,True
2,1,0,0,0,3,1,1,2,0,0,1,0,0,0,3,0.8712150634186832,False
2,2,0,1,1,0,1,0,2,1,0,1,0,0,3,0,0.0832627295305356,True
2,3,1,0,0,0,1,0,1,2,0,1,0,1,0,2,0.08760056426778133,True
2,2,0,2,0,0,3,0,0,0,1,2,1,0,1,0,0.9643770538130558,False
2,1,1,1,1,0,0,1,0,2,1,2,0,2,0,0,0.09619016337868314,True
2,1,0,2,1,0,0,0,2,2,0,2,1,0,1,0,0.08111600667880511,True
2,1,0,2,1,0,3,1,0,0,0,3,0,0,1,0,0.16978647144779913,True
2,0,0,1,3,0,0,3,0,1,0,0,4,0,0,0,0.0667888888888889,True
2,0,4,0,0,0,1,0,0,1,2,3,0,0,0,1,0.027724761641311577,True
2,0,2,1,1,0,1,0,1,1,1,1,0,1,2,0,0.061205186267110405,True
2,0,2,2,0,0,0,1,3,0,0,1,0,3,0,0,0.1382933751203634,True
2,1,0,1,0,2,0,1,3,0,0,1,0,2,0,1,0.937321162639109,False
2,3,0,0,1,0,1,2,0,1,0,1,0,0,0,3,0.032189117648896995,True
2,0,3,1,0,0,1,3,0,0,0,0,1,3,0,0,0.08344234850679996,True
2,0,1,0,2,1,1,0,0,2,1,0,1,3,0,0,0.24466206875666438,True
2,1,1,0,1,1,4,0,0,0,0,1,0,1,2,0,0.41234486984520663,True
2,0,2,0,1,1,2,0,1,1,0,3,0,0,1,0,0.10875086753570903,True
2,0,1,2,0,1,0,1,0,0,3,1,0,0,2,1,0.8985292090050161,False
2,0,3,0,0,1,0,2,0,1,1,1,0,2,1,0,0.1235770845893115,True
2,0,1,2,1,0,2,1,1,0,0,1,1,0,2,0,0.07994520227953904,True
2,0,3,0,0,1,1,1,2,0,0,2,1,0,0,1,0.18089206979438208,True
2,0,4,0,0,0,2,0,1,0,1,3,1,0,0,0,0.06556133718918915,True
2,1,0,2,1,0,0,1,0,3,0,0,3,0,1,0,0.06618310533548337,True
2,0,0,2,0,2,0,3,0,1,0,0,1,0,0,3,-0.010828148227701747,True
2,1,1,1,0,1,1,1,2,0,0,0,0,0,0,4,0.8900002938108297,False
2,0,0,1,3,0,0,1,3,0,0,0,3,0,1,0,0.06981636071591016,True
2,2,1,1,0,0,2,0,1,0,1,1,0,0,0,3,0.9112150634186833,False
2,3,0,0,0,1,1,2,1,0,0,0,2,0,0,2,0.08404860802816384,True
2,0,4,0,0,0,0,0,1,1,2,1,3,0,0,0,0.03490708599469576,True
2,2,1,0,1,0,0,0,3,1,0,2,0,2,0,0,0.12760056426778127,True
2,2,0,0,0,2,1,1,1,1,0,1,0,1,1,1,0.15572889750783594,True
2,0,1,0,0,3,0,1,0,2,1,0,1,2,1,0,0.06231188919804183,True
2,0,1,0,0,3,1,1,0,1,1,0,0,1,1,2,0.8780760920137175,False
2,0,0,1,0,3,0,0,1,3,0,1,0,0,0,3,-0.00010144004539280138,True
2,0,0,3,1,0,3,1,0,0,0,0,4,0,0,0,0.0861242203891824,True
2,0,1,0,1,2,0,0,3,0,1,1,3,0,0,0,0.08224533811318631,True
2,0,2,0,1,1,0,0,1,0,3,0,0,1,2,1,0.8977615816593447,False
2,0,0,0,1,3,0,0,4,0,0,1,0,2,1,0,0.9319545544261028,False
2,1,0,0,0,3,1,0,0,1,2,2,0,0,0,2,0.8597393131941647,False
2,0,2,2,0,0,0,2,1,1,0,0,2,1,0,1,0.05811175787168988,True
2,0,4,0,0,0,1,1,0,0,2,0,2,2,0,0,0.03805848138399402,True
2,0,1,1,0,2,0,0,0,2,2,1,0,1,1,1,0.8984340491493056,False
2,0,2,1,0,1,0,1,1,2,0,1,1,1,1,0,0.05712838776438597,True
2,0,2,0,1,1,4,0,0,0,0,0,0,0,2,2,0.9348190694586734,False
2,0,1,1,1,1,0,0,2,2,0,0,4,0,0,0,0.05725938796377786,True
2,2,1,0,1,0,0,1,0,0,3,0,0,3,0,1,0.11846071147341411,True
2,0,3,0,0,1,1,2,0,1,0,0,2,1,0,1,0.04436463063314473,True
2,0,2,2,0,0,2,0,1,0,1,0,1,1,2,0,0.07452912703100617,True
2,0,1,2,0,1,0,2,1,0,1,1,0,0,0,3,0.8988598010638512,False
2,0,0,3,1,0,0,0,0,0,4,0,2,2,0,0,0.2336643132223926,False
2,1,0,1,0,2,2,0,0,0,2,1,1,1,1,0,0.9040558597371178,False
2,2,0,0,2,0,0,2,0,2,0,0,2,1,1,0,0.065775,True
2,0,0,3,0,1,0,0,2,1,1,1,2,0,1,0,0.16099276564554754,True
2,2,0,0,1,1,2,0,0,1,1,0,1,1,0,2,0.9192175002619211,False
2,1,1,1,1,0,1,1,1,0,1,0,0,0,2,2,0.056897024562602795,True
2,4,0,0,0,0,0,4,0,0,0,0,2,0,1,1,0.062113446460758975,True
2,2,1,0,1,0,2,0,0,0,2,3,0,1,0,0,0.6180609089784608,False
2,1,0,2,1,0,1,0,1,2,0,0,0,0,2,2,0.04792511764420444,True
2,2,1,1,0,0,2,2,0,0,0,1,1,1,1,0,0.09012351071850652,True
2,2,0,0,1,1,0,2,0,1,1,1,1,0,2,0,0.06201878492471524,True
2,0,1,0,3,0,0,0,2,0,2,1,1,1,0,1,0.022316418110970206,True
2,0,1,1,2,0,1,2,0,0,1,0,2,0,1,1,0.040597444714485814,True
2,0,2,0,2,0,1,0,1,1,1,1,1,0,0,2,0.02173346486061817,True
2,1,2,0,0,1,1,0,0,0,3,0,3,0,0,1,0.8948840445269621,False
2,1,0,0,2,1,0,2,1,1,0,1,1,1,0,1,0.05155482605694005,True
2,2,0,2,0,0,0,0,0,3,1,0,3,0,0,1,0.9573411526497199,False
2,0,0,1,3,0,2,0,0,2,0,0,0,0,2,2,0.02760019703496355,True
2,1,1,1,1,0,1,0,3,0,0,1,1,0,1,1,0.12364671968070542,True
2,1,1,1,0,1,0,0,0,2,2,2,1,0,1,0,0.13149413805814858,True
2,2,0,0,0,2,2,0,0,2,0,1,3,0,0,0,0.052189117648896936,True
2,0,0,2,2,0,2,0,0,0,2,0,3,0,1,0,0.04166716825045405,True
2,1,0,3,0,0,0,2,1,1,0,0,4,0,0,0,0.07829208535758928,True
2,1,1,0,1,1,0,3,1,0,0,2,1,0,0,1,0.05254885031238094,True
2,0,1,1,1,1,0,1,1,2,0,0,2,1,0,1,0.043585010553004705,True
2,3,0,0,1,0,3,0,1,0,0,0,2,0,0,2,0.9422693583427881,False
2,0,0,0,4,0,1,1,1,0,1,1,1,0,1,1,0.03221800461741143,True
2,0,0,1,1,2,0,2,1,1,0,0,0,2,2,0,0.041205186267110436,True
2,0,1,1,1,1,0,0,2,2,0,0,0,1,1,2,0.047331664718164385,True
2,0,3,0,1,0,0,0,2,1,1,3,0,1,0,0,0.06840949804930319,True
2,0,3,0,1,0,2,0,0,2,0,0,1,1,0,2,0.0318134380682957,True
2,1,0,0,2,1,0,1,0,3,0,2,0,0,0,2,0.01790736355064949,True
2,1,0,0,0,3,0,1,2,1,0,0,2,1,1,0,0.033396922710032,True
2,1,2,0,1,0,1,0,1,0,2,0,1,1,2,0,0.039945202279539085,True
2,3,0,0,1,0,0,0,1,3,0,0,2,1,1,0,0.06917843728227224,True
2,0,0,2,2,0,0,0,1,1,2,0,1,2,0,1,0.06933213589042785,True
2,1,0,0,1,2,2,0,2,0,0,1,3,0,0,0,0.1594735776719781,True
2,0,1,1,2,0,0,2,2,0,0,0,0,0,2,2,0.03581431566916105,True
2,0,2,0,0,2,0,0,2,0,2,0,0,1,3,0,0.04699089777756,True
2,0,0,3,0,1,0,4,0,0,0,0,1,2,0,1,0.05081989450703573,True
2,3,1,0,0,0,0,1,0,0,3,2,0,1,1,0,0.40401105747682337,True
2,1,1,0,2,0,0,1,2,0,1,0,1,1,0,2,0.03325100320119465,True
2,3,1,0,0,0,0,1,2,1,0,0,3,0,0,1,0.0724967861851334,True
2,0,0,0,1,3,1,0,1,2,0,0,1,1,2,0,0.020222247581376692,True
2,0,4,0,0,0,3,0,0,0,1,0,0,0,2,2,0.024661170160279175,True
2,2,2,0,0,0,2,2,0,0,0,0,0,1,2,1,0.06499038844265852,True
2,1,1,2,0,0,0,1,0,2,1,0,1,1,2,0,0.06988643231371391,True
2,0,0,1,1,2,2,0,2,0,0,0,1,1,0,2,0.9181101118593374,False
2,0,1,0,1,2,0,2,2,0,0,1,1,0,2,0,0.043400565750103946,True
2,1,0,0,0,3,2,0,1,1,0,0,3,0,0,1,0.7938460267861213,False
2,2,0,1,0,1,0,1,2,0,1,0,0,4,0,0,0.954664347340648,False
2,0,3,0,0,1,0,1,1,1,1,0,0,1,0,3,0.8998372554726443,False
2,0,0,1,3,0,1,1,1,0,1,0,1,0,2,1,0.038815885183623104,True
2,0,0,0,0,4,1,0,0,1,2,2,0,1,0,1,0.8595668902341139,False
2,3,0,1,0,0,2,1,0,1,0,1,1,2,0,0,0.17511082456714436,True
2,4,0,0,0,0,1,2,0,0,1,3,0,1,0,0,0.9800068523255319,False
2,2,0,1,1,0,3,0,0,1,0,1,1,0,0,2,0.16136228911061307,True
2,1,2,0,0,1,0,3,0,1,0,3,0,1,0,0,0.06427857975992185,True
2,1,2,0,1,0,0,1,1,2,0,2,2,0,0,0,0.06936871840933599,True
2,2,1,1,0,0,0,1,0,1,2,0,0,0,4,0,0.041629488766599686,True
2,0,2,0,1,1,0,0,2,0,2,1,1,0,2,0,0.05326131456653108,True
2,1,0,0,3,0,0,0,4,0,0,1,2,0,1,0,0.07607011537858178,True
2,1,1,1,0,1,1,1,1,0,1,1,0,0,3,0,0.08699089777755993,True
2,1,1,0,2,0,0,0,0,3,1,1,0,1,1,1,0.04306674140964562,True
2,2,1,0,1,0,0,2,0,0,2,0,0,0,2,2,0.02433896045584006,True
2,0,2,0,2,0,2,0,0,0,2,0,1,0,3,0,0.029160015560352064,True
2,2,0,0,2,0,0,1,0,2,1,1,0,0,3,0,0.05212279736145716,True
2,1,1,2,0,0,0,3,0,0,1,0,1,0,3,0,0.0609359718475181,True
2,0,0,0,2,2,0,2,1,1,0,2,0,0,1,1,0.031305150220653374,True
2,0,3,0,1,0,2,1,0,1,0,1,2,0,0,1,0.052462535261185245,True
2,2,0,1,1,0,2,0,1,1,0,1,1,0,2,0,0.08656966703413077,True
2,0,2,0,1,1,2,0,1,1,0,0,1,0,1,2,0.08573715244923004,True
2,1,2,1,0,0,0,0,1,1,2,0,3,0,0,1,0.04849659815606137,True
2,0,1,0,3,0,0,0,3,0,1,1,0,0,2,1,0.03829511957297489,True
2,1,1,0,2,0,0,0,1,1,2,1,0,3,0,0,0.06241588950407067,True
2,2,0,1,1,0,1,1,1,1,0,2,0,0,0,2,0.08760056426778133,True
2,0,0,2,0,2,1,0,0,2,1,1,1,0,0,2,0.8992227804836708,False
2,3,0,0,0,1,2,1,0,0,1,0,0,1,0,3,0.8998754159158712,False
2,2,1,0,0,1,0,0,1,3,0,1,1,0,0,2,0.027705418931378966,True
2,1,0,2,0,1,0,1,3,0,0,1,0,1,0,2,0.9366357874835107,False
2,2,2,0,0,0,0,1,1,2,0,0,0,0,1,3,0.017931600808555975,True
2,0,0,3,0,1,0,1,0,3,0,0,4,0,0,0,0.0510118692699382,True
2,0,0,1,2,1,0,0,0,3,1,3,0,0,0,1,0.9378465390175179,False
2,0,2,0,2,0,3,0,0,1,0,1,1,0,2,0,0.06782216638215159,True
2,0,0,0,3,1,2,0,0,2,0,1,2,0,0,1,0.050887392998228136,True
2,1,0,2,0,1,2,0,1,0,1,1,0,3,0,0,0.9558261506303267,False
2,1,0,1,2,0,1,0,0,1,2,1,1,0,2,0,0.04022224758137666,True
2,0,0,1,1,2,3,0,0,1,0,0,1,0,0,3,0.8805953858878284,False
2,2,0,0,1,1,2,1,0,1,0,2,0,0,0,2,0.13842998622260064,True
2,3,0,0,0,1,0,0,0,4,0,2,2,0,0,0,0.05333509003315573,True
2,0,0,1,3,0,0,1,1,0,2,1,1,1,0,1,0.027705418931378963,True
2,1,0,2,0,1,2,0,0,1,1,0,4,0,0,0,0.08198398739661111,True
2,0,1,0,3,0,0,1,0,3,0,0,2,0,0,2,0.02333055555555562,True
2,0,0,2,2,0,1,1,1,1,0,1,0,0,0,3,0.028096135744838775,True
2,1,1,2,0,0,0,2,1,0,1,0,0,1,0,3,0.9042605366408012,False
2,0,0,1,0,3,1,0,0,3,0,0,0,0,1,3,-0.02233193399722682,True
2,0,1,0,2,1,0,1,3,0,0,1,2,1,0,0,0.08835754500327203,True
2,0,1,3,0,0,1,2,1,0,0,0,1,1,0,2,0.07263320052417176,True
2,1,3,0,0,0,0,3,0,1,0,0,2,0,1,1,0.052297348024691395,True
2,0,0,0,0,4,0,0,1,3,0,0,1,1,1,1,-0.011673151124560681,True
2,0,0,0,4,0,0,3,1,0,0,2,1,0,0,1,0.0477470921430127,True
2,0,0,1,3,0,0,2,1,0,1,2,0,1,1,0,0.05725125932788933,True
2,0,1,1,2,0,2,1,1,0,0,0,0,4,0,0,0.0921891176488969,True
2,0,0,2,1,1,2,0,1,0,1,1,0,2,1,0,0.9519300676506899,False
2,1,1,0,2,0,2,0,2,0,0,0,3,1,0,0,0.08077865733495476,True
2,1,0,2,0,1,1,0,1,2,0,3,0,1,0,0,0.6284658076495366,False
2,0,1,1,0,2,3,0,0,1,0,1,0,0,0,3,0.8854363548597174,False
2,0,3,0,0,1,0,2,1,0,1,0,0,0,2,2,0.9075346439647138,False
2,2,0,0,0,2,2,1,0,0,1,0,4,0,0,0,0.05981174626633146,True
2,1,0,2,0,1,3,0,0,0,1,1,0,0,3,0,0.6084658076495365,False
2,2,1,1,0,0,1,2,0,0,1,0,0,1,1,2,0.81893605753781,False
2,1,0,0,3,0,0,3,0,1,0,0,0,3,1,0,0.06618310533548337,True
2,0,1,0,3,0,0,2,1,0,1,0,2,1,0,1,0.03420763106935939,True
2,0,3,0,0,1,2,0,1,1,0,0,1,1,0,2,0.14887461231175345,True
2,0,0,3,0,1,4,0,0,0,0,2,2,0,0,0,0.9607588986273738,False
2,1,1,0,1,1,1,2,0,1,0,1,2,0,0,1,0.04752447601552724,True
2,1,2,1,0,0,1,0,2,0,1,1,0,0,3,0,0.07218911764889686,True
2,0,0,2,1,1,0,3,0,0,1,0,1,1,1,1,0.9392012412241691,False
2,2,1,0,0,1,0,0,1,3,0,1,0,1,1,1,0.04730582456976499,True
2,0,0,1,2,1,2,0,0,0,2,1,2,0,0,1,0.9184944149326382,False
2,2,0,0,0,2,0,1,1,0,2,1,2,1,0,0,0.9005407461091769,False
2,2,0,2,0,0,0,0,0,3,1,1,0,2,0,1,0.958362830430588,False
2,1,1,0,2,0,0,1,0,0,3,1,0,1,0,2,0.002415889532443292,True
2,0,2,2,0,0,2,1,0,1,0,2,1,0,1,0,0.07917708937822965,True
2,1,1,2,0,0,0,2,0,2,0,1,2,0,0,1,0.056115145167057644,True
2,2,0,0,0,2,0,2,2,0,0,1,0,0,1,2,0.136847163801049,True
2,0,3,0,0,1,0,1,1,2,0,1,0,2,1,0,0.058497786118297285,True
2,0,1,1,1,1,1,0,1,2,0,1,1,1,0,1,0.06800317112746389,True
2,0,0,2,1,1,0,0,3,0,1,0,0,2,1,1,0.9342488565856901,False
2,0,0,2,1,1,0,0,0,1,3,0,1,1,0,2,0.8789973614443005,False
2,4,0,0,0,0,1,3,0,0,0,2,1,1,0,0,0.1019600658123461,True
2,0,0,2,2,0,0,1,1,0,2,0,0,1,1,2,0.04848801510610684,True
2,0,0,0,0,4,2,0,2,0,0,0,1,2,0,1,0.8979723763943539,False
2,0,0,0,4,0,0,1,0,2,1,1,0,0,2,1,0.029624341526168017,True
2,1,1,0,1,1,1,1,0,0,2,0,0,2,2,0,0.12187554402708092,True
2,0,0,1,0,3,0,1,1,2,0,1,0,1,0,2,0.02760056426778143,True
2,1,0,2,0,1,0,0,3,0,1,0,0,0,4,0,0.11997463294020423,True
2,0,0,2,1,1,0,0,1,0,3,0,0,0,0,4,0.8379534519172669,False
2,0,1,3,0,0,0,1,1,2,0,1,1,2,0,0,0.08363034315581057,True
2,2,1,0,1,0,0,0,3,1,0,0,4,0,0,0,0.07660898680556318,True
2,1,0,0,2,1,3,0,1,0,0,0,0,2,0,2,0.9387595856710463,False
2,1,0,0,1,2,0,1,0,2,1,0,0,1,3,0,0.03682274629115945,True
2,2,0,1,1,0,0,3,1,0,0,0,1,1,1,1,0.06485015561074746,True
2,3,0,0,0,1,0,0,3,0,1,2,1,1,0,0,0.9592436887431981,False
2,0,2,1,0,1,1,0,0,1,2,0,0,0,4,0,0.027436512235107437,True
2,1,1,2,0,0,1,0,2,1,0,0,1,1,1,1,0.12364671968070542,True
2,2,0,2,0,0,2,0,0,2,0,1,1,0,0,2,0.16136228911061307,True
2,3,0,0,0,1,1,0,1,0,2,1,0,0,2,1,0.9185123282616934,False
2,1,2,0,0,1,1,2,1,0,0,0,2,2,0,0,0.07310292912861785,True
2,1,0,1,0,2,1,0,1,2,0,0,2,0,1,1,0.04983591698472439,True
2,0,2,2,0,0,2,0,1,1,0,0,1,1,0,2,0.07006326389241074,True
2,0,1,1,0,2,0,0,0,4,0,0,0,2,1,1,0.014158359180370063,True
2,0,0,1,2,1,0,1,0,0,3,0,1,0,3,0,0.011216094061976394,True
2,0,0,3,1,0,2,0,0,2,0,0,1,0,1,2,0.04832684887543923,True
2,0,1,1,0,2,0,0,2,0,2,1,0,0,1,2,0.8782445569037979,False
2,1,0,2,0,1,1,0,1,1,1,0,2,2,0,0,0.9284494003083034,False
2,2,1,0,0,1,2,0,0,0,2,1,2,0,1,0,0.13740130769292763,True
2,0,1,0,0,3,1,0,0,3,0,0,2,0,1,1,-0.000877757104357082,True
2,2,0,2,0,0,0,0,0,4,0,1,1,0,1,1,0.054530360756177544,True
2,0,1,1,1,1,1,1,2,0,0,0,1,3,0,0,0.17617483351273444,True
2,1,0,3,0,0,0,0,1,3,0,0,0,1,1,2,0.05766806600277305,True
2,0,0,0,4,0,0,3,0,1,0,1,1,1,1,0,0.06399375,True
2,0,1,2,1,0,2,1,1,0,0,2,0,1,1,0,0.10052523390365967,True
2,1,1,2,0,0,1,0,1,2,0,2,0,0,2,0,0.08249129418505977,True
2,0,1,0,2,1,1,0,1,2,0,1,3,0,0,0,0.05868660374918057,True
2,1,0,1,1,1,0,1,2,1,0,0,0,0,0,4,0.09847606631497882,True
2,0,1,1,2,0,0,3,0,1,0,1,2,1,0,0,0.06804930555555555,True
2,0,0,2,2,0,2,1,0,1,0,1,0,2,0,1,0.0680961357448387,True
2,0,1,0,3,0,0,0,1,0,3,0,1,0,2,1,-0.004138186086281436,True
2,0,2,2,0,0,3,0,0,0,1,2,1,1,0,0,0.1554369351091678,True
2,1,0,0,0,3,0,2,0,0,2,0,1,2,1,0,0.35094377374237423,True
2,1,2,1,0,0,0,0,0,4,0,0,0,0,1,3,0.009535399773552182,True
2,1,1,0,1,1,1,0,2,1,0,1,1,0,2,0,0.0706771064485358,True
2,1,0,2,1,0,0,0,0,0,4,0,0,3,1,0,0.839291457354175,False
2,2,1,0,0,1,2,2,0,0,0,0,2,0,0,2,0.05788876716132534,True
2,0,2,0,2,0,0,1,0,3,0,1,0,2,0,1,0.045215972222222255,True
2,2,2,0,0,0,1,0,0,0,3,3,0,1,0,0,0.595767285979828,False
2,1,1,2,0,0,3,0,1,0,0,0,2,0,0,2,0.9434000092876675,False
2,2,0,0,0,2,0,0,1,0,3,2,0,1,0,1,0.8788575746566757,False
2,1,0,0,2,1,3,1,0,0,0,2,0,1,0,1,0.9456511124032526,False
2,0,0,1,0,3,1,0,0,1,2,1,0,2,0,1,0.8785546668859656,False
2,0,0,0,2,2,1,2,0,1,0,0,0,1,3,0,0.03341646923771428,True
2,2,0,2,0,0,1,2,1,0,0,2,0,1,1,0,0.17569615139661413,True
2,0,2,1,1,0,1,0,1,1,1,0,2,1,0,1,0.051979682904636795,True
2,2,0,0,2,0,0,3,1,0,0,1,0,0,3,0,0.06845813223946548,True
2,0,0,0,4,0,0,2,1,1,0,0,3,0,1,0,0.06399375,True
2,1,1,2,0,0,0,3,1,0,0,0,0,0,0,4,0.01610263349784058,True
2,3,0,1,0,0,0,2,1,1,0,0,0,1,0,3,0.07383042176660229,True
2,0,2,1,0,1,2,0,0,2,0,0,2,2,0,0,0.0677737137647887,True
2,1,1,2,0,0,0,0,0,0,4,2,0,0,0,2,0.871215063418683,False
2,0,0,1,1,2,0,0,2,0,2,1,0,0,0,3,0.8579534519172669,False
2,3,1,0,0,0,4,0,0,0,0,1,2,1,0,0,0.31055187495136477,False
2,0,0,0,2,2,2,2,0,0,0,1,0,1,0,2,0.05861895425328344,True
2,0,0,1,1,2,2,1,1,0,0,0,2,0,2,0,0.051829475920198445,True
2,3,1,0,0,0,1,0,0,1,2,0,0,4,0,0,0.9492023131190509,False
2,0,2,2,0,0,1,1,1,1,0,1,0,2,0,1,0.07557618937034434,True
2,0,1,2,0,1,4,0,0,0,0,0,2,0,0,2,0.9398924718487918,False
2,0,0,0,1,3,1,3,0,0,0,0,0,2,1,1,0.018672214942508043,True
2,1,0,2,0,1,0,3,0,0,1,2,1,0,0,1,0.9402557245723616,False
2,0,0,0,2,2,0,0,3,0,1,0,1,0,1,2,0.8984332257354058,False
2,0,3,1,0,0,0,1,1,2,0,1,0,0,2,1,0.052263777175525314,True
2,0,3,0,1,0,1,2,1,0,0,0,1,1,1,1,0.05367088572762693,True
2,1,3,0,0,0,0,2,0,1,1,0,1,1,1,1,0.04582704624636131,True
2,1,1,0,1,1,0,0,3,0,1,1,0,0,1,2,0.9184308758489054,False
2,1,0,1,0,2,4,0,0,0,0,0,0,1,3,0,0.6084658076495365,False
2,0,0,2,0,2,0,1,1,0,2,0,1,0,0,3,0.8587636390973983,False
2,0,0,0,0,4,0,2,2,0,0,0,0,1,3,0,0.01218911764889697,True
2,0,4,0,0,0,0,1,2,0,1,0,0,4,0,0,0.07044727822139292,True
2,2,0,0,2,0,1,0,2,1,0,0,1,0,0,3,0.03814144860379781,True
2,2,2,0,0,0,3,1,0,0,0,2,0,1,1,0,0.10275568720303112,True
2,3,0,0,0,1,0,1,0,0,3,2,1,0,0,1,0.8991863977497723,False
2,1,0,0,0,3,0,0,2,1,1,1,1,0,0,2,0.8793094563405401,False
2,0,0,2,2,0,1,1,0,0,2,0,1,2,0,1,0.06933213589275279,True
2,1,1,1,1,0,0,1,3,0,0,4,0,0,0,0,0.13384046706686853,True
2,0,3,0,1,0,0,0,0,2,2,0,0,2,2,0,0.03377558248171473,True
2,0,0,1,3,0,0,1,1,1,1,0,1,0,3,0,0.04665973561219162,True
2,1,0,2,1,0,0,1,1,1,1,3,0,0,1,0,0.15344782842886673,True
2,3,1,0,0,0,0,1,3,0,0,2,1,0,0,1,0.19893128748210523,True
2,1,0,3,0,0,0,0,0,3,1,1,0,2,1,0,0.9656808503925909,False
2,1,1,1,1,0,2,0,0,0,2,0,0,3,1,0,0.12978647144779917,True
2,3,0,0,0,1,1,2,0,0,1,0,2,0,2,0,0.06338351858589542,True
2,0,1,1,2,0,0,1,3,0,0,2,1,0,0,1,0.06602771344242665,True
2,0,0,1,3,0,0,2,1,1,0,2,1,1,0,0,0.069160015560352,True
2,2,0,1,0,1,1,1,1,1,0,1,0,1,2,0,0.08769508483620995,True
2,1,1,0,2,0,0,2,0,0,2,0,0,1,0,3,-0.007542148009708757,True
2,0,0,0,4,0,2,0,0,2,0,0,1,3,0,0,0.06439733511265194,True
2,0,0,0,0,4,1,1,0,0,2,0,0,0,2,2,0.8379161873808606,False
2,1,1,0,2,0,1,0,2,1,0,1,2,1,0,0,0.0761369347852976,True
2,0,0,0,0,4,1,0,1,1,1,2,0,1,1,0,0.8915450351199988,False
2,0,0,2,1,1,0,1,0,2,1,0,0,3,0,1,0.938276161643759,False
2,3,0,0,1,0,0,0,4,0,0,0,1,0,2,1,0.8465652905410774,False
2,2,0,2,0,0,2,1,1,0,0,1,0,2,1,0,0.9234990477570431,False
2,0,1,0,0,3,0,0,0,4,0,1,0,1,1,1,-0.005841640819629904,True
2,0,3,0,0,1,1,0,1,0,2,3,1,0,0,0,0.928025174767082,False
2,1,3,0,0,0,1,0,0,2,1,0,0,0,4,0,0.05198301220135732,True
2,0,0,3,1,0,0,0,1,2,1,1,0,0,3,0,0.06693221882665258,True
2,0,1,0,2,1,0,3,1,0,0,1,1,1,0,1,0.04929252117206902,True
2,0,1,1,0,2,1,0,0,0,3,1,0,2,1,0,0.8932636178650004,False
2,1,2,0,1,0,0,0,2,0,2,3,0,1,0,0,0.09383042176660225,True
2,1,1,0,1,1,0,0,2,0,2,2,1,1,0,0,0.9344894082374581,False
2,1,0,1,0,2,1,0,0,3,0,1,2,0,1,0,0.03607011537858185,True
2,0,0,0,2,2,0,0,0,3,1,1,0,0,1,2,0.8915682031044236,False
2,1,0,1,2,0,0,1,2,1,0,0,0,2,2,0,0.0722997530329525,True
2,0,1,0,2,1,3,0,1,0,0,0,0,3,0,1,0.9586580861083754,False
2,1,1,0,1,1,0,0,4,0,0,0,0,3,0,1,0.9551504492772507,False
2,0,3,1,0,0,1,0,2,0,1,1,0,1,1,1,0.07170244132199778,True
2,0,1,0,0,3,0,1,2,1,0,0,2,0,2,0,0.01881198254094215,True
2,0,0,2,1,1,0,2,1,1,0,0,0,1,1,2,0.03785644751998403,True
2,1,0,0,0,3,1,0,1,0,2,4,0,0,0,0,0.8994338254080393,False
2,0,0,2,1,1,4,0,0,0,0,1,0,0,3,0,0.16332058816520797,True
2,1,0,0,3,0,0,0,3,0,1,1,2,0,0,1,0.048723603612418634,True
2,0,0,1,0,3,1,0,1,0,2,1,2,1,0,0,0.8855390404500842,False
2,0,0,2,2,0,1,0,2,0,1,0,4,0,0,0,0.06363034315581058,True
2,0,0,1,1,2,0,1,0,2,1,0,0,1,3,0,0.03682274629115945,True
2,0,0,3,0,1,0,0,0,0,4,0,0,3,1,0,0.8928711971253488,False
2,2,1,0,0,1,0,0,1,0,3,2,0,2,0,0,0.9186526380746187,False
2,1,1,0,1,1,1,2,0,0,1,4,0,0,0,0,0.9581425444754949,False
2,0,0,3,1,0,0,3,1,0,0,0,1,1,1,1,0.06485015561074746,True
2,0,3,0,0,1,0,0,2,1,1,1,0,2,0,1,0.9388552297221235,False
2,0,1,1,2,0,0,1,2,1,0,0,0,3,1,0,0.07288982329508563,True
2,0,0,0,2,2,2,0,2,0,0,0,2,0,2,0,0.06338351565838472,True
2,0,1,0,1,2,0,1,1,2,0,3,0,0,0,1,0.03245785191875363,True
2,0,2,2,0,0,1,2,0,1,0,0,0,0,0,4,0.0029494447033637334,True
2,3,0,0,1,0,0,4,0,0,0,0,1,3,0,0,0.07828577349871844,True
2,2,1,1,0,0,0,2,2,0,0,0,0,1,2,1,0.08094480899354549,True
2,2,0,0,0,2,0,2,0,2,0,1,1,1,1,0,0.036970769965405166,True
2,0,1,3,0,0,3,0,1,0,0,1,0,0,2,1,0.9578937259612597,False
2,1,0,3,0,0,0,1,0,2,1,1,2,0,0,1,0.959278861813652,False
2,1,2,0,1,0,1,0,0,1,2,0,4,0,0,0,0.03625715748248591,True
2,0,3,0,0,1,0,1,0,0,3,1,2,1,0,0,0.06477659743746704,True
2,0,3,0,1,0,2,1,1,0,0,0,0,0,0,4,0.0029458518192664513,True
2,0,0,4,0,0,1,2,0,0,1,0,1,3,0,0,0.9796781717879495,False
2,0,3,0,1,0,0,1,0,1,2,0,1,2,1,0,0.03507240873586334,True
2,0,1,0,0,3,0,3,0,0,1,0,1,0,1,2,0.8718495348716947,False
2,0,0,1,0,3,0,2,1,1,0,0,3,0,0,1,0.012496786185133505,True
2,0,0,1,0,3,0,0,2,0,2,1,1,2,0,0,0.8999132352354987,False
2,0,1,0,2,1,0,2,0,2,0,1,0,0,0,3,-0.0013133962508193302,True
2,0,0,4,0,0,0,0,0,0,4,0,2,0,1,1,0.8984003480318445,False
2,0,0,4,0,0,0,0,0,1,3,1,2,0,1,0,0.14028115511809572,True
2,0,0,3,1,0,1,0,2,1,0,0,2,0,1,1,0.08983591698472432,True
2,2,0,0,2,0,0,1,0,3,0,0,1,0,3,0,0.06113263888888888,True
2,0,1,0,0,3,1,1,0,2,0,1,0,1,2,0,0.017752344063525126,True
2,1,2,0,1,0,1,1,1,0,1,3,0,0,1,0,0.0706132815118855,True
2,1,0,0,0,3,2,0,0,1,1,0,2,0,0,2,0.877856797895403,False
2,0,1,0,3,0,0,2,0,1,1,1,1,1,1,0,0.04998735095975002,True
2,1,1,0,0,2,0,1,3,0,0,0,3,0,0,1,0.16449814513489278,True
2,2,1,0,1,0,2,1,0,1,0,1,0,0,0,3,0.032189117648896995,True
2,2,0,0,0,2,0,0,1,1,2,0,3,0,1,0,0.041205363738616094,True
2,0,0,0,0,4,2,0,0,0,2,2,0,1,1,0,0.8732503967782445,False
2,0,1,1,1,1,0,0,1,2,1,0,0,1,2,1,0.9355991801379642,False
2,2,0,1,0,1,3,0,1,0,0,1,0,0,2,1,0.958265852145286,False
2,0,2,0,1,1,1,2,0,1,0,0,0,4,0,0,0.0712143146556097,True
2,1,0,0,1,2,0,1,0,3,0,1,0,0,1,2,-0.0019464140384910142,True
2,1,0,0,0,3,0,1,2,0,1,1,3,0,0,0,0.11947357767197817,True
2,0,0,0,1,3,2,0,2,0,0,3,0,1,0,0,0.9382665532266529,False
2,0,0,1,3,0,2,0,1,0,1,1,0,3,0,0,0.09989855995460704,True
2,1,0,0,3,0,0,2,1,0,1,2,0,0,2,0,0.051529294509374234,True
2,0,2,0,0,2,1,0,0,0,3,2,1,0,0,1,0.8781296328146985,False
2,1,1,1,1,0,0,4,0,0,0,0,1,1,1,1,0.05367088572762693,True
2,2,1,0,0,1,0,2,1,0,1,2,0,0,1,1,0.9390307430088458,False
2,0,1,0,2,1,0,0,0,2,2,0,2,2,0,0,0.06469066916625887,True
2,2,1,0,1,0,1,1,1,1,0,0,2,1,0,1,0.06212353422103649,True
2,3,0,0,0,1,0,1,0,3,0,0,0,4,0,0,0.0680961357448387,True
2,0,4,0,0,0,1,1,0,2,0,3,0,0,1,0,0.06906918952123499,True
2,0,3,0,1,0,0,0,3,0,1,0,4,0,0,0,0.05366444949328932,True
2,3,0,0,1,0,1,0,1,0,2,1,2,0,0,1,0.9222693583427882,False
2,0,0,0,2,2,0,0,1,3,0,0,0,3,1,0,0.03725125932764095,True
2,0,2,2,0,0,1,0,0,1,2,0,3,0,1,0,0.04229389570334936,True
2,0,3,0,0,1,3,0,1,0,0,0,1,2,1,0,0.17305074425596143,True
2,2,1,1,0,0,3,0,1,0,0,0,0,0,0,4,0.9112150634186833,False
2,0,1,1,0,2,0,0,0,2,2,1,0,1,2,0,0.10187554401717704,True
2,1,2,1,0,0,1,0,2,1,0,0,0,0,0,4,0.05383293334003994,True
2,2,1,0,0,1,0,1,3,0,0,0,1,2,1,0,0.12647277238120044,True
2,0,0,3,1,0,1,0,1,0,2,1,3,0,0,0,0.09384046706686865,True
2,0,3,0,1,0,0,4,0,0,0,0,2,0,0,2,0.031405747880949984,True
2,1,2,0,0,1,1,1,0,0,2,0,0,3,0,1,0.9195585453683187,False
2,1,1,1,0,1,2,0,2,0,0,0,2,0,0,2,0.9393498253650565,False
2,0,3,0,0,1,1,0,1,2,0,0,0,1,0,3,0.02720126784920681,True
2,1,0,2,1,0,1,1,0,0,2,2,0,2,0,0,0.9471617059767827,False
2,0,2,2,0,0,3,1,0,0,0,1,0,2,0,1,0.11482207078117619,True
2,2,1,1,0,0,0,2,1,1,0,2,0,0,0,2,0.055565132384208744,True
2,0,0,0,2,2,0,0,2,0,2,0,0,3,1,0,0.9096363332699295,False
2,0,1,0,2,1,0,2,1,1,0,1,2,0,1,0,0.05501267480434535,True
2,0,0,1,0,3,0,2,0,1,1,2,0,1,1,0,0.9068194503517039,False
2,1,2,0,1,0,3,1,0,0,0,0,0,2,0,2,0.055561972503353624,True
2,0,0,3,1,0,2,0,0,1,1,0,1,0,2,1,0.16681584845295935,True
2,0,2,1,0,1,0,2,0,2,0,0,2,0,2,0,0.0496465232067719,True
2,1,1,0,2,0,0,0,3,0,1,0,0,0,4,0,0.05010140587626945,True
2,0,3,0,1,0,0,0,0,1,3,1,2,0,1,0,0.013924360283445241,True
2,0,1,0,0,3,1,0,0,0,3,2,0,0,2,0,0.8545272739254811,False
2,0,2,0,1,1,0,0,2,2,0,1,0,2,1,0,0.06743651223510737,True
2,0,2,2,0,0,0,1,0,0,3,0,0,2,2,0,0.03774914790185677,True
2,0,3,0,1,0,3,1,0,0,0,0,2,2,0,0,0.07498484918043274,True
2,0,0,1,0,3,2,0,2,0,0,1,0,0,0,3,0.8775447661204601,False
2,4,0,0,0,0,0,1,1,2,0,0,0,0,0,4,0.0476005642677814,True
2,2,1,0,1,0,0,2,0,2,0,1,2,0,1,0,0.06724375,True
2,1,0,2,0,1,0,0,3,0,1,0,0,2,2,0,0.9391739874620089,False
2,2,2,0,0,0,0,2,1,1,0,1,0,0,0,3,0.022945851819266415,True
2,0,0,0,0,4,1,3,0,0,0,1,0,3,0,0,0.053472657090673545,True
2,1,1,0,0,2,2,0,0,2,0,0,1,1,2,0,0.04022224758220141,True
2,0,0,0,3,1,0,0,3,0,1,0,0,0,2,2,0.91646954881006,False
2,1,0,0,0,3,0,1,3,0,0,0,1,2,0,1,0.9113087192384907,False
2,0,1,1,1,1,0,2,1,1,0,0,0,1,0,3,0.017364737930532278,True
2,0,1,2,0,1,0,2,0,0,2,0,2,0,1,1,0.9165186039310161,False
2,0,2,0,0,2,0,1,0,1,2,1,0,0,2,1,0.8915254262130746,False
2,2,0,1,0,1,0,0,1,2,1,2,0,0,2,0,0.3923448698452066,True
2,0,2,1,0,1,0,1,0,2,1,0,0,0,4,0,0.039947571958606626,True
2,0,1,0,0,3,0,2,0,1,1,1,1,0,1,1,0.8917584053079647,False
2,1,0,0,3,0,2,0,0,0,2,0,1,1,0,2,0.018141448603797843,True
2,0,0,1,3,0,0,1,1,1,1,2,0,2,0,0,0.0669322188268681,True
2,1,1,1,0,1,0,0,0,0,4,0,1,1,2,0,0.09395091110770401,True
2,1,1,0,2,0,0,0,0,4,0,3,1,0,0,0,0.06355063778837539,True
2,0,1,2,0,1,1,2,1,0,0,0,0,3,1,0,0.1026495988565338,True
2,0,0,2,1,1,0,1,1,1,1,0,2,0,2,0,0.05499392703494884,True
2,0,0,2,0,2,0,1,1,0,2,1,2,1,0,0,0.8876541256573184,False
2,0,0,3,1,0,2,0,0,0,2,0,2,1,1,0,0.08983904327308924,True
2,0,1,1,2,0,0,4,0,0,0,3,0,0,1,0,0.06906918952123499,True
2,3,0,1,0,0,1,0,2,0,1,2,0,0,2,0,0.958896553708751,False
2,0,1,1,1,1,3,1,0,0,0,0,2,0,2,0,0.06642792076036667,True
2,2,0,0,2,0,1,3,0,0,0,0,1,2,0,1,0.058085923361899605,True
2,2,0,0,1,1,1,0,0,0,3,1,0,1,1,1,0.8989447578671999,False
2,0,3,1,0,0,0,2,0,2,0,0,0,0,2,2,0.030518672098765492,True
2,0,2,0,0,2,1,2,0,0,1,1,0,0,2,1,0.9116776875475711,False
2,1,1,1,0,1,3,1,0,0,0,2,0,1,1,0,0.4454302536460197,True
2,0,0,2,2,0,0,0,4,0,0,0,1,0,1,2,0.09217550737042936,True
2,0,0,1,1,2,0,2,1,1,0,3,1,0,0,0,0.052944982906054885,True
2,0,0,4,0,0,2,1,0,0,1,1,1,2,0,0,0.9798120392143962,False
2,0,1,0,2,1,0,0,1,1,2,3,0,0,1,0,0.9221521516568744,False
2,0,1,2,1,0,3,1,0,0,0,0,2,1,1,0,0.08155902475525542,True
2,0,1,0,1,2,0,2,2,0,0,0,0,1,1,2,0.040484750852948,True
2,3,0,0,0,1,4,0,0,0,0,0,0,2,0,2,0.9391620878279138,False
2,0,2,2,0,0,3,1,0,0,0,0,0,2,1,1,0.09143897870546824,True
2,1,0,2,1,0,3,0,1,0,0,3,1,0,0,0,0.9229773400538982,False
2,0,0,2,2,0,0,3,1,0,0,0,3,1,0,0,0.0714859314203057,True
2,1,0,2,0,1,0,1,0,2,1,0,1,2,0,1,0.938915369569291,False
2,0,0,1,0,3,1,3,0,0,0,2,1,0,1,0,0.029991247393168326,True
2,0,2,0,1,1,0,1,0,2,1,0,2,1,0,1,0.23612535051676464,True
2,0,0,2,2,0,3,0,0,1,0,0,1,0,3,0,0.06907752179514003,True
2,2,0,0,1,1,0,0,2,0,2,1,3,0,0,0,0.13947357767197813,True
2,4,0,0,0,0,0,0,2,1,1,1,0,1,2,0,0.9520448250998425,False
2,2,0,1,0,1,0,1,1,2,0,1,0,0,0,3,0.0476005642677814,True
2,1,0,2,1,0,0,0,0,3,1,0,0,0,4,0,0.054636248113881514,True
2,0,0,0,1,3,0,0,0,3,1,0,0,0,3,1,0.882769345734829,False
2,0,0,0,3,1,0,0,2,1,1,1,0,1,2,0,0.09484844386552953,True
2,0,1,1,2,0,0,0,2,1,1,0,0,2,1,1,0.052886137525525706,True
2,0,1,3,0,0,2,1,0,0,1,0,0,3,0,1,0.9535895703262303,False
2,2,0,0,1,1,3,1,0,0,0,1,1,0,2,0,0.08615242279220754,True
2,0,0,1,2,1,0,0,0,3,1,0,1,1,0,2,0.9171846867817797,False
2,1,1,0,0,2,1,0,1,1,1,1,1,1,0,1,0.9196148880987397,False
2,0,0,4,0,0,2,2,0,0,0,1,0,0,2,1,0.12813366192940795,True
2,1,0,0,2,1,0,3,1,0,0,0,1,1,1,1,0.04920431076696932,True
2,0,0,2,1,1,4,0,0,0,0,0,1,0,3,0,0.09431615283872555,True
2,4,0,0,0,0,2,1,0,0,1,1,0,0,1,2,0.9390474373990605,False
2,2,1,0,1,0,3,0,0,1,0,0,0,2,0,2,0.08760056426778133,True
2,0,1,1,0,2,0,1,2,0,1,1,0,0,1,2,0.8986161038204301,False
2,2,2,0,0,0,0,0,1,0,3,1,0,1,1,1,0.1361816602135334,True
2,1,1,1,0,1,2,0,2,0,0,0,0,1,0,3,0.9174100692377307,False
2,2,2,0,0,0,2,0,0,0,2,2,0,1,1,0,0.1343628519393353,True
2,0,0,0,3,1,0,0,1,0,3,0,0,1,1,2,0.8778139858380822,False
2,0,0,0,0,4,0,3,1,0,0,0,3,0,0,1,-0.006940168844215253,True
2,1,1,1,0,1,1,0,3,0,0,1,0,2,1,0,0.9731531220504648,False
2,0,0,2,2,0,1,1,0,1,1,3,0,0,1,0,0.07466439809526564,True
2,1,0,0,0,3,3,0,1,0,0,0,1,1,0,2,0.8994818588106429,False
2,1,2,0,0,1,1,1,1,0,1,0,1,0,0,3,0.899160290317484,False
2,0,2,2,0,0,1,2,0,1,0,0,1,1,0,2,0.04014678688579616,True
2,0,4,0,0,0,3,0,0,0,1,0,2,1,1,0,0.05639526153956361,True
2,1,0,1,2,0,1,1,0,2,0,0,0,1,1,2,0.03244806206036395,True
2,1,1,0,1,1,1,0,1,0,2,0,1,1,2,0,0.07472264300779838,True
2,1,1,1,0,1,0,0,1,0,3,0,0,1,0,3,0.8583236709339607,False
2,2,0,2,0,0,0,0,1,1,2,1,2,0,1,0,0.1595582840816572,True
2,0,2,0,1,1,0,2,2,0,0,1,2,0,1,0,0.06204653762305329,True
2,2,0,1,0,1,1,1,0,0,2,0,0,0,2,2,0.8985444760576733,False
2,3,0,1,0,0,0,1,2,1,0,0,1,0,1,2,0.10364671968070548,True
2,0,0,1,3,0,0,0,1,2,1,0,4,0,0,0,0.05128034033904942,True
2,0,0,1,1,2,0,1,0,0,3,1,1,2,0,0,0.8937920560523802,False
2,0,3,0,1,0,3,0,1,0,0,0,1,0,0,3,0.0291675175678398,True
2,3,0,1,0,0,0,0,0,0,4,0,3,1,0,0,0.5771139383725786,False
2,0,3,1,0,0,0,1,2,0,1,2,0,2,0,0,0.09042764275986791,True
2,2,1,1,0,0,0,3,0,0,1,3,0,0,1,0,0.11843937753089999,True
2,0,1,3,0,0,1,1,1,0,1,0,1,3,0,0,0.45947866776747737,True
2,3,0,1,0,0,0,0,1,3,0,1,2,0,0,1,0.0687236036124186,True
2,0,4,0,0,0,0,3,0,0,1,0,1,1,0,2,0.020555964310226264,True
2,0,0,1,3,0,0,1,0,3,0,1,2,0,0,1,0.04333055555555559,True
2,1,0,0,2,1,0,1,1,2,0,3,0,0,1,0,0.06162948876632155,True
2,1,0,1,0,2,1,2,0,1,0,1,0,0,3,0,0.03811697379948902,True
2,0,1,1,1,1,0,0,0,2,2,0,3,0,0,1,0.9118213989988212,False
2,1,2,1,0,0,0,1,0,1,2,1,1,0,2,0,0.043400565750103946,True
2,3,0,1,0,0,2,0,0,0,2,0,2,0,2,0,0.1325818706314001,True
2,0,0,3,1,0,1,0,1,0,2,0,3,0,1,0,0.06052523390365974,True
2,0,0,2,1,1,2,0,1,1,0,0,0,1,0,3,0.9041155498441656,False
2,1,1,1,1,0,1,0,0,2,1,1,1,1,1,0,0.06918962151736668,True
2,0,1,1,1,1,1,1,0,0,2,1,1,0,2,0,0.05326131456653108,True
2,1,0,0,2,1,0,0,1,0,3,0,1,2,1,0,0.37323207439789235,True
2,1,2,0,0,1,0,2,1,1,0,1,1,0,2,0,0.05503830572853732,True
2,1,0,2,1,0,4,0,0,0,0,0,1,2,1,0,0.3064326293092484,False
2,1,0,0,2,1,0,1,3,0,0,0,0,0,2,2,0.16293101931101356,True
2,0,0,2,1,1,2,0,2,0,0,1,1,1,0,1,0.9572554407884541,False
2,1,0,1,0,2,1,2,0,1,0,1,0,0,0,3,0.033817861415333286,True
2,1,0,0,2,1,3,0,0,0,1,3,0,1,0,0,0.9593190442881944,False
2,2,2,0,0,0,0,0,0,2,2,0,2,1,0,1,0.04690240746042207,True
2,0,0,3,1,0,1,1,0,2,0,0,2,2,0,0,0.0761369347852976,True
2,2,2,0,0,0,3,0,0,1,0,0,1,2,0,1,0.0900480398344861,True
2,1,0,0,0,3,1,0,2,0,1,0,1,0,2,1,0.898502057899299,False
2,2,0,1,1,0,0,0,1,2,1,1,0,2,1,0,0.1534478284290467,True
2,0,0,0,4,0,1,0,0,2,1,0,0,1,2,1,0.030434251100946927,True
2,1,0,0,2,1,0,2,2,0,0,0,2,0,1,1,0.06079305891447314,True
2,0,2,0,2,0,0,2,0,1,1,1,1,0,0,2,0.01695336756745443,True
2,0,1,3,0,0,3,0,1,0,0,0,3,0,1,0,0.103584274227041,True
2,1,0,1,1,1,0,1,0,0,3,1,1,2,0,0,0.9137920560523802,False
2,0,2,1,0,1,0,1,0,3,0,0,0,3,1,0,0.05269349231835054,True
2,0,0,2,2,0,0,0,3,0,1,2,0,1,0,1,0.6084658076495366,False
2,3,0,1,0,0,2,0,1,1,0,0,1,0,0,3,0.9259262784537674,False
2,4,0,0,0,0,0,0,1,1,2,0,2,0,0,2,0.9189472890653432,False
2,0,2,2,0,0,0,0,2,2,0,0,2,0,0,2,0.04212353422103652,True
2,2,1,1,0,0,0,2,0,2,0,0,1,0,2,1,0.054264913091878635,True
2,1,2,0,0,1,1,0,1,2,0,0,2,1,0,1,0.057637934283420615,True
2,0,0,1,0,3,1,2,0,1,0,0,0,0,4,0,0.012889823295085728,True
2,0,0,2,0,2,0,0,2,1,1,2,2,0,0,0,0.9174329787172657,False
2,2,1,1,0,0,1,0,1,2,0,1,1,1,1,0,0.08503003347085872,True
2,0,0,3,0,1,2,0,1,1,0,2,2,0,0,0,0.2936602338691841,False
2,1,2,0,1,0,3,0,1,0,0,0,0,0,1,3,0.04975403388380376,True
2,0,0,0,1,3,0,1,2,1,0,0,2,0,1,1,0.025373801052427994,True
2,0,0,0,3,1,0,0,0,3,1,0,0,3,1,0,0.12440491018580697,True
2,1,0,2,0,1,1,2,1,0,0,0,0,4,0,0,0.6419449834827744,False
2,0,1,0,1,2,3,0,1,0,0,0,0,0,1,3,0.8989516625791519,False
2,0,3,0,0,1,1,1,1,0,1,1,0,2,0,1,0.939589441937899,False
2,2,0,2,0,0,2,1,1,0,0,0,3,1,0,0,0.1351520053069511,True
2,1,0,0,1,2,0,1,0,0,3,1,2,1,0,0,0.3495402362070858,True
2,0,0,0,0,4,0,2,0,2,0,1,1,2,0,0,0.0036303431558106923,True
2,1,1,0,2,0,1,0,3,0,0,0,1,0,2,1,0.06766985571254126,True
2,0,0,1,2,1,0,0,2,0,2,1,0,1,0,2,0.8977956344070565,False
2,0,0,2,0,2,0,1,0,0,3,3,0,1,0,0,0.8983236709339609,False
2,1,0,0,1,2,0,0,3,1,0,4,0,0,0,0,0.9439720321920474,False
2,1,0,0,2,1,0,2,1,0,1,0,2,1,1,0,0.06560895721315227,True
2,1,1,2,0,0,3,0,1,0,0,2,1,0,0,1,0.9692638865043876,False
2,1,0,2,1,0,0,0,0,3,1,0,1,0,2,1,0.08070955241689742,True
2,1,2,0,1,0,0,1,3,0,0,0,1,1,2,0,0.07444959735574129,True
2,0,1,1,1,1,0,2,0,2,0,2,2,0,0,0,0.05444748637263392,True
2,0,1,0,3,0,0,0,2,0,2,0,2,2,0,0,0.03613693478529766,True
2,2,0,0,2,0,1,0,0,0,3,1,0,2,0,1,0.5684658076495367,False
2,1,0,2,1,0,1,2,1,0,0,0,0,2,0,2,0.09384297797801051,True
2,0,0,2,2,0,0,3,0,1,0,0,0,0,4,0,0.06399375,True
2,1,0,0,2,1,0,1,0,1,2,3,0,0,1,0,0.9223944830605472,False
2,3,1,0,0,0,1,2,0,1,0,0,0,1,0,3,0.035558812292712336,True
2,1,1,0,1,1,0,0,0,2,2,1,0,2,1,0,0.9220086127186213,False
2,0,2,2,0,0,2,1,1,0,0,1,1,2,0,0,0.10461658416417763,True
2,1,3,0,0,0,2,0,0,0,2,0,0,1,0,3,0.03207480255592,True
2,3,0,0,1,0,0,0,3,0,1,0,0,4,0,0,0.967538107254198,False
2,0,1,0,1,2,1,3,0,0,0,0,0,0,2,2,0.00819120078763869,True
2,0,0,1,0,3,0,1,3,0,0,0,0,1,2,1,0.9046948715676012,False
2,3,0,0,1,0,0,2,0,1,1,1,1,0,1,1,0.10573715244923002,True
2,1,1,1,1,0,1,1,2,0,0,0,0,2,2,0,0.0861958172283015,True
2,0,0,0,3,1,1,1,1,1,0,0,1,1,0,2,0.044787293163392354,True
2,2,0,1,0,1,0,0,2,0,2,1,0,1,2,0,0.9189620292904704,False
2,0,2,0,2,0,0,0,3,0,1,0,1,2,0,1,0.0460277134424267,True
2,0,2,0,2,0,0,3,0,1,0,1,0,2,1,0,0.06724375,True
2,1,1,0,0,2,0,0,1,1,2,2,0,0,0,2,0.8795927543275631,False
2,3,0,0,0,1,0,1,2,1,0,2,0,0,0,2,0.5980734280008385,False
2,0,0,3,1,0,2,1,0,1,0,2,1,0,1,0,0.08503003347085872,True
2,1,3,0,0,0,0,1,0,3,0,0,2,0,1,1,0.0495599955555556,True
2,3,0,1,0,0,0,3,1,0,0,1,0,0,2,1,0.0798728553892064,True
2,0,0,1,0,3,0,0,4,0,0,0,2,2,0,0,0.9247515980940045,False
2,1,0,0,3,0,0,0,0,0,4,3,0,1,0,0,0.03989855995460713,True
2,2,0,0,2,0,0,1,3,0,0,1,0,2,1,0,0.09592476557341177,True
2,1,0,0,3,0,0,2,2,0,0,2,1,0,0,1,0.055551525013205684,True
2,3,0,1,0,0,0,1,0,2,1,1,2,0,1,0,0.09691643612327594,True
2,0,0,1,0,3,0,2,0,2,0,0,2,1,1,0,0.013826304785497581,True
2,1,1,0,2,0,0,1,0,0,3,0,0,1,1,2,-0.007113862471916467,True
2,0,0,3,1,0,1,1,0,2,0,2,0,0,2,0,0.0722997530329525,True
2,0,0,0,2,2,0,0,1,1,2,2,2,0,0,0,0.11460252394554084,True
2,1,1,0,2,0,0,0,1,3,0,1,0,0,2,1,0.04604151578150219,True
2,1,0,0,1,2,0,1,2,1,0,0,0,0,2,2,0.036897024550427794,True
2,2,0,0,2,0,0,3,0,1,0,0,1,1,2,0,0.06629930555555556,True
2,1,2,0,0,1,1,2,1,0,0,1,1,1,0,1,0.07946417283307963,True
2,1,0,0,2,1,2,0,1,0,1,0,0,2,2,0,0.3923448698452066,True
2,3,0,0,1,0,1,0,0,2,1,0,1,0,3,0,0.06025391205121073,True
2,3,1,0,0,0,1,1,0,1,1,1,1,1,1,0,0.09744377012609738,True
2,0,3,0,0,1,0,1,0,3,0,1,0,2,0,1,0.03560067926525031,True
2,0,0,3,1,0,1,0,0,2,1,0,0,0,2,2,0.14532382700029933,True
2,2,2,0,0,0,1,0,1,0,2,0,1,3,0,0,0.1358637074285559,True
2,0,1,2,0,1,0,1,3,0,0,0,0,3,1,0,0.4525955572530632,True
2,0,1,2,1,0,0,2,1,0,1,1,0,0,2,1,0.06433896045583999,True
2,0,1,0,3,0,2,0,0,0,2,1,2,0,0,1,0.018787052138841458,True
2,0,0,1,2,1,1,2,0,1,0,0,0,0,2,2,0.027036636842653974,True
2,2,0,2,0,0,0,1,1,0,2,1,1,2,0,0,0.9594189647431138,False
2,0,1,0,0,3,2,0,1,0,1,1,2,1,0,0,0.9005407461091769,False
2,0,0,0,3,1,2,0,0,1,1,0,1,2,0,1,0.9382533646457769,False
2,0,2,0,2,0,1,0,1,0,2,0,2,1,1,0,0.03382630478549755,True
2,3,0,0,1,0,0,2,1,0,1,1,0,1,2,0,0.08645263732530031,True
2,1,1,0,1,1,0,3,0,0,1,3,0,0,1,0,0.22731039171265482,True
2,0,1,0,2,1,0,0,0,2,2,1,0,0,1,2,0.8939717448574596,False
2,0,0,0,0,4,1,0,3,0,0,1,2,0,1,0,0.5783660300210574,False
2,0,1,0,0,3,0,1,0,3,0,2,0,0,0,2,-0.01840519826840898,True
2,1,0,2,1,0,0,0,0,3,1,0,1,0,3,0,0.05716042089196717,True
2,1,2,0,0,1,1,1,0,0,2,4,0,0,0,0,0.9383148529004608,False
2,0,1,0,3,0,2,0,0,0,2,0,4,0,0,0,0.031011869269938232,True
2,0,0,2,2,0,1,1,1,0,1,1,1,1,0,1,0.08933213589275275,True
2,1,0,3,0,0,1,2,0,1,0,0,0,2,0,2,0.09384297797801051,True
2,0,2,0,2,0,0,0,0,1,3,2,1,0,0,1,0.0017334648606182,True
2,1,3,0,0,0,0,0,3,0,1,0,1,0,3,0,0.056608986805563234,True
2,0,1,3,0,0,3,0,1,0,0,1,0,1,1,1,0.9718495348716946,False
2,1,0,2,1,0,0,1,0,0,3,0,3,0,1,0,0.03061328151188555,True
2,0,1,3,0,0,0,4,0,0,0,1,2,0,0,1,0.05912314417871666,True
2,4,0,0,0,0,0,1,1,0,2,0,2,2,0,0,0.938754275849242,False
2,1,0,1,0,2,3,0,0,0,1,0,4,0,0,0,0.11323662739520497,True
2,0,0,1,0,3,0,0,0,3,1,0,1,1,2,0,0.03326131455720347,True
2,2,1,0,0,1,0,2,1,0,1,0,0,0,0,4,0.8800032425263945,False
2,0,0,0,0,4,3,0,0,0,1,2,0,0,0,2,0.8600154052550141,False
2,1,1,2,0,0,1,1,1,1,0,0,0,1,3,0,0.07811697379948895,True
2,0,0,1,2,1,0,0,4,0,0,1,1,1,1,0,0.44023249469113945,True
2,2,2,0,0,0,0,2,0,0,2,0,0,2,0,2,0.059689904019003,True
2,0,0,2,1,1,0,1,3,0,0,1,0,2,0,1,0.9577895191990421,False
2,0,0,0,3,1,0,0,1,1,2,0,0,1,3,0,0.03682274629111348,True
2,1,1,1,0,1,3,0,1,0,0,0,0,1,2,1,0.9582547794168407,False
2,1,0,0,0,3,0,0,2,1,1,1,0,0,2,1,0.8979741902128321,False
2,0,0,2,0,2,1,0,1,2,0,0,0,1,1,2,0.1202078280337495,True
2,2,0,1,0,1,1,2,0,1,0,0,1,2,0,1,0.07005456526588152,True
2,3,0,0,1,0,0,2,0,0,2,2,0,0,1,1,0.8106046209076289,False
2,1,2,0,1,0,0,1,0,3,0,0,0,1,1,2,0.0276259666483184,True
2,1,1,0,2,0,0,2,1,0,1,1,0,0,0,3,0.012457851990291213,True
2,0,4,0,0,0,0,0,0,2,2,2,1,1,0,0,0.03971762965550837,True
2,2,0,0,1,1,2,0,0,1,1,1,0,0,1,2,0.9181812500000005,False
2,1,1,2,0,0,0,1,1,1,1,0,0,1,2,1,0.18522010765832933,True
2,2,0,0,2,0,0,1,0,2,1,1,2,0,0,1,0.05088739299829118,True
2,1,2,0,1,0,0,1,0,1,2,0,1,0,2,1,0.024096874159303287,True
2,1,0,3,0,0,0,0,0,2,2,0,0,2,2,0,0.3923448698452066,True
2,2,1,0,1,0,2,0,2,0,0,1,1,1,1,0,0.1113348656495538,True
2,0,0,1,1,2,0,1,1,1,1,0,0,1,3,0,0.04720126777106002,True
2,0,3,1,0,0,0,0,0,2,2,1,1,2,0,0,0.048843920577283456,True
2,3,0,1,0,0,3,1,0,0,0,0,3,1,0,0,0.13312778555766286,True
2,0,0,1,3,0,0,1,3,0,0,0,2,0,0,2,0.038787052138841434,True
2,0,2,0,0,2,2,0,1,0,1,0,2,1,1,0,0.07899384647463363,True
2,0,0,2,2,0,0,1,0,1,2,1,0,1,1,1,0.04733166471816438,True
2,1,1,0,0,2,0,1,1,2,0,0,2,0,0,2,0.0077240814324225195,True
2,1,0,3,0,0,1,2,0,0,1,0,0,3,1,0,0.9732968161825536,False
2,2,0,1,1,0,4,0,0,0,0,0,0,2,1,1,0.9633710555789626,False
2,2,0,1,1,0,0,0,0,1,3,0,2,0,1,1,0.12932989350297147,True
2,0,1,1,2,0,0,0,3,1,0,0,0,2,1,1,0.062052283062933755,True
2,0,1,1,1,1,0,0,0,0,4,1,1,1,0,1,0.8796148880987394,False
2,0,0,4,0,0,0,2,1,0,1,1,3,0,0,0,0.12514244128574395,True
2,0,2,2,0,0,3,0,0,0,1,1,0,1,1,1,0.17815028380700138,True
2,0,1,0,1,2,2,0,1,1,0,2,1,1,0,0,0.1456524115425978,True
2,4,0,0,0,0,1,0,3,0,0,1,1,1,0,1,0.9776008246303758,False
2,0,1,0,0,3,0,1,3,0,0,0,2,0,2,0,0.03182948037718114,True
2,2,0,0,2,0,0,0,2,0,2,4,0,0,0,0,0.6084658076495366,False
2,1,0,0,2,1,1,0,1,0,2,0,3,1,0,0,0.08021473736092348,True
2,0,0,1,1,2,0,1,1,2,0,1,0,1,2,0,0.0377523440631046,True
2,0,0,1,1,2,0,1,0,3,0,1,1,2,0,0,0.036910835187438464,True
2,1,0,0,2,1,3,0,0,0,1,0,0,1,0,3,0.8993190442881943,False
2,0,0,3,0,1,2,0,0,0,2,1,0,0,0,3,0.8777179499370926,False
2,1,0,0,1,2,0,0,1,1,2,0,2,2,0,0,0.37951503131493836,True
2,2,0,0,2,0,0,2,0,1,1,0,3,0,1,0,0.05399557083539413,True
2,0,0,3,1,0,1,1,2,0,0,2,0,2,0,0,0.6581140770777651,False
2,3,1,0,0,0,0,0,3,1,0,0,1,0,3,0,0.08059551394942115,True
2,2,0,1,1,0,2,1,1,0,0,3,0,0,0,1,0.6380734280008383,False
2,0,1,1,2,0,0,1,2,1,0,0,0,2,0,2,0.03811697379948904,True
2,0,0,0,1,3,0,1,1,1,1,0,0,2,2,0,0.10187554401717704,True
2,2,1,0,1,0,3,1,0,0,0,0,1,2,1,0,0.08832578390212857,True
2,0,0,3,1,0,0,1,3,0,0,0,3,1,0,0,0.0955872423173939,True
2,3,0,0,1,0,1,2,1,0,0,0,1,1,2,0,0.07994520227953904,True
2,4,0,0,0,0,1,0,2,1,0,2,1,0,1,0,0.3064326293092484,False
2,2,0,0,1,1,0,2,1,1,0,1,3,0,0,0,0.0597327810454009,True
2,0,2,1,1,0,4,0,0,0,0,0,3,0,0,1,0.07249123392651859,True
2,0,0,4,0,0,3,0,0,0,1,0,1,2,0,1,0.9559748396558809,False
2,4,0,0,0,0,1,0,1,1,1,1,2,0,1,0,0.17812303135821753,True
2,0,0,0,3,1,1,0,2,1,0,0,2,1,1,0,0.0684448998008357,True
2,2,0,0,2,0,0,0,0,2,2,2,1,1,0,0,0.05915310152591277,True
2,4,0,0,0,0,1,3,0,0,0,1,2,0,0,1,0.07842227451152804,True
2,0,1,0,0,3,2,0,1,0,1,2,1,0,0,1,0.9000068523255315,False
2,0,0,1,2,1,1,2,0,0,1,2,1,1,0,0,0.9407189136054248,False
2,0,2,2,0,0,1,2,0,0,1,3,0,0,1,0,0.08579016471411302,True
2,0,1,0,3,0,0,0,0,1,3,1,1,0,1,1,-0.004177584354522177,True
2,0,0,0,0,4,1,1,1,0,1,4,0,0,0,0,0.8996966426956885,False
2,0,1,0,3,0,0,0,2,1,1,0,1,1,2,0,0.048711361747139414,True
2,0,1,2,1,0,0,2,1,0,1,1,0,3,0,0,0.11834852915525934,True
2,1,0,1,2,0,0,1,1,1,1,0,0,2,2,0,0.061424861958527595,True
2,1,1,2,0,0,1,1,0,1,1,0,0,0,1,3,0.7998077022143987,False
2,1,0,2,0,1,4,0,0,0,0,2,0,0,2,0,0.9587863119661549,False
2,0,0,3,1,0,0,3,1,0,0,1,2,0,0,1,0.06502896300307438,True
2,0,1,1,0,2,0,0,2,0,2,3,0,0,1,0,0.9133045600476957,False
2,0,1,2,0,1,0,0,2,0,2,0,1,0,2,1,0.9181198320726631,False
2,1,0,1,2,0,1,1,2,0,0,2,0,1,0,1,0.10760056426778129,True
2,0,0,1,0,3,3,1,0,0,0,0,4,0,0,0,0.04221057542698374,True
2,0,2,2,0,0,2,0,0,0,2,4,0,0,0,0,0.6175498086671358,False
2,1,0,0,1,2,4,0,0,0,0,0,0,0,2,2,0.9176642372038263,False
2,0,1,1,1,1,0,1,0,1,2,0,0,0,4,0,0.0228141169305284,True
2,1,0,2,0,1,0,0,0,4,0,0,2,1,1,0,0.04917843728227227,True
2,4,0,0,0,0,2,0,0,0,2,0,3,0,1,0,0.13406081678497264,True
2,2,2,0,0,0,1,0,0,2,1,0,1,0,1,2,0.046174353788095764,True
2,1,0,0,3,0,1,0,2,1,0,3,0,0,0,1,0.0632627295305356,True
2,0,0,1,3,0,0,0,2,1,1,1,0,0,1,2,0.027305824569227907,True
2,1,0,3,0,0,2,0,0,2,0,4,0,0,0,0,0.6484658076495367,False
2,2,2,0,0,0,2,0,1,0,1,0,0,0,4,0,0.06166716825045407,True
2,2,0,0,1,1,0,0,2,2,0,1,1,0,0,2,0.06933213589042785,True
2,0,1,2,0,1,0,2,2,0,0,4,0,0,0,0,0.18355061408878123,True
2,1,2,0,0,1,2,0,0,2,0,1,1,1,1,0,0.06464839985604559,True
2,2,1,0,0,1,0,2,0,0,2,4,0,0,0,0,0.9383148529004608,False
2,0,1,2,1,0,0,0,0,3,1,2,0,0,2,0,0.06220157443112907,True
2,1,0,0,0,3,1,1,1,0,1,0,0,2,0,2,0.8786526380746186,False
2,0,0,1,3,0,2,0,1,1,0,2,1,1,0,0,0.07701089975020048,True
2,3,1,0,0,0,2,1,1,0,0,1,1,1,1,0,0.11434569443561238,True
2,4,0,0,0,0,0,1,1,0,2,2,0,0,0,2,0.9196966426956892,False
2,2,2,0,0,0,2,1,1,0,0,0,1,1,0,2,0.07008191514786805,True
2,0,1,0,1,2,1,0,1,1,1,3,0,0,1,0,0.9255101895274276,False
2,0,2,0,0,2,2,1,1,0,0,0,0,0,4,0,0.04162948876831544,True
2,3,1,0,0,0,1,0,1,1,1,3,0,1,0,0,0.9692964234674873,False
2,0,0,0,0,4,1,2,0,0,1,0,1,2,1,0,0.35094377374237423,True
2,0,2,2,0,0,1,1,0,2,0,0,0,1,1,2,0.03793160080855594,True
2,0,4,0,0,0,0,0,0,3,1,1,1,0,1,1,0.04027814450477045,True
2,1,1,1,1,0,1,1,1,0,1,1,0,2,0,1,0.15848118344285364,True
2,2,0,1,0,1,0,0,0,4,0,0,0,0,3,1,0.03198121042643877,True
2,0,1,0,0,3,0,1,1,2,0,1,0,0,0,3,-0.017584110467556674,True
2,4,0,0,0,0,0,1,2,0,1,1,0,2,1,0,0.973308637216506,False
2,1,1,0,2,0,0,4,0,0,0,0,3,0,1,0,0.0684,True
2,0,1,2,1,0,3,0,1,0,0,1,1,2,0,0,0.1751299841823182,True
2,2,0,1,0,1,1,1,2,0,0,0,2,0,0,2,0.9234000092876675,False
2,0,1,0,2,1,1,1,0,0,2,1,0,0,2,1,0.914705152185964,False
2,0,1,2,1,0,0,3,0,0,1,0,1,0,2,1,0.051552105279033894,True
2,3,1,0,0,0,0,4,0,0,0,1,1,2,0,0,0.07803833467002312,True
2,0,2,1,0,1,0,1,3,0,0,4,0,0,0,0,0.9649557334939504,False
2,0,0,3,1,0,1,0,2,1,0,1,2,0,0,1,0.1130065974569768,True
2,0,1,1,2,0,0,3,1,0,0,0,0,2,1,1,0.053453198233683115,True
2,1,0,1,2,0,0,1,2,1,0,3,1,0,0,0,0.08059551394942113,True
2,1,0,2,1,0,2,1,0,0,1,0,1,2,0,1,0.9416116869188522,False
2,1,0,2,1,0,1,1,1,1,0,0,1,1,2,0,0.07712114468004458,True
2,0,1,1,2,0,1,2,0,0,1,0,2,1,0,1,0.04358501058472992,True
2,0,2,1,0,1,1,0,2,1,0,3,0,1,0,0,0.9623618890570373,False
2,1,1,0,2,0,0,0,3,1,0,0,2,1,0,1,0.058787052138841396,True
2,2,2,0,0,0,0,0,3,1,0,1,1,2,0,0,0.1031219672008302,True
2,1,1,0,2,0,1,1,0,1,1,0,0,0,3,1,0.040096394169650655,True
2,2,1,0,1,0,3,0,0,1,0,0,3,1,0,0,0.08077865733495476,True
2,1,1,1,1,0,1,0,1,2,0,0,0,0,2,2,0.03829511957297489,True
2,1,0,1,2,0,2,1,0,1,0,1,0,0,1,2,0.042052283062933786,True
2,0,3,1,0,0,0,2,1,0,1,0,0,0,0,4,-0.0013104152998860243,True
2,0,1,3,0,0,1,0,1,0,2,0,1,0,0,3,0.8848637696319739,False
2,3,0,0,0,1,0,0,2,0,2,0,0,4,0,0,0.9363908436722467,False
2,2,1,0,0,1,2,1,0,0,1,0,1,1,2,0,0.09472264308645623,True
2,0,0,1,1,2,0,2,0,0,2,3,0,0,1,0,0.9060681197910917,False
2,1,0,2,0,1,0,2,2,0,0,0,4,0,0,0,0.0671331924778293,True
2,0,0,0,4,0,0,0,2,2,0,1,1,0,1,1,0.043640289007590594,True
2,0,2,0,1,1,1,1,2,0,0,1,0,1,0,2,0.8218194329084837,False
2,0,0,2,2,0,1,0,1,2,0,1,0,0,2,1,0.05423951082833167,True
2,2,0,1,0,1,0,0,3,1,0,1,0,1,2,0,0.2776482522129493,False
2,1,0,1,2,0,0,2,0,0,2,0,0,3,1,0,0.054664398098760156,True
2,0,2,0,2,0,0,1,2,0,1,1,1,0,1,1,0.03898427344448019,True
2,0,2,0,2,0,1,2,1,0,0,2,0,2,0,0,0.07503009718716726,True
2,3,0,1,0,0,0,0,3,0,1,0,2,2,0,0,0.9669919057467037,False
2,1,3,0,0,0,2,0,0,2,0,1,0,1,1,1,0.05793160080855591,True
2,0,0,1,0,3,0,0,0,2,2,0,4,0,0,0,0.005857751347837201,True
2,0,1,1,0,2,0,0,3,1,0,1,0,0,1,2,0.9017074192989822,False
2,0,0,2,2,0,0,0,0,4,0,1,1,0,0,2,0.024397335112652012,True
2,0,1,2,0,1,2,0,1,0,1,1,1,1,1,0,0.9305748114747379,False
2,3,0,1,0,0,0,1,0,0,3,3,0,1,0,0,0.9392343255381932,False
2,2,0,2,0,0,0,0,1,2,1,0,1,0,1,2,0.9384332257354061,False
2,2,1,0,0,1,0,0,0,0,4,0,4,0,0,0,0.019811746266331517,True
2,1,1,0,1,1,0,1,0,1,2,0,2,2,0,0,0.08611236229358603,True
2,3,0,0,0,1,3,0,1,0,0,1,0,3,0,0,0.9775447661204607,False
2,1,2,0,0,1,0,1,1,1,1,0,1,0,2,1,0.9266043364400142,False
2,1,0,2,0,1,1,3,0,0,0,1,2,1,0,0,0.07050129327146855,True
2,0,0,1,2,1,1,0,1,2,0,2,2,0,0,0,0.06777371367934969,True
2,1,2,1,0,0,2,0,0,2,0,3,1,0,0,0,0.08363034315581057,True
2,2,0,0,1,1,1,0,0,0,3,1,0,0,3,0,0.10332058816520806,True
2,0,1,1,2,0,0,1,0,2,1,2,1,1,0,0,0.060935971825669205,True
2,1,0,2,1,0,3,0,0,0,1,1,0,2,1,0,0.8992914573541749,False
2,1,0,0,0,3,4,0,0,0,0,1,0,2,1,0,0.933310615672894,False
2,1,3,0,0,0,1,1,0,1,1,1,0,1,1,1,0.05228291309041195,True
2,1,0,0,1,2,0,1,2,0,1,2,2,0,0,0,0.39838989872555197,True
2,0,1,0,1,2,1,0,0,3,0,0,1,0,0,3,-0.017742329763875183,True
2,0,0,2,1,1,1,3,0,0,0,1,0,2,0,1,0.06956877479749954,True
2,0,0,0,3,1,0,1,0,2,1,0,0,0,0,4,0.8747274056031927,False
2,0,0,1,0,3,0,0,1,0,3,0,1,1,0,2,0.8386526380746187,False
2,1,0,1,0,2,1,1,0,2,0,0,2,1,1,0,0.03905814843227061,True
2,0,2,1,1,0,0,0,2,0,2,0,2,2,0,0,0.050185485118765034,True
2,0,1,0,1,2,0,0,4,0,0,1,0,1,2,0,0.3923448698452066,True
2,1,0,1,1,1,0,0,1,3,0,0,2,0,1,1,0.03912224289541975,True
2,0,0,0,0,4,1,0,1,2,0,1,0,2,1,0,0.0799746329402044,True
2,2,1,0,0,1,0,0,0,4,0,3,0,0,1,0,0.051202255027431046,True
2,0,2,0,1,1,1,3,0,0,0,0,1,2,1,0,0.05968693300853754,True
2,0,0,3,0,1,1,0,0,1,2,1,0,0,3,0,0.12332058816520804,True
2,1,0,0,1,2,3,0,0,1,0,3,0,1,0,0,0.9433601891602117,False
2,1,1,1,1,0,1,1,1,1,0,2,1,0,1,0,0.0769707699654051,True
2,0,1,0,3,0,2,1,1,0,0,0,2,1,0,1,0.05366717140157759,True
2,1,3,0,0,0,2,0,0,2,0,2,0,0,1,1,0.05793160080855591,True
2,1,0,0,2,1,1,2,0,1,0,0,1,1,0,2,0.031549706374762974,True
2,0,0,0,0,4,0,1,0,1,2,1,1,0,1,1,0.8570514941889262,False
2,3,0,0,0,1,0,1,1,2,0,1,1,0,2,0,0.05712114468004462,True
2,1,0,0,1,2,0,2,0,1,1,0,0,1,3,0,0.036822746291259,True
2,3,0,1,0,0,0,2,0,2,0,0,1,2,0,1,0.06602771344242665,True
2,4,0,0,0,0,0,0,3,1,0,0,1,0,2,1,0.8465652905410774,False
2,0,1,3,0,0,0,0,1,3,0,0,1,0,1,2,0.038542495331139556,True
2,0,2,0,0,2,0,1,0,3,0,0,0,0,0,4,-0.042092636448725976,True
2,1,0,1,0,2,0,0,2,2,0,0,0,1,2,1,0.071327829197845,True
2,1,1,1,0,1,0,0,0,1,3,0,0,2,2,0,0.3523448698452067,True
2,3,0,0,1,0,0,3,0,0,1,1,2,1,0,0,0.08434008047446749,True
2,0,3,1,0,0,2,1,0,1,0,0,1,1,1,1,0.05799416999397566,True
2,0,2,0,1,1,2,0,1,1,0,1,0,3,0,0,0.8540061268088402,False
2,0,0,0,3,1,3,1,0,0,0,0,1,1,2,0,0.06988643231353259,True
2,2,0,2,0,0,1,2,0,0,1,3,0,0,1,0,0.9718852073341131,False
2,0,0,2,2,0,2,0,1,0,1,0,1,2,0,1,0.16136228911061307,True
2,0,1,2,1,0,1,0,3,0,0,2,1,0,0,1,0.19658337182955188,True
2,2,0,1,1,0,1,0,1,2,0,0,3,1,0,0,0.07811697379948898,True
2,1,1,0,1,1,0,4,0,0,0,2,1,0,0,1,0.04198664803549836,True
2,0,1,0,2,1,1,1,1,0,1,0,1,1,0,2,0.9192825545174506,False
2,0,0,0,4,0,1,0,1,2,0,0,1,0,3,0,0.060000000000000005,True
2,0,0,2,2,0,3,0,0,0,1,2,0,1,0,1,0.6084658076495366,False
2,1,1,1,0,1,0,2,2,0,0,0,0,3,1,0,0.1026495988565338,True
2,1,1,2,0,0,0,0,1,1,2,0,1,2,1,0,0.10647277238120047,True
2,2,0,0,1,1,0,1,0,0,3,2,0,2,0,0,0.9194666929228221,False
2,0,1,2,0,1,0,0,1,3,0,2,0,1,0,1,0.0559278240734585,True
2,0,2,0,2,0,0,2,0,0,2,2,0,0,1,1,0.018711454677362748,True
2,0,2,0,2,0,0,1,2,1,0,0,0,0,3,1,0.04967615691358027,True
2,1,0,1,2,0,0,1,2,1,0,0,1,2,0,1,0.06231641811097015,True
2,0,1,1,0,2,0,2,0,2,0,1,2,0,1,0,0.03222697475392177,True
2,0,1,1,2,0,0,0,3,0,1,1,3,0,0,0,0.060778657334954786,True
2,1,0,1,2,0,0,0,2,0,2,1,0,0,3,0,0.04326272953053565,True
2,0,2,2,0,0,0,1,0,3,0,0,2,2,0,0,0.06936871840933599,True
2,0,1,1,2,0,1,0,1,2,0,1,1,0,1,1,0.0508896329461517,True
2,0,3,0,0,1,4,0,0,0,0,0,2,0,1,1,0.9511924886948687,False
2,1,0,1,1,1,1,0,1,0,2,0,4,0,0,0,0.061983987396611144,True
2,1,2,1,0,0,0,1,0,0,3,2,1,0,1,0,0.03907064545155683,True
2,2,0,1,1,0,2,1,1,0,0,0,2,1,0,1,0.12426857816175951,True
2,0,1,1,1,1,1,1,2,0,0,1,0,0,2,1,0.18293101931920186,True
2,0,3,0,0,1,0,0,0,2,2,1,0,2,0,1,0.9192825545174504,False
2,0,3,1,0,0,0,3,0,1,0,2,1,1,0,0,0.07049823026871527,True
2,0,0,4,0,0,0,1,2,1,0,2,0,0,2,0,0.10769508483620992,True
2,2,0,0,1,1,0,0,0,0,4,0,1,2,1,0,0.8797032551489254,False
2,0,1,2,0,1,2,0,0,1,1,0,0,1,3,0,0.08699089775824184,True
2,0,1,1,1,1,0,0,1,2,1,1,0,2,0,1,0.9386135072383672,False
2,0,3,0,0,1,2,0,1,1,0,3,0,1,0,0,0.8539350691965581,False
2,2,1,1,0,0,0,0,4,0,0,0,2,0,2,0,0.10187476314281721,True
2,2,1,0,1,0,1,0,1,2,0,0,1,0,2,1,0.055861813913718465,True
2,3,0,0,1,0,0,3,0,0,1,0,1,0,1,2,0.085737152772771,True
2,0,1,1,0,2,0,0,0,3,1,0,0,3,0,1,0.9187347498844101,False
2,0,1,0,2,1,1,1,0,1,1,1,1,2,0,0,0.24079819083017912,True
2,0,0,1,1,2,0,1,3,0,0,0,1,2,0,1,0.9269636102370769,False
2,0,0,0,4,0,0,0,1,0,3,0,3,1,0,0,0.010901854588659846,True
2,2,1,0,1,0,2,0,1,1,0,3,0,0,1,0,0.09592476557341177,True
2,2,2,0,0,0,2,2,0,0,0,2,0,0,1,1,0.06837278510484161,True
2,1,0,3,0,0,0,2,0,1,1,1,1,0,2,0,0.09326131456653103,True
2,3,0,0,0,1,1,1,0,0,2,0,1,2,1,0,0.9198932248311151,False
2,0,2,2,0,0,3,1,0,0,0,1,1,2,0,0,0.10391350788405727,True
2,0,0,1,2,1,0,0,1,0,3,0,2,0,0,2,0.8793350725054176,False
2,0,0,0,2,2,1,0,0,0,3,1,0,0,3,0,0.02699089775599197,True
2,0,2,2,0,0,1,1,1,1,0,0,0,2,1,1,0.06899819532430074,True
2,1,0,1,2,0,0,0,4,0,0,2,0,1,0,1,0.6284658076495366,False
2,0,0,1,3,0,1,0,3,0,0,0,1,1,1,1,0.0683268488754392,True
2,0,2,0,1,1,0,0,2,2,0,0,0,0,2,2,0.030015678249887642,True
2,0,1,1,0,2,0,1,1,2,0,1,0,3,0,0,0.06241588953244319,True
2,0,0,0,3,1,0,0,2,2,0,1,0,0,3,0,0.052122797361446205,True
2,0,2,0,0,2,2,1,0,0,1,1,0,0,0,3,0.8783148529004607,False
2,3,0,0,0,1,0,1,3,0,0,0,0,1,2,1,0.943471551063705,False
2,0,2,0,0,2,0,0,0,0,4,1,2,1,0,0,0.3295402362070858,True
2,2,0,2,0,0,0,0,2,1,1,0,2,0,1,1,0.9585375411616474,False
2,2,1,1,0,0,0,0,2,2,0,0,0,4,0,0,0.12760056426778127,True
2,0,1,0,3,0,1,1,2,0,0,0,0,1,1,2,0.03536568351561808,True
2,0,1,1,0,2,0,1,1,0,2,0,0,4,0,0,0.9171853219210373,False
2,0,2,0,1,1,0,1,1,1,1,0,1,0,0,3,0.8953582783569608,False
2,2,0,1,0,1,1,2,0,1,0,2,0,1,1,0,0.0805252339036597,True
2,0,1,0,2,1,0,0,1,1,2,0,0,4,0,0,0.9384607553129247,False
2,0,0,2,2,0,0,0,4,0,0,0,0,4,0,0,0.6484658076495367,False
2,1,1,1,0,1,1,2,0,0,1,0,0,3,1,0,0.9500250664041329,False
2,0,1,0,1,2,0,1,2,1,0,0,0,1,0,3,0.038320272824284074,True
2,0,1,0,0,3,0,0,0,4,0,2,0,0,2,0,0.007186906168082439,True
2,0,1,0,2,1,1,0,2,1,0,3,0,1,0,0,0.8539883770617616,False
2,2,0,0,1,1,0,3,0,0,1,0,2,0,0,2,0.911923930387218,False
2,0,2,0,2,0,0,0,0,4,0,1,0,0,2,1,0.04305555555555559,True
2,0,1,3,0,0,2,0,0,0,2,1,1,1,0,1,0.9302615757346128,False
2,1,0,2,1,0,0,2,0,1,1,3,1,0,0,0,0.11744552017606386,True
2,0,0,0,1,3,0,1,2,0,1,2,0,1,0,1,0.898666679421112,False
2,1,0,0,3,0,3,0,0,1,0,0,0,3,1,0,0.07430488028326096,True
2,0,1,1,0,2,1,0,0,1,2,0,1,2,0,1,0.899357882066394,False
2,0,0,3,0,1,0,0,2,2,0,1,0,0,1,2,0.14020782803374948,True
2,0,0,0,2,2,1,1,2,0,0,3,0,1,0,0,0.9373195810193037,False
2,0,1,0,2,1,1,0,2,1,0,0,0,0,1,3,0.12670091511026807,True
2,1,0,1,2,0,0,1,0,2,1,0,1,1,0,2,0.0371910401884292,True
2,1,0,0,1,2,1,1,1,0,1,0,1,0,1,2,0.8980760920137175,False
2,0,0,0,2,2,0,1,3,0,0,1,1,0,1,1,0.16352624561056475,True
2,1,0,3,0,0,1,1,1,0,1,0,0,1,3,0,0.16332058816520797,True
2,0,0,0,0,4,0,2,0,2,0,1,0,3,0,0,0.012189117648897022,True
2,0,1,0,1,2,2,1,1,0,0,0,0,0,2,2,0.13745231568591162,True
2,0,0,3,0,1,0,2,1,1,0,2,0,1,0,1,0.09384548872359903,True
2,0,1,0,0,3,0,1,0,3,0,1,0,0,0,3,-0.03840519826840894,True
2,0,1,3,0,0,1,3,0,0,0,1,1,0,0,2,0.050070735533598254,True
2,1,0,1,2,0,4,0,0,0,0,1,1,0,1,1,0.11217550737042932,True
2,1,1,1,1,0,1,0,1,0,2,0,1,0,1,2,0.06364671968070552,True
2,0,2,0,2,0,0,0,0,3,1,0,3,1,0,0,0.05322061605214746,True
2,0,0,2,0,2,0,1,1,0,2,0,0,0,3,1,0.8974647154845097,False
2,0,1,0,3,0,2,1,0,0,1,0,0,1,1,2,0.018053585961674633,True
2,1,3,0,0,0,0,1,0,0,3,1,1,0,1,1,0.012056111841043415,True
2,0,1,1,1,1,2,1,0,0,1,0,2,1,1,0,0.07721789983691091,True
2,2,1,1,0,0,1,0,0,0,3,0,0,1,2,1,0.8985171934989495,False
2,0,1,1,2,0,0,0,1,2,1,2,0,0,1,1,0.04695139652056641,True
2,0,0,2,1,1,2,0,0,0,2,1,3,0,0,0,0.13947357767197813,True
2,0,0,0,2,2,1,2,0,1,0,0,2,1,1,0,0.036457893362038474,True
2,0,1,0,1,2,0,1,0,1,2,1,0,0,1,2,0.8774320494720436,False
2,3,0,1,0,0,0,0,3,1,0,1,0,2,1,0,0.919291457354175,False
2,1,0,1,1,1,0,3,1,0,0,0,1,1,1,1,0.05379423408884179,True
2,0,0,0,0,4,0,2,1,0,1,1,0,0,1,2,0.8594072460978289,False
2,0,0,0,4,0,0,3,0,0,1,0,0,1,2,1,0.029624341526168017,True
2,0,1,0,0,3,0,0,0,2,2,1,1,0,1,1,0.8773618154487799,False
2,1,2,0,0,1,2,1,1,0,0,2,0,0,2,0,0.09480545044381453,True
2,1,1,0,2,0,1,3,0,0,0,1,0,1,0,2,0.035030097187167326,True
2,0,0,1,3,0,1,1,0,2,0,2,0,0,1,1,0.0470041159073441,True
2,1,0,3,0,0,1,1,0,2,0,1,0,0,1,2,0.06417404659355191,True
2,1,3,0,0,0,0,1,2,0,1,0,3,0,0,1,0.04957066873374129,True
2,0,3,0,1,0,2,1,0,0,1,0,0,3,1,0,0.060573201009030575,True
2,0,1,0,2,1,0,3,0,1,0,2,0,1,1,0,0.05632080639338715,True
2,2,0,0,0,2,0,0,0,0,4,0,0,4,0,0,0.877777777777777,False
2,0,0,1,0,3,0,0,1,2,1,0,1,0,0,3,0.8592227804836706,False
2,3,0,0,0,1,0,1,0,0,3,0,0,0,4,0,0.028894053990902634,True
2,0,2,0,1,1,0,0,0,3,1,1,2,0,1,0,0.05282629790454589,True
2,0,2,1,1,0,0,0,3,0,1,2,0,0,2,0,0.06619581722830152,True
2,1,2,0,0,1,1,0,0,0,3,0,0,2,2,0,0.3523448698452067,True
2,2,1,0,1,0,0,1,1,1,1,1,3,0,0,0,0.06427947571533918,True
2,3,0,0,1,0,0,0,1,0,3,4,0,0,0,0,0.9270865615323216,False
2,0,0,0,1,3,3,0,0,1,0,0,0,3,0,1,0.9037322408027011,False
2,1,1,0,1,1,2,0,0,2,0,0,0,3,1,0,0.07466439809526564,True
2,0,1,0,3,0,0,0,0,3,1,0,0,3,1,0,0.051183164820019465,True
2,1,0,2,1,0,0,0,1,2,1,2,0,1,1,0,0.1534478284290467,True
2,0,0,2,1,1,0,2,0,0,2,3,0,0,0,1,0.9193578820663945,False
2,0,0,1,0,3,1,2,0,1,0,2,0,0,2,0,0.026195817228301586,True
2,0,0,3,1,0,0,3,0,0,1,0,0,1,1,2,0.14670091522508452,True
2,2,0,1,1,0,0,2,1,1,0,1,0,2,0,1,0.07218911764889692,True
2,0,0,2,1,1,0,0,1,1,2,1,0,0,1,2,0.89821553095459,False
2,1,1,0,1,1,3,0,1,0,0,1,0,0,0,3,0.919592754327563,False
2,2,1,0,1,0,1,0,0,3,0,0,2,0,0,2,0.031078098734751244,True
2,1,2,0,0,1,0,1,2,0,1,0,0,4,0,0,0.9575536577043579,False
2,0,2,0,0,2,0,0,0,3,1,0,0,0,2,2,0.8901410614896205,False
2,2,0,0,0,2,0,1,2,1,0,1,0,3,0,0,0.6180921962840797,False
2,3,1,0,0,0,3,0,1,0,0,1,1,0,0,2,0.9468175161201391,False
2,2,0,0,2,0,1,3,0,0,0,1,3,0,0,0,0.0714859314203057,True
2,0,3,0,1,0,2,1,1,0,0,0,0,0,3,1,0.05616010025469616,True
2,0,2,0,1,1,0,1,0,0,3,0,0,0,0,4,0.838142544475495,False
2,1,0,2,0,1,0,2,0,0,2,0,2,0,0,2,0.8999944456134444,False
2,1,2,0,0,1,0,1,1,1,1,2,0,0,1,1,0.937782281698532,False
2,0,3,0,1,0,2,0,0,0,2,1,1,2,0,0,0.046117739241702094,True
2,2,0,0,0,2,0,1,1,0,2,0,0,2,1,1,0.8987017276186091,False
2,1,1,0,0,2,0,0,1,3,0,3,0,1,0,0,0.05592782407345849,True
2,0,2,2,0,0,0,1,0,2,1,2,0,2,0,0,0.10109664922439425,True
2,0,0,0,2,2,0,0,0,4,0,0,0,1,2,1,0.01043425110094696,True
2,0,4,0,0,0,1,2,0,0,1,1,2,1,0,0,0.05649775764542666,True
2,1,3,0,0,0,0,0,3,0,1,1,0,1,0,2,0.07515200530695117,True
2,1,0,2,0,1,0,0,0,3,1,0,0,1,3,0,0.06720126777068948,True
2,0,0,4,0,0,0,0,1,1,2,2,0,0,2,0,0.9320584517028017,False
2,2,1,0,1,0,2,0,1,1,0,0,1,0,0,3,0.044583447526068354,True
2,0,3,0,1,0,0,0,0,4,0,0,0,0,2,2,0.02510034601658958,True
2,0,3,1,0,0,0,2,2,0,0,4,0,0,0,0,0.08343494325570157,True
2,0,0,1,3,0,0,4,0,0,0,0,0,0,0,4,-0.009859324764248296,True
2,1,0,1,1,1,0,3,0,0,1,0,0,1,3,0,0.05682274629163727,True
2,1,0,1,1,1,0,1,2,0,1,0,0,1,0,3,0.8977973647652109,False
2,0,3,0,1,0,2,2,0,0,0,0,0,0,4,0,0.06724375,True
2,1,0,0,3,0,2,1,1,0,0,1,1,2,0,0,0.08059551394942113,True
2,3,0,1,0,0,2,1,1,0,0,0,2,1,0,1,0.9635516979029133,False
2,0,0,1,3,0,0,2,0,0,2,2,0,1,1,0,0.037251259327889356,True
2,2,0,0,1,1,0,1,0,0,3,1,2,1,0,0,0.36954023620708576,True
2,1,1,1,0,1,1,0,0,2,1,0,0,3,1,0,0.9484495520295856,False
2,1,2,0,1,0,1,1,1,0,1,0,0,3,0,1,0.06780523958018997,True
2,0,1,1,0,2,0,2,0,2,0,2,1,0,1,0,0.034647271828566424,True
2,1,0,0,1,2,0,0,1,1,2,2,1,0,1,0,0.370157772313126,True
2,2,1,0,0,1,0,4,0,0,0,0,3,0,0,1,0.04025870014388734,True
2,0,2,1,1,0,0,1,2,0,1,1,0,1,2,0,0.06120518627642781,True
2,2,0,0,0,2,0,1,2,1,0,0,2,0,1,1,0.05894211832637529,True
2,3,0,0,0,1,1,0,0,2,1,0,0,4,0,0,0.9585598331575425,False
2,2,0,0,2,0,0,0,0,1,3,0,0,1,3,0,0.017243884790755108,True
2,0,3,1,0,0,0,1,1,2,0,2,0,0,0,2,0.035030097187167326,True
2,0,1,0,2,1,0,0,0,3,1,0,2,0,2,0,0.04485623349898833,True
2,2,0,1,1,0,0,0,1,1,2,3,0,0,0,1,0.9237322408027012,False
2,2,0,1,0,1,4,0,0,0,0,0,1,1,2,0,0.6352626664205562,False
2,0,0,3,1,0,0,0,2,2,0,1,2,0,1,0,0.07607011537858178,True
2,0,0,1,2,1,0,1,1,1,1,0,0,0,3,1,0.9297375575365108,False
2,0,3,1,0,0,0,0,3,0,1,4,0,0,0,0,0.11547901125408867,True
2,0,0,2,1,1,0,2,2,0,0,1,1,0,2,0,0.06742675903063546,True
2,3,0,0,0,1,2,2,0,0,0,2,0,0,2,0,0.09298310420989983,True
2,0,1,0,3,0,0,0,4,0,0,0,0,2,1,1,0.062052283062933755,True
2,2,0,0,1,1,0,0,0,2,2,3,1,0,0,0,0.9369198137667902,False
2,2,2,0,0,0,1,0,0,2,1,3,0,0,0,1,0.09751896673709529,True
2,0,0,0,3,1,0,0,2,0,2,4,0,0,0,0,0.9388528576418905,False
2,1,2,0,0,1,0,3,1,0,0,1,0,0,3,0,0.05577316870601786,True
2,3,1,0,0,0,0,1,0,2,1,0,1,1,1,1,0.1134859980038473,True
2,0,1,0,0,3,2,0,0,2,0,1,1,0,0,2,0.029332135892752853,True
2,3,0,0,1,0,3,0,0,0,1,0,2,1,1,0,0.10983904327308922,True
2,2,0,0,1,1,2,2,0,0,0,1,1,0,2,0,0.06742675903063546,True
2,2,0,0,1,1,0,0,0,1,3,4,0,0,0,0,0.9193258392839367,False
2,0,1,2,0,1,0,0,1,2,1,0,0,0,3,1,0.9349011331464863,False
2,0,3,1,0,0,4,0,0,0,0,0,0,1,0,3,0.0731277855576629,True
2,1,2,1,0,0,2,0,2,0,0,1,0,1,1,1,0.2000375354213413,True
2,2,0,2,0,0,0,0,2,2,0,0,1,2,1,0,0.10569522546426137,True
2,0,1,3,0,0,1,1,1,0,1,0,0,2,1,1,0.9468676775105527,False
2,1,0,0,3,0,1,2,0,0,1,0,0,2,2,0,0.051529294509374234,True
2,0,0,2,1,1,0,1,1,1,1,3,0,0,0,1,0.9386580861083748,False
2,2,1,1,0,0,0,4,0,0,0,0,1,1,2,0,0.07219593204309918,True
2,1,3,0,0,0,2,2,0,0,0,0,1,1,0,2,0.0398645289159805,True
2,2,0,1,1,0,1,1,2,0,0,2,1,0,0,1,0.19655183106478516,True
2,0,0,1,1,2,0,4,0,0,0,0,0,1,0,3,-0.011271885081399919,True
2,1,1,0,0,2,0,2,1,1,0,0,1,0,0,3,-0.0018777134704323348,True
2,0,3,1,0,0,0,0,2,2,0,1,3,0,0,0,0.0714859314203057,True
2,0,0,4,0,0,1,1,0,0,2,1,3,0,0,0,0.16355061408878124,True
2,0,0,1,0,3,2,1,1,0,0,0,3,0,0,1,0.7983438744581178,False
2,0,1,2,0,1,2,1,0,1,0,1,0,0,1,2,0.07998830647740057,True
2,0,2,1,0,1,1,0,2,0,1,1,1,1,0,1,0.9385823626415322,False
2,1,1,0,0,2,0,0,3,1,0,2,0,1,0,1,0.9273648990716638,False
2,1,1,2,0,0,0,1,2,1,0,1,0,0,2,1,0.07857372419718116,True
2,0,0,1,0,3,1,2,1,0,0,1,0,0,1,2,0.11684716380104902,True
2,1,1,1,0,1,1,1,1,1,0,4,0,0,0,0,0.178460711473414,True
2,0,3,0,0,1,0,3,1,0,0,1,3,0,0,0,0.05739676322239431,True
2,0,0,0,3,1,0,4,0,0,0,2,0,0,2,0,0.05519048448728095,True
2,3,0,0,0,1,1,0,1,0,2,0,1,1,0,2,0.8994818588106429,False
2,0,0,1,3,0,2,0,0,1,1,0,0,0,1,3,0.007305824569227942,True
2,0,1,1,0,2,1,0,2,1,0,0,0,3,1,0,0.4046438743098298,True
2,1,1,1,1,0,0,1,0,3,0,0,1,1,1,1,0.04864046260334334,True
2,1,1,0,0,2,0,3,0,0,1,1,2,0,1,0,0.04502007804820786,True
2,1,0,0,0,3,4,0,0,0,0,4,0,0,0,0,0.9400154052550147,False
2,0,1,0,1,2,0,0,0,0,4,2,2,0,0,0,0.32474336235008966,True
2,0,2,1,0,1,0,4,0,0,0,3,1,0,0,0,0.05987642577110613,True
2,1,2,0,0,1,3,1,0,0,0,2,2,0,0,0,0.09682342034016844,True
2,0,2,1,1,0,0,0,1,0,3,2,0,0,0,2,0.03382539812293543,True
2,0,1,0,2,1,0,3,1,0,0,1,1,2,0,0,0.0656740577470082,True
2,2,1,0,0,1,0,1,1,0,2,3,0,1,0,0,0.9395230089114067,False
2,2,0,0,1,1,0,0,1,3,0,1,3,0,0,0,0.05526290001422728,True
2,0,0,0,2,2,0,0,1,3,0,0,0,2,2,0,0.031529294509250315,True
2,1,0,0,3,0,0,0,2,0,2,0,2,0,2,0,0.031077901886828314,True
2,0,0,4,0,0,0,3,0,0,1,1,1,0,0,2,0.9386873115715745,False
2,0,1,1,1,1,0,2,0,1,1,1,2,0,1,0,0.05814929062259727,True
2,0,0,3,1,0,0,2,1,1,0,0,2,0,2,0,0.07043362298741696,True
2,2,0,2,0,0,1,2,0,1,0,0,0,0,0,4,0.053825398122935394,True
2,1,0,2,1,0,0,1,2,1,0,0,3,0,0,1,0.068287616405041,True
2,0,0,1,0,3,0,3,0,1,0,1,0,1,2,0,0.0177551679883691,True
2,3,0,0,0,1,0,0,3,0,1,1,2,0,0,1,0.9390423712936569,False
2,1,0,2,0,1,0,0,0,2,2,0,1,1,2,0,0.07472264300015964,True
2,1,1,0,1,1,1,0,0,0,3,1,0,0,3,0,0.046990897758241904,True
2,2,1,1,0,0,0,1,0,3,0,0,3,1,0,0,0.07014067523575157,True
2,0,1,0,0,3,0,0,3,0,1,1,3,0,0,0,0.1215584587569489,True
2,1,0,1,1,1,0,0,0,4,0,0,1,3,0,0,0.05366348012590065,True
2,1,0,0,2,1,1,0,0,0,3,0,0,0,3,1,0.893485495926234,False
2,1,2,1,0,0,1,2,0,0,1,0,0,1,3,0,0.06141252383644148,True
2,2,0,2,0,0,2,1,0,0,1,0,0,1,3,0,0.16332058816520797,True
2,3,0,0,1,0,0,1,0,1,2,0,3,1,0,0,0.05735322732711238,True
2,3,1,0,0,0,4,0,0,0,0,0,0,1,0,3,0.9291809881207685,False
2,4,0,0,0,0,4,0,0,0,0,0,0,0,0,4,0.9200154052550146,False
2,1,2,0,0,1,2,0,1,1,0,0,1,0,3,0,0.060253912052042856,True
2,0,0,3,0,1,0,4,0,0,0,0,0,2,1,1,0.05072450278553923,True
2,2,0,0,1,1,0,4,0,0,0,1,2,0,1,0,0.05476191092974664,True
2,3,0,0,1,0,0,0,3,1,0,0,2,1,0,1,0.1130065974569768,True
2,1,0,1,2,0,0,1,2,1,0,1,1,2,0,0,0.08059551394942113,True
2,1,1,1,0,1,0,3,1,0,0,4,0,0,0,0,0.08840505364184328,True
2,1,3,0,0,0,3,1,0,0,0,0,3,0,0,1,0.06209234712239626,True
2,1,1,2,0,0,2,0,0,1,1,1,0,1,0,2,0.9292023131190509,False
2,2,2,0,0,0,1,1,1,0,1,1,0,1,0,2,0.13877850870665487,True
2,0,0,2,2,0,1,0,1,2,0,1,0,2,1,0,0.07430488028326096,True
2,0,3,1,0,0,1,0,1,1,1,0,0,1,1,2,0.03960881550539434,True
2,0,0,4,0,0,0,1,0,0,3,0,1,0,2,1,0.9181198320726631,False
2,0,1,2,1,0,0,0,1,2,1,2,1,0,0,1,0.07699436392920801,True
2,1,1,0,1,1,0,3,0,0,1,1,1,1,0,1,0.9342725924208314,False
2,0,0,1,0,3,1,0,3,0,0,0,0,4,0,0,0.9323156814219645,False
2,0,0,2,0,2,2,0,2,0,0,0,0,2,1,1,0.9357814444715354,False
2,1,3,0,0,0,0,0,1,2,1,0,2,1,1,0,0.0579474289238605,True
2,3,1,0,0,0,1,1,2,0,0,0,2,0,1,1,0.10143031982597815,True
2,1,2,1,0,0,1,0,1,1,1,0,3,0,0,1,0.06849659815606134,True
2,1,2,0,1,0,0,1,0,1,2,0,0,3,0,1,0.037360901548441176,True
2,3,0,0,0,1,0,3,1,0,0,1,0,1,2,0,0.0692920973308904,True
2,1,1,0,2,0,0,0,1,2,1,1,1,1,0,1,0.04726994245343155,True
2,2,1,0,1,0,0,0,0,0,4,0,0,1,1,2,0.09572889750783606,True
2,0,0,0,3,1,1,0,0,3,0,0,1,0,2,1,0.03455786134088395,True
2,1,0,0,3,0,3,0,1,0,0,0,3,0,1,0,0.07288982329508562,True
2,0,1,2,0,1,0,0,1,1,2,1,0,0,2,1,0.9179482861663989,False
2,1,1,1,0,1,1,1,1,0,1,1,0,0,0,3,0.8992962702181623,False
2,2,0,0,0,2,2,0,0,0,2,2,1,1,0,0,0.9143564568384622,False
2,1,2,0,1,0,0,0,1,1,2,1,0,1,2,0,0.041205186267110436,True
2,2,0,0,0,2,0,3,1,0,0,0,1,1,1,1,0.039683285431010344,True
2,0,0,0,1,3,1,0,1,0,2,1,0,1,1,1,0.8787463885751781,False
2,1,3,0,0,0,1,1,0,1,1,2,1,0,1,0,0.06169569341197852,True
2,2,0,0,1,1,1,0,2,1,0,3,1,0,0,0,0.44529800657868956,True
2,0,0,0,3,1,2,0,0,2,0,1,0,1,0,2,0.047201267770689545,True
2,1,0,1,1,1,0,2,1,0,1,0,1,3,0,0,0.9540588027480856,False
2,2,2,0,0,0,0,0,0,3,1,1,3,0,0,0,0.06199313342436172,True
2,0,1,0,1,2,0,3,0,0,1,1,1,0,2,0,0.034923126388573464,True
2,0,3,1,0,0,1,2,0,0,1,1,1,1,0,1,0.05299173088613061,True
2,0,1,0,1,2,0,1,2,1,0,1,2,1,0,0,0.051728694881027965,True
2,1,0,2,1,0,1,0,0,2,1,0,0,1,1,2,0.8106046209076289,False
2,0,0,3,1,0,1,1,2,0,0,1,0,2,0,1,0.6381140770777651,False
2,1,0,3,0,0,0,2,1,1,0,0,0,1,1,2,0.06975403388380373,True
2,0,0,0,1,3,1,3,0,0,0,0,1,1,1,1,0.012500062661273601,True
2,0,1,2,1,0,0,1,0,0,3,0,1,2,0,1,0.06063100002051169,True
2,0,1,1,0,2,1,0,0,2,1,0,1,2,1,0,0.1330507430683553,True
2,2,0,0,2,0,1,3,0,0,0,2,1,0,0,1,0.058085923361899605,True
2,2,0,2,0,0,1,0,1,0,2,1,2,0,0,1,0.9390423712936569,False
2,0,1,0,2,1,1,0,1,1,1,0,0,1,3,0,0.05682274629115941,True
2,1,1,1,1,0,0,0,0,3,1,0,0,3,1,0,0.07315803724979025,True
2,0,0,2,1,1,0,1,2,0,1,1,0,0,0,3,0.8976914614850449,False
2,0,0,3,0,1,0,0,2,2,0,1,1,0,2,0,0.06656966703413081,True
2,2,2,0,0,0,0,3,0,1,0,3,1,0,0,0,0.07365620967471886,True
2,3,0,0,1,0,1,1,1,1,0,0,0,1,2,1,0.07356485939894909,True
2,0,0,0,0,4,3,1,0,0,0,0,0,0,1,3,0.84617219579559,False
2,0,0,3,1,0,2,0,2,0,0,3,0,0,1,0,0.919291457354175,False
2,1,1,2,0,0,2,1,0,0,1,2,1,1,0,0,0.4495966864428412,True
2,0,1,0,1,2,0,2,0,0,2,0,0,2,1,1,0.8985351609386752,False
2,0,1,2,0,1,1,1,0,0,2,2,0,0,1,1,0.9191287794507687,False
2,0,0,0,1,3,0,4,0,0,0,2,0,0,2,0,0.017328244763267324,True
2,0,1,0,2,1,1,2,0,1,0,0,3,1,0,0,0.05619660135945061,True
2,0,1,1,2,0,1,3,0,0,0,0,0,2,0,2,0.035030097187167326,True
2,0,1,0,3,0,0,0,4,0,0,0,1,1,2,0,0.07006205976801534,True
2,0,0,1,1,2,0,2,0,1,1,3,0,1,0,0,0.9393092064391148,False
2,0,3,0,1,0,0,2,1,1,0,2,1,0,0,1,0.05068794659737707,True
2,1,0,2,1,0,0,2,1,1,0,2,0,0,0,2,0.05218911764889696,True
2,1,0,3,0,0,1,1,1,1,0,3,1,0,0,0,0.17512679151922747,True
2,0,0,1,1,2,2,0,1,1,0,1,0,3,0,0,0.9441828170167533,False
2,0,1,1,2,0,1,1,0,2,0,0,3,1,0,0,0.06678888888888888,True
2,3,0,0,0,1,0,1,2,0,1,1,0,1,0,2,0.9183236709339611,False
2,0,1,0,1,2,0,1,0,0,3,0,2,1,1,0,0.01676475068032519,True
2,2,2,0,0,0,1,0,1,2,0,0,3,0,1,0,0.07155116548787346,True
2,1,1,0,1,1,0,4,0,0,0,0,0,1,1,2,0.022277852533179644,True
2,0,0,0,4,0,1,3,0,0,0,0,3,0,1,0,0.065775,True
2,1,0,1,0,2,1,1,0,2,0,1,0,0,1,2,0.02417404659355199,True
2,2,0,1,1,0,1,0,2,1,0,0,1,0,3,0,0.07701089975020046,True
2,0,2,0,0,2,0,0,2,0,2,0,0,4,0,0,0.9171853219210373,False
2,0,1,0,2,1,0,1,3,0,0,0,1,1,0,2,0.16727311555845661,True
2,2,0,0,2,0,1,0,0,1,2,3,1,0,0,0,0.0743161528387255,True
2,2,1,0,1,0,0,0,2,1,1,2,0,0,2,0,0.0730155454426732,True
2,2,0,0,1,1,1,1,2,0,0,0,2,0,1,1,0.18175374882958595,True
2,0,3,0,0,1,1,0,0,2,1,0,1,1,2,0,0.05492312638684813,True
2,2,1,0,1,0,0,1,1,2,0,0,0,0,3,1,0.05190625368774884,True
2,0,1,3,0,0,3,1,0,0,0,1,1,1,0,1,0.20026188431658157,True
2,0,1,1,2,0,0,0,2,0,2,2,0,2,0,0,0.08760056426778132,True
2,1,1,0,0,2,0,0,0,1,3,4,0,0,0,0,0.8994009401355326,False
2,0,0,1,2,1,0,0,1,3,0,1,1,1,1,0,0.05395531648965921,True
2,0,3,0,0,1,0,0,1,0,3,0,3,0,1,0,0.01717879850494837,True
2,1,0,2,0,1,0,1,3,0,0,0,0,0,4,0,0.07592476557341177,True
2,1,1,1,1,0,0,2,1,1,0,1,0,1,2,0,0.07136759283445235,True
2,4,0,0,0,0,2,2,0,0,0,0,1,0,3,0,0.08363034315581055,True
2,0,4,0,0,0,0,2,1,1,0,1,0,2,0,1,0.05249172362705855,True
2,0,2,1,1,0,1,0,1,0,2,0,0,0,1,3,0.009754033883803827,True
2,0,0,0,4,0,0,0,3,1,0,3,0,0,0,1,0.05130264845234296,True
2,0,0,1,3,0,1,1,2,0,0,2,0,0,1,1,0.062052283062933755,True
2,2,0,2,0,0,2,2,0,0,0,1,0,0,1,2,0.17684716380104892,True
2,3,0,0,0,1,0,0,1,3,0,1,3,0,0,0,0.058116973799489005,True
2,1,0,3,0,0,0,1,2,0,1,1,0,0,0,3,0.9159748396558807,False
2,0,3,0,1,0,0,3,0,1,0,1,1,0,1,1,0.05033157856823983,True
2,0,3,1,0,0,0,3,1,0,0,1,3,0,0,0,0.06995555555555555,True
2,0,0,1,1,2,3,1,0,0,0,0,2,0,1,1,0.15797798526059387,True
2,3,1,0,0,0,1,1,0,1,1,0,0,1,3,0,0.07245785191875352,True
2,2,0,2,0,0,0,2,0,2,0,2,0,0,2,0,0.07525329447918506,True
2,0,0,3,1,0,0,0,0,1,3,1,0,1,2,0,0.07168657426512914,True
2,0,2,2,0,0,0,1,0,0,3,0,1,0,3,0,0.019721257720496602,True
2,3,1,0,0,0,2,0,1,0,1,2,2,0,0,0,0.29113896761674596,False
2,3,0,0,0,1,0,3,0,1,0,3,1,0,0,0,0.06611255320575364,True
2,1,1,1,1,0,1,3,0,0,0,3,0,1,0,0,0.08294824713090455,True
2,3,0,0,0,1,0,1,1,0,2,0,0,1,2,1,0.9185020578992994,False
2,1,0,1,0,2,1,0,1,1,1,2,1,0,0,1,0.9193094563405404,False
2,0,1,0,2,1,2,1,0,0,1,0,0,3,1,0,0.9393741729566578,False
2,1,0,0,0,3,2,0,0,2,0,0,1,0,2,1,0.029148338638582096,True
2,0,3,0,1,0,1,1,1,0,1,0,2,1,1,0,0.053924361037288204,True
2,0,0,0,4,0,0,0,2,2,0,4,0,0,0,0,0.06520198039038468,True
2,1,1,1,0,1,0,3,0,1,0,0,1,2,0,1,0.044618060009363344,True
2,0,4,0,0,0,0,1,0,1,2,0,2,0,1,1,0.019336368558377125,True
2,0,2,1,0,1,2,0,0,2,0,0,1,1,1,1,0.057122536103349664,True
2,3,0,0,1,0,0,2,2,0,0,0,2,2,0,0,0.09018122531628081,True
2,0,0,3,1,0,0,1,1,0,2,0,0,4,0,0,0.9488208410632883,False
2,2,1,1,0,0,0,0,0,3,1,1,1,2,0,0,0.12262783065009711,True
2,0,1,1,1,1,0,2,0,1,1,0,1,2,0,1,0.9395037274962972,False
2,3,0,0,1,0,3,0,0,0,1,0,0,1,1,2,0.9229720879108039,False
2,0,2,0,2,0,0,1,1,2,0,0,1,0,3,0,0.06333055555555556,True
2,0,1,0,0,3,0,0,1,0,3,0,0,4,0,0,0.8776450670482798,False
2,0,0,0,1,3,0,1,2,1,0,0,2,1,1,0,0.02635953631654439,True
2,0,1,2,0,1,0,0,0,0,4,0,0,0,2,2,0.8584430920059775,False
2,0,0,1,3,0,3,0,0,1,0,1,1,1,1,0,0.07121306496037277,True
2,2,0,1,1,0,2,0,0,0,2,1,1,1,0,1,0.925677733480307,False
2,0,0,4,0,0,0,0,1,0,3,0,0,0,3,1,0.9166113056160413,False
2,3,0,0,0,1,2,1,0,0,1,1,1,1,1,0,0.9388502671811745,False
2,0,1,0,0,3,0,0,0,1,3,0,0,2,1,1,0.8589315208455713,False
2,1,0,0,2,1,0,1,3,0,0,1,1,0,2,0,0.07585771359755786,True
2,1,1,1,1,0,0,0,2,2,0,1,0,0,1,2,0.042052283062933786,True
2,0,0,1,2,1,0,2,2,0,0,1,0,0,2,1,0.06878471727518633,True
2,1,0,1,1,1,0,3,0,0,1,0,0,2,1,1,0.938934474597783,False
2,3,0,0,0,1,0,0,1,1,2,2,1,0,0,1,0.9196859018012155,False
2,1,0,0,0,3,1,2,1,0,0,0,1,0,2,1,0.040157156762899625,True
2,0,1,3,0,0,1,0,1,1,1,1,0,1,0,2,0.9326056817237792,False
2,1,2,0,1,0,1,0,1,1,1,0,0,3,0,1,0.06780523892514295,True
2,0,0,0,4,0,0,0,0,0,4,0,2,0,0,2,-0.04518175898541116,True
2,0,0,0,2,2,2,0,1,0,1,1,2,0,0,1,0.9184944149326382,False
2,0,1,2,1,0,0,0,0,0,4,1,1,0,2,0,0.010904144659839854,True
2,1,0,0,0,3,1,0,2,0,1,1,1,1,0,1,0.8986526380746189,False
2,2,0,0,1,1,0,0,2,0,2,1,0,2,0,1,0.917751343472606,False
2,0,0,0,2,2,0,0,1,0,3,2,0,0,0,2,0.8592678247850651,False
2,2,0,0,0,2,1,1,1,1,0,1,3,0,0,0,0.055560392439257096,True
2,0,4,0,0,0,0,0,2,2,0,0,0,2,0,2,0.035030097187167326,True
2,0,0,0,1,3,1,1,2,0,0,1,1,0,2,0,0.04615242279220761,True
2,1,0,0,3,0,0,0,2,2,0,0,0,2,2,0,0.06375569446253655,True
2,0,2,1,0,1,1,0,0,1,2,0,0,0,0,4,0.859697705356744,False
2,2,0,0,2,0,4,0,0,0,0,1,0,1,2,0,0.10131290343677331,True
2,0,0,3,0,1,1,2,0,0,1,0,4,0,0,0,0.06761986923984761,True
2,2,0,2,0,0,0,0,1,0,3,3,0,0,1,0,0.9332392663066683,False
2,0,0,0,1,3,1,1,0,2,0,0,1,3,0,0,0.029313395570643625,True
2,2,0,0,0,2,1,2,1,0,0,0,2,0,0,2,0.06404860802816387,True
2,1,0,0,2,1,0,1,0,3,0,1,1,1,0,1,0.03580759050017846,True
2,3,1,0,0,0,1,2,0,0,1,0,1,1,1,1,0.17647136490173423,True
2,1,1,1,1,0,2,0,1,0,1,0,0,0,1,3,0.13572889750783598,True
2,3,0,1,0,0,0,2,1,1,0,4,0,0,0,0,0.13382539812293526,True
2,2,0,0,0,2,3,0,0,1,0,0,1,0,0,3,0.8845466056814206,False
2,2,0,2,0,0,3,0,1,0,0,2,1,0,1,0,0.9805514922735217,False
2,0,0,2,0,2,1,1,0,1,1,0,0,0,3,1,0.9162864064976711,False
2,1,1,0,2,0,1,3,0,0,0,0,1,2,1,0,0.06980597510360506,True
2,1,1,0,1,1,2,0,1,0,1,0,0,2,0,2,0.9189079388484616,False
2,2,0,1,0,1,1,1,1,0,1,0,0,0,2,2,0.9184430920059781,False
2,0,2,2,0,0,0,1,0,1,2,0,0,0,2,2,0.02789087637905557,True
2,0,0,2,2,0,0,1,0,1,2,2,0,0,0,2,0.04699089775824189,True
2,1,1,0,0,2,2,0,1,0,1,3,0,0,1,0,0.9327900652339398,False
2,0,1,2,1,0,1,1,1,0,1,0,0,0,1,3,0.059988306477400596,True
2,1,0,0,3,0,0,0,2,1,1,0,0,0,0,4,-0.00407217592929956,True
2,1,1,0,2,0,0,1,0,2,1,0,0,2,0,2,0.02689615214760104,True
2,2,0,1,1,0,1,1,0,1,1,1,0,2,0,1,0.940398267165312,False
2,3,0,0,0,1,1,0,1,1,1,0,1,0,0,3,0.8996859018012155,False
2,2,0,1,0,1,2,1,0,1,0,2,0,1,0,1,0.6180702987578905,False
2,1,0,0,2,1,0,0,2,2,0,0,1,0,2,1,0.050309500806221624,True
2,2,1,0,1,0,1,0,0,2,1,1,1,1,1,0,0.06918962151736668,True
2,0,1,2,1,0,0,0,2,0,2,0,0,3,0,1,0.5981109522740533,False
2,4,0,0,0,0,0,1,0,3,0,1,0,0,0,3,0.028096135744838775,True
2,0,0,2,2,0,1,2,0,0,1,0,1,0,2,1,0.05030950080649737,True
2,2,0,0,0,2,0,4,0,0,0,0,1,2,0,1,0.029103973046385827,True
2,0,1,1,1,1,0,1,0,3,0,2,1,0,0,1,0.035807590500228755,True
2,1,0,2,0,1,3,0,0,0,1,0,0,2,0,2,0.9176040005118643,False
2,2,0,0,2,0,0,0,1,1,2,0,3,1,0,0,0.045263684473248605,True
2,1,1,0,1,1,0,4,0,0,0,0,1,0,1,2,0.02020046840876853,True
2,0,0,3,1,0,1,0,3,0,0,1,0,0,2,1,0.9590385774585487,False
2,1,1,0,2,0,2,1,0,1,0,0,0,1,0,3,0.018116973799489077,True
2,1,0,1,1,1,2,0,0,0,2,2,2,0,0,0,0.9200819215907922,False
2,0,1,0,1,2,0,0,0,0,4,0,1,0,3,0,-0.0208468984729179,True
2,0,1,0,1,2,1,1,0,1,1,2,1,1,0,0,0.9138131614058075,False
2,0,0,0,0,4,0,0,0,2,2,0,0,1,1,2,0.8383716228634979,False
2,0,0,1,3,0,1,2,0,0,1,0,2,1,0,1,0.039156992947182535,True
2,1,0,2,1,0,1,2,0,1,0,1,0,0,0,3,0.032189117648896995,True
2,0,0,1,1,2,2,0,1,0,1,0,1,1,2,0,0.13395091110770393,True
2,0,2,0,2,0,0,1,0,2,1,1,0,0,0,3,-0.0013133962508193302,True
2,2,0,2,0,0,0,1,2,0,1,2,2,0,0,0,0.9574035824827745,False
2,0,1,1,1,1,1,0,1,2,0,1,0,0,0,3,0.0469908977582419,True
2,0,0,0,0,4,0,0,1,2,1,0,0,2,2,0,0.3323448698452067,True
2,2,1,0,1,0,3,0,0,1,0,3,0,0,1,0,0.09592476557341177,True
2,0,1,2,1,0,0,1,1,1,1,0,3,1,0,0,0.06428974061626122,True
2,2,0,0,2,0,0,2,2,0,0,0,0,2,2,0,0.07525329447918506,True
2,0,1,0,2,1,1,2,1,0,0,0,0,2,0,2,0.059900707426742895,True
2,1,1,1,1,0,4,0,0,0,0,1,1,0,2,0,0.09090414465983973,True
2,0,0,0,0,4,2,1,0,0,1,0,0,1,3,0,0.0833205881652081,True
2,0,0,1,2,1,1,0,3,0,0,0,0,1,2,1,0.9572912216480842,False
2,0,0,2,2,0,0,0,4,0,0,1,1,0,2,0,0.08656966703413077,True
2,0,0,0,0,4,0,1,2,0,1,2,0,1,1,0,0.8932898619380596,False
2,0,0,3,1,0,0,0,2,2,0,1,0,1,1,1,0.07766806600277301,True
2,0,1,2,1,0,1,3,0,0,0,0,0,2,1,1,0.060030642187083566,True
2,0,0,1,0,3,1,1,0,1,1,0,2,1,1,0,0.05899384614712163,True
2,2,0,0,1,1,0,0,1,1,2,0,1,0,2,1,0.916239041790723,False
2,0,2,0,0,2,0,0,1,0,3,0,0,0,4,0,-0.005335601901239787,True
2,2,0,1,1,0,0,0,2,0,2,2,0,0,0,2,0.9073902972146773,False
2,1,0,1,1,1,0,0,0,1,3,0,0,0,0,4,0.8392678247850651,False
2,2,1,0,0,1,0,3,0,1,0,0,0,2,2,0,0.0553890527005891,True
2,2,2,0,0,0,1,0,1,0,2,1,0,1,2,0,0.07298310420989988,True
2,1,0,0,2,1,0,2,1,1,0,0,1,0,3,0,0.05128034033904943,True
2,3,0,0,1,0,2,0,1,1,0,1,2,0,1,0,0.08954037900022983,True
2,0,2,0,2,0,1,2,0,1,0,1,0,3,0,0,0.07014067523575157,True
2,0,1,0,1,2,0,3,0,1,0,1,0,0,0,3,-0.01572437474333848,True
2,2,0,2,0,0,0,0,4,0,0,1,2,0,1,0,0.6596297418944658,False
2,0,0,2,2,0,3,0,0,0,1,0,1,0,3,0,0.0570108997502005,True
2,2,0,2,0,0,0,2,0,0,2,1,0,1,0,2,0.9187636390973988,False
2,3,1,0,0,0,0,0,2,1,1,0,2,0,2,0,0.07182947592019842,True
2,0,0,2,0,2,0,0,0,4,0,0,3,1,0,0,0.030901854588659815,True
2,1,0,2,0,1,0,0,1,0,3,0,1,1,0,2,0.8777513434726057,False
2,1,1,0,0,2,1,2,0,0,1,0,2,1,0,1,0.9165770996457068,False
2,0,1,2,1,0,0,0,1,3,0,2,0,1,1,0,0.07010140587626941,True
2,1,0,0,2,1,0,2,0,2,0,1,1,0,1,1,0.036942270670328646,True
2,2,0,0,1,1,0,3,0,1,0,3,0,1,0,0,0.06840068860114401,True
2,0,2,2,0,0,1,0,2,1,0,0,1,1,0,2,0.07006978640101118,True
2,1,2,1,0,0,3,0,1,0,0,0,0,1,2,1,0.12633383345259505,True
2,1,2,0,0,1,0,4,0,0,0,4,0,0,0,0,0.06425389390277395,True
2,2,0,0,0,2,0,0,0,4,0,1,3,0,0,0,0.030901854588659815,True
2,2,0,0,2,0,0,1,3,0,0,0,2,1,0,1,0.07429470486254126,True
2,0,3,0,1,0,1,0,0,3,0,4,0,0,0,0,0.06845813223946548,True
2,2,2,0,0,0,0,1,3,0,0,1,0,0,3,0,0.08077865733495473,True
2,0,1,2,0,1,1,0,1,1,1,0,2,1,1,0,0.10008204349262242,True
2,1,1,1,0,1,1,0,0,3,0,1,2,0,0,1,0.04269168001992824,True
2,0,1,0,2,1,4,0,0,0,0,0,0,1,1,2,0.9381999020114481,False
2,1,0,2,0,1,1,0,2,0,1,0,0,1,1,2,0.9169250677876766,False
2,2,0,0,2,0,2,0,0,1,1,1,0,0,0,3,0.10332058816520794,True
2,0,0,1,1,2,1,1,2,0,0,1,1,0,1,1,0.8209357459989717,False
2,2,0,0,2,0,1,0,2,0,1,1,1,0,0,2,0.1413622891106131,True
2,0,0,2,1,1,1,1,0,1,1,1,1,2,0,0,0.9503635310477341,False
2,0,1,1,1,1,0,2,0,1,1,0,1,2,1,0,0.08134799794601431,True
2,0,0,0,1,3,0,0,0,4,0,4,0,0,0,0,0.017243884790755126,True
2,1,0,2,0,1,1,0,1,2,0,0,0,3,1,0,0.13997463294020432,True
2,0,0,1,0,3,2,1,1,0,0,1,0,1,0,2,0.8923778714777426,False
2,0,0,0,3,1,0,0,3,1,0,0,2,1,1,0,0.0684448998008357,True
2,0,0,3,0,1,0,0,2,1,1,0,0,3,0,1,0.9222949106726602,False
2,2,0,1,1,0,2,2,0,0,0,1,1,1,1,0,0.08832578390212857,True
2,0,0,3,0,1,0,0,0,2,2,0,1,0,3,0,0.039153101525912795,True
2,1,0,2,0,1,1,0,0,2,1,2,0,0,1,1,0.9384390745214846,False
2,1,1,1,1,0,0,0,1,1,2,0,1,2,0,1,0.08063100002014825,True
2,0,1,1,2,0,0,0,0,3,1,1,2,0,0,1,0.040736382325338646,True
2,1,1,0,2,0,0,2,1,1,0,1,0,1,1,1,0.05168373089815092,True
2,0,4,0,0,0,0,0,2,1,1,0,1,2,0,1,0.046154217165683235,True
2,0,0,0,0,4,0,0,2,1,1,0,1,0,2,1,0.8779211066746814,False
2,0,1,2,1,0,2,0,0,1,1,1,0,1,1,1,0.09998830647581364,True
2,1,1,0,0,2,0,0,1,2,1,0,0,0,1,3,0.8783040588964844,False
2,0,1,1,1,1,1,2,1,0,0,0,0,1,1,2,0.060484750852947966,True
2,0,0,2,1,1,1,0,1,1,1,0,0,4,0,0,0.9551624462722772,False
2,1,0,2,1,0,0,2,0,2,0,0,1,2,1,0,0.07068699837028763,True
2,1,0,3,0,0,0,3,1,0,0,2,0,0,1,1,0.09196376351140229,True
2,1,0,2,1,0,0,0,0,4,0,2,0,0,1,1,0.04912495421492957,True
2,1,0,0,1,2,0,0,1,0,3,2,1,1,0,0,0.8950179426635745,False
2,0,0,3,0,1,2,0,0,1,1,0,1,3,0,0,0.9596663387532478,False
2,0,1,0,1,2,2,0,1,1,0,0,0,1,1,2,0.790604620907629,False
2,1,1,0,0,2,1,1,0,1,1,0,0,0,3,1,0.9142511893534835,False
2,0,2,1,1,0,0,0,1,3,0,0,0,1,1,2,0.029535399773552146,True
2,0,0,0,1,3,1,1,2,0,0,1,0,0,1,2,0.8829490119798977,False
2,0,2,0,2,0,1,0,0,3,0,0,0,0,1,3,0.005629772723292515,True
2,0,2,0,1,1,0,1,0,0,3,0,0,0,0,4,0.838142544475495,False
2,1,0,0,0,3,1,0,3,0,0,0,1,0,1,2,0.8984844418435871,False
2,0,0,0,4,0,0,2,0,2,0,1,3,0,0,0,0.06333055555555554,True
2,0,0,1,0,3,2,2,0,0,0,1,0,0,1,2,0.11482196407286331,True
2,0,0,1,3,0,0,0,2,0,2,4,0,0,0,0,0.07989855995460707,True
2,1,0,0,3,0,0,0,3,0,1,0,2,1,0,1,0.048723603612418634,True
2,1,0,2,1,0,0,1,2,0,1,4,0,0,0,0,0.9675584971813664,False
2,1,1,0,0,2,1,0,3,0,0,0,3,0,0,1,0.9397576925149637,False
2,1,1,0,2,0,1,0,2,1,0,0,1,0,3,0,0.06695579923525138,True
2,0,0,1,0,3,1,1,0,1,1,1,1,1,1,0,0.3717179735433484,True
2,0,0,2,0,2,0,0,0,4,0,0,0,1,2,1,0.014239510828331742,True
2,1,2,0,1,0,2,1,0,1,0,0,0,0,1,3,0.017931600808555975,True
2,0,0,0,2,2,1,1,2,0,0,1,3,0,0,0,0.05868958475544659,True
2,0,0,1,2,1,0,0,2,0,2,4,0,0,0,0,0.9383322083764879,False
2,1,1,1,1,0,2,0,0,1,1,2,1,0,0,1,0.10060329407977298,True
2,0,3,1,0,0,0,0,1,0,3,0,2,2,0,0,0.03088023444393651,True
2,2,1,0,0,1,2,2,0,0,0,0,4,0,0,0,0.06159043003091682,True
2,0,1,0,1,2,0,2,0,2,0,0,1,3,0,0,0.0372593879637779,True
2,1,0,0,1,2,1,0,1,0,2,1,1,0,2,0,0.11395091110770399,True
2,0,2,1,0,1,0,0,0,2,2,0,0,0,0,4,0.8593306878570176,False
2,1,1,2,0,0,2,1,0,1,0,2,0,1,0,1,0.11383042176660223,True
2,1,1,1,0,1,0,1,1,1,1,1,0,2,0,1,0.9385196331944337,False
2,1,0,1,2,0,0,0,0,1,3,0,2,0,2,0,0.01588672418359622,True
2,0,1,1,1,1,1,0,3,0,0,0,0,0,1,3,0.917839066875381,False
2,0,0,2,0,2,2,1,1,0,0,0,2,0,2,0,0.06187476314281727,True
2,1,1,1,0,1,1,0,1,1,1,0,3,0,1,0,0.06579004001122535,True
2,0,1,0,1,2,1,1,2,0,0,0,1,2,1,0,0.0785164107618909,True
2,1,0,0,1,2,0,0,3,1,0,2,0,1,0,1,0.9241155498441657,False
2,3,1,0,0,0,0,3,0,1,0,0,1,2,1,0,0.0741590671603554,True
2,0,0,1,2,1,0,1,2,1,0,0,1,1,0,2,0.057001040676036493,True
2,0,2,1,0,1,0,2,1,0,1,1,0,1,0,2,0.9193964574694542,False
2,1,0,2,0,1,0,0,3,0,1,0,0,1,3,0,0.6084658076495365,False
2,0,0,0,1,3,0,0,0,4,0,0,0,1,0,3,-0.04275611520924477,True
2,1,2,1,0,0,0,0,1,0,3,1,1,0,0,2,0.11685896935660453,True
2,0,3,0,0,1,0,0,0,0,4,4,0,0,0,0,0.8983148529004605,False
2,1,2,0,1,0,3,0,0,0,1,0,3,0,1,0,0.05721587610026253,True
2,0,3,0,0,1,0,0,0,1,3,0,1,1,0,2,0.8772657854602178,False
2,0,0,4,0,0,0,0,2,2,0,1,1,1,1,0,0.10569522546426137,True
2,1,1,2,0,0,2,0,0,1,1,0,2,1,0,1,0.8405621384189376,False
2,0,1,0,2,1,0,0,0,0,4,1,0,0,1,2,0.8579906158119224,False
2,1,0,2,0,1,2,0,1,0,1,1,0,2,0,1,0.9368341308010472,False
2,4,0,0,0,0,2,0,0,2,0,1,0,1,2,0,0.10131290343677331,True
2,0,1,2,1,0,0,0,2,2,0,0,1,1,2,0,0.07006205976801534,True
2,1,3,0,0,0,1,0,1,0,2,0,1,1,2,0,0.04228681307140364,True
2,1,1,2,0,0,0,0,1,0,3,0,2,1,1,0,0.074318869850879,True
2,0,2,2,0,0,1,2,1,0,0,0,1,2,0,1,0.0708198945070357,True
2,0,0,0,1,3,0,1,0,3,0,2,0,1,0,1,0.0015948017307563633,True
2,1,1,0,2,0,1,1,0,0,2,3,0,0,1,0,0.04645426852631142,True
2,0,1,2,1,0,0,0,2,0,2,0,3,0,1,0,0.04452335913449817,True
2,2,0,1,1,0,2,0,1,1,0,0,0,0,3,1,0.08844819502148887,True
2,0,1,0,1,2,0,0,0,0,4,2,0,0,1,1,0.8583828458938717,False
2,0,0,4,0,0,0,0,2,2,0,1,0,3,0,0,0.6484658076495367,False
2,0,1,1,1,1,0,2,1,0,1,0,0,0,0,4,0.8795310277863395,False
2,0,1,2,1,0,0,1,3,0,0,2,0,0,0,2,0.09384799930364225,True
2,0,1,1,2,0,0,0,3,0,1,0,1,1,2,0,0.05712114468004462,True
2,0,0,1,3,0,1,1,0,0,2,3,0,1,0,0,0.05592782407345849,True
2,0,1,0,0,3,3,0,0,1,0,2,1,0,1,0,0.0788775846953176,True
2,0,0,0,0,4,1,1,0,1,1,0,0,3,0,1,0.8791226873571576,False
2,2,0,0,0,2,0,0,3,1,0,0,0,4,0,0,0.9475381072541978,False
2,2,2,0,0,0,2,0,0,0,2,0,2,0,2,0,0.04535829621552513,True
2,3,1,0,0,0,1,1,0,2,0,1,0,2,0,1,0.07218911764889692,True
2,0,0,2,1,1,1,0,1,1,1,2,0,1,1,0,0.9495315546248967,False
2,2,0,2,0,0,0,1,1,2,0,0,0,3,0,1,0.10760056426778129,True
2,1,1,1,0,1,3,0,0,1,0,0,0,1,0,3,0.9059262784537673,False
2,0,0,1,1,2,1,0,2,1,0,0,2,2,0,0,0.10505577800063234,True
2,2,1,0,0,1,3,1,0,0,0,0,2,0,2,0,0.07182948037718107,True
2,0,0,1,3,0,1,1,1,0,1,0,1,1,0,2,0.027705418931378966,True
2,3,0,0,0,1,2,1,0,0,1,0,1,2,0,1,0.9398846250342561,False
2,3,0,0,0,1,1,0,0,0,3,1,0,2,0,1,0.8991620878279134,False
2,1,0,1,0,2,0,0,1,1,2,0,0,3,0,1,0.8974595912506186,False
2,3,0,0,0,1,0,1,0,2,1,0,1,1,2,0,0.07326131455781629,True
2,2,1,0,0,1,0,1,1,1,1,0,0,0,0,4,0.8796977053567443,False
2,0,0,1,1,2,0,1,2,0,1,0,2,0,2,0,0.04338351566954787,True
2,1,0,0,2,1,3,1,0,0,0,0,1,0,1,2,0.15332420058713842,True
2,0,2,1,1,0,0,1,0,2,1,0,1,1,0,2,0.02727678571045067,True
2,0,0,1,2,1,0,3,0,1,0,0,0,2,2,0,0.05377558248171469,True
2,1,0,0,0,3,1,0,0,0,3,2,1,0,1,0,0.8627377735221325,False
2,1,0,0,0,3,0,2,0,2,0,0,1,0,1,2,-0.01807986122602063,True
2,3,0,1,0,0,0,0,4,0,0,0,0,1,3,0,0.6484658076495365,False
2,1,2,1,0,0,1,1,0,1,1,0,2,0,0,2,0.04723295909719211,True
2,0,0,0,1,3,0,1,0,1,2,0,0,0,1,3,0.8379906158119225,False
2,0,1,0,1,2,0,0,0,4,0,0,2,0,1,1,0.00960112031547043,True
2,0,0,1,1,2,1,0,0,0,3,0,1,1,0,2,0.8594666929228219,False
2,0,2,1,0,1,0,1,0,1,2,0,1,0,1,2,0.8941609115457115,False
2,2,0,0,1,1,2,1,1,0,0,1,1,0,0,2,0.9250072821597699,False
2,0,1,0,1,2,0,0,3,1,0,0,3,0,0,1,0.08756962011394075,True
2,1,1,0,2,0,0,1,3,0,0,0,0,1,0,3,0.032189117648896995,True
2,0,1,0,1,2,2,2,0,0,0,0,0,2,2,0,0.050511373679538195,True
2,1,2,1,0,0,1,0,2,0,1,0,0,1,1,2,0.1600375354213414,True
2,1,2,0,1,0,0,3,0,1,0,1,1,2,0,0,0.0697479730276681,True
2,0,2,0,0,2,0,0,0,0,4,0,0,1,2,1,0.857853312528871,False
2,1,0,3,0,0,0,2,1,1,0,2,0,0,1,1,0.0897540338838037,True
2,2,0,1,0,1,2,0,1,0,1,1,1,0,0,2,0.9192343255381934,False
2,1,1,2,0,0,0,0,3,0,1,3,1,0,0,0,0.904296610157001,False
2,0,2,1,0,1,0,1,0,1,2,0,0,2,0,2,0.8994004469210108,False
2,0,0,0,2,2,0,1,1,1,1,0,0,2,2,0,0.07484844386565678,True
2,1,2,1,0,0,0,0,2,0,2,2,0,2,0,0,0.6204282587813643,False
2,1,0,0,3,0,1,1,1,0,1,0,0,1,0,3,0.015927824073458562,True
2,0,1,1,1,1,3,0,1,0,0,0,2,0,2,0,0.08338351566954781,True
2,0,1,0,0,3,0,0,0,3,1,0,3,1,0,0,0.02676502236873191,True
2,0,3,0,0,1,4,0,0,0,0,1,0,0,0,3,0.918314852900461,False
2,0,0,1,3,0,1,1,1,1,0,1,1,2,0,0,0.0720072844003771,True
2,0,1,1,1,1,0,1,1,0,2,0,0,2,1,1,0.9185375411616472,False
2,0,2,0,0,2,0,1,0,0,3,1,2,1,0,0,0.0935105197441638,True
2,2,1,0,1,0,0,0,0,1,3,2,2,0,0,0,0.0390886094044921,True
2,0,0,1,2,1,1,1,0,1,1,1,2,0,0,1,0.9366068197999988,False
2,1,1,0,2,0,1,2,1,0,0,1,1,2,0,0,0.0766089868055632,True
2,2,0,1,0,1,0,0,1,0,3,1,1,1,1,0,0.9050843324251102,False
2,0,2,1,1,0,1,1,2,0,0,0,1,1,0,2,0.04917907394258828,True
2,0,0,2,1,1,3,0,0,0,1,1,1,2,0,0,0.9576818780204142,False
2,1,1,0,1,1,1,1,0,1,1,0,0,1,2,1,0.9350535631003571,False
2,1,0,0,3,0,1,0,0,1,2,0,3,0,1,0,0.031071526146922296,True
2,1,0,0,3,0,0,0,0,4,0,2,0,0,1,1,0.04149522189600411,True
2,2,0,0,0,2,1,1,2,0,0,0,2,0,0,2,0.9033874135999409,False
2,1,0,1,0,2,0,1,3,0,0,0,2,1,0,1,0.9249557334939503,False
2,1,2,1,0,0,1,0,3,0,0,0,0,0,1,3,0.1606492234161622,True
2,1,0,0,3,0,1,1,1,0,1,0,1,1,2,0,0.05124253430557362,True
2,2,0,1,0,1,0,1,3,0,0,0,1,0,1,2,0.9169135004533444,False
2,0,1,1,2,0,1,1,1,1,0,0,1,0,2,1,0.052058112828603856,True
2,2,0,0,0,2,0,1,0,0,3,0,0,2,2,0,0.8750599867297253,False
2,1,0,0,2,1,0,1,0,3,0,0,3,0,1,0,0.04901813209227073,True
2,0,2,0,2,0,1,2,0,1,0,0,1,0,2,1,0.049444105736073045,True
2,1,0,2,1,0,1,0,1,2,0,0,4,0,0,0,0.07451542656193272,True
2,0,1,1,0,2,0,0,3,0,1,3,0,0,0,1,0.9174595912506186,False
2,3,0,0,0,1,0,0,1,0,3,3,1,0,0,0,0.9148292311514464,False
2,2,1,1,0,0,0,0,3,0,1,1,2,0,1,0,0.11443353081826188,True
2,0,1,0,3,0,0,2,2,0,0,1,0,1,0,2,0.03316005389067192,True
2,0,0,2,1,1,1,1,1,0,1,0,3,1,0,0,0.10322066893757967,True
2,0,2,1,0,1,0,2,0,0,2,1,0,2,1,0,0.918941322538963,False
2,0,2,2,0,0,0,1,0,2,1,1,0,0,1,2,0.04793079941994378,True
2,2,0,1,0,1,0,1,2,1,0,1,1,0,1,1,0.10364671968070546,True
2,0,0,1,2,1,1,1,0,1,1,3,1,0,0,0,0.9531266617810082,False
2,0,2,2,0,0,0,2,1,0,1,0,3,0,0,1,0.06186457952749218,True
2,0,3,1,0,0,0,2,0,0,2,0,0,0,4,0,0.03198301220139513,True
2,0,2,2,0,0,0,0,2,0,2,0,0,2,1,1,0.16302004418600632,True
2,1,1,0,1,1,3,0,1,0,0,2,1,1,0,0,0.9725852468875776,False
2,1,2,0,0,1,0,0,0,3,1,1,1,0,2,0,0.05492312638675944,True
2,0,4,0,0,0,1,1,0,2,0,2,0,1,1,0,0.06906918952123499,True
2,1,1,1,1,0,0,4,0,0,0,2,1,1,0,0,0.07366078773691957,True
2,1,0,2,0,1,2,0,1,0,1,1,2,0,0,1,0.9390423712936569,False
2,0,4,0,0,0,1,0,2,0,1,0,2,0,0,2,0.02570962482476842,True
2,1,1,0,1,1,0,2,2,0,0,2,0,0,0,2,0.08073260467890614,True
2,1,1,0,2,0,2,0,2,0,0,0,4,0,0,0,0.07660898680556318,True
2,1,1,2,0,0,1,1,1,1,0,2,2,0,0,0,0.09017980524069263,True
2,1,1,1,0,1,0,0,1,3,0,2,0,0,0,2,0.03592782407345852,True
2,0,2,0,1,1,1,0,0,0,3,0,1,0,1,2,0.8750876362084827,False
2,0,0,2,1,1,0,1,2,0,1,1,0,2,1,0,0.9518355586476291,False
2,1,0,0,1,2,1,1,0,2,0,0,0,0,2,2,0.007093242259341591,True
2,3,1,0,0,0,0,0,0,1,3,1,0,2,0,1,0.9087141749904917,False
2,1,0,1,0,2,3,0,0,0,1,0,0,2,2,0,0.9188247987210346,False
2,1,0,2,1,0,0,1,2,1,0,1,2,0,0,1,0.07429470486254126,True
2,0,1,0,3,0,1,0,1,2,0,1,1,0,2,0,0.0626326388888889,True
2,1,1,1,0,1,1,1,2,0,0,1,0,0,3,0,0.08241588953244318,True
2,2,0,0,2,0,0,1,2,1,0,0,0,4,0,0,0.08809613574483868,True
2,0,2,2,0,0,0,0,0,1,3,2,0,1,0,1,0.12087404985329178,True
2,1,0,0,0,3,0,1,0,2,1,0,2,2,0,0,0.11566736071304297,True
2,1,1,0,2,0,0,1,0,0,3,0,4,0,0,0,0.01465610101510333,True
2,0,1,2,1,0,1,1,1,1,0,0,1,0,0,3,0.026027713442426735,True
2,1,0,0,1,2,0,0,1,1,2,0,3,1,0,0,0.06021473736092352,True
2,4,0,0,0,0,0,2,0,0,2,0,3,0,0,1,0.9348840445269623,False
2,0,1,1,1,1,1,2,1,0,0,0,0,4,0,0,0.1246372585033764,True
2,1,0,0,3,0,1,0,1,1,1,1,0,1,0,2,0.03592782407070037,True
2,0,2,0,2,0,0,0,1,2,1,2,0,0,2,0,0.05147486758152467,True
2,1,2,0,1,0,0,2,1,0,1,2,0,1,0,1,0.05735902980240609,True
2,0,2,1,0,1,0,0,3,1,0,0,0,0,2,2,0.14532382700723476,True
2,0,0,0,3,1,3,1,0,0,0,0,1,0,0,3,0.13416099076780014,True
2,2,1,1,0,0,3,0,1,0,0,1,1,0,0,2,0.9484981127153618,False
2,0,1,1,2,0,0,1,0,3,0,0,1,0,0,3,0.0057733218809009725,True
2,0,0,2,1,1,1,1,0,2,0,2,0,0,2,0,0.05775234406310457,True
2,0,0,2,2,0,1,0,0,0,3,1,0,1,1,1,0.1202078280337495,True
2,0,1,1,1,1,0,2,0,1,1,1,1,0,1,1,0.9314220097120335,False
2,1,0,0,0,3,0,1,2,0,1,2,0,0,0,2,0.8789570148798233,False
2,2,2,0,0,0,2,0,1,0,1,0,3,1,0,0,0.07524799114664264,True
2,0,4,0,0,0,2,1,1,0,0,0,0,1,1,2,0.0403193629460516,True
2,0,0,4,0,0,2,1,1,0,0,0,1,3,0,0,0.9251839831401224,False
2,0,1,1,1,1,0,0,0,3,1,3,0,1,0,0,0.9582074192909372,False
2,1,2,0,1,0,1,0,2,1,0,0,1,0,3,0,0.06916001556035199,True
2,0,2,1,0,1,2,0,0,1,1,2,0,1,1,0,0.9468194503517038,False
2,2,0,0,2,0,0,1,0,1,2,2,0,0,0,2,0.04699089775824189,True
2,1,2,0,0,1,1,0,1,2,0,1,2,0,1,0,0.05914716804578817,True
2,0,1,3,0,0,0,1,3,0,0,2,0,1,1,0,0.17698802974041852,True
2,0,0,0,0,4,0,0,4,0,0,1,0,0,0,3,0.856628398533024,False
2,0,0,1,2,1,0,0,1,0,3,1,1,0,0,2,0.8792227804836706,False
2,0,1,1,0,2,2,0,0,1,1,3,1,0,0,0,0.9323186828528319,False
2,0,0,1,3,0,0,0,0,3,1,1,1,0,2,0,0.04853980614122182,True
2,1,0,1,2,0,3,0,0,1,0,0,0,1,0,3,0.0598985599546071,True
2,0,0,0,4,0,0,0,0,3,1,0,1,1,0,2,0.010763636858590954,True
2,2,1,0,0,1,0,1,2,0,1,0,1,0,1,2,0.9193672593053183,False
2,0,0,1,3,0,1,0,1,0,2,0,1,2,1,0,0.04111600667880517,True
2,1,0,1,1,1,2,0,1,1,0,0,1,3,0,0,0.44535864967891853,True
2,0,1,0,0,3,1,3,0,0,0,0,0,0,3,1,0.008275583901604506,True
2,1,0,0,3,0,0,2,1,1,0,0,1,0,0,3,0.009690489729774078,True
2,0,2,0,2,0,1,1,2,0,0,3,0,1,0,0,0.08077865733495475,True
2,0,0,2,2,0,2,1,1,0,0,0,1,1,2,0,0.07712114468004458,True
2,0,0,0,4,0,0,2,0,0,2,0,1,0,0,3,-0.027724067826385004,True
2,0,2,0,0,2,1,1,1,0,1,1,0,3,0,0,0.9388598010638513,False
2,1,0,3,0,0,0,1,1,0,2,3,0,0,1,0,0.9532882564718076,False
2,1,1,2,0,0,0,1,2,0,1,0,0,0,3,1,0.18584406391277639,True
2,0,1,2,1,0,2,1,0,1,0,0,3,0,0,1,0.05949772011425715,True
2,1,0,3,0,0,0,1,0,1,2,1,1,0,2,0,0.09472264300779835,True
2,1,1,0,0,2,0,2,0,2,0,0,2,2,0,0,0.03608292701914555,True
2,0,1,0,3,0,0,1,1,2,0,0,1,1,0,2,0.025773321880900937,True
2,2,0,0,1,1,0,2,1,1,0,0,1,3,0,0,0.0729497262021033,True
2,3,0,0,1,0,0,1,2,0,1,0,0,0,0,4,0.8859058776352371,False
2,1,0,0,1,2,1,1,0,1,1,2,0,2,0,0,0.9392912913954001,False
2,0,2,1,0,1,1,1,0,0,2,0,2,1,0,1,0.9187028976859409,False
2,0,1,0,1,2,0,2,1,1,0,1,3,0,0,0,0.03767072920986131,True
2,1,3,0,0,0,0,0,2,2,0,2,2,0,0,0,0.07368194674308529,True
2,1,0,3,0,0,0,0,0,4,0,2,0,2,0,0,0.08326272953053557,True
2,1,1,2,0,0,0,0,2,2,0,0,0,1,1,2,0.06417404659355191,True
2,2,0,1,0,1,0,0,1,0,3,3,0,0,0,1,0.8985234692889146,False
2,0,1,2,1,0,1,1,1,1,0,2,1,1,0,0,0.08363034315581057,True
2,0,1,0,0,3,2,2,0,0,0,0,1,1,1,1,0.038747782527775075,True
2,0,2,0,0,2,1,1,1,0,1,0,0,0,4,0,0.0274365122368073,True
2,0,0,3,0,1,0,0,0,1,3,2,1,0,1,0,0.8964739048068315,False
2,0,1,0,0,3,0,1,1,0,2,1,1,2,0,0,0.893845338527343,False
2,0,0,3,0,1,1,1,0,0,2,0,2,1,0,1,0.9188598010638509,False
2,0,1,2,1,0,0,0,2,2,0,2,1,1,0,0,0.08059551394942113,True
2,2,0,0,0,2,0,3,1,0,0,3,1,0,0,0,0.06221057542698372,True
2,0,3,1,0,0,1,2,0,0,1,2,1,0,0,1,0.0525484030445103,True
2,0,2,0,0,2,1,0,1,2,0,2,0,0,1,1,0.04733166472105174,True
2,0,3,1,0,0,0,1,0,1,2,0,1,0,3,0,0.03325425242045797,True
2,0,2,0,1,1,0,2,0,2,0,0,1,1,0,2,0.01695336756745443,True
2,0,1,0,3,0,0,1,1,1,1,3,0,0,0,1,0.03790736355077953,True
2,0,0,0,2,2,0,0,3,1,0,1,0,0,2,1,0.14532382700029933,True
2,0,3,0,1,0,0,1,1,0,2,1,0,3,0,0,0.04841107065352924,True
2,0,1,1,0,2,0,1,2,1,0,0,1,2,0,1,0.08064286815825841,True
2,1,1,0,0,2,1,2,0,0,1,0,0,1,2,1,0.916269402228305,False
2,1,1,1,0,1,0,1,2,1,0,1,0,2,1,0,0.09684272668508744,True
2,0,2,0,2,0,1,1,0,2,0,0,0,1,1,2,0.0276259666483184,True
2,1,1,1,1,0,0,3,0,0,1,2,1,0,0,1,0.06478232646462259,True
2,0,3,0,0,1,0,0,1,3,0,0,0,4,0,0,0.06190004185925202,True
2,3,1,0,0,0,0,0,1,2,1,0,4,0,0,0,0.06803955238524131,True
2,1,1,2,0,0,2,1,0,1,0,1,0,0,0,3,0.07382539812293537,True
2,0,0,3,1,0,0,2,2,0,0,0,0,0,0,4,0.05384799930364233,True
2,2,1,0,1,0,1,0,1,1,1,0,2,1,1,0,0.06635953631654432,True
2,1,0,1,0,2,0,1,0,0,3,1,0,1,2,0,0.8751301688794133,False
2,0,1,1,0,2,0,0,0,1,3,0,0,2,0,2,0.8589079388484612,False
2,0,2,1,0,1,1,1,1,1,0,0,1,2,0,1,0.07699771382080998,True
2,1,2,0,0,1,0,0,1,2,1,3,0,0,0,1,0.9393306878570176,False
2,1,0,0,1,2,1,2,0,0,1,0,2,1,1,0,0.05676475068032512,True
2,2,0,2,0,0,1,1,0,1,1,1,1,1,1,0,0.433972505618454,True
2,0,0,1,3,0,1,0,1,1,1,1,0,0,0,3,0.015927824070700407,True
2,2,0,2,0,0,0,0,1,0,3,1,1,0,1,1,0.9184844418435872,False
2,1,0,1,1,1,0,3,0,1,0,0,0,2,0,2,0.028408029999440445,True
2,0,1,2,0,1,0,0,1,3,0,1,1,0,2,0,0.05124253430557362,True
2,0,0,2,2,0,1,3,0,0,0,0,4,0,0,0,0.0697479730276681,True
2,0,0,2,0,2,0,0,2,0,2,1,0,2,1,0,0.9127895545520524,False
2,1,0,2,0,1,1,3,0,0,0,0,4,0,0,0,0.058325942573785095,True
2,0,0,0,2,2,0,0,2,2,0,1,1,1,0,1,0.04800317112610415,True
2,0,2,0,2,0,1,0,1,2,0,2,0,0,2,0,0.06529036965314802,True
2,2,1,1,0,0,1,1,0,0,2,0,1,2,1,0,0.10549918432513151,True
2,0,0,1,2,1,2,1,0,0,1,0,0,0,0,4,0.8793295049403907,False
2,0,1,0,2,1,0,0,0,2,2,0,3,0,1,0,0.027913386498409274,True
2,0,1,1,2,0,2,0,0,0,2,0,1,1,1,1,0.03393224929401007,True
2,0,0,0,1,3,0,0,2,0,2,2,1,1,0,0,0.896515759467122,False
2,0,0,3,0,1,0,1,0,2,1,0,0,2,2,0,0.14187554401717697,True
2,0,1,1,0,2,1,0,1,0,2,0,0,2,0,2,0.8777513434726057,False
2,0,2,0,0,2,0,3,0,0,1,2,0,0,0,2,0.8965770996457068,False
2,1,2,0,0,1,2,0,1,1,0,3,1,0,0,0,0.1656398000063343,True
2,2,0,1,0,1,1,2,0,0,1,0,0,0,4,0,0.054664398098760114,True
2,3,0,0,1,0,2,0,2,0,0,0,2,0,2,0,0.09755272871905604,True
2,0,0,2,0,2,0,1,1,2,0,1,3,0,0,0,0.040778657334954824,True
2,2,1,0,1,0,2,1,0,0,1,0,2,1,1,0,0.06635953708761937,True
2,0,0,2,1,1,0,1,2,1,0,0,1,0,1,2,0.057493471840154915,True
2,2,0,0,1,1,1,1,1,1,0,0,0,0,3,1,0.06443935321363777,True
2,2,0,1,0,1,1,0,2,1,0,3,0,1,0,0,0.9674491535256702,False
2,3,1,0,0,0,2,0,2,0,0,4,0,0,0,0,0.9912150634186832,False
2,1,2,1,0,0,1,1,0,0,2,0,2,2,0,0,0.05990884573315134,True
2,0,2,0,1,1,1,0,1,0,2,0,2,0,0,2,0.8972657854602177,False
2,0,0,4,0,0,0,0,2,2,0,1,1,1,0,1,0.181362289110613,True
2,1,0,2,0,1,1,0,1,0,2,0,1,3,0,0,0.9397991029883497,False
2,0,0,0,3,1,3,0,0,0,1,1,0,2,0,1,0.9389153087862036,False
2,0,1,2,1,0,0,2,1,1,0,0,1,0,0,3,0.018085923361899667,True
2,0,1,0,3,0,0,0,1,0,3,0,1,1,1,1,-0.0014575046688603819,True
2,0,1,0,0,3,0,0,1,3,0,1,1,0,0,2,-0.01229458106862097,True
2,0,0,0,3,1,1,0,3,0,0,2,1,0,1,0,0.1738088234739988,True
2,1,1,1,0,1,0,4,0,0,0,1,0,0,1,2,0.024930178526377227,True
2,2,0,1,0,1,1,0,0,1,2,2,1,0,0,1,0.9196859018012155,False
2,0,0,0,0,4,0,0,1,1,2,0,0,0,0,4,0.7994271154491622,False
2,0,1,0,2,1,1,2,1,0,0,2,0,1,1,0,0.07735909221918048,True
2,1,1,2,0,0,1,0,1,0,2,1,0,1,0,2,0.9141206550599466,False
2,4,0,0,0,0,2,0,0,0,2,2,1,1,0,0,0.9543564568384626,False
2,1,2,0,0,1,1,0,0,3,0,2,0,0,2,0,0.051529294509374234,True
2,2,0,0,2,0,1,0,1,0,2,0,0,2,2,0,0.06131290343677337,True
2,1,2,1,0,0,0,2,0,0,2,1,1,1,1,0,0.052084761866175944,True
2,1,0,3,0,0,1,3,0,0,0,0,0,0,4,0,0.07525900765681744,True
2,0,3,0,1,0,1,0,2,0,1,0,0,0,4,0,0.04981636071591018,True
2,0,0,0,2,2,1,2,0,1,0,0,3,0,0,1,0.024532930573793264,True
2,1,1,0,0,2,1,0,1,1,1,0,2,1,0,1,0.9194963809514555,False
2,2,0,2,0,0,0,2,0,0,2,0,0,0,4,0,0.054664398098760114,True
2,1,1,1,1,0,0,4,0,0,0,1,3,0,0,0,0.06963263888888889,True
2,0,1,2,1,0,2,0,1,1,0,2,0,0,1,1,0.08417404659355189,True
2,0,0,2,1,1,0,0,4,0,0,1,1,0,0,2,0.9356662106313031,False
2,0,1,0,2,1,1,1,1,0,1,0,2,1,0,1,0.9365340915849918,False
2,1,0,1,2,0,0,2,0,1,1,0,0,1,1,2,0.036682804844727586,True
2,1,1,0,2,0,2,0,1,1,0,0,0,0,1,3,0.02205228306293382,True
2,0,1,2,0,1,1,1,0,2,0,1,0,3,0,0,0.08241588953244317,True
2,0,0,4,0,0,0,1,1,1,1,3,0,1,0,0,0.9756662106313032,False
2,0,1,1,1,1,2,0,1,1,0,1,2,0,1,0,0.07421778840523084,True
2,0,2,0,1,1,1,3,0,0,0,1,0,0,3,0,0.0543460487872825,True
2,0,2,2,0,0,0,0,2,1,1,1,0,1,1,1,0.106143028348339,True
2,1,0,0,2,1,3,0,1,0,0,1,0,2,0,1,0.9587595856710465,False
2,1,1,2,0,0,1,0,3,0,0,1,0,0,1,2,0.9525301338158931,False
2,1,2,0,1,0,2,0,0,0,2,0,3,0,0,1,0.03248568064923802,True
2,1,0,0,3,0,1,0,2,0,1,0,3,1,0,0,0.058116973799489005,True
2,1,0,0,2,1,0,2,1,0,1,1,0,1,0,2,0.9193092064391151,False
2,0,3,0,1,0,0,0,2,0,2,1,0,1,0,2,0.015568291935292307,True
2,0,1,0,0,3,1,1,2,0,0,0,3,0,0,1,0.14201318394978402,True
2,0,3,0,0,1,0,3,1,0,0,1,0,0,0,3,0.012395838974006182,True
2,2,0,0,2,0,1,0,0,1,2,0,2,1,0,1,0.0490587429243511,True
2,0,4,0,0,0,1,2,0,1,0,0,3,1,0,0,0.06963263888888889,True
2,0,0,0,2,2,3,0,1,0,0,0,1,1,2,0,0.09472264300015959,True
2,0,1,0,3,0,0,2,1,0,1,0,0,1,1,2,0.015588675795753869,True
2,1,0,2,0,1,2,2,0,0,0,1,2,1,0,0,0.09481583836327134,True
2,0,1,0,1,2,2,1,0,0,1,0,2,0,2,0,0.03499392704091125,True
2,3,1,0,0,0,3,0,0,1,0,0,4,0,0,0,0.08611255320575362,True
2,0,0,3,0,1,0,3,0,0,1,0,1,1,1,1,0.9389813322107566,False
2,0,0,3,1,0,0,0,0,1,3,2,0,0,2,0,0.07168657426512914,True
2,0,1,0,1,2,0,0,1,2,1,0,1,2,0,1,0.91889604791977,False
2,0,0,4,0,0,2,1,0,0,1,0,0,1,0,3,0.916396868639646,False
2,2,1,0,0,1,1,0,1,2,0,1,0,0,3,0,0.05724388479105443,True
2,3,0,0,1,0,1,0,3,0,0,0,1,3,0,0,0.9229874065734176,False
2,1,0,0,1,2,1,2,0,1,0,1,1,0,2,0,0.036955974125007535,True
2,1,0,2,1,0,2,0,2,0,0,0,1,0,1,2,0.9413302935102217,False
2,0,1,0,1,2,0,0,0,4,0,0,3,0,0,1,0.009816642170194968,True
2,0,0,0,1,3,0,0,1,0,3,1,0,0,3,0,0.06332058816520812,True
2,1,0,0,0,3,2,0,0,0,2,1,0,0,3,0,0.5484658076495366,False
2,1,1,1,0,1,0,0,1,3,0,0,1,0,3,0,0.04759917604584797,True
2,0,2,1,0,1,0,0,1,1,2,0,0,0,3,1,0.9159066157221285,False
2,0,1,0,3,0,1,1,0,0,2,0,0,3,1,0,0.03480449950307994,True
2,0,1,0,2,1,0,0,4,0,0,0,2,0,1,1,0.9584626027536348,False
2,2,0,1,1,0,1,0,2,0,1,1,1,2,0,0,0.9029840520146023,False
2,1,1,0,0,2,3,0,1,0,0,1,1,2,0,0,0.9564718514607361,False
2,0,1,3,0,0,1,0,2,0,1,1,0,2,1,0,0.9038661343180374,False
2,2,0,2,0,0,0,0,0,0,4,2,0,0,0,2,0.8785234692889144,False
2,0,0,2,1,1,0,2,0,2,0,0,0,1,3,0,0.0494816552684504,True
2,0,3,1,0,0,1,1,0,1,1,1,0,0,3,0,0.05577316866323183,True
2,0,1,3,0,0,0,3,1,0,0,1,0,1,2,0,0.0798153251648471,True
2,1,1,2,0,0,1,1,1,1,0,0,2,1,0,1,0.07914823360655211,True
2,0,0,2,1,1,0,0,2,0,2,0,2,1,0,1,0.917959294139829,False
2,4,0,0,0,0,1,1,0,2,0,0,0,1,1,2,0.06417404659355191,True
2,0,2,0,1,1,1,0,0,2,1,0,1,2,1,0,0.08080930514669682,True
2,0,1,3,0,0,1,2,0,1,0,0,1,1,1,1,0.06485015561074746,True
2,0,1,0,2,1,0,0,0,4,0,0,3,0,0,1,0.029850335181275268,True
2,0,1,3,0,0,1,0,1,0,2,2,0,1,0,1,0.9360243834495511,False
2,1,0,0,2,1,0,1,2,1,0,0,3,1,0,0,0.06428589174465328,True
2,1,2,0,1,0,0,2,0,1,1,0,0,3,1,0,0.06204006424895947,True
2,0,0,0,2,2,1,0,0,3,0,0,2,1,1,0,0.031588907523634226,True
2,2,0,0,2,0,1,2,1,0,0,2,2,0,0,0,0.0784904896659544,True
2,1,1,2,0,0,4,0,0,0,0,0,0,0,3,1,0.8579795537865621,False
2,0,0,0,4,0,1,0,1,1,1,0,1,0,3,0,0.04368150780205803,True
2,1,0,0,0,3,1,1,1,0,1,0,0,1,1,2,0.8790622146536409,False
2,0,1,1,0,2,0,0,2,2,0,2,1,0,1,0,0.051267630168758085,True
2,2,0,0,1,1,1,0,0,1,2,0,0,1,3,0,0.06699089775599192,True
2,2,0,1,1,0,0,3,1,0,0,0,1,3,0,0,0.08612810833240074,True
2,0,0,0,4,0,1,0,0,3,0,0,2,0,1,1,0.04140595324864643,True
2,1,0,1,1,1,0,0,1,2,1,0,1,1,0,2,0.918884027525694,False
2,0,2,1,1,0,3,1,0,0,0,1,1,0,1,1,0.06485015561074746,True
2,0,0,1,1,2,0,1,1,1,1,0,1,1,1,1,0.9184398120765515,False
2,1,0,0,0,3,1,3,0,0,0,1,1,2,0,0,0.04245926286916986,True
2,1,0,2,1,0,0,1,2,1,0,2,0,0,2,0,0.08249129418505977,True
2,1,0,2,1,0,0,1,1,1,1,0,2,0,0,2,0.15003676181539408,True
2,0,2,0,0,2,0,1,0,2,1,3,0,0,1,0,0.2073103916186853,True
2,0,1,1,0,2,0,2,1,1,0,0,0,0,1,3,-0.002143552024861487,True
2,0,1,0,2,1,0,0,0,2,2,0,1,0,2,1,0.20018601043262196,True
2,1,0,2,0,1,1,2,0,0,1,0,0,3,1,0,0.9541082264313161,False
2,0,2,0,2,0,0,2,0,1,1,0,0,0,1,3,-0.00321920623050328,True
2,0,2,1,1,0,0,0,0,2,2,0,2,1,0,1,0.02753248598309766,True
2,0,2,0,0,2,0,3,0,1,0,1,2,0,1,0,0.03268784875108521,True
2,2,0,1,1,0,2,0,0,1,1,0,0,1,3,0,0.07592782407070034,True
2,0,1,0,0,3,1,3,0,0,0,2,0,1,0,1,0.027248366135073452,True
2,1,1,0,1,1,0,0,0,1,3,2,0,0,1,1,0.8979906158119224,False
2,1,3,0,0,0,0,1,0,3,0,2,1,0,0,1,0.04938500070707137,True
2,1,0,3,0,0,1,0,1,1,1,0,3,0,0,1,0.9590612933263244,False
2,0,0,1,2,1,0,1,2,0,1,1,0,0,0,3,0.8986580861083747,False
2,1,1,0,2,0,0,2,0,1,1,0,0,1,2,1,0.04022779226354849,True
2,0,0,2,1,1,0,1,2,0,1,0,2,1,1,0,0.10061500469266654,True
2,0,3,1,0,0,2,1,0,1,0,0,1,1,2,0,0.07107493111213194,True
2,0,2,2,0,0,0,0,0,3,1,0,2,0,2,0,0.056990176602355086,True
2,0,4,0,0,0,0,1,0,1,2,0,0,1,0,3,-0.015398503573411368,True
2,0,1,0,1,2,4,0,0,0,0,1,0,0,2,1,0.9366834658685544,False
2,2,0,1,0,1,0,0,1,3,0,0,0,0,2,2,0.027925117644204474,True
2,0,0,2,2,0,2,0,1,0,1,0,1,1,1,1,0.09217550737042936,True
2,0,1,1,1,1,0,1,0,1,2,1,0,0,2,1,0.9153178446160017,False
2,0,0,1,1,2,1,1,0,2,0,0,0,1,2,1,0.02709324225934156,True
2,2,0,0,1,1,1,2,0,1,0,0,3,1,0,0,0.059731629613410574,True
2,4,0,0,0,0,2,0,1,1,0,0,0,3,1,0,0.919291457354175,False
2,2,0,2,0,0,2,1,1,0,0,1,0,1,2,0,0.31024279667144317,False
2,0,3,1,0,0,1,2,0,1,0,0,0,3,1,0,0.07293599995634181,True
2,0,1,2,1,0,0,3,1,0,0,0,0,1,1,2,0.040030642187083604,True
2,1,1,1,1,0,1,1,0,1,1,4,0,0,0,0,0.11830007779862751,True
2,0,2,1,1,0,3,1,0,0,0,2,0,0,1,1,0.06899819532430074,True
2,0,1,1,0,2,2,0,2,0,0,0,1,0,3,0,0.07431615284249755,True
2,1,0,2,1,0,2,2,0,0,0,0,0,1,3,0,0.07811697379948895,True
2,0,1,2,1,0,0,1,1,0,2,1,0,1,1,1,0.07998830647740057,True
2,0,0,1,0,3,1,0,2,1,0,1,1,1,1,0,0.2464326293092485,False
2,1,1,2,0,0,3,1,0,0,0,1,0,0,1,2,0.17684716380104892,True
2,0,3,0,1,0,2,2,0,0,0,0,1,0,3,0,0.06804930555555555,True
2,0,3,0,0,1,2,1,0,1,0,0,3,0,0,1,0.05223235005933337,True
2,0,1,3,0,0,2,0,0,2,0,0,0,2,0,2,0.08760056426778133,True
2,0,1,2,1,0,0,0,3,0,1,0,1,0,1,2,0.0836467196807055,True
2,0,0,2,1,1,0,0,2,2,0,0,0,1,1,2,0.06848801510437329,True
2,0,1,0,0,3,3,0,1,0,0,2,0,1,0,1,0.9192343255381932,False
2,3,0,0,0,1,0,0,1,0,3,0,2,2,0,0,0.9049672613055049,False
2,1,0,3,0,0,1,2,1,0,0,0,0,1,1,2,0.18184734182562057,True
2,0,0,2,0,2,2,0,1,0,1,0,0,1,1,2,0.8971915096003801,False
2,2,1,0,1,0,1,0,0,2,1,0,0,0,4,0,0.05269349231829145,True
2,0,2,1,0,1,0,1,1,0,2,1,1,0,0,2,0.9002557245723614,False
2,0,0,3,1,0,0,3,0,1,0,1,1,0,0,2,0.03808592336189963,True
2,0,1,2,0,1,1,0,1,1,1,0,0,4,0,0,0.9551624462722772,False
2,2,1,1,0,0,0,0,3,1,0,0,1,2,0,1,0.19658862655248996,True
2,0,1,2,0,1,0,1,0,3,0,2,1,1,0,0,0.05691083518833651,True
2,1,1,1,1,0,0,3,0,1,0,0,3,0,0,1,0.051615309951774734,True
2,0,2,1,0,1,2,0,1,0,1,0,1,2,1,0,0.4154376427316323,True
2,0,1,1,1,1,0,0,0,2,2,1,1,0,1,1,0.9156668640771378,False
2,1,0,0,2,1,0,1,1,0,2,0,1,0,3,0,0.031216094061976365,True
2,0,0,4,0,0,1,1,1,0,1,0,1,2,0,1,0.9551504492772508,False
2,1,1,1,0,1,1,0,1,2,0,0,3,1,0,0,0.06526368454055806,True
2,1,1,1,0,1,0,1,3,0,0,0,1,3,0,0,0.45947866776747737,True
2,0,0,0,0,4,4,0,0,0,0,0,2,0,0,2,0.8783623265230284,False
2,0,2,0,0,2,1,0,0,2,1,1,0,0,2,1,0.914705152185964,False
2,1,0,0,3,0,2,0,0,1,1,0,0,0,2,2,0.021973119878880353,True
2,1,0,1,0,2,2,2,0,0,0,3,0,0,1,0,0.13451307916389432,True
2,2,1,1,0,0,3,0,0,0,1,1,0,2,0,1,0.9517853846471805,False
2,0,0,0,1,3,0,4,0,0,0,2,0,1,1,0,0.02206944719378948,True
2,0,0,0,2,2,0,1,1,2,0,0,0,0,1,3,-0.013048603479433487,True
2,1,1,0,2,0,1,1,1,0,1,2,2,0,0,0,0.06222573615985825,True
2,1,0,3,0,0,0,0,2,0,2,1,0,1,1,1,0.9353727901535445,False
2,0,1,3,0,0,2,0,0,2,0,2,1,1,0,0,0.09908536848282598,True
2,0,3,0,1,0,0,1,2,1,0,1,1,2,0,0,0.07251316662766626,True
2,1,3,0,0,0,0,2,0,1,1,0,1,1,1,1,0.04582704624636131,True
2,1,0,1,1,1,1,2,1,0,0,0,2,1,1,0,0.06874996009627292,True
2,0,4,0,0,0,0,1,2,1,0,2,0,0,2,0,0.07020693608993976,True
2,2,1,1,0,0,2,0,2,0,0,1,0,1,1,1,0.970137549134401,False
2,0,1,1,2,0,0,1,1,1,1,1,1,0,0,2,0.027269942454015178,True
2,0,1,1,0,2,0,0,0,2,2,1,2,1,0,0,0.11670591560298453,True
2,0,0,2,1,1,1,2,0,0,1,1,0,3,0,0,0.957959294139829,False
2,4,0,0,0,0,0,0,2,1,1,0,1,0,3,0,0.09431615283872555,True
2,0,1,0,2,1,0,0,0,3,1,1,1,0,2,0,0.050051763109739904,True
2,0,1,1,1,1,0,1,1,0,2,1,0,0,1,2,0.8989144706096781,False
2,0,0,4,0,0,0,0,2,0,2,1,0,1,2,0,0.939195910906705,False
2,1,2,0,1,0,0,2,0,2,0,0,0,1,0,3,0.01014067523575167,True
2,0,1,1,0,2,1,0,1,1,1,1,0,1,1,1,0.9185815977293598,False
2,1,2,0,0,1,0,2,1,1,0,2,0,0,0,2,0.03735519267956544,True
2,0,3,0,0,1,2,0,1,1,0,0,1,1,0,2,0.14887461231175345,True
2,1,2,0,1,0,0,1,2,0,1,1,0,0,2,1,0.05143850042043407,True
2,0,1,2,1,0,0,0,1,0,3,2,0,0,0,2,0.5580828136796181,False
2,1,1,1,0,1,0,0,2,0,2,1,0,2,0,1,0.9171790650583785,False
2,0,3,1,0,0,3,0,0,0,1,0,0,0,3,1,0.052972192606269945,True
2,1,0,2,1,0,0,0,3,0,1,0,1,3,0,0,0.9029974645660599,False
2,0,2,0,1,1,0,0,3,1,0,0,2,1,0,1,0.10698304597276177,True
2,3,1,0,0,0,0,0,1,0,3,0,0,1,0,3,0.8706685043475402,False
2,0,4,0,0,0,3,1,0,0,0,0,2,1,0,1,0.0581419906709537,True
2,0,1,1,1,1,0,0,1,3,0,0,0,2,1,1,0.041913653832804175,True
2,0,1,2,0,1,0,1,1,0,2,0,0,3,0,1,0.9167155848008306,False
2,0,1,2,0,1,0,0,2,0,2,1,1,0,2,0,0.13395091110770393,True
2,1,0,0,2,1,3,0,0,0,1,0,0,4,0,0,0.9585598331575425,False
2,1,1,0,2,0,3,1,0,0,0,0,1,1,0,2,0.046027713442426704,True
2,2,0,0,0,2,4,0,0,0,0,1,2,1,0,0,0.9417167875128576,False
2,3,1,0,0,0,2,1,1,0,0,1,2,0,0,1,0.12404860802816377,True
2,1,0,0,3,0,0,0,0,1,3,0,0,3,1,0,0.02166176060830889,True
2,0,0,4,0,0,3,0,1,0,0,1,0,1,2,0,0.9791274218400768,False
2,0,3,1,0,0,3,1,0,0,0,0,0,1,2,1,0.06547688962565576,True
2,1,1,1,1,0,1,0,1,0,2,1,0,1,0,2,0.5780796854616652,False
2,0,1,0,2,1,0,0,0,0,4,0,0,1,0,3,0.8393367776434107,False
2,1,1,1,1,0,0,1,2,0,1,2,2,0,0,0,0.0791051003390301,True
2,2,1,1,0,0,2,0,0,1,1,3,0,1,0,0,0.9692964234674873,False
2,2,1,0,0,1,0,3,0,0,1,1,0,1,1,1,0.9371872454960305,False
2,3,0,0,1,0,1,0,1,2,0,1,1,1,1,0,0.08111600667880511,True
2,1,2,0,0,1,1,0,0,1,2,1,2,0,0,1,0.9152831240467053,False
2,1,0,1,0,2,0,1,0,0,3,2,0,0,0,2,0.8596966426956886,False
2,0,1,0,1,2,0,2,0,2,0,1,0,0,2,1,0.016763257868074626,True
2,0,1,2,1,0,0,0,4,0,0,0,1,0,3,0,0.08059551394942115,True
2,2,0,0,0,2,0,1,0,3,0,0,1,2,0,1,0.022316418110970206,True
2,0,0,2,0,2,0,1,3,0,0,0,1,2,1,0,0.2758097172004675,False
2,0,0,0,2,2,1,0,1,0,2,0,0,1,3,0,0.04699089775599194,True
2,0,0,1,0,3,1,0,0,1,2,0,1,1,1,1,0.8789315208455712,False
2,0,3,0,1,0,3,1,0,0,0,0,2,0,2,0,0.06942627984568484,True
2,0,0,4,0,0,1,0,0,1,2,2,1,0,1,0,0.9358002680890917,False
2,3,0,0,0,1,0,0,4,0,0,0,0,2,2,0,0.9591026796432157,False
2,2,0,2,0,0,2,0,0,2,0,0,1,1,0,2,0.16136228911061307,True
2,1,2,0,1,0,1,0,0,0,3,3,0,1,0,0,0.0738153488482061,True
2,0,0,3,0,1,0,1,1,1,1,3,0,0,0,1,0.9376914614850451,False
2,0,2,0,0,2,0,0,4,0,0,0,0,0,2,2,0.9179757812818836,False
2,0,0,1,2,1,0,2,1,0,1,2,0,0,0,2,0.9192537074993128,False
2,1,3,0,0,0,1,2,0,1,0,0,0,0,2,2,0.033595159120108437,True
2,0,1,1,2,0,0,0,0,0,4,0,0,1,2,1,-0.006435140601050775,True
2,0,0,0,0,4,1,0,3,0,0,0,2,0,0,2,0.8790423712936566,False
2,0,1,1,1,1,4,0,0,0,0,1,0,2,1,0,0.9715198009099151,False
2,0,1,3,0,0,4,0,0,0,0,1,1,2,0,0,0.9240769460448499,False
2,0,1,3,0,0,0,0,3,0,1,0,0,0,0,4,0.8987028976859414,False
2,1,0,1,2,0,0,0,1,0,3,1,0,1,2,0,0.0413129034367734,True
2,0,1,2,0,1,0,4,0,0,0,0,3,0,0,1,0.04113556428450316,True
2,3,0,1,0,0,0,2,2,0,0,0,0,0,0,4,0.5788197091460259,False
2,1,1,0,0,2,0,1,1,1,1,1,2,1,0,0,0.1367059159052978,True
2,0,1,1,2,0,0,0,1,2,1,0,0,1,2,1,0.04302305525630612,True
2,2,0,0,2,0,1,1,2,0,0,3,1,0,0,0,0.09908536848282598,True
2,2,0,0,0,2,0,1,1,1,1,2,0,1,0,1,0.9193094563405403,False
2,2,0,0,0,2,0,3,0,0,1,0,2,1,1,0,0.056765106739756814,True
2,0,1,2,0,1,0,2,0,1,1,2,2,0,0,0,0.10756982597653535,True
2,1,1,1,1,0,0,2,0,1,1,0,2,0,2,0,0.05482403894090905,True
2,2,1,0,0,1,1,2,0,1,0,0,0,2,1,1,0.05785644797513841,True
2,2,2,0,0,0,1,0,2,1,0,0,0,4,0,0,0.13384548872359894,True
2,4,0,0,0,0,1,2,0,0,1,0,1,2,0,1,0.9600032425263948,False
2,1,1,2,0,0,2,0,1,0,1,0,0,3,1,0,0.9036479915915278,False
2,0,3,0,0,1,2,0,0,0,2,1,0,1,0,2,0.8997531652944689,False
2,0,0,3,1,0,0,0,0,0,4,0,0,2,0,2,0.8674919071566118,False
2,0,1,3,0,0,0,1,1,0,2,2,2,0,0,0,0.1085894481298103,True
2,0,1,1,1,1,0,2,0,0,2,0,2,1,0,1,0.9165907714979574,False
2,0,1,1,0,2,0,0,3,0,1,4,0,0,0,0,0.9374595912506186,False
2,3,0,0,0,1,0,2,1,0,1,1,0,3,0,0,0.9584622096257486,False
2,0,1,2,1,0,2,0,1,1,0,0,0,1,3,0,0.07496332795497819,True
2,3,0,1,0,0,2,1,0,0,1,1,0,1,2,0,0.9551301688794133,False
2,0,0,0,2,2,1,2,0,0,1,2,1,0,0,1,0.9158553689042763,False
2,2,1,1,0,0,1,1,1,1,0,0,0,3,0,1,0.11384046706686858,True
2,0,0,1,0,3,1,3,0,0,0,1,1,0,2,0,0.022286813071403677,True
2,0,1,1,2,0,0,0,0,0,4,3,1,0,0,0,0.01908536848282611,True
2,3,0,0,1,0,0,0,3,0,1,0,4,0,0,0,0.08311480368231232,True
2,0,3,0,0,1,0,0,2,0,2,0,1,0,1,2,0.8992903141156997,False
2,2,0,1,1,0,2,0,0,1,1,1,2,0,1,0,0.08434990126776984,True
2,0,0,4,0,0,2,0,1,0,1,2,2,0,0,0,0.9665231225310995,False
2,0,0,4,0,0,1,1,0,0,2,1,2,1,0,0,0.9369344152535617,False
2,3,1,0,0,0,0,3,0,0,1,4,0,0,0,0,0.8564623572824039,False
2,1,0,0,3,0,1,0,3,0,0,2,1,1,0,0,0.0941988126828467,True
2,0,1,2,0,1,0,0,0,2,2,0,1,1,0,2,0.8991691785330517,False
2,1,1,2,0,0,1,1,1,0,1,1,1,0,2,0,0.08615242303415428,True
2,1,2,0,0,1,3,1,0,0,0,1,1,1,1,0,0.09744378414711283,True
2,0,1,1,2,0,1,1,0,0,2,0,0,3,0,1,0.04241588953244323,True
2,0,1,0,2,1,1,0,1,2,0,2,0,0,2,0,0.0578035851097075,True
2,0,2,0,1,1,1,0,1,0,2,2,2,0,0,0,0.13460252423901917,True
2,0,1,1,1,1,1,0,2,1,0,1,0,1,2,0,0.08645263731195882,True
2,0,2,1,0,1,0,4,0,0,0,2,0,0,0,2,0.024772876936212423,True
2,0,0,0,1,3,2,0,0,1,1,1,0,0,3,0,0.04699089775599194,True
2,0,1,0,2,1,0,0,0,2,2,2,0,0,1,1,0.9139717448574596,False
2,0,4,0,0,0,2,0,2,0,0,0,1,0,3,0,0.07251316662766626,True
2,1,2,0,1,0,1,3,0,0,0,1,0,0,3,0,0.06804930555555555,True
2,0,0,1,3,0,2,0,0,1,1,1,1,2,0,0,0.06489067208928653,True
2,2,1,0,1,0,0,0,0,2,2,0,0,0,0,4,0.01828795593640295,True
2,2,0,1,0,1,1,0,1,0,2,2,1,1,0,0,0.9373566348116136,False
2,0,3,0,1,0,1,1,0,0,2,1,0,0,1,2,0.004449947933321589,True
2,1,2,0,0,1,1,0,0,0,3,0,0,2,0,2,0.879720050175943,False
2,3,0,0,0,1,0,1,3,0,0,2,2,0,0,0,0.29451155983792143,False
2,1,0,0,3,0,0,0,4,0,0,1,2,0,1,0,0.07607011537858178,True
2,2,0,1,1,0,0,3,0,0,1,1,0,0,1,2,0.14670091522508452,True
2,2,0,1,0,1,3,0,0,1,0,1,0,2,1,0,0.8992914573541749,False
2,0,2,0,1,1,1,2,0,0,1,3,1,0,0,0,0.23347389260226406,True
2,3,1,0,0,0,0,0,3,1,0,1,1,1,0,1,0.19656234702064618,True
2,1,0,0,2,1,3,1,0,0,0,0,0,0,3,1,0.11095097045203026,True
2,0,3,1,0,0,1,0,0,2,1,1,0,1,1,1,0.05290872485898319,True
2,0,0,0,1,3,0,1,1,2,0,3,0,0,0,1,0.022415889504070738,True
2,1,1,2,0,0,0,0,0,1,3,1,0,1,2,0,0.08206780135700976,True
2,0,1,1,2,0,0,1,0,0,3,0,0,0,4,0,0.00852386707606763,True
2,0,1,1,1,1,1,2,0,0,1,0,1,0,2,1,0.9266043364400142,False
2,2,0,1,0,1,0,0,1,0,3,1,1,2,0,0,0.9189084857090863,False
2,1,2,0,0,1,1,0,0,2,1,0,0,1,2,1,0.9350535631003571,False
2,0,0,0,2,2,4,0,0,0,0,0,1,2,0,1,0.9393295049403907,False
2,0,4,0,0,0,3,1,0,0,0,0,3,0,1,0,0.07034930185073576,True
2,1,1,0,0,2,3,0,0,1,0,0,0,3,1,0,0.4046438743098298,True
2,0,2,1,0,1,0,0,0,0,4,4,0,0,0,0,0.8998846250342556,False
2,0,1,3,0,0,0,0,1,0,3,1,0,2,0,1,0.9173211626391089,False
2,2,1,0,0,1,1,0,1,0,2,4,0,0,0,0,0.939696642695689,False
2,0,2,2,0,0,2,0,2,0,0,0,3,1,0,0,0.09713760536473791,True
2,0,0,3,1,0,1,0,3,0,0,1,2,1,0,0,0.3136928581145302,False
2,0,2,2,0,0,0,0,0,1,3,0,1,1,0,2,0.043500569973439145,True
2,2,0,0,2,0,1,1,0,2,0,0,0,0,1,3,0.012448062060363984,True
2,0,0,1,1,2,0,0,0,0,4,0,2,0,2,0,-0.000816015210927091,True
2,0,0,1,0,3,1,0,3,0,0,1,1,1,1,0,0.9249623660547559,False
2,1,2,0,0,1,0,0,3,1,0,1,1,0,0,2,0.8139883770617615,False
2,0,2,0,1,1,0,0,0,2,2,1,1,0,0,2,0.8963683808229962,False
2,1,1,1,1,0,1,0,0,2,1,0,0,3,0,1,0.09832431060381773,True
2,0,3,1,0,0,0,1,3,0,0,2,0,0,1,1,0.070550681742071,True
2,4,0,0,0,0,1,0,0,2,1,2,0,0,0,2,0.9393258392839374,False
2,2,0,0,2,0,0,0,1,1,2,2,2,0,0,0,0.054698443135743284,True
2,2,1,0,0,1,0,0,0,2,2,0,1,0,0,3,0.8774220759204894,False
2,3,0,1,0,0,2,0,2,0,0,0,1,1,1,1,0.9779835200151342,False
2,1,2,1,0,0,0,0,0,4,0,0,0,0,3,1,0.047655405179277625,True
2,0,0,4,0,0,0,2,0,1,1,1,3,0,0,0,0.1018695577053108,True
2,1,1,0,2,0,0,1,0,0,3,0,0,1,1,2,-0.007113862471916467,True
2,0,2,1,1,0,0,4,0,0,0,1,0,0,2,1,0.05159644256172842,True
2,1,0,0,3,0,0,3,0,1,0,0,1,0,1,2,0.02746661063600007,True
2,0,0,1,0,3,1,1,2,0,0,2,1,0,0,1,0.9092638865043876,False
2,1,0,0,0,3,1,0,2,1,0,1,3,0,0,0,0.07382539812293526,True
2,1,2,0,0,1,1,1,0,2,0,0,1,1,2,0,0.05252862665029505,True
2,1,0,0,3,0,0,0,0,4,0,1,1,1,0,1,0.04120419173594054,True
2,0,1,0,3,0,0,1,0,1,2,0,0,4,0,0,0.03790736355077953,True
2,1,0,1,2,0,1,0,3,0,0,2,0,0,0,2,0.6084658076495366,False
2,2,1,0,0,1,0,1,0,2,1,1,0,1,1,1,0.9377596840934935,False
2,1,3,0,0,0,0,1,2,0,1,0,1,2,1,0,0.0653339144055581,True
2,0,1,2,1,0,0,1,0,0,3,0,0,0,1,3,0.019988306477400665,True
2,1,0,2,0,1,0,2,2,0,0,0,2,0,2,0,0.06535829621552511,True
2,1,0,0,2,1,2,0,0,1,1,0,0,0,3,1,0.9297285620300056,False
2,0,3,1,0,0,2,1,1,0,0,1,0,1,0,2,0.0558912079872133,True
2,2,1,0,0,1,1,1,1,1,0,1,0,0,3,0,0.06159480173159092,True
2,4,0,0,0,0,1,0,0,1,2,1,0,1,2,0,0.9320316083963396,False
2,1,1,0,2,0,0,2,1,0,1,2,0,0,0,2,0.03245785199029118,True
2,1,0,1,2,0,0,1,1,2,0,0,0,3,0,1,0.05496332795497824,True
2,0,2,1,1,0,3,1,0,0,0,0,2,1,0,1,0.06501928394184885,True
2,1,0,1,1,1,0,0,0,0,4,2,1,0,1,0,0.8791892288927304,False
2,0,0,2,1,1,0,1,0,2,1,1,0,0,1,2,0.9176735115018562,False
2,1,0,2,0,1,1,0,3,0,0,0,2,0,2,0,0.15258187063140005,True
2,0,0,3,1,0,0,1,1,2,0,0,0,1,2,1,0.058295119572974854,True
2,0,0,0,0,4,0,3,0,0,1,1,1,2,0,0,0.8881731485538695,False
2,0,1,0,1,2,0,1,2,1,0,0,0,2,2,0,0.046260923331981466,True
2,0,0,1,3,0,2,0,2,0,0,0,2,2,0,0,0.08379557519797189,True
2,0,1,0,3,0,2,0,1,1,0,2,1,1,0,0,0.0720072844003771,True
2,0,1,1,1,1,1,3,0,0,0,0,4,0,0,0,0.05527223985854009,True
2,3,1,0,0,0,4,0,0,0,0,0,3,0,0,1,0.8489695295810831,False
2,1,0,3,0,0,1,0,1,2,0,1,0,1,2,0,0.10131290343677331,True
2,1,0,1,2,0,0,1,1,2,0,0,1,2,1,0,0.06839862314078128,True
2,1,0,1,0,2,0,1,1,2,0,1,0,3,0,0,0.08760056426778132,True
2,0,1,0,2,1,1,0,1,1,1,0,0,3,0,1,0.9387347498844102,False
2,1,2,0,0,1,0,0,4,0,0,2,2,0,0,0,0.4448524104275281,True
2,1,0,1,2,0,2,1,0,1,0,1,1,0,2,0,0.07006205976801534,True
2,0,0,2,1,1,2,0,0,2,0,0,0,1,3,0,0.05724388479075505,True
2,0,0,1,2,1,1,0,2,1,0,0,0,1,1,2,0.8106046209076289,False
2,3,0,1,0,0,0,0,1,1,2,1,1,0,1,1,0.938883595147752,False
2,1,0,1,0,2,0,0,2,2,0,0,3,1,0,0,0.052189117648896936,True
2,2,0,0,2,0,2,0,1,0,1,1,0,1,0,2,0.5884658076495367,False
2,0,4,0,0,0,2,0,2,0,0,0,2,1,1,0,0.07665861595236216,True
2,1,1,0,1,1,0,2,0,2,0,1,1,0,0,2,0.018916686831307022,True
2,0,1,0,3,0,1,0,0,3,0,2,0,0,1,1,0.043404132192219,True
2,3,0,1,0,0,1,0,0,2,1,0,0,4,0,0,0.9777956344070571,False
2,2,0,1,1,0,0,1,0,0,3,1,1,0,0,2,0.8824859046429864,False
2,1,0,0,3,0,2,0,1,0,1,0,2,0,0,2,0.02872360361241867,True
2,0,3,1,0,0,1,0,0,2,1,0,2,0,1,1,0.046032341936133765,True
2,0,0,0,4,0,1,0,2,0,1,0,2,1,1,0,0.04917843728227227,True
2,2,1,0,1,0,3,0,0,0,1,3,1,0,0,0,0.15508846064859727,True
2,0,0,0,3,1,0,2,1,0,1,0,1,3,0,0,0.2529065535867573,True
2,0,1,0,0,3,3,0,1,0,0,0,2,0,2,0,0.059183984794602906,True
2,1,2,1,0,0,0,0,2,1,1,0,0,1,3,0,0.06526368447324854,True
2,0,2,0,0,2,0,2,2,0,0,3,0,0,1,0,0.06579016471411304,True
2,0,1,2,1,0,1,3,0,0,0,0,0,0,4,0,0.06778549994759225,True
2,3,0,0,0,1,2,0,2,0,0,2,2,0,0,0,0.964431763914208,False
2,3,1,0,0,0,0,1,2,0,1,0,0,1,3,0,0.08241588953244318,True
2,1,1,0,0,2,0,1,2,0,1,2,1,0,0,1,0.9197402176677699,False
2,4,0,0,0,0,2,0,2,0,0,0,2,0,0,2,0.9597200501759438,False
2,0,0,0,1,3,1,0,0,1,2,2,0,0,0,2,0.8593258392839367,False
2,0,1,2,1,0,1,0,1,1,1,0,0,1,3,0,0.06159480173075627,True
2,1,0,1,1,1,0,1,2,1,0,0,1,0,0,3,0.06062704319616233,True
2,2,0,0,1,1,1,0,1,0,2,1,2,0,1,0,0.13812303135821763,True
2,1,0,1,2,0,0,2,0,2,0,1,0,1,2,0,0.06529036965314802,True
2,0,2,1,0,1,2,1,0,0,1,3,0,0,0,1,0.9400032425263947,False
2,0,0,1,1,2,0,0,3,0,1,3,0,0,0,1,0.9174595912506186,False
2,0,0,3,1,0,1,1,0,0,2,1,3,0,0,0,0.06780523958018998,True
2,2,1,0,0,1,0,1,3,0,0,1,0,0,2,1,0.8407677505016492,False
2,1,0,0,0,3,1,1,1,0,1,2,1,1,0,0,0.9145922956127877,False
2,0,0,2,2,0,2,1,0,0,1,2,0,0,1,1,0.08848801510610677,True
2,1,1,1,0,1,0,1,1,1,1,1,1,2,0,0,0.9503510914001492,False
2,0,0,1,3,0,1,0,1,0,2,0,2,1,0,1,0.028723603612418668,True
2,0,2,0,1,1,1,1,2,0,0,0,1,0,2,1,0.09016858740319328,True
2,0,3,0,1,0,1,1,1,0,1,2,0,0,0,2,0.02840226159154013,True
2,0,3,1,0,0,1,0,2,1,0,0,0,1,1,2,0.04899819532430078,True
2,0,0,0,3,1,0,0,0,4,0,0,0,4,0,0,0.052122797361446205,True
2,0,0,1,1,2,3,1,0,0,0,1,0,2,1,0,0.4263554065381587,True
2,2,1,0,0,1,0,2,1,1,0,0,0,0,2,2,0.0314385004204341,True
2,3,1,0,0,0,0,2,1,1,0,1,0,2,1,0,0.08452335913449811,True
2,0,1,1,1,1,0,0,3,0,1,0,0,2,1,1,0.9370682018118034,False
2,4,0,0,0,0,1,2,0,1,0,3,0,0,1,0,0.10052523390365967,True
2,1,0,0,2,1,1,0,0,1,2,0,1,1,2,0,0.05326131455720343,True
2,1,0,0,2,1,1,1,1,1,0,1,0,0,0,3,0.05830007777963731,True
2,3,0,0,0,1,3,0,0,1,0,1,0,0,3,0,0.09989855995460711,True
2,2,0,1,0,1,1,1,0,2,0,2,0,0,1,1,0.06417404659355191,True
2,0,1,1,2,0,1,1,0,2,0,2,1,0,1,0,0.06663747301050783,True
2,1,0,2,0,1,1,0,3,0,0,3,0,0,1,0,0.9728711971253488,False
2,0,1,0,1,2,3,0,0,1,0,0,0,4,0,0,0.9407304185596541,False
2,0,0,1,1,2,0,1,2,0,1,0,1,0,3,0,0.039153101527082006,True
2,0,0,2,0,2,2,0,0,1,1,2,0,1,1,0,0.9317516581068122,False
2,3,1,0,0,0,0,0,2,0,2,0,1,0,2,1,0.8181031659887065,False
2,1,0,0,3,0,3,0,1,0,0,4,0,0,0,0,0.11989855995460699,True
2,0,1,3,0,0,2,0,0,2,0,0,0,2,1,1,0.08417404659355189,True
2,2,0,1,1,0,0,0,0,1,3,1,0,2,0,1,0.9038156347990302,False
2,3,0,1,0,0,1,0,0,3,0,0,3,1,0,0,0.07811697379948898,True
2,1,0,2,0,1,0,0,3,0,1,0,4,0,0,0,0.1383347124183353,True
2,0,2,0,1,1,1,3,0,0,0,2,1,1,0,0,0.06484578921867525,True
2,0,1,1,1,1,3,0,0,1,0,1,1,2,0,0,0.16566585432836792,True
2,3,0,0,1,0,0,0,3,1,0,0,0,2,1,1,0.1802078280337494,True
2,0,1,2,1,0,0,2,0,2,0,0,0,0,3,1,0.04967615691358027,True
2,0,2,0,1,1,3,0,1,0,0,2,2,0,0,0,0.17460252423901912,True
2,1,0,2,1,0,2,0,0,0,2,3,1,0,0,0,0.8829723035949104,False
2,0,0,4,0,0,0,0,2,1,1,0,3,0,0,1,0.9575423058694685,False
2,2,1,0,1,0,3,1,0,0,0,0,0,2,1,1,0.0897540338838037,True
2,1,0,0,0,3,1,0,2,1,0,0,0,0,1,3,0.8632989440124201,False
2,0,0,0,2,2,0,1,1,2,0,0,0,3,1,0,0.04162948876632159,True
2,2,0,0,1,1,2,0,1,1,0,0,0,1,1,2,0.9182315004386568,False
2,1,1,0,2,0,1,0,1,1,1,0,1,0,3,0,0.05023889980748225,True
2,1,3,0,0,0,1,3,0,0,0,0,2,0,1,1,0.05347977751070929,True
2,0,2,1,0,1,1,1,0,2,0,0,0,2,2,0,0.05507430346326643,True
2,1,0,1,1,1,2,2,0,0,0,3,1,0,0,0,0.10091365687281283,True
2,0,0,0,2,2,2,0,1,1,0,0,0,0,1,3,0.7706046209076289,False
2,1,0,1,1,1,0,1,3,0,0,0,1,0,1,2,0.8233352805224494,False
2,1,1,2,0,0,0,0,0,2,2,0,1,0,0,3,0.7800446514187576,False
2,0,1,0,0,3,0,2,2,0,0,0,0,2,1,1,0.06428473264551497,True
2,0,0,0,1,3,0,3,0,0,1,3,1,0,0,0,0.9010582570058516,False
2,0,1,0,1,2,2,0,2,0,0,1,0,1,0,2,0.9186666794211121,False
2,0,1,0,2,1,1,0,1,1,1,1,0,3,0,0,0.9587347498844102,False
2,0,1,0,0,3,0,3,0,0,1,1,3,0,0,0,0.026097651338743554,True
2,0,0,1,0,3,0,0,1,2,1,3,0,1,0,0,0.9185598331575416,False
2,1,0,1,2,0,3,1,0,0,0,0,0,3,0,1,0.10760056426778129,True
2,2,2,0,0,0,0,1,0,0,3,0,0,1,0,3,0.07666795739994564,True
2,1,0,0,1,2,1,0,1,2,0,0,0,1,2,1,0.0477002930647277,True
2,0,1,0,2,1,1,0,0,3,0,0,2,0,2,0,0.048274505203993096,True
2,2,0,1,1,0,0,2,0,1,1,1,2,0,0,1,0.10692940352941965,True
2,0,0,1,3,0,1,0,2,1,0,3,0,1,0,0,0.08326272953053557,True
2,2,1,1,0,0,0,2,0,1,1,1,1,1,0,1,0.1800052675359936,True
2,1,2,0,0,1,0,1,0,2,1,2,0,0,1,1,0.9360411279890987,False
2,0,0,2,1,1,0,2,0,2,0,1,0,3,0,0,0.06526368447324857,True
2,3,0,0,0,1,1,2,0,0,1,0,3,0,0,1,0.9348840445269623,False
2,0,2,0,1,1,1,1,0,0,2,0,2,2,0,0,0.08611239310807614,True
2,0,0,1,2,1,0,0,0,0,4,1,0,2,0,1,0.8787595856710457,False
2,4,0,0,0,0,1,0,1,2,0,2,0,0,0,2,0.6084658076495366,False
2,0,0,2,2,0,1,1,0,1,1,1,0,0,2,1,0.056619392806822454,True
2,2,0,0,2,0,0,3,0,0,1,0,0,2,2,0,0.057803585110003185,True
2,1,0,2,0,1,1,1,1,1,0,1,1,1,0,1,0.1765623470206462,True
2,0,2,2,0,0,2,1,0,1,0,0,1,2,1,0,0.07917708937822965,True
2,1,1,0,0,2,1,0,3,0,0,0,0,4,0,0,0.9549938801036923,False
2,0,0,3,0,1,1,1,1,0,1,1,0,0,2,1,0.9376226385071491,False
2,0,3,0,0,1,1,1,2,0,0,0,0,1,0,3,0.8018194329084837,False
2,0,1,0,2,1,3,0,0,0,1,0,2,2,0,0,0.1556673607130429,True
2,2,0,2,0,0,2,1,0,1,0,0,1,2,1,0,0.1113348656495538,True
2,2,0,1,0,1,0,0,0,3,1,0,1,1,1,1,0.9373522186394512,False
2,4,0,0,0,0,1,2,1,0,0,1,1,1,0,1,0.19614707768891168,True
2,1,2,0,1,0,0,0,0,0,4,1,0,2,1,0,0.0205252339036598,True
2,0,3,0,0,1,1,0,0,2,1,0,1,2,0,1,0.9365340915849918,False
2,3,0,0,1,0,0,0,2,1,1,1,1,1,0,1,0.940398267165312,False
2,0,3,0,1,0,0,3,0,1,0,0,0,1,3,0,0.0667888888888889,True
2,1,2,0,1,0,0,0,2,0,2,0,0,0,4,0,0.0328898232950857,True
2,0,0,3,1,0,2,0,1,1,0,1,0,1,2,0,0.10131290343677331,True
2,0,2,0,1,1,1,0,2,0,1,3,1,0,0,0,0.9490196553246592,False
2,1,0,0,3,0,1,2,0,1,0,0,3,1,0,0,0.06678888888888888,True
2,0,0,1,0,3,1,1,0,2,0,0,1,0,0,3,-0.01541655247393155,True
2,0,0,0,4,0,0,1,3,0,0,4,0,0,0,0,0.07496332795497822,True
2,0,0,0,0,4,0,1,0,2,1,2,1,0,1,0,0.09029002191229342,True
2,0,2,0,2,0,0,0,0,1,3,0,3,1,0,0,0.013400898028769839,True
2,0,1,0,3,0,2,1,0,1,0,1,2,1,0,0,0.06783902476819466,True
2,0,2,0,1,1,1,3,0,0,0,0,1,0,2,1,0.0439367251690242,True
2,3,0,0,0,1,0,0,3,1,0,0,3,1,0,0,0.11383795599016497,True
2,0,3,1,0,0,0,4,0,0,0,2,0,1,0,1,0.12722579863854327,True
2,0,0,4,0,0,3,0,1,0,0,0,2,1,1,0,0.6594921441464777,False
2,1,0,1,1,1,0,2,0,2,0,0,0,0,2,2,0.01878213795913629,True
2,1,2,0,1,0,0,0,1,0,3,1,2,1,0,0,0.030174124231173313,True
2,2,1,1,0,0,1,2,0,0,1,0,3,1,0,0,0.07843947375748507,True
2,0,0,0,0,4,0,1,2,0,1,0,1,2,0,1,0.878462209625748,False
2,2,2,0,0,0,3,1,0,0,0,1,0,0,0,3,0.07135729846501072,True
2,3,0,0,0,1,2,0,1,0,1,0,4,0,0,0,0.13323662739520495,True
2,1,0,1,1,1,1,0,3,0,0,0,0,4,0,0,0.9731518413565174,False
2,0,2,2,0,0,1,0,2,0,1,3,1,0,0,0,0.1571181812215048,True
2,2,0,1,0,1,0,1,0,2,1,2,1,0,1,0,0.15149413805814857,True
2,0,1,0,0,3,2,0,1,0,1,0,4,0,0,0,0.04091365685633605,True
2,0,2,0,0,2,0,0,0,2,2,1,3,0,0,0,0.02609765137816672,True
2,0,1,0,0,3,0,0,3,1,0,1,1,1,1,0,0.0788775846953176,True
2,0,4,0,0,0,0,0,0,4,0,0,2,0,0,2,0.027405122741244712,True
2,1,0,1,0,2,0,2,0,1,1,2,2,0,0,0,0.13460252423901917,True
2,3,0,0,1,0,0,0,1,3,0,2,2,0,0,0,0.07333509003315569,True
2,2,1,1,0,0,0,2,0,1,1,2,0,2,0,0,0.8611008235084161,False
2,2,0,0,1,1,1,1,0,0,2,3,0,0,0,1,0.919400940135533,False
2,0,2,1,0,1,0,2,1,1,0,0,2,0,2,0,0.052640908109229056,True
2,1,2,0,0,1,1,0,0,1,2,2,0,2,0,0,0.9396148880987399,False
2,2,0,0,2,0,0,0,0,1,3,0,3,0,1,0,0.017877498286350428,True
2,0,0,3,0,1,0,2,1,1,0,0,0,0,1,3,0.029754033883803797,True
2,0,0,0,1,3,0,0,4,0,0,1,0,3,0,0,0.9344312381682771,False
2,0,1,3,0,0,3,0,0,0,1,1,2,1,0,0,0.29558091925134816,False
2,0,0,0,2,2,0,1,2,1,0,4,0,0,0,0,0.09831219600173567,True
2,0,1,0,1,2,1,1,2,0,0,0,1,0,2,1,0.09596136384895018,True
2,1,0,3,0,0,0,3,1,0,0,0,1,1,2,0,0.08228681307140359,True
2,0,0,1,0,3,0,3,1,0,0,0,0,1,3,0,0.020778657334954827,True
2,0,1,1,2,0,0,2,1,1,0,0,0,2,1,1,0.05168373089815092,True
2,0,0,0,4,0,1,1,0,0,2,2,0,0,2,0,0.027186906168082406,True
2,2,0,1,1,0,0,1,0,2,1,0,0,0,0,4,0.773899481674013,False
2,0,4,0,0,0,1,0,0,0,3,0,0,1,3,0,0.015030097187167376,True
2,0,0,0,2,2,0,0,1,2,1,2,1,1,0,0,0.9313739854962665,False
2,0,4,0,0,0,0,0,3,0,1,0,2,0,2,0,0.05332018592595512,True
2,0,1,1,1,1,0,4,0,0,0,1,1,0,2,0,0.05316229757200728,True
2,0,2,2,0,0,0,0,2,0,2,0,0,1,2,1,0.08903715664755911,True
2,2,1,0,0,1,1,0,1,0,2,0,0,3,0,1,0.9179723763943541,False
2,0,1,0,3,0,0,1,0,3,0,1,0,0,0,3,0.0033305555555556564,True
2,4,0,0,0,0,2,0,1,1,0,0,0,0,3,1,0.8419783457241359,False
2,2,0,2,0,0,0,1,1,0,2,1,1,1,1,0,0.9305748114747379,False
2,0,3,0,1,0,1,2,0,1,0,0,2,0,1,1,0.05110707437500003,True
2,0,1,2,1,0,0,1,2,0,1,1,1,0,2,0,0.06411410179728858,True
2,0,0,2,1,1,2,1,1,0,0,1,0,0,3,0,0.08241588950407068,True
2,0,1,0,3,0,0,1,2,1,0,1,0,0,2,1,0.048490609621765955,True
2,0,0,0,1,3,0,3,1,0,0,0,2,0,2,0,0.01577560152148164,True
2,0,1,2,0,1,1,2,1,0,0,0,0,3,0,1,0.16545485421531353,True
2,0,0,3,1,0,3,1,0,0,0,0,0,1,1,2,0.1757288975078359,True
2,0,0,0,4,0,0,1,3,0,0,1,0,1,0,2,0.03496332795497827,True
2,1,1,1,0,1,3,0,1,0,0,2,0,0,0,2,0.9389570148798239,False
2,0,0,3,0,1,1,1,1,0,1,0,2,0,2,0,0.07918398479460288,True
2,0,0,1,1,2,2,0,2,0,0,0,0,0,1,3,0.8981100258332747,False
2,0,1,1,0,2,4,0,0,0,0,1,2,0,0,1,0.9388573767084394,False
2,2,0,0,2,0,0,1,1,2,0,0,0,1,2,1,0.05069916776189307,True
2,0,1,1,0,2,0,0,0,4,0,0,0,0,4,0,0.02202178627006121,True
2,1,0,2,0,1,0,2,2,0,0,1,1,2,0,0,0.1587319687956246,True
2,1,2,1,0,0,0,1,0,2,1,0,0,1,3,0,0.05868660374918056,True
2,1,1,0,1,1,0,2,0,0,2,1,2,0,1,0,0.04501729112757731,True
2,4,0,0,0,0,0,0,0,3,1,0,0,0,1,3,0.9170072907590806,False
2,1,0,2,1,0,2,0,1,1,0,2,0,2,0,0,0.6484658076495367,False
2,1,0,1,1,1,0,0,0,3,1,0,0,1,2,1,0.9341046323322385,False
2,0,0,3,0,1,2,1,1,0,0,0,3,0,0,1,0.842729071534109,False
2,0,1,0,2,1,1,0,2,0,1,0,0,0,1,3,0.8984598825170899,False
2,0,0,0,3,1,2,0,1,1,0,0,2,0,2,0,0.05975574871237873,True
2,2,0,1,1,0,0,0,2,2,0,0,1,3,0,0,0.0941988126828467,True
2,0,0,0,4,0,2,0,0,2,0,0,1,1,2,0,0.060330555555555554,True
2,0,1,1,1,1,0,0,2,2,0,0,0,3,1,0,0.07466439809526564,True
2,0,2,0,1,1,4,0,0,0,0,1,1,1,0,1,0.9585907774751594,False
2,0,0,1,0,3,3,0,0,0,1,2,0,2,0,0,0.9181626615930597,False
2,0,0,2,0,2,1,1,1,1,0,2,1,1,0,0,0.13512359861371734,True
2,0,1,0,3,0,0,1,2,1,0,0,1,0,0,3,0.009690489729774078,True
2,0,0,0,3,1,0,3,0,1,0,1,0,1,1,1,0.039280378031302556,True
2,1,0,0,0,3,1,2,0,1,0,0,0,4,0,0,0.07383042176660229,True
2,2,1,1,0,0,0,0,4,0,0,0,1,1,2,0,0.13192592140729426,True
2,0,0,1,3,0,2,0,2,0,0,0,0,0,0,4,0.039898559954607137,True
2,2,0,1,0,1,0,3,0,1,0,1,0,1,0,2,0.03556355248500351,True
2,0,3,0,0,1,1,2,0,1,0,0,0,1,1,2,0.027030624632819605,True
2,0,1,0,3,0,0,2,1,0,1,1,0,0,3,0,0.046250972858675764,True
2,1,0,0,2,1,0,1,0,1,2,0,1,2,1,0,0.08231188919678963,True
2,1,1,0,1,1,0,1,0,3,0,0,0,2,2,0,0.048916112890500234,True
2,1,1,2,0,0,0,0,0,1,3,0,1,0,3,0,0.029313395570643608,True
2,1,0,2,1,0,0,1,2,1,0,0,2,0,2,0,0.07372578380363505,True
2,0,4,0,0,0,0,0,2,1,1,0,1,0,3,0,0.05137779981028562,True
2,0,0,0,2,2,0,4,0,0,0,1,0,1,0,2,0.00460110896371251,True
2,2,0,0,2,0,2,0,2,0,0,0,1,2,1,0,0.10569522546426137,True
2,1,1,1,0,1,0,0,0,2,2,0,2,0,1,1,0.9161228197498379,False
2,0,1,2,1,0,1,2,1,0,0,1,1,0,0,2,0.04917618530003477,True
2,1,0,1,1,1,0,0,3,0,1,0,2,1,0,1,0.9379592941398293,False
2,0,1,0,1,2,2,0,2,0,0,1,2,0,1,0,0.09917730077386276,True
2,0,0,2,1,1,2,0,1,1,0,1,0,0,3,0,0.07592782407070034,True
2,0,0,0,3,1,0,1,0,2,1,0,4,0,0,0,0.04942237593610414,True
2,1,0,3,0,0,1,1,0,0,2,4,0,0,0,0,0.9579723763943544,False
2,1,0,3,0,0,0,0,4,0,0,1,1,1,0,1,0.9721181276688828,False
2,0,0,0,4,0,0,1,0,1,2,0,0,3,1,0,0.029292737957097362,True
2,0,0,3,1,0,0,0,4,0,0,1,0,1,1,1,0.9641543255389323,False
2,3,1,0,0,0,0,0,2,2,0,0,1,1,2,0,0.07712114468004458,True
2,2,0,0,0,2,4,0,0,0,0,1,2,0,0,1,0.9383623265230285,False
2,1,0,0,1,2,3,1,0,0,0,1,2,0,1,0,0.06744297054833008,True
2,0,3,0,1,0,2,1,0,0,1,1,3,0,0,0,0.054835654923266156,True
2,3,0,0,0,1,1,2,1,0,0,0,1,0,1,2,0.08407112813866167,True
2,0,2,0,2,0,2,0,1,1,0,1,1,1,0,1,0.055551525013205684,True
2,0,0,1,2,1,0,0,0,1,3,2,2,0,0,0,0.11460252394554084,True
2,3,0,1,0,0,0,4,0,0,0,1,0,1,0,2,0.05524799114664269,True
2,2,0,1,0,1,0,3,1,0,0,0,0,0,3,1,0.053562903981743605,True
2,3,0,0,0,1,0,2,1,1,0,2,0,0,1,1,0.06975403388380373,True
2,0,0,2,2,0,0,0,4,0,0,0,0,0,4,0,0.07430488028326093,True
2,2,1,0,1,0,1,0,0,2,1,0,1,0,1,2,0.04480693046408229,True
2,0,0,2,1,1,2,0,0,0,2,1,0,0,3,0,0.12332058816520804,True
2,0,0,1,0,3,0,0,1,1,2,1,2,0,0,1,0.8796148880987393,False
2,3,0,1,0,0,0,2,0,0,2,1,1,2,0,0,0.9538453385273431,False
2,0,1,0,1,2,0,2,0,0,2,1,0,1,2,0,0.054848443871466875,True
2,0,2,1,1,0,1,0,0,0,3,4,0,0,0,0,0.07381786141533321,True
2,0,4,0,0,0,3,0,0,0,1,2,0,0,0,2,0.03414589738884614,True
2,0,4,0,0,0,2,0,0,2,0,0,0,1,0,3,0.015030097187167362,True
2,2,2,0,0,0,0,1,1,1,1,0,1,0,0,3,0.03860929975275367,True
2,0,2,1,0,1,3,0,1,0,0,1,2,0,1,0,0.11917730110367854,True
2,1,0,1,1,1,1,0,0,0,3,2,0,0,0,2,0.8794271154491624,False
2,0,1,2,1,0,0,1,0,3,0,0,0,0,1,3,0.009535399773552182,True
2,0,1,1,2,0,0,0,1,3,0,0,1,1,2,0,0.0626326388888889,True
2,0,2,0,0,2,2,1,0,1,0,0,1,0,3,0,0.0346862169255952,True
2,0,0,0,1,3,1,1,0,0,2,1,0,2,0,1,0.879466692922822,False
2,0,0,0,0,4,0,2,0,1,1,0,2,0,2,0,-0.0050060729590886924,True
2,0,0,0,0,4,0,0,1,2,1,0,0,0,2,2,0.8569089577097923,False
2,0,0,0,2,2,3,0,0,1,0,1,1,1,0,1,0.8138638549083557,False
2,0,3,0,0,1,1,0,0,2,1,1,2,0,0,1,0.9249884934988709,False
2,2,0,1,0,1,0,2,2,0,0,0,0,4,0,0,0.6419449834827744,False
2,0,0,0,0,4,0,0,0,0,4,3,0,0,1,0,0.8331233720227756,False
2,3,0,0,1,0,0,0,2,2,0,0,1,0,0,3,0.03814144860379781,True
2,0,3,0,1,0,0,1,0,0,3,1,2,0,0,1,0.0018505531660637559,True
2,0,0,0,0,4,0,0,0,2,2,0,0,2,2,0,0.3123448698452068,True
2,1,1,1,1,0,0,1,1,0,2,0,2,2,0,0,0.059106931643162074,True
2,0,1,0,2,1,2,1,1,0,0,0,2,0,0,2,0.09478314720891735,True
2,2,0,1,0,1,3,1,0,0,0,2,0,1,0,1,0.9506685043475405,False
2,0,0,1,0,3,1,1,1,1,0,0,0,0,1,3,0.09572889750783606,True
2,4,0,0,0,0,1,0,2,1,0,1,0,0,3,0,0.11989855995460706,True
2,4,0,0,0,0,0,0,2,1,1,1,3,0,0,0,0.17947357767197805,True
2,2,1,0,0,1,0,3,1,0,0,1,1,1,1,0,0.06503932254754707,True
2,0,3,0,0,1,0,0,1,0,3,0,0,1,1,2,0.8793672593053179,False
2,0,0,0,2,2,3,0,0,0,1,1,0,0,0,3,0.8793258392839371,False
2,0,2,1,0,1,0,3,0,0,1,2,0,0,0,2,0.918702897685941,False
2,0,1,0,0,3,0,0,3,0,1,0,3,0,0,1,0.8997576925149632,False
2,2,0,0,2,0,0,0,2,1,1,0,0,3,0,1,0.14332058816520787,True
2,3,0,0,1,0,0,0,2,1,1,1,0,1,1,1,0.9385262255263219,False
2,0,0,2,2,0,1,1,0,2,0,0,3,1,0,0,0.06845813223946548,True
2,1,0,2,0,1,2,2,0,0,0,0,1,0,3,0,0.06363034315581058,True
2,1,0,1,0,2,0,1,1,0,2,0,0,0,2,2,0.8784430920059776,False
2,0,1,3,0,0,0,3,1,0,0,0,0,0,1,3,0.03055068174207107,True
2,0,0,1,3,0,1,1,0,1,1,0,2,0,1,1,0.03652975448538759,True
2,1,0,1,2,0,0,2,2,0,0,1,0,0,0,3,0.032189117648896995,True
2,1,2,0,1,0,1,2,0,1,0,0,0,0,3,1,0.05132868810751837,True
2,2,0,0,2,0,1,0,1,2,0,1,1,1,0,1,0.05803531060205055,True
2,0,3,0,1,0,1,0,0,1,2,0,4,0,0,0,0.032432802986596815,True
2,1,2,0,0,1,2,0,0,0,2,2,0,0,1,1,0.918558246045006,False
2,0,1,0,3,0,0,0,1,1,2,0,0,3,0,1,0.02159480173075633,True
2,0,0,1,2,1,0,1,0,2,1,0,4,0,0,0,0.04978105688846839,True
2,0,0,0,2,2,0,1,0,2,1,4,0,0,0,0,0.9371875079999165,False
2,0,0,2,2,0,2,2,0,0,0,0,1,1,0,2,0.046027713442426704,True
2,0,1,0,2,1,0,2,1,0,1,3,0,0,0,1,0.9385878088070854,False
2,2,0,0,2,0,1,0,0,1,2,0,0,0,0,4,0.063320588165208,True
2,0,1,1,0,2,1,1,2,0,0,0,1,0,3,0,0.04931339563551705,True
2,0,0,0,4,0,3,0,1,0,0,1,0,3,0,0,0.08326272953053557,True
2,2,2,0,0,0,0,0,1,3,0,2,1,1,0,0,0.0745154265619327,True
2,0,3,1,0,0,1,0,1,2,0,0,1,0,2,1,0.054264913091878635,True
2,2,0,1,1,0,0,2,1,1,0,1,1,0,0,2,0.046027713442426704,True
2,0,1,3,0,0,1,2,0,1,0,1,0,1,0,2,0.05557303064362705,True
2,0,1,1,1,1,0,2,1,0,1,1,0,3,0,0,0.9583759369289311,False
2,2,0,1,0,1,0,0,0,2,2,0,0,0,1,3,0.8784276475366212,False
2,1,0,0,2,1,0,0,2,2,0,0,1,1,1,1,0.05712253610173431,True
2,0,0,3,0,1,0,1,0,2,1,1,0,2,0,1,0.9377414696275191,False
2,0,0,3,1,0,0,0,4,0,0,1,2,1,0,0,0.31370508597378843,False
2,0,0,1,3,0,0,1,2,0,1,1,0,1,2,0,0.053927150413001904,True
2,1,0,3,0,0,0,0,0,2,2,1,0,0,1,2,0.91821553095459,False
2,1,1,2,0,0,0,0,4,0,0,0,0,0,4,0,0.09592476557341173,True
2,0,0,1,2,1,2,0,1,1,0,0,1,2,0,1,0.8340061268088403,False
2,0,2,1,0,1,0,0,1,2,1,0,3,1,0,0,0.06872945489399633,True
2,1,3,0,0,0,1,2,0,1,0,0,0,0,3,1,0.05261640208140436,True
2,0,0,1,1,2,0,0,2,1,1,0,1,0,1,2,0.8984332257354058,False
2,0,3,0,0,1,3,0,0,1,0,0,1,0,3,0,0.05716042089234746,True
2,2,0,1,0,1,0,0,2,2,0,0,0,0,3,1,0.0684481950214889,True
2,0,0,2,2,0,0,1,2,0,1,0,2,0,0,2,0.0490587429764077,True
2,0,1,0,1,2,1,3,0,0,0,0,0,1,3,0,0.03577316866323186,True
2,1,0,3,0,0,0,0,2,2,0,0,1,0,1,2,0.09217550737042936,True
2,0,0,0,3,1,0,3,1,0,0,3,1,0,0,0,0.06501340321839963,True
2,1,1,0,2,0,0,0,0,1,3,2,1,1,0,0,0.029313395570643625,True
2,1,3,0,0,0,2,0,0,0,2,1,0,1,2,0,0.049292097330890426,True
2,0,2,1,0,1,0,3,1,0,0,1,0,1,0,2,0.039183370419019634,True
2,1,1,1,0,1,0,0,1,0,3,1,0,1,0,2,0.8783236709339608,False
2,0,1,2,0,1,0,1,0,3,0,2,0,0,1,1,0.0380535859616746,True
2,1,2,1,0,0,0,2,1,0,1,1,0,0,3,0,0.06141252383644148,True
2,1,1,1,1,0,0,0,0,3,1,0,0,3,1,0,0.07315803724979025,True
2,0,0,2,2,0,1,0,2,0,1,0,2,2,0,0,0.08957353954619372,True
2,0,0,0,0,4,1,1,0,1,1,2,1,1,0,0,0.8917990099007711,False
2,0,2,0,1,1,1,0,1,0,2,2,1,0,1,0,0.131494138124676,True
2,0,1,1,0,2,0,3,1,0,0,0,2,2,0,0,0.04606629858239884,True
2,1,0,3,0,0,1,2,1,0,0,0,0,2,1,1,0.20302004418600625,True
2,2,1,0,1,0,1,2,0,1,0,3,1,0,0,0,0.0766089868055632,True
2,0,1,1,2,0,0,1,1,1,1,1,0,1,1,1,0.0469513965207772,True
2,0,0,3,0,1,0,1,0,1,2,2,0,1,0,1,0.9177973647652109,False
2,0,1,2,1,0,1,1,2,0,0,2,0,0,2,0,0.0861958172283015,True
2,0,0,0,0,4,3,0,0,0,1,1,1,2,0,0,0.8953160139685378,False
2,1,2,1,0,0,1,1,1,1,0,1,0,3,0,0,0.09557461004820174,True
2,1,2,0,0,1,0,1,1,0,2,0,1,0,1,2,0.8971872454960306,False
2,1,0,0,0,3,0,0,2,0,2,2,0,0,1,1,0.8785735893652323,False
2,1,2,0,1,0,4,0,0,0,0,2,0,0,1,1,0.0897540338838037,True
2,3,0,0,0,1,0,4,0,0,0,1,0,0,2,1,0.044661170160279144,True
2,2,0,2,0,0,2,0,1,1,0,0,0,2,1,1,0.963737126613715,False
2,0,1,1,1,1,0,0,1,2,1,0,2,0,1,1,0.9312892085343393,False
2,1,1,0,1,1,0,0,0,1,3,0,0,0,4,0,0.00743651223483169,True
2,1,2,0,1,0,0,0,3,1,0,3,0,0,0,1,0.07218911764889692,True
2,1,0,0,3,0,2,2,0,0,0,2,1,0,0,1,0.055551525013205684,True
2,1,0,0,3,0,0,1,0,3,0,0,1,0,1,2,0.023193750000000065,True
2,0,2,2,0,0,1,0,1,1,1,0,4,0,0,0,0.06306236937875305,True
2,0,2,0,1,1,1,0,1,0,2,0,0,1,1,2,0.8989452290567097,False
2,1,0,1,0,2,1,2,1,0,0,1,1,1,0,1,0.1582508857456818,True
2,0,1,1,0,2,0,0,4,0,0,0,1,1,0,2,0.9161326558202079,False
2,0,0,2,2,0,1,0,2,1,0,2,0,0,0,2,0.07989855995460707,True
2,0,3,0,1,0,1,1,0,0,2,0,1,1,1,1,0.021703835323802365,True
2,1,1,0,0,2,0,3,0,1,0,0,1,2,0,1,0.02461407473442489,True
2,0,0,0,2,2,1,2,0,0,1,1,0,0,0,3,0.8780270407017401,False
2,1,0,0,1,2,0,0,2,2,0,0,1,0,0,3,0.029332135890427918,True
2,0,0,3,0,1,2,1,1,0,0,0,2,0,0,2,0.9158671525438222,False
2,4,0,0,0,0,0,0,2,1,1,3,0,1,0,0,0.9782665532266531,False
2,0,1,0,3,0,2,0,1,1,0,0,3,0,0,1,0.04993507404185085,True
2,0,0,0,0,4,1,3,0,0,0,0,2,1,1,0,0.002761640562386417,True
2,1,0,1,0,2,0,2,1,0,1,1,0,2,1,0,0.9336282036242776,False
2,1,0,0,1,2,2,2,0,0,0,2,2,0,0,0,0.05816596063428024,True
2,0,1,2,0,1,0,0,1,3,0,3,0,1,0,0,0.07592782407345845,True
2,3,0,0,1,0,1,0,0,0,3,1,2,1,0,0,0.253619419541798,False
2,3,1,0,0,0,0,0,0,2,2,1,2,0,0,1,0.1535469769574944,True
2,1,2,0,0,1,0,3,1,0,0,0,0,0,2,2,0.02873940179039765,True
2,1,0,3,0,0,0,0,3,0,1,0,0,3,0,1,0.9489234357613747,False
2,0,0,1,0,3,0,1,2,1,0,0,0,2,2,0,0.04769508483621002,True
2,0,1,1,1,1,1,1,0,2,0,1,0,1,0,2,0.03245785191875363,True
2,0,2,0,0,2,1,0,0,0,3,0,0,2,1,1,0.879343268867658,False
2,0,1,2,1,0,0,3,0,0,1,0,0,0,3,1,0.0511920302872884,True
2,0,1,0,0,3,1,2,0,0,1,0,0,1,1,2,0.8785562234914114,False
2,1,0,1,0,2,3,0,1,0,0,1,3,0,0,0,0.6175498086671355,False
2,0,0,0,0,4,0,2,2,0,0,2,1,1,0,0,0.09543693510916791,True
2,0,1,0,3,0,0,0,3,0,1,2,2,0,0,0,0.056136934785297625,True
2,1,1,1,1,0,0,0,1,1,2,0,0,1,2,1,0.056897024550427756,True
2,0,2,0,0,2,0,1,1,1,1,0,0,1,2,1,0.916285147400473,False
2,0,2,0,0,2,0,0,3,1,0,2,0,0,2,0,0.06645263732530036,True
2,0,0,1,1,2,0,0,2,1,1,0,0,2,2,0,0.3723448698452067,True
2,1,0,0,0,3,0,0,0,4,0,0,0,0,1,3,-0.04227487596764435,True
2,0,2,0,1,1,1,0,0,3,0,2,0,2,0,0,0.06190004185888497,True
2,0,0,4,0,0,0,2,2,0,0,0,0,3,1,0,0.17754920853713801,True
2,2,1,1,0,0,0,0,3,0,1,2,0,1,1,0,0.9035737649367832,False
2,1,2,1,0,0,0,0,1,0,3,0,0,3,1,0,0.11584171718970225,True
2,1,1,1,1,0,0,1,1,0,2,1,1,0,0,2,0.060615170389809535,True
2,0,0,1,1,2,2,2,0,0,0,0,3,1,0,0,0.048728114918599984,True
2,0,0,3,0,1,1,0,0,1,2,2,0,1,1,0,0.9318811218688348,False
2,3,0,1,0,0,1,0,2,0,1,1,1,0,1,1,0.9584844418435874,False
2,0,0,0,1,3,0,1,0,0,3,0,0,2,0,2,0.8394666929228218,False
2,0,2,0,1,1,2,0,0,1,1,1,0,2,1,0,0.938877722398181,False
2,0,2,1,0,1,1,0,2,1,0,3,0,1,0,0,0.9623618890570373,False
2,0,1,1,2,0,0,1,0,0,3,0,0,0,2,2,-0.01290675774014952,True
2,2,0,2,0,0,0,1,1,2,0,3,0,1,0,0,0.12760056426778127,True
2,2,0,0,1,1,3,0,0,1,0,0,0,0,0,4,0.8831484777121058,False
2,2,0,2,0,0,0,1,0,2,1,2,0,1,1,0,0.9681588207740898,False
2,0,0,1,2,1,0,2,1,1,0,2,0,1,1,0,0.06527499161049996,True
2,0,0,4,0,0,1,2,1,0,0,0,0,3,1,0,0.17712906597600134,True
2,1,3,0,0,0,0,0,0,3,1,3,0,0,0,1,0.05174351015019831,True
2,0,0,4,0,0,2,0,2,0,0,0,1,1,0,2,0.9536116748137277,False
2,0,1,0,1,2,0,2,0,0,2,1,1,1,1,0,0.06181066197275587,True
2,0,3,0,1,0,2,1,0,0,1,2,1,0,1,0,0.05672921917663626,True
2,0,1,0,0,3,3,1,0,0,0,0,2,0,0,2,0.7716618475200296,False
2,2,1,0,1,0,1,0,2,1,0,0,2,1,1,0,0.07905814843227055,True
2,0,0,1,0,3,2,0,0,2,0,1,2,1,0,0,0.04957353954619379,True
2,0,0,3,1,0,0,0,0,0,4,0,1,2,1,0,0.22643262930924854,False
2,1,0,0,1,2,0,0,0,1,3,1,1,0,1,1,0.8779172973534899,False
2,1,1,0,0,2,2,0,1,1,0,2,2,0,0,0,0.10501991352889495,True
2,0,0,0,4,0,0,0,0,1,3,0,1,1,2,0,0.006146707881703102,True
2,0,3,0,1,0,1,0,0,2,1,0,1,3,0,0,0.05939945701788682,True
2,0,1,0,2,1,0,2,0,2,0,1,1,2,0,0,0.05559893711559464,True
2,0,1,2,1,0,0,1,1,1,1,0,1,0,0,3,0.03699436397499942,True
2,1,1,2,0,0,0,0,0,4,0,1,1,1,1,0,0.06839862314078128,True
2,1,1,1,0,1,1,1,0,0,2,2,0,1,0,1,0.9195230089114067,False
2,0,3,1,0,0,1,1,2,0,0,2,0,2,0,0,0.0969335507746728,True
2,0,0,0,2,2,1,1,1,1,0,2,0,0,1,1,0.05644048968575716,True
2,1,1,0,0,2,0,0,1,3,0,2,0,0,0,2,0.01592782407345856,True
2,0,1,0,0,3,0,3,0,0,1,1,1,0,1,1,0.8918495348716946,False
2,0,1,0,3,0,0,0,2,2,0,1,0,1,2,0,0.062996520797221,True
2,0,0,1,2,1,0,0,4,0,0,1,2,0,1,0,0.12079103390409815,True
2,1,0,0,3,0,0,1,0,3,0,1,1,1,1,0,0.0619,True
2,0,0,2,0,2,0,0,0,0,4,2,1,0,0,1,0.8592343255381928,False
2,0,0,0,1,3,0,2,0,2,0,0,2,0,0,2,-0.02081623390997153,True
2,1,1,0,1,1,0,0,1,0,3,3,0,0,1,0,0.9099829910870018,False
2,0,3,1,0,0,0,1,1,1,1,1,0,0,1,2,0.03311403576966186,True
2,0,2,0,2,0,0,0,4,0,0,3,1,0,0,0,0.08363034315581057,True
2,0,2,1,0,1,0,1,0,2,1,1,0,0,1,2,0.9166553937952139,False
2,4,0,0,0,0,1,0,0,2,1,2,2,0,0,0,0.4247433623500895,True
2,0,0,1,3,0,0,2,1,0,1,0,0,0,3,1,0.03599848495861029,True
2,0,0,0,1,3,1,0,0,3,0,0,0,3,1,0,0.02166176060830889,True
2,1,3,0,0,0,0,0,2,0,2,0,0,0,1,3,0.010363501373626825,True
2,1,0,1,1,1,0,2,1,1,0,0,0,1,0,3,0.027803104988048267,True
2,0,1,0,3,0,0,0,3,0,1,1,1,0,2,0,0.05006205976801537,True
2,0,0,2,0,2,1,1,1,0,1,2,0,2,0,0,0.9371790650583787,False
2,1,1,0,1,1,1,1,1,1,0,1,0,0,2,1,0.06433896044585982,True
2,1,2,0,0,1,0,3,0,0,1,0,2,1,1,0,0.05807333834192893,True
2,1,0,2,0,1,0,2,1,1,0,1,0,1,0,2,0.07383795599016506,True
2,0,0,2,2,0,0,0,2,2,0,0,0,0,0,4,0.003262729530535708,True
2,1,0,1,2,0,0,0,0,2,2,0,1,0,0,3,0.008003171126104216,True
2,1,0,0,0,3,2,1,1,0,0,1,2,1,0,0,0.25229133580668583,False
2,0,3,1,0,0,0,1,1,0,2,2,1,0,1,0,0.04509851587308686,True
2,2,2,0,0,0,1,3,0,0,0,0,1,0,0,3,0.019557547495142522,True
2,1,0,1,1,1,2,0,2,0,0,0,3,0,0,1,0.9595310277863396,False
2,1,0,2,1,0,1,0,1,2,0,0,0,4,0,0,0.11989855995460699,True
2,0,1,0,2,1,4,0,0,0,0,0,0,2,0,2,0.9392912913954008,False
2,2,0,0,2,0,2,1,1,0,0,1,0,2,0,1,0.10760056426778129,True
2,0,0,3,0,1,0,1,0,2,1,0,2,1,1,0,0.0781071876085806,True
2,1,1,0,2,0,2,1,1,0,0,2,2,0,0,0,0.0784904896659544,True
2,0,0,3,0,1,1,0,2,1,0,1,1,0,1,1,0.942735969204215,False
2,0,3,1,0,0,0,1,1,0,2,1,1,1,0,1,0.03970021160243811,True
2,0,0,1,0,3,2,0,1,1,0,0,1,1,1,1,0.9000861632522895,False
2,0,2,1,1,0,1,1,1,1,0,0,0,0,2,2,0.03581431566916105,True
2,0,1,1,0,2,1,0,0,2,1,1,0,0,2,1,0.9165068663804155,False
2,2,0,0,0,2,1,1,0,2,0,1,0,0,0,3,0.02760056426778143,True
2,1,3,0,0,0,2,0,1,1,0,2,0,1,1,0,0.08452335913449811,True
2,0,1,0,3,0,0,0,0,4,0,1,1,0,0,2,0.021132638888888954,True
2,0,0,1,3,0,2,0,0,1,1,0,0,3,1,0,0.06166176060830883,True
2,0,0,0,3,1,2,0,1,0,1,0,2,0,1,1,0.935412864395724,False
2,0,0,1,2,1,2,2,0,0,0,2,0,1,1,0,0.08568644567560695,True
2,0,1,0,0,3,1,1,0,1,1,1,1,1,1,0,0.11109632708221412,True
2,0,3,1,0,0,2,1,0,0,1,3,1,0,0,0,0.07283837783234023,True
2,0,2,1,1,0,2,1,0,0,1,0,0,1,2,1,0.05143850042043407,True
2,0,2,0,2,0,0,0,3,0,1,2,1,0,1,0,0.056970769965405135,True
2,1,0,1,1,1,1,0,1,0,2,0,2,1,1,0,0.13931478784532608,True
2,3,0,1,0,0,0,0,0,2,2,0,1,2,1,0,0.4132320743978923,True
2,2,0,0,1,1,1,0,0,2,1,0,0,2,0,2,0.9189153087862034,False
2,1,0,0,3,0,2,2,0,0,0,1,0,1,2,0,0.06920262757627053,True
2,2,0,1,0,1,0,1,2,1,0,1,1,1,1,0,0.09133486564955384,True
2,0,0,1,1,2,0,1,1,1,1,0,1,2,0,1,0.9189153695692908,False
2,1,0,2,0,1,0,3,1,0,0,1,1,2,0,0,0.08461658416417765,True
2,3,0,1,0,0,1,2,0,0,1,0,1,0,3,0,0.07915310157297725,True
2,2,0,0,2,0,0,1,2,1,0,3,0,0,1,0,0.07826818713712283,True
2,1,0,0,3,0,0,0,1,0,3,2,0,0,2,0,0.018147491781584674,True
2,1,2,1,0,0,1,3,0,0,0,0,3,0,1,0,0.0704706698757133,True
2,0,1,0,2,1,0,0,0,1,3,2,0,0,2,0,0.05484844386565681,True
2,1,1,1,0,1,0,2,0,1,1,0,1,0,3,0,0.04641274249181772,True
2,2,1,0,0,1,0,0,1,3,0,0,2,0,1,1,0.03912224289564285,True
2,1,0,2,1,0,0,2,0,1,1,1,2,0,0,1,0.10694952850089202,True
2,2,0,2,0,0,1,2,1,0,0,0,1,0,2,1,0.10241714705362426,True
2,1,1,0,0,2,0,1,0,1,2,0,2,0,2,0,0.014993927040911275,True
2,3,0,1,0,0,2,0,0,0,2,2,2,0,0,0,0.9427813313149143,False
2,2,0,2,0,0,0,0,1,1,2,1,2,0,1,0,0.1595582840816572,True
2,0,0,0,3,1,0,3,1,0,0,3,0,0,1,0,0.0643880064205999,True
2,3,0,0,1,0,1,1,2,0,0,0,2,1,1,0,0.0933969227100319,True
2,0,1,2,0,1,0,0,1,2,1,1,0,2,0,1,0.9377414696275191,False
2,1,1,0,2,0,0,2,2,0,0,0,3,1,0,0,0.0714859314203057,True
2,0,0,0,0,4,1,0,3,0,0,0,0,0,3,1,0.8973571467143248,False
2,3,0,1,0,0,0,1,0,3,0,2,0,2,0,0,0.08809613574483868,True
2,0,2,0,0,2,1,2,1,0,0,0,0,2,1,1,0.06009952852959546,True
2,1,0,1,2,0,2,0,0,2,0,1,3,0,0,0,0.07090185458865975,True
2,0,3,0,1,0,0,0,0,1,3,1,0,1,1,1,0.004449946401265565,True
2,0,1,3,0,0,1,0,1,2,0,1,2,0,1,0,0.07905814843227055,True
2,2,0,0,2,0,0,0,1,2,1,2,0,2,0,0,0.10699089775599181,True
2,2,2,0,0,0,2,0,1,1,0,2,1,1,0,0,0.10310763857807373,True
2,1,0,2,1,0,1,0,3,0,0,0,3,0,1,0,0.10052523390365968,True
2,0,1,1,1,1,2,0,0,0,2,0,0,2,0,2,0.8989079388484614,False
2,0,0,0,3,1,0,2,2,0,0,3,0,1,0,0,0.10030430713569845,True
2,0,3,1,0,0,0,1,0,3,0,0,1,2,1,0,0.06724374999999999,True
2,2,1,0,0,1,0,2,0,1,1,1,2,0,0,1,0.931923930387218,False
2,0,1,0,1,2,2,0,1,0,1,0,2,0,1,1,0.916354165154322,False
2,0,1,2,1,0,0,0,1,2,1,0,1,2,0,1,0.07700771621437687,True
2,0,1,2,0,1,0,1,0,3,0,2,1,0,0,1,0.03830475180241078,True
2,0,0,3,1,0,0,0,3,1,0,0,0,2,0,2,0.6084658076495366,False
2,2,0,1,1,0,1,1,0,2,0,2,1,0,1,0,0.07431947378530457,True
2,1,3,0,0,0,0,1,0,0,3,2,1,0,1,0,0.024741289129515648,True
2,0,0,3,1,0,1,3,0,0,0,0,1,1,2,0,0.07444959735574129,True
2,0,0,1,2,1,1,0,0,2,1,0,1,1,1,1,0.9358823285350627,False
2,4,0,0,0,0,1,1,0,2,0,0,0,4,0,0,0.12760056426778127,True
2,1,0,0,1,2,0,4,0,0,0,1,2,0,0,1,0.022016950849431793,True
2,0,2,1,1,0,0,0,0,4,0,1,1,0,2,0,0.0626326388888889,True
2,0,1,2,0,1,0,0,3,1,0,1,3,0,0,0,0.0878180403141229,True
2,0,0,0,1,3,0,2,0,1,1,0,1,2,0,1,0.8985878088070851,False
2,0,1,2,1,0,0,0,0,3,1,0,1,2,1,0,0.06469134825417217,True
2,1,2,0,1,0,0,0,0,1,3,0,0,3,0,1,0.027798836701101243,True
2,0,4,0,0,0,0,1,2,1,0,1,1,2,0,0,0.07366536483607801,True
2,0,4,0,0,0,2,1,1,0,0,0,0,2,0,2,0.04311329214401751,True
2,0,0,1,2,1,1,3,0,0,0,4,0,0,0,0,0.07793276391115926,True
2,0,0,0,3,1,0,0,2,0,2,2,0,0,2,0,0.12187554401591658,True
2,2,0,1,1,0,0,0,0,2,2,0,2,0,2,0,0.04292369317829659,True
2,0,0,2,1,1,1,2,0,0,1,0,1,3,0,0,0.9540588027480856,False
2,2,0,0,2,0,0,0,1,0,3,1,0,2,1,0,0.09997463294020437,True
2,0,0,0,1,3,0,0,0,4,0,1,0,0,2,1,-0.00802050597342418,True
2,0,2,0,0,2,0,2,0,1,1,0,1,2,1,0,0.06080930557296495,True
2,1,2,0,1,0,2,0,1,0,1,0,1,2,1,0,0.06832578390212862,True
2,0,3,0,1,0,1,0,0,0,3,1,1,1,0,1,0.009166072682631123,True
2,0,2,1,0,1,0,0,4,0,0,2,0,0,1,1,0.9570916877448659,False
2,0,1,1,1,1,1,0,0,0,3,2,0,0,1,1,0.8989516625791518,False
2,2,0,0,0,2,0,2,2,0,0,0,0,0,0,4,0.537549808667136,False
2,4,0,0,0,0,0,2,1,0,1,0,0,0,4,0,0.07466439809876009,True
2,1,1,2,0,0,1,0,1,2,0,0,3,1,0,0,0.08077865733495476,True
2,0,0,1,2,1,0,1,1,1,1,1,0,3,0,0,0.9582761616437591,False
2,1,0,1,2,0,0,0,3,1,0,0,2,1,0,1,0.0687236036124186,True
2,0,2,1,0,1,0,1,0,1,2,2,0,1,1,0,0.9193297829474394,False
2,0,1,1,1,1,2,1,1,0,0,0,1,2,1,0,0.09851641076189088,True
2,4,0,0,0,0,0,0,2,2,0,0,1,1,1,1,0.11217550737042932,True
2,0,1,0,0,3,1,1,1,1,0,0,2,1,0,1,0.03803174922764854,True
2,1,0,3,0,0,0,0,1,1,2,1,0,0,3,0,0.14332058816520798,True
2,1,3,0,0,0,0,0,1,2,1,0,1,0,1,2,0.02881987180823697,True
2,2,0,0,0,2,1,2,1,0,0,2,0,0,2,0,0.07298310420989988,True
2,1,1,2,0,0,1,0,2,0,1,0,1,1,2,0,0.1119259214072943,True
2,2,0,1,0,1,0,1,1,2,0,1,0,0,3,0,0.054963327954978214,True
2,1,1,0,0,2,0,2,0,1,1,2,1,0,1,0,0.0813027300022187,True
2,0,3,1,0,0,1,1,0,2,0,0,0,0,2,2,0.03226377717552535,True
2,2,0,0,2,0,0,0,0,0,4,2,2,0,0,0,0.029573539546193826,True
2,4,0,0,0,0,2,0,0,0,2,1,0,0,3,0,0.6084658076495365,False
2,0,0,0,0,4,1,2,1,0,0,2,1,1,0,0,0.0941302072156169,True
2,1,1,0,1,1,1,2,0,1,0,0,0,0,2,2,0.027036636842845026,True
2,0,1,1,2,0,0,0,1,0,3,4,0,0,0,0,0.06760056426778137,True
2,0,0,0,1,3,0,0,3,1,0,0,1,1,2,0,0.04034479720253817,True
2,0,0,1,0,3,0,1,1,2,0,0,1,2,1,0,0.0250300334708588,True
2,0,0,2,0,2,1,1,0,2,0,1,0,0,3,0,0.03496332795497824,True
2,0,2,2,0,0,0,0,0,4,0,1,0,0,0,3,0.010901854588659849,True
2,0,3,1,0,0,4,0,0,0,0,0,0,0,4,0,0.07525900765681744,True
2,0,2,1,0,1,0,1,2,0,1,0,1,1,1,1,0.9389813322107566,False
2,1,0,3,0,0,0,1,3,0,0,0,3,0,0,1,0.8692249850338326,False
2,0,2,0,1,1,0,1,2,0,1,0,0,0,0,4,0.8795310277863395,False
2,0,1,1,2,0,0,3,0,0,1,1,1,0,0,2,0.02333852288672692,True
2,0,0,1,3,0,0,0,1,0,3,0,1,1,0,2,-0.0018585513962021242,True
2,1,1,0,2,0,1,0,2,0,1,1,0,3,0,0,0.10760056426778129,True
2,0,0,1,2,1,0,0,4,0,0,0,2,1,0,1,0.9575423058694684,False
2,1,0,2,1,0,1,0,0,1,2,1,0,2,0,1,0.9240453316122521,False
2,0,0,0,4,0,0,2,1,0,1,1,2,0,0,1,0.030893868691693117,True
2,2,2,0,0,0,1,0,0,1,2,0,2,0,1,1,0.04641313186834973,True
2,0,1,3,0,0,0,3,0,0,1,0,1,3,0,0,0.12710618810467758,True
2,0,1,1,1,1,1,0,0,2,1,0,3,0,0,1,0.9318213989988213,False
2,1,1,2,0,0,0,1,1,1,1,1,3,0,0,0,0.07942711798770175,True
2,0,1,0,1,2,0,0,0,0,4,3,1,0,0,0,0.8706646192892186,False
2,0,0,0,3,1,1,0,3,0,0,3,1,0,0,0,0.9754768627067004,False
2,0,2,1,1,0,0,1,0,0,3,0,1,0,1,2,-0.008281727752001596,True
2,0,4,0,0,0,0,4,0,0,0,0,0,2,2,0,0.06945555555555555,True
2,0,1,1,1,1,0,0,1,2,1,2,0,0,1,1,0.9376735115018561,False
2,1,0,2,0,1,1,1,2,0,0,1,0,1,1,1,0.9518495348716945,False
2,0,1,0,2,1,0,0,1,2,1,0,1,0,0,3,0.8964083023354158,False
2,0,1,0,3,0,0,3,0,0,1,2,1,1,0,0,0.053112980385381765,True
2,1,2,0,0,1,0,2,0,0,2,0,0,2,0,2,0.8999944456134444,False
2,2,1,0,0,1,2,0,1,0,1,1,0,1,0,2,0.9192343255381934,False
2,1,1,0,2,0,1,0,0,0,3,0,1,1,1,1,0.013932249294010103,True
2,0,0,1,3,0,0,0,0,1,3,1,1,1,1,0,0.01653208099162819,True
2,0,1,2,1,0,0,4,0,0,0,0,0,2,2,0,0.07020693608993976,True
2,0,2,0,1,1,2,0,0,2,0,1,0,2,1,0,0.06743651223510737,True
2,0,0,3,0,1,0,1,0,1,2,0,1,2,1,0,0.3977306346899851,True
2,1,1,2,0,0,2,0,0,2,0,0,0,2,0,2,0.08760056426778133,True
2,0,2,1,1,0,0,0,3,0,1,2,1,0,0,1,0.0700654382011056,True
2,1,1,0,2,0,0,2,1,1,0,1,2,0,0,1,0.05081160612453378,True
2,0,1,0,1,2,1,3,0,0,0,1,0,0,0,3,-0.0028436337734267765,True
2,2,0,2,0,0,1,0,1,1,1,0,1,1,0,2,0.9381101118593375,False
2,3,0,0,0,1,1,2,0,0,1,0,3,0,1,0,0.06516354051716339,True
2,1,1,1,1,0,0,0,3,1,0,0,1,0,3,0,0.07200728440037708,True
2,0,0,0,3,1,1,3,0,0,0,0,1,0,0,3,0.008239616434786875,True
2,2,0,0,2,0,0,2,1,1,0,0,0,0,3,1,0.05190625368774884,True
2,0,0,0,0,4,0,1,1,1,1,3,1,0,0,0,0.892318682852832,False
2,0,4,0,0,0,1,0,1,1,1,0,1,0,2,1,0.04060091517918644,True
2,0,4,0,0,0,0,0,1,2,1,0,1,3,0,0,0.06080772314041905,True
2,0,1,1,2,0,0,0,3,1,0,0,0,1,3,0,0.0682508047786385,True
2,1,1,0,0,2,0,2,1,1,0,1,0,2,0,1,0.04780097156831401,True
2,1,1,0,0,2,0,0,0,1,3,1,0,1,1,1,0.8789431262837174,False
2,0,0,3,0,1,0,4,0,0,0,0,2,0,1,1,0.04340551871374749,True
2,0,1,0,2,1,0,0,3,0,1,0,0,3,1,0,0.949091480459022,False
2,1,0,0,3,0,0,2,2,0,0,0,0,1,1,2,0.03536568351561808,True
2,3,0,0,1,0,2,0,0,1,1,2,1,0,1,0,0.11887758469531753,True
2,2,0,1,1,0,0,1,0,2,1,0,3,1,0,0,0.07120935624583002,True
2,2,0,1,1,0,0,1,0,1,2,1,1,0,2,0,0.050677106448535826,True
2,0,3,0,1,0,0,1,0,1,2,0,1,1,0,2,0.0016657449100403272,True
2,0,0,2,2,0,2,2,0,0,0,4,0,0,0,0,0.0921891176488969,True
2,0,2,2,0,0,0,3,0,1,0,1,0,1,2,0,0.07020693608993976,True
2,4,0,0,0,0,0,0,4,0,0,0,1,2,1,0,0.9858103096149613,False
2,0,0,0,0,4,1,0,0,3,0,4,0,0,0,0,0.03989855995460713,True
2,2,1,0,0,1,2,1,1,0,0,0,0,1,0,3,0.9084981127153621,False
2,2,0,0,0,2,2,1,1,0,0,1,1,1,0,1,0.9279064961751227,False
2,0,2,0,0,2,0,2,0,1,1,0,2,2,0,0,0.06469089269653228,True
2,0,1,1,2,0,2,0,0,0,2,1,1,0,0,2,0.024583447526068385,True
2,0,0,3,0,1,1,1,0,0,2,0,0,1,2,1,0.9178104409369106,False
2,0,1,1,2,0,1,0,2,1,0,2,0,1,1,0,0.07826818713712283,True
2,4,0,0,0,0,1,0,0,2,1,2,0,0,0,2,0.9393258392839374,False
2,1,0,0,0,3,0,0,1,2,1,3,0,0,1,0,0.9084789603830415,False
2,1,0,2,0,1,2,2,0,0,0,1,1,0,0,2,0.15685896935660448,True
2,3,0,1,0,0,3,0,1,0,0,0,1,3,0,0,0.99960545720043,False
2,4,0,0,0,0,0,1,1,2,0,1,0,1,2,0,0.08249129418505977,True
2,2,0,0,0,2,2,1,0,0,1,0,1,0,2,1,0.9151003823675877,False
2,1,2,0,0,1,0,1,2,0,1,0,0,0,2,2,0.9187962675400548,False
2,3,0,0,0,1,0,4,0,0,0,1,1,2,0,0,0.06574048252884002,True
2,2,1,0,0,1,0,1,0,1,2,0,1,1,2,0,0.05326131456653108,True
2,1,1,0,1,1,1,0,1,0,2,0,2,0,2,0,0.04338351566954787,True
2,1,0,1,1,1,1,1,0,2,0,0,0,2,1,1,0.052886137525525706,True
2,1,1,2,0,0,0,1,1,2,0,0,1,1,1,1,0.06192013877397924,True
2,0,1,2,0,1,0,1,2,1,0,1,0,3,0,0,0.17852209972932237,True
2,0,0,0,1,3,0,0,3,1,0,3,1,0,0,0,0.4053283369459165,True
2,0,1,2,1,0,1,1,0,0,2,1,2,0,0,1,0.0580350966613409,True
2,0,1,1,2,0,1,0,0,3,0,2,0,0,2,0,0.062996520797221,True
2,0,1,2,0,1,1,2,0,1,0,0,1,3,0,0,0.07295450351365246,True
2,0,3,0,1,0,0,1,2,1,0,0,0,0,1,3,0.013453198233683183,True
2,0,0,2,2,0,0,1,1,2,0,0,1,1,1,1,0.0508896329461517,True
2,0,3,0,0,1,1,0,0,0,3,0,0,2,2,0,0.1018755442426013,True
2,1,0,0,1,2,0,1,2,0,1,0,0,0,1,3,0.878808748567257,False
2,0,0,0,1,3,1,2,1,0,0,1,1,2,0,0,0.06233387134017228,True
2,0,1,1,2,0,2,0,0,1,1,0,0,1,0,3,0.02241588950407074,True
2,0,1,0,2,1,1,2,0,1,0,1,2,0,0,1,0.04436123220498098,True
2,0,0,0,0,4,0,3,1,0,0,1,0,2,1,0,0.023172621703595547,True
2,0,0,1,1,2,1,1,0,1,1,2,0,0,0,2,0.8993295049403908,False
2,0,1,3,0,0,0,1,2,1,0,0,0,1,3,0,0.07811697379948895,True
2,2,1,0,0,1,1,0,0,1,2,0,0,1,0,3,0.8796859018012154,False
2,0,0,0,2,2,0,2,1,1,0,0,0,2,0,2,0.017362819750367343,True
2,0,0,1,1,2,0,0,2,1,1,0,2,1,0,1,0.9189153695692908,False
2,0,3,0,0,1,1,1,0,2,0,0,2,0,0,2,0.02073638233307013,True
2,3,1,0,0,0,0,1,2,0,1,0,1,0,2,1,0.181496664556308,True
2,0,1,1,1,1,1,0,0,3,0,2,0,1,1,0,0.057251259327712946,True
2,0,0,2,2,0,0,0,2,2,0,0,2,1,0,1,0.05481824101458868,True
2,1,1,1,0,1,0,0,0,0,4,0,0,1,0,3,0.8392343255381929,False
2,1,2,1,0,0,0,0,0,2,2,3,0,1,0,0,0.10021473736092348,True
2,0,1,0,3,0,2,0,1,1,0,2,1,0,1,0,0.06839862314078128,True
2,0,0,0,4,0,1,0,1,2,0,1,2,0,0,1,0.04379758503282741,True
2,1,0,0,0,3,1,2,0,0,1,0,0,4,0,0,0.9187636390973984,False
2,1,2,1,0,0,0,0,1,2,1,2,0,2,0,0,0.12273626064904158,True
2,2,0,0,0,2,0,1,0,1,2,1,1,2,0,0,0.9127353885009809,False
2,1,0,0,1,2,0,2,0,2,0,3,0,1,0,0,0.045263684473248605,True
2,1,1,0,0,2,0,0,0,1,3,0,0,0,1,3,0.8383828458938719,False
2,1,0,1,2,0,0,2,1,1,0,2,0,1,1,0,0.07288982329508563,True
2,0,1,2,0,1,0,2,0,0,2,0,4,0,0,0,0.03882891407439986,True
2,1,3,0,0,0,0,0,2,2,0,2,0,0,1,1,0.05793160080855591,True
2,1,3,0,0,0,0,1,0,3,0,0,2,1,0,1,0.049308759250321015,True
2,0,0,4,0,0,0,2,0,1,1,0,2,0,0,2,0.9391255950598808,False
2,1,2,0,1,0,0,0,4,0,0,0,0,0,1,3,0.04975403388380376,True
2,0,3,1,0,0,1,0,0,1,2,0,0,2,2,0,0.044077034788692196,True
2,2,0,0,0,2,1,0,0,3,0,0,1,0,2,1,0.022478931364155703,True
2,0,2,0,0,2,0,0,3,0,1,1,1,1,1,0,0.39621339309530385,True
2,1,0,3,0,0,1,0,0,0,3,1,0,0,1,2,0.8977739250108334,False
2,0,0,4,0,0,0,2,0,0,2,2,0,1,0,1,0.9369254062221648,False
2,0,1,2,0,1,2,0,1,1,0,2,0,2,0,0,0.9677430535942304,False
2,1,1,1,1,0,3,0,0,1,0,1,1,0,1,1,0.07393224929401,True
2,2,1,0,0,1,1,2,1,0,0,0,0,0,4,0,0.05787749828726172,True
2,1,3,0,0,0,0,2,0,1,1,0,3,0,1,0,0.05574104750207864,True
2,1,0,0,2,1,0,1,2,1,0,0,0,1,0,3,0.05832027280527873,True
2,1,0,0,0,3,1,3,0,0,0,0,0,1,3,0,0.020778657334954827,True
2,2,0,2,0,0,1,0,1,2,0,1,0,2,1,0,0.15997463294020428,True
2,0,0,3,0,1,3,0,0,0,1,2,0,0,1,1,0.9377739250108336,False
2,0,0,0,2,2,0,0,2,2,0,2,1,1,0,0,0.05915310152591277,True
2,0,1,3,0,0,0,1,2,0,1,1,0,0,3,0,0.08241588953244318,True
2,0,1,2,1,0,0,0,1,0,3,0,1,1,2,0,0.030904144659839823,True
2,1,0,0,1,2,0,2,1,0,1,2,0,0,1,1,0.918883667737288,False
2,1,0,1,0,2,0,4,0,0,0,0,4,0,0,0,0.03446723235432246,True
2,0,0,2,0,2,2,1,1,0,0,0,1,1,2,0,0.09192592140729433,True
2,0,2,1,0,1,0,4,0,0,0,1,0,3,0,0,0.06577789917604891,True
2,1,3,0,0,0,1,0,2,0,1,0,2,0,0,2,0.03996282296926357,True
2,2,2,0,0,0,1,1,1,1,0,0,3,0,1,0,0.07293599995634181,True
2,2,0,0,2,0,0,0,0,1,3,0,1,1,2,0,0.020222247581376692,True
2,1,1,0,0,2,1,0,0,2,1,3,1,0,0,0,0.922721631072983,False
2,1,1,0,2,0,0,2,1,0,1,1,1,1,0,1,0.047269942513944015,True
2,0,1,0,2,1,1,2,1,0,0,0,0,1,0,3,0.03907838319532934,True
2,1,0,0,0,3,2,0,1,1,0,0,1,2,0,1,0.9059058776352371,False
2,0,2,0,0,2,3,0,0,1,0,2,0,0,0,2,0.9020627046829297,False
2,0,4,0,0,0,0,0,1,3,0,0,0,0,1,3,0.009286237608394055,True
2,0,0,0,0,4,1,0,2,1,0,0,2,1,1,0,0.04983904327308931,True
2,2,2,0,0,0,1,0,2,1,0,1,0,1,1,1,0.0897540338838037,True
2,2,1,0,0,1,0,4,0,0,0,0,1,2,0,1,0.04511297510876526,True
2,0,0,2,2,0,1,1,2,0,0,1,0,0,0,3,0.06760056426778137,True
2,0,2,2,0,0,1,0,1,2,0,0,0,0,2,2,0.04171406300050062,True
2,0,0,0,4,0,0,2,1,0,1,2,1,0,0,1,0.0322759321736149,True
2,3,1,0,0,0,0,0,2,0,2,0,3,1,0,0,0.09415333843326891,True
2,1,3,0,0,0,0,0,1,1,2,1,0,1,0,2,0.028119619672746298,True
2,2,1,0,1,0,1,2,0,1,0,0,0,3,0,1,0.06077865733495478,True
2,1,0,0,2,1,0,2,1,0,1,2,0,1,0,1,0.9393092064391149,False
2,2,2,0,0,0,3,0,0,1,0,0,3,1,0,0,0.08294465408008589,True
2,1,0,0,0,3,0,2,0,2,0,2,0,1,0,1,0.012189117648897024,True
2,0,0,1,1,2,1,1,2,0,0,1,1,1,0,1,0.916934149122185,False
2,0,0,2,1,1,4,0,0,0,0,2,0,0,2,0,0.9520405909296381,False
2,1,0,3,0,0,1,2,1,0,0,0,3,0,1,0,0.08650367610746522,True
2,1,2,1,0,0,2,0,1,1,0,0,1,0,1,2,0.058870766913707996,True
2,1,1,1,1,0,0,2,1,1,0,1,2,0,0,1,0.056115145167057644,True
2,0,0,1,3,0,1,1,0,2,0,1,0,0,3,0,0.06113263888888888,True
2,0,0,2,2,0,3,0,0,1,0,1,1,0,2,0,0.07380021196890388,True
2,3,0,0,1,0,0,0,0,4,0,0,0,1,2,1,0.047600197034963515,True
2,0,1,1,0,2,2,0,0,2,0,2,0,2,0,0,0.14332058816520785,True
2,0,1,1,2,0,0,0,4,0,0,0,0,0,1,3,0.044174046593551966,True
2,3,0,0,1,0,1,0,1,0,2,1,0,2,0,1,0.9273125610732081,False
2,0,0,1,0,3,2,0,1,0,1,1,1,1,1,0,0.9050843324251102,False
2,0,0,0,2,2,1,0,0,2,1,0,2,2,0,0,0.08611236225466908,True
2,1,1,0,1,1,1,2,0,1,0,1,3,0,0,0,0.05766778650215801,True
2,0,0,0,4,0,1,0,2,1,0,0,0,0,4,0,0.06,True
2,0,2,1,1,0,0,3,0,0,1,2,0,0,1,1,0.047030624632819575,True
2,0,4,0,0,0,1,3,0,0,0,3,0,0,0,1,0.12307889993993522,True
2,0,3,0,0,1,0,2,0,2,0,0,0,0,3,1,0.03571951395582873,True
2,1,1,2,0,0,2,1,0,0,1,2,0,0,1,1,0.9430711443761084,False
2,0,2,0,2,0,0,0,0,2,2,1,2,0,0,1,0.017118809619442614,True
2,2,0,2,0,0,0,1,0,0,3,0,1,0,2,1,0.9185427376252246,False
2,0,1,2,1,0,0,1,2,1,0,1,2,1,0,0,0.0784904896659544,True
2,1,2,0,1,0,2,0,2,0,0,1,0,0,0,3,0.07382539812293537,True
2,0,0,2,1,1,0,0,0,2,2,3,0,0,0,1,0.9188528576418905,False
2,2,0,0,2,0,3,0,0,0,1,2,2,0,0,0,0.08957353954619372,True
2,2,0,0,0,2,1,0,2,0,1,0,2,0,2,0,0.11258187063140011,True
2,2,2,0,0,0,1,0,2,0,1,0,0,1,0,3,0.5784026021283319,False
2,1,1,1,1,0,2,0,2,0,0,0,2,0,1,1,0.09894211832637523,True
2,1,2,1,0,0,0,2,0,1,1,1,0,0,3,0,0.05868660374926428,True
2,0,1,1,2,0,3,0,0,0,1,2,2,0,0,0,0.06729404040188333,True
2,2,1,0,0,1,1,2,0,0,1,0,0,0,3,1,0.9307529932997833,False
2,1,0,1,1,1,1,0,1,2,0,0,0,0,2,2,0.04770029306472771,True
2,1,0,0,3,0,0,1,0,2,1,0,1,0,2,1,0.03455786134088395,True
2,0,1,0,0,3,2,0,1,0,1,0,0,1,2,1,0.8985020578992992,False
2,0,3,1,0,0,1,3,0,0,0,0,0,2,0,2,0.03669899326096162,True
2,4,0,0,0,0,1,2,0,0,1,2,0,0,1,1,0.9585582460450065,False
2,0,0,0,3,1,1,2,0,1,0,1,1,2,0,0,0.0640157399890267,True
2,0,2,0,1,1,0,1,2,1,0,0,0,1,2,1,0.056630601462784036,True
2,0,0,1,3,0,1,2,0,0,1,0,1,1,1,1,0.03884580426578899,True
2,0,0,0,1,3,2,0,2,0,0,0,1,3,0,0,0.9380388772067009,False
2,0,1,2,0,1,3,0,0,0,1,0,0,2,1,1,0.9379835200151342,False
2,3,1,0,0,0,0,1,1,1,1,2,1,0,1,0,0.09757960579877323,True
2,0,1,0,0,3,0,1,1,0,2,1,2,1,0,0,0.35618765215721376,True
2,1,0,1,2,0,0,2,0,1,1,0,2,1,1,0,0.056629471109984265,True
2,2,0,1,1,0,0,0,2,2,0,2,0,1,0,1,0.09989855995460704,True
2,0,0,0,0,4,3,1,0,0,0,1,3,0,0,0,0.05135729846501067,True
2,1,0,1,0,2,0,3,1,0,0,0,1,1,2,0,0.04228681307140364,True
2,1,2,0,0,1,1,0,0,2,1,0,1,1,1,1,0.936122819749838,False
2,0,0,0,3,1,0,2,0,1,1,3,1,0,0,0,0.12870352115497627,True
2,0,2,2,0,0,0,0,2,2,0,0,2,2,0,0,0.0784904896659544,True
2,1,0,1,2,0,1,0,0,3,0,0,0,0,2,2,0.02760019703496355,True
2,0,0,4,0,0,1,0,0,1,2,1,1,0,0,2,0.917797364765211,False
2,1,2,1,0,0,2,0,0,2,0,0,0,0,3,1,0.058911467220142275,True
2,1,1,1,0,1,0,1,2,0,1,0,0,1,3,0,0.08699089777755993,True
2,1,0,2,1,0,3,1,0,0,0,2,0,0,1,1,0.19572889750783587,True
2,0,1,3,0,0,0,0,0,0,4,1,1,0,2,0,0.0519259214072944,True
2,0,3,1,0,0,3,0,1,0,0,0,1,1,1,1,0.08038373848308639,True
2,0,4,0,0,0,0,2,1,1,0,3,0,0,0,1,0.05248818715523174,True
2,1,0,0,0,3,0,3,0,0,1,0,0,1,1,2,0.8785562234914114,False
2,0,1,0,3,0,0,0,2,0,2,2,0,1,1,0,0.0382681871371229,True
2,3,1,0,0,0,0,0,4,0,0,1,2,1,0,0,0.3171360170353135,False
2,2,0,2,0,0,2,2,0,0,0,0,0,0,0,4,0.5775498086671358,False
2,1,1,1,1,0,1,1,1,0,1,0,4,0,0,0,0.062097182498186375,True
2,0,2,1,0,1,0,0,4,0,0,1,0,2,1,0,0.9732283418295433,False
2,3,0,1,0,0,0,0,1,1,2,0,0,3,1,0,0.9519090813394024,False
2,1,1,1,0,1,0,3,0,1,0,0,1,0,3,0,0.04997266304295391,True
2,3,0,0,0,1,0,0,2,2,0,1,0,2,0,1,0.6084658076495366,False
2,0,0,0,0,4,0,2,0,0,2,2,0,0,2,0,0.3123448698452068,True
2,0,0,1,0,3,0,0,4,0,0,2,0,2,0,0,0.9330235539176237,False
2,0,0,1,1,2,0,1,1,0,2,1,2,0,1,0,0.05917730077386284,True
2,1,0,0,3,0,0,0,1,0,3,2,0,0,2,0,0.018147491781584674,True
2,0,0,1,1,2,0,2,0,1,1,0,0,0,3,1,0.909565906158007,False
2,3,0,0,0,1,4,0,0,0,0,0,0,0,4,0,0.1399746329402042,True
2,3,0,0,1,0,0,0,1,3,0,2,0,1,0,1,0.0632627295305356,True
2,0,1,1,1,1,1,2,0,0,1,0,1,1,0,2,0.9193732264788967,False
2,3,0,1,0,0,0,1,1,2,0,1,2,1,0,0,0.08729404040188331,True
2,0,1,2,0,1,1,0,0,2,1,1,0,0,3,0,0.06720126777105999,True
2,3,0,1,0,0,1,0,1,2,0,0,0,0,3,1,0.08844819502148887,True
2,0,0,0,2,2,2,0,1,0,1,0,1,0,3,0,0.039153101525912795,True
2,3,0,0,1,0,2,2,0,0,0,1,0,2,1,0,0.10052523390365967,True
2,0,1,2,1,0,2,0,1,1,0,1,0,0,0,3,0.06760056426778137,True
2,0,0,2,2,0,0,0,2,0,2,1,2,1,0,0,0.06957353954619376,True
2,4,0,0,0,0,0,0,0,0,4,1,3,0,0,0,0.5748359826973827,False
2,0,0,4,0,0,1,1,1,1,0,0,0,4,0,0,0.6581265728807826,False
2,0,1,1,2,0,2,0,2,0,0,1,2,0,0,1,0.07429470486254126,True
2,1,1,2,0,0,0,1,0,1,2,0,0,0,1,3,0.7798077022143987,False
2,0,0,0,4,0,3,0,1,0,0,0,1,0,2,1,0.052211117800412585,True
2,0,0,0,2,2,0,2,2,0,0,0,1,0,0,3,0.019883838506923945,True
2,2,0,1,0,1,0,0,1,2,1,0,1,2,0,1,0.9386580861083751,False
2,1,2,1,0,0,0,1,3,0,0,0,3,1,0,0,0.0842215762081732,True
2,1,0,0,0,3,0,4,0,0,0,0,2,0,2,0,0.013320185925955177,True
2,1,0,1,2,0,1,1,1,0,1,0,1,2,1,0,0.07126763016875806,True
2,0,3,0,1,0,1,0,2,0,1,3,0,0,1,0,0.06452335913449814,True
2,2,1,0,1,0,0,0,0,0,4,0,0,2,1,1,0.115728897507836,True
2,0,1,2,0,1,0,0,0,1,3,1,0,0,2,1,0.897962264244211,False
2,0,1,0,3,0,1,0,0,3,0,0,1,1,1,1,0.04319375000000003,True
2,1,1,0,2,0,0,2,0,2,0,1,2,0,1,0,0.06577499999999999,True
2,0,0,0,2,2,0,0,2,2,0,0,1,1,0,2,0.028003171126104183,True
2,0,2,1,0,1,2,0,1,0,1,1,1,0,1,1,0.9393672593053183,False
2,0,3,0,0,1,0,0,0,1,3,0,1,2,1,0,0.062311889476999456,True
2,0,4,0,0,0,2,0,0,2,0,1,2,0,0,1,0.052462535261185245,True
2,0,0,1,2,1,0,3,0,0,1,1,1,1,0,1,0.9377310686550411,False
2,2,0,0,2,0,0,0,0,0,4,0,1,0,1,2,0.012175507370429483,True
2,1,0,0,2,1,0,3,0,0,1,1,1,1,0,1,0.9342179841398381,False
2,1,0,1,1,1,0,1,0,2,1,1,0,1,0,2,0.9189112090808961,False
2,0,0,1,0,3,1,1,0,0,2,1,1,0,0,2,0.8600068523255312,False
2,0,2,1,0,1,1,3,0,0,0,0,3,0,1,0,0.05503342316683191,True
2,2,2,0,0,0,0,0,2,1,1,3,1,0,0,0,0.1019839873966111,True
2,2,0,0,1,1,1,1,0,2,0,1,0,0,0,3,0.02241588950407074,True
2,0,0,0,2,2,0,3,0,0,1,1,2,0,0,1,0.9049884934988709,False
2,0,4,0,0,0,3,0,0,0,1,4,0,0,0,0,0.07414589738884607,True
2,0,1,0,3,0,0,1,0,0,3,1,1,0,0,2,-0.021695248197589116,True
2,2,0,0,2,0,2,1,1,0,0,0,3,0,0,1,0.068287616405041,True
2,3,0,0,1,0,1,1,0,2,0,1,0,0,0,3,0.028096135744838775,True
2,1,2,0,0,1,1,2,0,1,0,0,1,1,0,2,0.03155012736967101,True
