m,g0_cooperative,g0_conditional_cooperator,g0_compensating_cooperator,g0_selfish,g0_sanctioning,outsider_cooperative,outsider_conditional_cooperator,outsider_compensating_cooperator,outsider_selfish,outsider_sanctioning,welfare_efficiency,collapsed
1,2,1,2,3,0,0,0,4,0,0,0.08809613574483868,True
1,0,0,1,3,4,1,0,0,0,3,0.8589020136773876,False
1,0,3,3,1,1,0,2,1,0,1,0.9594709815527923,False
1,0,1,4,0,3,0,0,3,1,0,0.9330477760370972,False
1,2,2,3,0,1,4,0,0,0,0,0.9784622096257487,False
1,0,0,8,0,0,1,3,0,0,0,0.6641958949041152,False
1,0,0,1,7,0,0,0,0,3,1,0.04333625959159529,True
1,0,1,0,2,5,0,2,0,2,0,-0.0050060729650510645,True
1,0,3,1,4,0,2,2,0,0,0,0.0667888888888889,True
1,2,0,4,1,1,0,0,0,3,1,0.9568806092487334,False
1,2,0,0,2,4,0,2,0,0,2,0.8771696113160673,False
1,2,5,0,1,0,4,0,0,0,0,0.07650283429871609,True
1,1,1,2,0,4,0,2,1,0,1,0.8995585453683188,False
1,1,2,0,0,5,1,0,0,0,3,0.8394834422818969,False
1,3,2,3,0,0,0,0,0,0,4,0.5788197091460259,False
1,3,0,4,1,0,0,1,1,1,1,0.9622962043629028,False
1,2,3,2,1,0,1,3,0,0,0,0.07650882214628393,True
1,1,0,1,1,5,1,0,0,0,3,0.8394271154491624,False
1,0,1,6,1,0,0,2,0,2,0,0.08267852561553532,True
1,7,0,0,0,1,1,0,2,1,0,0.9733106156728939,False
1,0,1,0,7,0,0,0,2,2,0,0.060000000000000005,True
1,1,0,4,3,0,0,0,3,0,1,0.09989855995460704,True
1,1,0,2,3,2,1,0,3,0,0,0.9579300649710994,False
1,2,0,4,2,0,0,3,1,0,0,0.09218911764889688,True
1,3,2,2,1,0,0,0,1,0,3,0.07383042176660229,True
1,3,0,0,4,1,2,0,1,0,1,0.9581676432738244,False
1,1,4,3,0,0,0,1,0,0,3,0.030070735533598285,True
1,5,1,0,2,0,1,1,1,0,1,0.08458344752606828,True
1,0,0,6,1,1,1,0,0,2,1,0.9565687738440861,False
1,3,5,0,0,0,1,1,0,1,1,0.05788838325923885,True
1,2,0,1,3,2,0,1,3,0,0,0.9554768627067003,False
1,2,4,0,1,1,0,0,1,3,0,0.07037910405403035,True
1,0,0,2,6,0,0,2,1,1,0,0.061900000000000004,True
1,3,1,1,0,3,1,0,0,2,1,0.9185444760576731,False
1,0,0,6,1,1,0,2,1,1,0,0.1821543238250719,True
1,4,1,0,3,0,0,0,3,0,1,0.0680961357448387,True
1,1,0,4,3,0,1,0,0,0,3,0.0598985599546071,True
1,1,2,0,3,2,1,1,0,1,1,0.9317513741170389,False
1,0,2,0,2,4,1,1,0,2,0,0.022018784924715304,True
1,1,0,2,1,4,0,2,0,1,1,0.8989490045676136,False
1,2,2,2,0,2,0,4,0,0,0,0.06675138639323586,True
1,2,4,0,0,2,0,0,2,0,2,0.9199944456134446,False
1,2,0,5,1,0,0,1,1,2,0,0.1252030823774931,True
1,1,4,2,1,0,0,3,0,0,1,0.056511865313026356,True
1,0,2,0,2,4,2,0,1,1,0,0.8964626936862864,False
1,1,0,4,3,0,0,4,0,0,0,0.07451542656193272,True
1,5,1,1,0,1,0,2,1,0,1,0.9600032425263949,False
1,2,3,0,1,2,1,0,1,2,0,0.09484844387146682,True
1,4,0,1,1,2,0,0,1,2,1,0.9379814203366366,False
1,0,3,1,2,2,0,0,0,4,0,0.039947571958606626,True
1,3,2,2,0,1,1,0,1,1,1,0.9588103730967947,False
1,1,1,0,4,2,0,4,0,0,0,0.04916578592643978,True
1,0,0,4,3,1,0,2,0,2,0,0.07499392703459744,True
1,5,0,2,0,1,1,0,1,1,1,0.9580631826785555,False
1,0,2,6,0,0,2,1,1,0,0,0.18028070158736953,True
1,1,1,0,1,5,2,0,1,0,1,0.8796859018012151,False
1,0,1,4,2,1,0,3,1,0,0,0.10262335083554856,True
1,0,1,4,0,3,0,3,0,0,1,0.919180629568091,False
1,3,0,2,1,2,3,1,0,0,0,0.953021005558681,False
1,0,4,0,4,0,1,3,0,0,0,0.0667888888888889,True
1,4,4,0,0,0,1,2,0,0,1,0.06458733202353897,True
1,1,0,2,5,0,0,2,1,0,1,0.048039795510758355,True
1,0,1,3,4,0,3,0,0,0,1,0.05496332795497824,True
1,1,3,0,2,2,0,0,2,2,0,0.07448038147664322,True
1,3,0,3,2,0,0,0,1,1,2,0.16020782803374944,True
1,4,1,0,0,3,0,0,4,0,0,0.938323670933961,False
1,0,1,6,0,1,0,1,1,1,1,0.9549559377739039,False
1,3,2,0,0,3,1,3,0,0,0,0.0775189667135773,True
1,2,0,3,2,1,0,0,1,3,0,0.10699089775599184,True
1,1,0,5,2,0,1,1,1,0,1,0.181362289110613,True
1,2,0,3,2,1,2,0,1,1,0,0.9695315546248968,False
1,1,4,1,1,1,0,3,0,1,0,0.06814913789554623,True
1,1,6,1,0,0,0,0,0,1,3,0.014950929763078878,True
1,2,2,4,0,0,0,0,4,0,0,0.6628479118307485,False
1,2,3,0,0,3,3,1,0,0,0,0.922969705062508,False
1,3,0,3,0,2,0,4,0,0,0,0.13586370742855597,True
1,3,1,0,3,1,1,0,2,1,0,0.9620086127186213,False
1,0,1,1,4,2,1,0,0,2,1,0.928416997225873,False
1,1,1,3,3,0,0,1,1,1,1,0.05854249533113952,True
1,1,2,0,3,2,0,0,0,0,4,0.8779192740975822,False
1,6,1,1,0,0,0,3,1,0,0,0.13312778555766286,True
1,1,3,1,1,2,0,1,2,0,1,0.9396500123300067,False
1,1,3,2,0,2,0,0,3,1,0,0.9530251300294414,False
1,4,1,1,1,1,1,0,0,3,0,0.10699089775824182,True
1,4,0,1,0,3,2,2,0,0,0,0.9227813313149142,False
1,2,0,5,1,0,0,2,0,0,2,0.9434772847483375,False
1,0,1,6,0,1,1,1,0,2,0,0.1739509111077039,True
1,3,1,0,0,4,0,1,1,1,1,0.8989552977063677,False
1,1,5,0,1,1,3,0,1,0,0,0.9754129158182673,False
1,5,1,0,0,2,0,0,0,0,4,0.8797824834558648,False
1,2,0,3,3,0,1,0,1,2,0,0.07814749178158457,True
1,1,3,0,0,4,0,0,0,2,2,0.8749962348472355,False
1,0,1,1,4,2,1,1,0,1,1,0.9302813123270762,False
1,4,1,3,0,0,1,0,1,0,2,0.9541206550599466,False
1,0,3,2,2,1,0,0,1,2,1,0.95721873594884,False
1,0,3,2,3,0,0,0,2,1,1,0.05168373089815092,True
1,0,0,7,1,0,2,1,0,1,0,0.3064326293092484,False
1,3,3,0,2,0,0,0,1,3,0,0.06845813223946548,True
1,3,0,5,0,0,3,1,0,0,0,0.9997991029883504,False
1,3,1,0,2,2,0,1,0,1,2,0.9173618154487804,False
1,0,1,2,5,0,2,0,2,0,0,0.0682508047786385,True
1,6,0,1,1,0,0,1,1,2,0,0.1252030823774931,True
1,0,4,1,0,3,3,0,1,0,0,0.9402557245723615,False
1,4,1,1,2,0,1,3,0,0,0,0.08077865733495476,True
1,7,1,0,0,0,0,2,0,2,0,0.10187476314281721,True
1,5,1,2,0,0,4,0,0,0,0,0.9912150634186832,False
1,3,0,3,2,0,0,2,0,0,2,0.09300659745697683,True
1,2,5,0,0,1,1,0,1,0,2,0.9366357874835106,False
1,1,1,0,3,3,1,1,0,2,0,0.04201878492431082,True
1,1,1,4,1,1,3,0,0,1,0,0.9716321855674462,False
1,1,2,0,2,3,0,1,0,0,3,0.8758553689042765,False
1,0,3,3,2,0,0,2,1,0,1,0.056115145167057644,True
1,0,0,4,2,2,1,0,2,1,0,0.9500009897738922,False
1,0,0,1,1,6,0,2,1,1,0,0.07859795315109931,True
1,2,0,2,3,1,0,2,1,0,1,0.9588960479197703,False
1,0,0,0,3,5,0,0,2,0,2,0.8589153087862031,False
1,2,4,1,0,1,0,0,1,2,1,0.9563799002811382,False
1,0,3,1,2,2,0,0,1,3,0,0.05037910405397683,True
1,5,0,0,3,0,0,0,0,4,0,0.06688646734058383,True
1,4,1,0,0,3,1,0,2,0,1,0.919481858810643,False
1,0,0,5,1,2,3,0,0,0,1,0.9362530433227534,False
1,0,3,2,1,2,1,0,0,0,3,0.8995310277863396,False
1,2,2,1,3,0,2,1,0,1,0,0.07068699837028763,True
1,0,3,0,0,5,4,0,0,0,0,0.8983148529004605,False
1,0,1,3,1,3,2,0,2,0,0,0.937500914488903,False
1,0,3,3,0,2,2,0,2,0,0,0.9577414696275193,False
1,3,2,2,1,0,1,2,0,1,0,0.08155902475525542,True
1,0,2,2,3,1,0,0,3,0,1,0.9585504416737906,False
1,0,1,0,4,3,2,0,0,0,2,0.8971875079999168,False
1,1,0,2,1,4,1,3,0,0,0,0.11947357767197817,True
1,1,1,1,2,3,2,0,1,1,0,0.9265348175603253,False
1,4,1,0,2,1,0,0,1,1,2,0.9381999020114481,False
1,2,2,2,1,1,0,0,3,0,1,0.9579592941398292,False
1,0,0,4,1,3,1,2,0,0,1,0.9185196331944335,False
1,3,0,0,3,2,1,0,2,1,0,0.9442337680485506,False
1,3,2,1,0,2,0,0,3,1,0,0.9533631195852431,False
1,0,3,4,0,1,0,1,3,0,0,0.9803602890167468,False
1,0,2,2,3,1,3,1,0,0,0,0.2646620687570648,True
1,1,2,0,0,5,0,1,0,2,1,0.8745051350779182,False
1,1,1,2,2,2,0,1,2,1,0,0.1541829439986583,True
1,0,4,3,0,1,2,0,1,1,0,0.9621487121169435,False
1,0,3,4,0,1,0,0,2,0,2,0.9366141445982227,False
1,1,1,5,0,1,0,0,3,0,1,0.9422949106726605,False
1,0,0,3,1,4,4,0,0,0,0,0.917953451917267,False
1,4,0,0,3,1,0,0,0,1,3,0.9170072907590806,False
1,0,1,0,2,5,0,2,2,0,0,0.09566736071304299,True
1,0,2,0,4,2,1,2,0,1,0,0.05282629790454589,True
1,1,2,4,1,0,2,1,0,0,1,0.09006543820110556,True
1,0,3,0,0,5,1,2,0,0,1,0.8753419434291273,False
1,5,0,0,2,1,0,0,1,2,1,0.9567449267206857,False
1,0,2,0,3,3,1,1,1,0,1,0.9166068197999987,False
1,0,0,0,1,7,1,1,1,1,0,0.8386549772211892,False
1,0,4,1,0,3,2,0,1,0,1,0.9202557245723613,False
1,0,5,0,1,2,1,3,0,0,0,0.055322010852521385,True
1,2,3,2,0,1,2,1,0,1,0,0.17266670767309372,True
1,0,1,6,1,0,0,1,3,0,0,0.1751650874814457,True
1,0,5,1,2,0,0,2,0,2,0,0.06766388888888888,True
1,0,0,3,5,0,4,0,0,0,0,0.07130264845234294,True
1,0,0,4,1,3,1,0,1,1,1,0.9171513839738599,False
1,0,0,3,5,0,0,0,1,1,2,0.029124954214929607,True
1,2,0,2,1,3,2,1,0,0,1,0.9193094563405404,False
1,1,3,1,2,1,3,0,1,0,0,0.9793361296066532,False
1,0,1,7,0,0,0,0,1,2,1,0.9771110919619389,False
1,7,0,0,1,0,3,0,0,0,1,0.9668377320411187,False
1,0,0,6,2,0,0,1,2,1,0,0.10569522546426137,True
1,0,0,5,0,3,0,0,1,3,0,0.5884658076495366,False
1,2,2,2,2,0,0,2,2,0,0,0.0784904896659544,True
1,1,1,0,5,1,0,1,0,0,3,0.9108621847757833,False
1,6,0,0,2,0,0,3,0,0,1,0.09051113472652718,True
1,2,0,1,4,1,0,0,1,0,3,0.9184215222827652,False
1,2,1,0,4,1,0,0,2,1,1,0.9558823285350627,False
1,1,1,2,0,4,3,0,0,1,0,0.913224819177783,False
1,0,7,0,0,1,0,3,1,0,0,0.07553707361007844,True
1,0,2,4,1,1,1,0,1,1,1,0.9577895515691901,False
1,0,3,2,2,1,0,3,1,0,0,0.08156974806333443,True
1,1,1,0,1,5,0,1,0,1,2,0.8570514941889263,False
1,2,2,2,0,2,1,0,0,3,0,0.08699089777755993,True
1,1,2,0,5,0,1,0,1,1,1,0.045629772723292446,True
1,5,1,2,0,0,0,0,2,0,2,0.9541675642427279,False
1,0,0,0,4,4,2,0,1,0,1,0.8981676432738243,False
1,2,1,0,5,0,0,0,3,0,1,0.04825080477863853,True
1,0,0,5,2,1,3,1,0,0,0,0.9794762408455586,False
1,0,3,0,0,5,2,2,0,0,0,0.09124125290480203,True
1,0,4,1,0,3,0,1,0,1,2,0.894219942188545,False
1,5,2,0,1,0,1,0,3,0,0,0.13382539812293526,True
1,4,2,0,1,1,0,0,1,3,0,0.08720126777246619,True
1,4,2,0,0,2,0,3,0,0,1,0.9348840445269623,False
1,1,0,3,3,1,1,0,0,1,2,0.9380237643773698,False
1,0,1,7,0,0,2,0,0,1,1,0.978842770174365,False
1,4,0,0,1,3,4,0,0,0,0,0.9397393131941654,False
1,2,4,0,1,1,1,0,0,3,0,0.07037910405403035,True
1,2,1,0,0,5,3,0,1,0,0,0.8998754159158705,False
1,0,0,0,4,4,1,0,0,3,0,0.016822746291113508,True
1,5,2,0,1,0,0,0,3,1,0,0.10052523390365967,True
1,6,0,0,0,2,0,1,0,2,1,0.9373936875963957,False
1,0,4,1,0,3,0,0,4,0,0,0.9386873115715746,False
1,4,2,2,0,0,0,0,3,1,0,0.17584171718970218,True
1,3,0,2,0,3,0,1,1,0,2,0.8986526380746189,False
1,0,4,2,0,2,1,0,0,1,2,0.9196398785592003,False
1,2,0,4,2,0,0,2,0,1,1,0.08983591698472432,True
1,2,5,1,0,0,1,0,2,1,0,0.07838965792548971,True
1,0,2,4,1,1,0,3,1,0,0,0.10262338129832993,True
1,1,3,1,3,0,2,1,0,1,0,0.06838525838522644,True
1,0,3,4,1,0,0,0,1,1,2,0.04899819532430078,True
1,0,1,0,2,5,1,3,0,0,0,0.016931754421292584,True
1,3,5,0,0,0,1,0,0,0,3,0.02195581909370382,True
1,0,0,2,5,1,0,0,0,0,4,0.8975902748485195,False
1,1,0,0,5,2,0,1,0,1,2,0.9085138833460018,False
1,2,1,2,2,1,0,3,1,0,0,0.10030430718027679,True
1,0,2,0,1,5,2,0,0,1,1,0.8774573407416257,False
1,1,6,0,1,0,1,3,0,0,0,0.06963263888888889,True
1,2,0,0,2,4,0,0,0,1,3,0.8581812500000003,False
1,0,1,1,4,2,0,0,2,0,2,0.9184351106553964,False
1,6,0,1,0,1,0,1,1,0,2,0.9394818588106432,False
1,1,5,1,1,0,0,0,0,4,0,0.06724375,True
1,4,0,0,2,2,1,1,0,2,0,0.09472264300015959,True
1,2,0,2,0,4,0,1,0,3,0,0.08676443854343154,True
1,1,1,3,1,2,0,1,0,1,2,0.9187752452361517,False
1,0,0,2,4,2,1,0,1,0,2,0.9185354716857214,False
1,1,0,3,0,4,0,0,1,0,3,0.8574264579157719,False
1,5,0,0,0,3,1,1,0,0,2,0.8995320728746228,False
1,0,2,5,1,0,0,3,0,0,1,0.07251343684997494,True
1,2,2,1,2,1,0,0,3,1,0,0.9606032818627355,False
1,1,0,2,1,4,1,2,0,1,0,0.1188335689352322,True
1,2,1,0,4,1,0,1,1,0,2,0.9360463764253016,False
1,5,1,1,0,1,0,2,2,0,0,0.9587542758492419,False
1,4,1,0,2,1,0,1,1,1,1,0.9575562420721128,False
1,3,2,1,0,2,0,1,2,0,1,0.939558545368319,False
1,4,2,0,1,1,1,2,0,1,0,0.096459457343226,True
1,0,0,1,3,4,0,1,2,0,1,0.8989127177384606,False
1,3,0,1,2,2,1,0,2,0,1,0.9387595856710462,False
1,3,1,2,1,1,1,2,0,1,0,0.11917730077386274,True
1,3,2,1,1,1,0,3,0,0,1,0.9535568008150984,False
1,0,4,1,1,2,0,1,1,1,1,0.9304115880079354,False
1,3,1,3,1,0,0,0,3,1,0,0.16978647144779913,True
1,1,0,5,0,2,0,0,0,4,0,0.11997463294020423,True
1,4,0,4,0,0,2,0,2,0,0,0.994078558062317,False
1,0,3,0,4,1,0,2,0,0,2,0.11048862598421316,True
1,3,3,1,0,1,2,0,1,0,1,0.9597402176677701,False
1,1,0,1,6,0,1,0,1,0,2,0.02520198039038474,True
1,3,3,2,0,0,0,2,1,1,0,0.08309530572626903,True
1,0,3,0,5,0,0,0,0,3,1,0.04488632073950621,True
1,2,2,0,3,1,0,1,3,0,0,0.2646620687570648,True
1,1,1,0,3,3,1,0,2,0,1,0.9188798242282453,False
1,0,4,3,0,1,0,0,1,3,0,0.07682274633469675,True
1,3,1,1,0,3,1,0,0,0,3,0.8796966426956889,False
1,1,0,1,6,0,3,0,0,0,1,0.045201980390384706,True
1,1,1,0,3,3,3,1,0,0,0,0.9348404449236146,False
1,1,0,0,4,3,0,0,0,3,1,0.9027693457348291,False
1,0,1,1,6,0,0,3,1,0,0,0.06333055555555556,True
1,0,2,1,3,2,0,3,1,0,0,0.06071740568041112,True
1,0,0,2,2,4,0,0,3,1,0,0.9096363332699295,False
1,2,0,3,2,1,2,0,0,0,2,0.9383322083764879,False
1,1,0,1,3,3,1,0,1,1,1,0.9178139858380822,False
1,1,1,4,0,2,3,0,0,0,1,0.9374595912506188,False
1,0,1,1,6,0,1,1,1,1,0,0.0619,True
1,5,0,0,0,3,0,1,3,0,0,0.9363232061548479,False
1,0,4,0,0,4,0,0,1,0,3,0.8591602903174839,False
1,2,4,1,0,1,2,0,0,0,2,0.9396151071742138,False
1,0,0,0,0,8,3,0,0,1,0,0.8331233720227756,False
1,5,1,1,0,1,3,1,0,0,0,0.9734593370118422,False
1,2,3,0,2,1,0,2,0,0,2,0.9249884934988709,False
1,1,0,3,0,4,2,0,0,0,2,0.8777179499370924,False
1,0,0,5,0,3,1,0,2,0,1,0.9118603710805115,False
1,2,1,1,0,4,1,0,1,1,1,0.899062214653641,False
1,2,2,1,0,3,0,1,0,0,3,0.8797531652944689,False
1,2,6,0,0,0,1,0,0,3,0,0.06899722222222222,True
1,1,3,2,0,2,1,0,1,0,2,0.9191162402019667,False
1,2,2,1,2,1,1,2,0,1,0,0.08537368416360684,True
1,1,0,0,2,5,1,2,0,0,1,0.8771696113160672,False
1,2,3,2,0,1,1,0,0,2,1,0.958796267540055,False
1,1,6,1,0,0,0,1,0,1,2,0.03400735993659647,True
1,0,2,2,4,0,1,2,1,0,0,0.06783902476819466,True
1,2,2,1,1,2,1,1,1,0,1,0.9398876163342089,False
1,2,2,3,0,1,0,1,2,0,1,0.9579712033504284,False
1,2,1,0,2,3,1,0,0,3,0,0.04720126777106002,True
1,1,1,0,6,0,0,0,0,0,4,-0.0159227140601513,True
1,0,6,0,0,2,1,0,0,1,2,0.9058455398020812,False
1,0,2,5,1,0,2,0,0,0,2,0.09384799930364225,True
1,3,1,3,0,1,1,0,1,2,0,0.9530881822005969,False
1,1,2,1,3,1,2,0,0,1,1,0.9560546793605669,False
1,1,1,5,0,1,0,2,0,2,0,0.09918398479460283,True
1,1,3,2,2,0,2,0,2,0,0,0.08077865733495475,True
1,3,2,0,1,2,0,1,1,2,0,0.07326131456653105,True
1,2,2,0,3,1,0,0,2,1,1,0.9565913767208774,False
1,0,5,0,0,3,3,0,0,0,1,0.9165770996457068,False
1,2,2,1,0,3,1,0,2,0,1,0.9190423712936562,False
1,0,1,0,2,5,0,2,2,0,0,0.09566736071304299,True
1,2,2,2,1,1,1,0,1,0,2,0.9389891276287822,False
1,0,3,1,0,4,0,2,0,0,2,0.8773211626391086,False
1,0,1,5,0,2,0,0,0,3,1,0.9370012456864953,False
1,0,0,2,6,0,0,3,0,0,1,0.043330555555555594,True
1,1,2,2,3,0,0,0,2,0,2,0.03811697379948904,True
1,1,2,0,4,1,1,2,1,0,0,0.0920643327236654,True
1,4,2,1,0,1,0,1,3,0,0,0.9750737345483023,False
1,2,5,1,0,0,1,1,1,1,0,0.07502003804142486,True
1,1,3,0,3,1,1,2,0,0,1,0.24645128942499353,True
1,0,3,3,0,2,0,1,0,3,0,0.05121609410207154,True
1,2,2,0,1,3,0,0,0,0,4,0.8583726679515434,False
1,4,3,0,1,0,0,0,3,1,0,0.08452335913449811,True
1,3,1,1,3,0,1,3,0,0,0,0.07316005389067184,True
1,0,3,0,3,2,0,1,2,0,1,0.9314978522355142,False
1,3,2,1,2,0,3,0,0,1,0,0.081667168250454,True
1,1,2,1,2,2,0,0,1,1,2,0.9183179887562389,False
1,2,0,0,0,6,0,3,0,0,1,0.8571438190861514,False
1,5,0,3,0,0,0,1,0,0,3,0.9383236709339611,False
1,1,2,0,4,1,0,1,0,2,1,0.12670811528924555,True
1,3,2,1,1,1,2,0,1,1,0,0.9668194503517037,False
1,2,2,1,2,1,3,0,1,0,0,0.9793092064391148,False
1,2,0,0,1,5,1,0,1,1,1,0.8789447578671997,False
1,6,1,0,0,1,2,0,0,1,1,0.9590474373990606,False
1,2,1,0,0,5,2,2,0,0,0,0.876293546399598,False
1,1,1,2,4,0,2,0,0,2,0,0.06666639312745606,True
1,4,4,0,0,0,0,1,1,1,1,0.06498049889649907,True
1,3,0,2,0,3,2,0,2,0,0,0.9376040005118644,False
1,1,2,0,1,4,0,3,1,0,0,0.03780628137548696,True
1,3,0,3,0,2,0,3,0,0,1,0.939558545368319,False
1,4,0,1,0,3,1,0,0,0,3,0.879433825408039,False
1,3,1,0,2,2,3,0,0,1,0,0.9435742625358261,False
1,1,2,4,1,0,0,2,2,0,0,0.09018974428485356,True
1,0,4,2,1,1,2,0,0,1,1,0.9588138686164028,False
1,0,0,6,0,2,1,0,0,1,2,0.9147898713190841,False
1,0,3,2,0,3,0,4,0,0,0,0.03882891407439986,True
1,1,0,0,6,1,1,0,1,1,1,0.9460752205036403,False
1,4,3,0,1,0,4,0,0,0,0,0.09555565175227057,True
1,0,0,6,2,0,0,1,0,2,1,0.089148338638582,True
1,0,1,5,2,0,0,2,1,1,0,0.07905814843227055,True
1,1,0,5,1,1,0,1,1,0,2,0.9360559455993375,False
1,2,4,0,2,0,0,2,0,2,0,0.06766388888888888,True
1,0,0,4,2,2,1,2,1,0,0,0.42833480750244024,True
1,1,1,1,0,5,1,0,2,0,1,0.8786526380746185,False
1,1,5,0,2,0,2,0,1,1,0,0.06906918952123499,True
1,1,1,1,4,1,0,0,1,2,1,0.9500018500918318,False
1,0,2,4,2,0,1,2,1,0,0,0.0784904896659544,True
1,1,0,6,1,0,0,0,0,2,2,0.9390385774585487,False
1,4,0,3,1,0,1,1,1,0,1,0.9671617059767827,False
1,1,2,3,0,2,0,0,0,0,4,0.8784622096257481,False
1,6,0,0,2,0,1,1,0,0,2,0.16136228911061307,True
1,0,5,2,0,1,1,1,1,1,0,0.10152787418300228,True
1,4,0,2,2,0,1,2,1,0,0,0.1095735395461937,True
1,1,5,0,0,2,4,0,0,0,0,0.9565770996457068,False
1,3,2,1,0,2,0,2,1,0,1,0.9396151071742137,False
1,1,2,5,0,0,0,2,1,0,1,0.13120425029146152,True
1,0,4,2,0,2,2,0,0,0,2,0.9197576925149634,False
1,1,2,4,1,0,0,0,0,3,1,0.07164858512973878,True
1,1,0,6,1,0,1,0,2,1,0,0.919291457354175,False
1,2,2,1,3,0,1,2,0,0,1,0.05366717140157759,True
1,3,0,0,1,4,0,1,1,2,0,0.11395091110770399,True
1,4,0,1,0,3,2,0,1,1,0,0.9333193403169533,False
1,5,1,0,0,2,0,1,0,1,2,0.9178366058935234,False
1,2,1,0,5,0,3,1,0,0,0,0.0669557992352514,True
1,0,0,1,4,3,1,1,2,0,0,0.9302689083367496,False
1,2,0,3,0,3,0,0,0,3,1,0.917357146714325,False
1,0,0,7,0,1,1,3,0,0,0,0.6431372123558414,False
1,0,1,3,3,1,2,0,1,1,0,0.9623937169931022,False
1,0,2,1,5,0,0,0,1,1,2,0.02562977272329248,True
1,0,4,0,3,1,1,1,1,0,1,0.26218848219847507,True
1,1,0,0,2,5,0,2,0,2,0,0.0033835156583848195,True
1,1,2,0,3,2,1,0,1,2,0,0.0744803814764833,True
1,1,0,0,7,0,1,1,1,0,1,0.04120419173594054,True
1,0,4,3,0,1,1,2,1,0,0,0.13090966539883245,True
1,0,3,5,0,0,0,0,2,1,1,0.09373399763165749,True
1,1,2,2,0,3,0,0,0,2,2,0.8985292090050164,False
1,3,0,2,3,0,4,0,0,0,0,0.11989855995460699,True
1,0,0,3,2,3,1,0,3,0,0,0.9367155848008308,False
1,0,3,0,5,0,0,0,1,3,0,0.06113263888888888,True
1,3,1,2,0,2,0,0,1,0,3,0.8983236709339609,False
1,3,0,3,2,0,0,0,0,3,1,0.08844819502148887,True
1,6,1,0,0,1,0,3,0,0,1,0.9539854449311841,False
1,0,2,3,3,0,0,0,0,2,2,0.03334755828869989,True
1,2,1,0,5,0,0,1,1,0,2,0.027184866912815298,True
1,0,3,2,2,1,0,1,0,1,2,0.9321785723822433,False
1,1,2,2,2,1,0,0,4,0,0,0.9778123222159892,False
1,2,0,0,3,3,0,2,0,2,0,0.034993927034597506,True
1,1,2,1,3,1,0,3,0,1,0,0.06814913754653786,True
1,3,1,0,2,2,1,1,0,2,0,0.07326131455781629,True
1,0,2,0,4,2,0,0,4,0,0,0.9583507245849714,False
1,3,1,1,3,0,0,1,1,1,1,0.05854249533113952,True
1,7,1,0,0,0,1,0,1,0,2,0.9491809881207685,False
1,0,1,1,2,4,0,0,0,3,1,0.8931790990934707,False
1,5,1,2,0,0,1,0,1,0,2,0.9523778714777428,False
1,2,0,1,2,3,1,1,1,0,1,0.9192912913954003,False
1,1,1,0,2,4,0,2,0,0,2,0.8751762672673059,False
1,0,0,5,3,0,0,3,0,0,1,0.0632297804950788,True
1,0,1,0,7,0,1,0,0,3,0,0.06,True
1,4,0,2,1,1,0,1,0,0,3,0.9193094563405405,False
1,3,2,0,2,1,0,0,1,0,3,0.9189948241282667,False
1,1,0,1,4,2,3,1,0,0,0,0.9524006573948627,False
1,1,1,3,0,3,1,1,0,2,0,0.13395091110770393,True
1,0,0,5,0,3,2,2,0,0,0,0.9265231225310995,False
1,2,1,4,0,1,1,0,2,1,0,0.9731531220504648,False
1,0,0,0,6,2,1,2,1,0,0,0.07206433272365141,True
1,3,4,0,0,1,2,1,0,1,0,0.12130319709989634,True
1,0,1,1,1,5,2,0,0,0,2,0.8595927543275632,False
1,7,0,0,1,0,1,1,0,1,1,0.9598086709608257,False
1,2,1,2,1,2,2,0,1,0,1,0.9386666794211123,False
1,2,4,1,0,1,0,1,1,0,2,0.9394386893236987,False
1,1,1,3,3,0,0,1,2,0,1,0.06231641811097015,True
1,3,0,1,0,4,3,0,0,1,0,0.9132880876326012,False
1,8,0,0,0,0,0,4,0,0,0,0.17186175057410355,True
1,2,1,0,2,3,3,1,0,0,0,0.922721631072983,False
1,3,1,1,1,2,2,1,0,0,1,0.9395500545477631,False
1,1,2,1,3,1,2,0,0,0,2,0.9386060797606006,False
1,3,4,0,1,0,0,4,0,0,0,0.07049403650238288,True
1,1,0,0,0,7,0,3,0,0,1,0.8371438190861513,False
1,4,0,0,0,4,0,0,2,2,0,0.8987035354263883,False
1,0,4,3,0,1,2,0,0,2,0,0.11484844757850274,True
1,0,3,3,0,2,2,0,1,1,0,0.9518825470207231,False
1,2,0,0,6,0,1,1,1,0,1,0.04439733511265198,True
1,1,0,0,7,0,0,0,0,3,1,0.04333625959159529,True
1,1,3,0,3,1,1,0,1,2,0,0.0834635733690118,True
1,0,2,1,5,0,2,1,0,1,0,0.06399375,True
1,0,2,6,0,0,1,1,0,0,2,0.1847010094780848,True
1,3,2,0,3,0,0,3,1,0,0,0.07014067523575157,True
1,1,0,1,1,5,1,0,0,0,3,0.8394271154491624,False
1,4,2,0,0,2,1,0,0,0,3,0.8994834422818976,False
1,1,7,0,0,0,0,0,0,1,3,0.01140946675634419,True
1,1,3,4,0,0,0,1,3,0,0,0.10575337210629122,True
1,0,0,7,1,0,0,2,2,0,0,0.31371323599207096,False
1,2,6,0,0,0,1,2,0,1,0,0.069775,True
1,1,3,0,0,4,0,2,2,0,0,0.11566736069189933,True
1,2,3,1,0,2,2,0,2,0,0,0.9593498253650568,False
1,2,1,3,2,0,2,1,0,1,0,0.08503003347085872,True
1,1,2,0,0,5,0,0,0,2,2,0.8569291925334628,False
1,0,1,0,2,5,1,0,0,2,1,0.8759308940953755,False
1,0,3,0,4,1,1,2,0,0,1,0.13048862598421312,True
1,2,3,1,1,1,0,3,0,0,1,0.9469636102370772,False
1,0,6,0,1,1,1,1,0,2,0,0.06927028981958014,True
1,1,2,2,2,1,3,0,1,0,0,0.9790562078342568,False
1,1,0,1,3,3,1,3,0,0,0,0.0582355267645668,True
1,3,0,2,1,2,1,0,2,0,1,0.9377513434726061,False
1,1,0,2,0,5,2,0,1,0,1,0.877777777777777,False
1,0,4,1,3,0,1,0,1,0,2,0.030140675235751636,True
1,0,3,4,1,0,0,2,1,1,0,0.07556796893166401,True
1,0,1,2,1,4,0,1,3,0,0,0.9173372564772151,False
1,0,7,0,0,1,0,1,0,0,3,0.21050191674987911,True
1,3,0,2,0,3,3,1,0,0,0,0.9363232061548479,False
1,6,1,0,0,1,0,1,2,1,0,0.959893224831115,False
1,0,2,2,4,0,0,2,0,2,0,0.06462222222222222,True
1,3,0,1,3,1,2,1,0,0,1,0.9587549767368185,False
1,0,4,2,2,0,3,0,1,0,0,0.07503009718716726,True
1,2,0,3,2,1,1,0,0,1,2,0.9382155309545901,False
1,0,1,0,6,1,0,1,3,0,0,0.121474585415971,True
1,0,5,1,2,0,0,2,1,1,0,0.0684,True
1,1,0,2,4,1,0,1,2,0,1,0.9585350513772208,False
1,0,5,3,0,0,0,0,0,1,3,0.02087301434782413,True
1,2,4,1,0,1,3,1,0,0,0,0.9607035253218733,False
1,0,1,2,4,1,1,0,0,0,3,0.918336478448563,False
1,0,0,2,6,0,0,0,1,1,2,0.024214127694692986,True
1,1,6,1,0,0,1,0,0,2,1,0.053949601635103754,True
1,2,3,2,1,0,0,1,0,1,2,0.044850155610747504,True
1,2,1,2,2,1,2,1,0,1,0,0.17266670650692176,True
1,0,1,0,7,0,0,0,0,1,3,0.0014059532486465037,True
1,2,0,1,1,4,1,0,0,1,2,0.8789069433984364,False
1,1,2,2,0,3,2,1,0,0,1,0.9197402176677699,False
1,1,1,4,2,0,1,0,2,1,0,0.09592476557341177,True
1,0,2,2,0,4,0,0,1,1,2,0.878810373096794,False
1,0,3,5,0,0,2,1,0,0,1,0.09290448527883424,True
1,0,1,1,5,1,0,0,1,3,0,0.06618122420518992,True
1,1,1,0,4,2,2,1,0,1,0,0.08007680196539158,True
1,0,0,5,2,1,0,0,1,1,2,0.9367180624386391,False
1,0,1,5,2,0,0,1,1,0,2,0.06458344752606832,True
1,3,3,0,0,2,1,0,0,3,0,0.06720126784920666,True
1,0,0,7,1,0,0,3,0,0,1,0.8541654366459726,False
1,0,1,2,0,5,1,2,1,0,0,0.8782094962329929,False
1,2,0,5,0,1,0,2,1,0,1,0.9567155848008312,False
1,3,1,1,2,1,3,0,0,1,0,0.9655101895274275,False
1,1,0,4,3,0,2,0,0,2,0,0.07814749178158457,True
1,5,0,1,1,1,2,0,0,1,1,0.9589069433984369,False
1,0,5,2,0,1,1,3,0,0,0,0.08098147706572723,True
1,0,6,0,1,1,0,0,1,2,1,0.13132399824240246,True
1,2,0,6,0,0,0,0,3,0,1,0.9697841880974656,False
1,6,0,2,0,0,0,2,0,1,1,0.9793432688676588,False
1,2,1,1,1,3,0,2,0,2,0,0.04338351566954787,True
1,0,4,1,0,3,0,0,2,1,1,0.9193198272189141,False
1,0,1,7,0,0,0,2,2,0,0,0.3223686708813214,False
1,0,2,1,0,5,0,0,2,0,2,0.8590423712936559,False
1,0,1,7,0,0,0,0,0,0,4,0.9202398786220696,False
1,1,1,1,1,4,2,0,0,2,0,0.3523448698452067,True
1,2,3,0,3,0,2,0,2,0,0,0.07316005389067184,True
1,0,5,1,0,2,0,0,0,4,0,0.03994757195874376,True
1,0,3,1,3,1,1,0,0,1,2,0.9309719137356963,False
1,2,4,0,2,0,1,0,0,1,2,0.033453198233683146,True
1,2,4,0,0,2,2,0,1,0,1,0.939160290317484,False
1,0,0,5,1,2,0,2,1,1,0,0.16146102006677393,True
1,5,1,1,0,1,0,3,1,0,0,0.1787785087066547,True
1,3,1,3,1,0,0,2,0,0,2,0.10427247676421632,True
1,1,1,2,3,1,0,0,4,0,0,0.977810109649418,False
1,1,5,1,0,1,0,2,1,0,1,0.9505411092782565,False
1,2,1,4,0,1,0,1,1,0,2,0.937500914488903,False
1,5,0,1,1,1,0,4,0,0,0,0.10091365687281283,True
1,3,4,1,0,0,0,1,0,3,0,0.07251316662766626,True
1,0,0,5,1,2,0,0,1,2,1,0.9365828696714417,False
1,0,2,0,3,3,1,0,1,0,2,0.8983311939552883,False
1,2,0,3,1,2,1,0,0,1,2,0.9181100258332747,False
1,1,1,4,1,1,0,1,0,0,3,0.9182502406662283,False
1,1,2,1,4,0,1,0,0,3,0,0.06333055555555556,True
1,2,3,3,0,0,1,2,0,0,1,0.08070438692017716,True
1,6,0,0,2,0,0,4,0,0,0,0.08363034315581055,True
1,1,3,1,1,2,4,0,0,0,0,0.9594963809514555,False
1,1,3,0,2,2,2,0,0,1,1,0.9360411279890987,False
1,0,0,6,2,0,0,0,1,0,3,0.5884658076495367,False
1,4,2,2,0,0,2,0,0,0,2,0.6175498086671358,False
1,3,0,1,1,3,1,0,1,2,0,0.9120384114619992,False
1,2,0,4,2,0,0,3,0,1,0,0.08166716825045399,True
1,0,0,1,4,3,0,0,2,2,0,0.07484844386552957,True
1,0,3,1,2,2,0,0,0,2,2,0.9107574080149773,False
1,3,1,0,1,3,0,4,0,0,0,0.04493849849666227,True
1,2,0,1,3,2,0,0,1,0,3,0.8988990292878754,False
1,3,1,0,0,4,0,1,2,0,1,0.8998846250342558,False
1,1,2,2,0,3,3,0,0,1,0,0.9318852073341132,False
1,2,1,5,0,0,2,0,0,1,1,0.9725301338158931,False
1,5,0,3,0,0,1,0,0,0,3,0.9373712068309247,False
1,0,2,1,4,1,2,0,0,0,2,0.9368972197978931,False
1,2,1,2,1,2,2,1,0,1,0,0.41248065058037414,True
1,0,1,0,1,6,2,0,2,0,0,0.879466692922822,False
1,1,0,1,5,1,1,2,0,1,0,0.07814929062190648,True
1,1,0,0,5,2,1,0,1,2,0,0.07448038147640053,True
1,2,2,2,0,2,0,0,3,1,0,0.9541082264313161,False
1,4,0,4,0,0,0,1,1,1,1,0.9770866410134041,False
1,1,0,0,3,4,1,2,0,1,0,0.03645945672732426,True
1,2,3,1,2,0,2,1,1,0,0,0.0766089868055632,True
1,0,5,0,2,1,1,2,0,0,1,0.13048862598421312,True
1,3,3,0,1,1,0,0,0,4,0,0.06281411693061092,True
1,1,2,0,3,2,0,0,2,2,0,0.0744803814764833,True
1,0,7,0,0,1,0,3,0,1,0,0.06712312176317849,True
1,1,0,0,0,7,0,0,4,0,0,0.857777777777777,False
1,3,1,1,0,3,1,2,0,0,1,0.9188573767084391,False
1,4,1,0,2,1,3,0,0,0,1,0.9584992041437683,False
1,3,4,0,1,0,0,0,0,0,4,0.0029422584349998483,True
1,2,2,0,2,2,4,0,0,0,0,0.9580270407017399,False
1,1,2,1,1,3,1,2,0,1,0,0.05691643675764423,True
1,0,0,3,3,2,0,1,3,0,0,0.9581271108918338,False
1,1,4,0,0,3,1,1,0,1,1,0.9118495348716946,False
1,2,1,0,5,0,2,1,1,0,0,0.0669557992352514,True
1,2,1,1,1,3,2,0,0,1,1,0.9189516625791518,False
1,3,0,5,0,0,0,0,1,1,2,0.9548225569780879,False
1,0,2,4,1,1,0,4,0,0,0,0.08031685167481731,True
1,1,6,0,0,1,0,1,0,1,2,0.22551034739380238,True
1,5,1,1,1,0,1,0,0,1,2,0.1757288975078359,True
1,1,1,4,1,1,2,1,0,1,0,0.4369776344607144,True
1,0,1,2,2,3,0,0,0,3,1,0.9148724444537362,False
1,2,1,1,3,1,0,2,2,0,0,0.12831932989077516,True
1,2,4,1,1,0,0,1,1,1,1,0.05799416999397566,True
1,0,6,1,1,0,0,0,0,1,3,0.011602580146559063,True
1,1,6,0,1,0,1,2,0,1,0,0.06924375,True
1,0,1,0,2,5,0,2,1,0,1,0.8764366443745372,False
1,4,0,1,0,3,0,0,4,0,0,0.9374264579157723,False
1,1,2,1,1,3,0,1,0,0,3,0.8790908809831052,False
1,2,1,4,0,1,0,1,1,0,2,0.937500914488903,False
1,1,3,1,0,3,1,0,0,2,1,0.9170018280754721,False
1,1,3,2,1,1,0,4,0,0,0,0.07363224104468535,True
1,1,1,1,4,1,2,1,0,0,1,0.9564083023354156,False
1,1,2,2,1,2,0,3,0,0,1,0.9365907714979576,False
1,1,2,0,4,1,0,1,0,3,0,0.062116835961236266,True
1,1,0,5,1,1,0,1,3,0,0,0.9787363191811894,False
1,5,1,0,1,1,3,0,0,0,1,0.9594009401355333,False
1,3,0,2,2,1,0,1,0,2,1,0.9568255539649769,False
1,4,1,0,2,1,0,0,1,3,0,0.08720126777105996,True
1,0,4,2,2,0,1,2,1,0,0,0.07057161598934551,True
1,1,0,1,1,5,2,2,0,0,0,0.8800819215907922,False
1,0,4,1,1,2,0,0,0,0,4,0.8786560896311908,False
1,0,4,4,0,0,1,0,0,3,0,0.07503009718716729,True
1,4,0,0,3,1,2,1,0,1,0,0.17029002190839812,True
1,4,1,0,3,0,0,1,1,0,2,0.042316418110970186,True
1,1,1,6,0,0,3,1,0,0,0,0.9247277838860134,False
1,1,2,4,0,1,1,0,3,0,0,0.9739810570460463,False
1,1,0,0,5,2,4,0,0,0,0,0.9559025748093744,False
1,1,0,4,2,1,2,0,1,0,1,0.9571853219210379,False
1,5,2,0,1,0,1,0,1,2,0,0.0861958172283015,True
1,4,1,1,1,1,0,1,3,0,0,0.9750259904140196,False
1,2,3,2,1,0,0,2,2,0,0,0.08039899399351992,True
1,2,0,1,0,5,1,1,1,1,0,0.8840558597371178,False
1,0,3,1,4,0,1,2,0,1,0,0.06577499999999999,True
1,0,0,2,5,1,1,0,1,1,1,0.9549684209418015,False
1,3,0,2,1,2,2,0,2,0,0,0.9577513434726062,False
1,2,4,0,2,0,1,1,1,0,1,0.053557788816848695,True
1,1,0,5,2,0,0,1,1,0,2,0.16136228911061307,True
1,1,3,0,3,1,0,0,0,4,0,0.05892089945894956,True
1,0,1,2,4,1,2,2,0,0,0,0.10585235835758852,True
1,8,0,0,0,0,1,0,2,0,1,0.979162087827914,False
1,4,1,1,1,1,0,0,3,0,1,0.9584002986363217,False
1,4,1,2,0,1,2,0,0,1,1,0.9588948689048445,False
1,0,1,0,6,1,3,0,1,0,0,0.9696868856375883,False
1,5,0,1,2,0,2,0,1,0,1,0.6284658076495366,False
1,0,0,0,7,1,0,1,0,3,0,0.06349341381157136,True
1,1,1,1,1,4,0,1,1,0,2,0.8796148880987396,False
1,0,0,5,3,0,2,0,2,0,0,0.11989855995460699,True
1,3,1,2,1,1,0,3,1,0,0,0.1217478138169268,True
1,1,0,1,0,6,1,1,2,0,0,0.8768382721864428,False
1,2,1,4,1,0,0,0,2,1,1,0.19572889750783587,True
1,4,0,2,2,0,1,0,2,0,1,0.6284658076495366,False
1,4,0,2,2,0,3,1,0,0,0,0.16676443854343143,True
1,1,0,4,3,0,1,0,1,1,1,0.07766806600277301,True
1,2,1,1,1,3,2,1,0,1,0,0.390157772313126,True
1,4,1,1,2,0,4,0,0,0,0,0.12760056426778127,True
1,0,0,2,1,5,0,0,1,3,0,0.0833205881652081,True
1,0,3,2,0,3,1,0,0,1,2,0.8992886054308145,False
1,0,3,1,1,3,0,0,2,2,0,0.07484844387146684,True
1,1,1,3,3,0,0,0,3,0,1,0.0680961357448387,True
1,3,0,5,0,0,0,0,3,0,1,0.9714312861319769,False
1,1,1,5,1,0,0,1,1,2,0,0.09090414465983973,True
1,2,3,1,2,0,1,0,0,3,0,0.06845813223946548,True
1,5,0,0,2,1,0,0,0,3,1,0.9534854959262345,False
1,0,0,2,6,0,1,0,1,2,0,0.06037443630368271,True
1,3,2,0,2,1,0,0,1,2,1,0.9550535631003572,False
1,0,5,1,1,1,1,1,0,0,2,0.9288504845811597,False
1,1,0,4,0,3,2,0,0,0,2,0.8971741968973174,False
1,0,1,4,3,0,0,3,0,0,1,0.05632962724837029,True
1,1,4,1,2,0,1,2,0,1,0,0.0684,True
1,2,0,0,4,2,0,1,2,1,0,0.10231188919658281,True
1,0,2,0,6,0,0,1,2,0,1,0.043330555555555594,True
1,0,0,6,1,1,1,1,1,0,1,0.9524454331207715,False
1,2,1,0,4,1,0,2,2,0,0,0.10469066916625881,True
1,1,3,0,4,0,0,1,0,3,0,0.06333055555555556,True
1,0,3,1,3,1,2,0,1,1,0,0.14399348888849825,True
1,2,1,2,2,1,0,3,0,1,0,0.07745069844034887,True
1,1,2,1,0,4,0,3,0,1,0,0.025478371876166545,True
1,2,2,1,2,1,0,0,0,1,3,0.9179888847508734,False
1,5,0,0,0,3,2,0,1,1,0,0.9332503967782442,False
1,5,0,0,1,2,1,0,0,1,2,0.9189307287695762,False
1,2,2,3,0,1,4,0,0,0,0,0.9784622096257487,False
1,0,1,7,0,0,0,0,2,0,2,0.9592371101747907,False
1,1,1,5,0,1,1,0,3,0,0,0.9675600076817819,False
1,2,0,2,2,2,1,0,0,3,0,0.08699089775599188,True
1,2,1,2,3,0,1,3,0,0,0,0.07316005389067184,True
1,2,3,1,0,2,0,3,0,1,0,0.0571787985049483,True
1,1,2,0,4,1,1,0,0,3,0,0.06618122420518992,True
1,0,2,3,2,1,1,1,1,1,0,0.12401481529726918,True
1,4,0,2,2,0,2,1,0,0,1,0.181362289110613,True
1,0,1,1,1,5,0,2,2,0,0,0.3595150313149384,True
1,1,0,5,0,2,1,1,0,0,2,0.9167844860195817,False
1,2,0,1,2,3,1,0,0,2,1,0.9169089577097923,False
1,2,3,3,0,0,1,0,0,2,1,0.08052079251294127,True
1,0,0,1,2,5,1,1,2,0,0,0.893683003743254,False
1,0,4,2,1,1,0,0,0,1,3,0.9188138686164028,False
1,2,0,0,4,2,0,0,1,1,2,0.9162603825007255,False
1,5,0,1,2,0,2,1,1,0,0,0.16676443854343143,True
1,4,0,0,1,3,1,0,0,1,2,0.898930728769576,False
1,3,1,1,2,1,0,2,1,1,0,0.09721789918833812,True
1,2,0,5,0,1,1,1,0,0,2,0.936784486019582,False
1,0,3,0,3,2,0,1,3,0,0,0.1351226250999123,True
1,2,1,0,4,1,0,3,0,1,0,0.06791338649840921,True
1,2,2,3,1,0,0,1,0,2,1,0.07193980401976521,True
1,2,1,1,2,2,0,0,3,0,1,0.9386580861083752,False
1,5,0,0,2,1,0,0,1,0,3,0.9193190442881944,False
1,0,6,1,0,1,2,0,0,1,1,0.948769475666761,False
1,0,0,2,0,6,1,1,0,1,1,0.8590622146536411,False
1,3,0,0,5,0,0,1,0,1,2,0.02782101900613847,True
1,0,1,0,1,6,1,0,0,2,1,0.8566834658685543,False
1,1,0,0,2,5,1,2,1,0,0,0.3495402362070858,True
1,0,2,1,1,4,0,2,0,0,2,0.8772657854602178,False
1,0,1,3,1,3,4,0,0,0,0,0.9384002986363214,False
1,4,1,2,1,0,1,1,0,1,1,0.12364671968070542,True
1,1,4,1,2,0,2,2,0,0,0,0.07057161598934551,True
1,5,0,2,0,1,0,4,0,0,0,0.15457022642952392,True
1,4,0,0,0,4,0,1,1,2,0,0.5752626664205563,False
1,0,4,0,1,3,2,1,0,0,1,0.912605681723779,False
1,3,2,2,0,1,1,0,0,2,1,0.9585292090050168,False
1,3,0,2,2,1,1,0,2,1,0,0.9694211047924314,False
1,3,2,1,2,0,0,0,4,0,0,0.0921891176488969,True
1,1,2,1,4,0,0,0,2,0,2,0.030901854588659815,True
1,0,1,4,1,2,0,2,1,0,1,0.9383759369289307,False
1,4,1,0,0,3,1,1,2,0,0,0.9340182309655692,False
1,4,0,1,3,0,1,1,0,1,1,0.0683268488754392,True
1,0,1,0,1,6,1,1,2,0,0,0.872735388500981,False
1,0,0,0,7,1,0,3,1,0,0,0.07553707361007844,True
1,1,4,3,0,0,0,1,0,0,3,0.030070735533598285,True
1,1,2,0,3,2,1,1,0,2,0,0.05492312638675944,True
1,2,2,2,1,1,0,3,1,0,0,0.10030433387689575,True
1,2,0,2,1,3,1,1,1,0,1,0.9189079388484616,False
1,3,4,0,0,1,1,1,0,2,0,0.08201881502817147,True
1,0,1,1,2,4,0,2,1,1,0,0.03721789918833822,True
1,1,2,2,1,2,0,0,0,3,1,0.9359066157221286,False
1,2,1,0,4,1,1,0,1,2,0,0.0944803814764283,True
1,5,0,2,1,0,0,2,1,0,1,0.9596240535328117,False
1,2,1,4,0,1,0,0,1,3,0,0.16332058816520797,True
1,2,1,2,1,2,2,0,1,1,0,0.9513001540220106,False
1,5,0,1,1,1,1,0,0,3,0,0.16332058816520797,True
1,2,1,4,1,0,1,2,0,1,0,0.0933969227100319,True
1,0,1,1,6,0,0,1,0,2,1,0.04305555555555559,True
1,0,0,2,6,0,0,0,0,4,0,0.06,True
1,0,6,0,0,2,2,1,1,0,0,0.1305091673284007,True
1,0,1,1,6,0,0,0,3,0,1,0.044077285939848596,True
1,0,3,2,0,3,3,1,0,0,0,0.9290442172874473,False
1,0,1,3,3,1,1,1,1,1,0,0.1240148152958626,True
1,1,2,0,3,2,1,1,0,2,0,0.05492312638675944,True
1,2,2,2,0,2,4,0,0,0,0,0.9592962702181622,False
1,1,1,2,0,4,0,1,1,0,2,0.8790423712936563,False
1,4,2,1,0,1,1,2,1,0,0,0.43618765215721367,True
1,2,2,0,1,3,0,0,3,0,1,0.9193578820663945,False
1,4,0,0,1,3,2,1,0,1,0,0.9175224298155255,False
1,2,1,0,2,3,1,2,0,1,0,0.05645945673036933,True
1,6,0,0,0,2,1,0,0,0,3,0.9000154052550144,False
1,0,0,1,7,0,1,1,0,2,0,0.060000000000000005,True
1,0,3,0,2,3,2,0,0,1,1,0.9160411279890985,False
1,1,1,5,1,0,0,2,2,0,0,0.11451583207670801,True
1,4,0,3,0,1,1,1,0,1,1,0.9584844418435874,False
1,0,1,0,5,2,1,1,0,2,0,0.050051763109739904,True
1,1,5,1,0,1,1,1,0,0,2,0.9354404445054463,False
1,0,0,4,1,3,1,1,2,0,0,0.9395763489506067,False
1,0,4,2,2,0,0,1,3,0,0,0.07251316662766626,True
1,0,1,2,2,3,2,0,1,0,1,0.9188416626625983,False
1,0,1,0,1,6,0,2,0,2,0,-0.01661648433045203,True
1,2,1,3,0,2,0,0,0,2,2,0.9181273515571822,False
1,0,0,3,1,4,1,0,2,0,1,0.8971790650583783,False
1,0,3,3,0,2,0,1,0,1,2,0.9192296601079332,False
1,3,1,3,0,1,0,2,0,1,1,0.9591839665422708,False
1,0,0,5,0,3,0,2,0,1,1,0.9176368769172867,False
1,2,0,2,2,2,0,2,0,2,0,0.06338351565838472,True
1,3,3,0,1,1,0,2,1,1,0,0.08525535284116927,True
1,1,0,0,3,4,0,1,0,3,0,0.011216094061869256,True
1,3,1,3,1,0,0,0,0,0,4,0.5780828136796181,False
1,0,4,2,2,0,0,1,0,3,0,0.0667888888888889,True
1,0,1,3,0,4,4,0,0,0,0,0.9179723763943539,False
1,0,3,4,1,0,0,1,2,0,1,0.06918629423327324,True
1,0,1,1,3,3,0,0,0,3,1,0.9076834537481439,False
1,0,1,3,1,3,0,0,0,1,3,0.8784308758489051,False
1,1,0,2,3,2,0,2,2,0,0,0.1609569821620132,True
1,2,0,2,3,1,1,0,1,2,0,0.16187554401591653,True
1,0,0,0,8,0,0,1,2,0,1,0.040000000000000036,True
1,0,4,1,0,3,0,0,1,1,2,0.8992903141156997,False
1,0,1,2,4,1,1,2,1,0,0,0.10697487516648718,True
1,1,4,1,0,2,0,0,4,0,0,0.9586873115715748,False
1,3,0,2,1,2,0,0,1,3,0,0.14332058816520798,True
1,1,2,2,3,0,2,0,0,2,0,0.06920262757627053,True
1,3,1,1,3,0,1,1,0,1,1,0.05854249533113952,True
1,1,3,3,0,1,0,0,3,1,0,0.9737881934137411,False
1,1,2,0,2,3,2,2,0,0,0,0.08338864305056329,True
1,0,3,0,4,1,0,0,1,0,3,0.9111615804804285,False
1,3,0,0,3,2,3,0,0,1,0,0.9435380914037549,False
1,0,5,3,0,0,2,0,1,0,1,0.06375259005756342,True
1,2,1,3,1,1,0,0,0,3,1,0.9566550642132905,False
1,0,0,4,1,3,2,1,0,0,1,0.917797364765211,False
1,4,0,1,3,0,1,2,0,0,1,0.0687236036124186,True
1,1,1,2,4,0,0,0,3,1,0,0.07010140587626941,True
1,1,3,0,1,3,2,0,0,1,1,0.9157630840725408,False
1,0,0,5,2,1,0,0,2,1,1,0.9549559377739039,False
1,0,8,0,0,0,0,1,0,3,0,0.06899722222222222,True
1,0,0,4,3,1,0,1,0,1,2,0.9380250634199411,False
1,0,4,2,1,1,1,0,1,2,0,0.09448038147949415,True
1,1,0,5,0,2,3,0,1,0,0,0.9542427135092488,False
1,0,5,1,1,1,2,0,1,0,1,0.9589301739431652,False
1,1,3,1,3,0,2,0,0,0,2,0.03316005389067192,True
1,0,1,0,5,2,0,0,4,0,0,0.9575291148591154,False
1,4,0,2,2,0,0,2,0,2,0,0.07946278592333554,True
1,1,1,3,1,2,2,0,0,2,0,0.3923448698452066,True
1,4,2,1,1,0,0,2,1,1,0,0.08155902475525542,True
1,1,1,1,3,2,1,0,2,1,0,0.9418615987992466,False
1,3,4,1,0,0,2,0,1,0,1,0.07524799114664266,True
1,1,1,0,3,3,1,2,1,0,0,0.08477659743892284,True
1,3,0,0,4,1,0,0,3,0,1,0.9584907640319478,False
1,0,6,2,0,0,1,3,0,0,0,0.06995555555555555,True
1,0,6,2,0,0,0,3,0,1,0,0.069775,True
1,1,0,4,0,3,0,1,1,0,2,0.8971790650583784,False
1,2,3,0,2,1,2,0,2,0,0,0.9792825545174507,False
1,0,0,4,4,0,0,0,2,2,0,0.06888400541297386,True
1,4,0,0,0,4,0,0,2,1,1,0.8989819233292659,False
1,0,1,0,2,5,2,0,0,0,2,0.8584992041437681,False
1,0,1,0,4,3,1,1,0,2,0,0.034923126386728995,True
1,3,3,0,0,2,0,1,0,1,2,0.9152013975203114,False
1,1,7,0,0,0,0,0,1,2,1,0.05227133498386401,True
1,2,0,2,2,2,1,0,2,0,1,0.9380772879381457,False
1,2,2,2,0,2,0,1,0,0,3,0.8997402176677701,False
1,1,1,1,2,3,1,1,0,0,2,0.8989948241282665,False
1,4,1,2,0,1,1,3,0,0,0,0.17947357767197805,True
1,4,1,1,0,2,0,0,1,1,2,0.919062214653641,False
1,0,5,0,2,1,1,0,1,0,2,0.9288179225386919,False
1,1,0,2,0,5,0,0,3,1,0,0.8930847455674542,False
1,2,0,1,3,2,2,2,0,0,0,0.15460252394554078,True
1,0,2,6,0,0,0,1,1,0,2,0.18591929436236806,True
1,2,2,0,2,2,2,1,0,0,1,0.9358553689042765,False
1,0,3,0,5,0,0,0,3,1,0,0.06399375,True
1,1,0,1,6,0,1,1,0,2,0,0.060330555555555554,True
1,0,1,1,5,1,1,0,0,0,3,0.9160973850735891,False
1,2,0,1,1,4,0,2,1,0,1,0.8996977053567438,False
1,3,2,2,1,0,1,3,0,0,0,0.0829494447033636,True
1,4,0,1,2,1,0,0,0,3,1,0.9545946918255901,False
1,2,0,5,1,0,0,4,0,0,0,0.10312554836549957,True
1,0,0,1,5,2,0,1,2,1,0,0.08134799794542119,True
1,0,4,2,0,2,1,0,1,0,2,0.9193964574694542,False
1,5,1,0,1,1,1,0,2,1,0,0.9704030891378694,False
1,1,0,1,6,0,0,0,0,0,4,-0.014798019609615192,True
1,0,2,1,4,1,0,1,0,3,0,0.062116835961236266,True
1,2,0,0,4,2,1,2,0,0,1,0.9356064025441878,False
1,0,0,5,0,3,0,1,0,3,0,0.1067644385434315,True
1,3,0,1,4,0,0,0,0,3,1,0.05198121042643874,True
1,0,1,0,1,6,3,0,1,0,0,0.8796859018012149,False
1,0,3,0,1,4,1,1,1,0,1,0.8972657854602176,False
1,1,1,2,0,4,2,0,1,0,1,0.8983236709339609,False
1,1,0,1,1,5,0,1,1,1,1,0.8789315208455712,False
1,1,0,3,3,1,1,0,1,0,2,0.938162366763474,False
1,3,0,0,0,5,1,0,1,2,0,0.8786121222963394,False
1,3,1,1,2,1,0,0,2,1,1,0.9584596080457908,False
1,4,2,0,2,0,0,0,1,1,2,0.04579389218381704,True
1,0,1,6,1,0,0,1,1,1,1,0.12364671968070542,True
1,3,0,3,2,0,0,0,1,1,2,0.16020782803374944,True
1,2,2,2,2,0,0,0,2,1,1,0.06579389218381701,True
1,0,4,2,0,2,2,0,0,1,1,0.9396398785592004,False
1,2,2,0,4,0,1,3,0,0,0,0.06678888888888888,True
1,1,2,4,1,0,2,0,0,1,1,0.0897540338838037,True
1,1,1,1,4,1,0,4,0,0,0,0.06978105688846836,True
1,0,3,0,1,4,3,0,0,0,1,0.8981425444754948,False
1,0,1,1,5,1,1,0,3,0,0,0.9777505916537881,False
1,1,1,3,1,2,0,0,4,0,0,0.9551624462722772,False
1,0,5,0,0,3,2,1,0,1,0,0.06007880906095303,True
1,1,4,1,0,2,1,0,1,0,2,0.9202557245723613,False
1,0,0,2,6,0,0,2,1,0,1,0.04379758503282741,True
1,1,1,0,1,5,0,0,1,2,1,0.8776390524975178,False
1,0,0,0,3,5,0,2,0,1,1,0.8751071687919952,False
1,0,5,3,0,0,0,2,0,2,0,0.0702852015295297,True
1,3,1,0,2,2,0,1,0,2,1,0.9347264114391541,False
1,3,1,0,1,3,0,3,0,1,0,0.04516341997165117,True
1,0,5,0,3,0,1,0,1,2,0,0.06629930555555556,True
1,0,1,2,1,4,0,0,0,0,4,0.8391226873571577,False
1,1,3,0,4,0,2,0,0,0,2,0.02845813223946555,True
1,0,2,1,1,4,0,1,0,1,2,0.8770904708887015,False
1,1,0,4,3,0,3,1,0,0,0,0.0941988126828467,True
1,2,4,0,1,1,0,2,1,1,0,0.07804870813393844,True
1,1,3,1,1,2,1,1,0,0,2,0.9167213223021563,False
1,0,0,5,1,2,1,1,2,0,0,0.9591453245131452,False
1,4,1,0,1,2,0,0,1,0,3,0.8996859018012157,False
1,1,1,4,0,2,0,0,0,2,2,0.9176226385071491,False
1,1,2,1,0,4,0,0,2,0,2,0.879042371293656,False
1,4,1,0,1,2,1,0,1,1,1,0.9389431262837178,False
1,2,0,1,2,3,1,3,0,0,0,0.07915800886292766,True
1,2,0,1,1,4,1,2,0,0,1,0.8989472890653429,False
1,2,4,1,1,0,1,2,1,0,0,0.07498580213232481,True
1,0,5,0,3,0,0,0,4,0,0,0.06804930555555555,True
1,1,1,0,6,0,0,0,0,2,2,0.023055555555555628,True
1,8,0,0,0,0,1,0,1,2,0,0.9786121222963394,False
1,0,2,0,6,0,2,0,1,0,1,0.043330555555555594,True
1,4,0,0,0,4,1,1,0,1,1,0.8987379587418164,False
1,0,1,0,0,7,2,0,0,0,2,0.8197824834558641,False
1,4,0,1,2,1,0,0,3,1,0,0.969304866517147,False
1,0,3,3,0,2,2,0,0,0,2,0.9188598010638513,False
1,2,0,2,3,1,1,2,0,0,1,0.958766259734668,False
1,1,4,0,3,0,0,0,2,1,1,0.04928623760839399,True
1,1,1,0,1,5,1,0,1,0,2,0.8596859018012151,False
1,3,0,2,1,2,1,0,2,1,0,0.9518458248013325,False
1,0,3,0,4,1,1,0,2,0,1,0.9521651791349091,False
1,3,1,1,3,0,0,1,1,2,0,0.07006205976801534,True
1,0,0,6,0,2,3,0,0,0,1,0.9331685126680175,False
1,2,1,2,0,3,0,0,4,0,0,0.9367844860195821,False
1,1,4,1,2,0,3,0,0,0,1,0.055030097187167296,True
1,0,2,3,0,3,1,0,3,0,0,0.9367155848008308,False
1,1,0,1,6,0,0,1,0,3,0,0.060000000000000005,True
1,0,3,2,0,3,0,0,3,1,0,0.9330251300294414,False
1,0,1,4,3,0,0,3,0,1,0,0.06981636071591016,True
1,0,2,3,2,1,0,1,2,0,1,0.9586482144102793,False
1,2,0,4,1,1,0,1,1,0,2,0.937500914488903,False
1,3,0,5,0,0,0,0,2,0,2,0.9525087738706406,False
1,0,2,1,2,3,2,1,1,0,0,0.9207189136054249,False
1,1,2,1,2,2,2,0,0,2,0,0.09484844386602691,True
1,2,2,4,0,0,1,0,1,2,0,0.1129831042098998,True
1,4,1,0,2,1,1,0,1,1,1,0.958199902011448,False
1,0,1,5,2,0,2,0,0,1,1,0.08417404659355189,True
1,0,0,4,4,0,2,0,2,0,0,0.08326272953053557,True
1,1,1,5,0,1,1,0,0,3,0,0.16332058816520797,True
1,3,2,0,2,1,1,0,0,0,3,0.9180270407017402,False
1,2,0,2,4,0,0,0,1,2,1,0.05423951082833167,True
1,1,0,2,0,5,2,2,0,0,0,0.884431763914208,False
1,0,0,5,2,1,1,0,1,0,2,0.9351624462722771,False
1,1,2,1,1,3,2,0,0,2,0,0.12187554402708092,True
1,0,0,2,2,4,0,0,1,2,1,0.8974205537915749,False
1,1,0,3,2,2,1,0,0,1,2,0.91821553095459,False
1,0,0,6,0,2,0,0,2,2,0,0.9392372651276955,False
1,2,1,0,1,4,2,2,0,0,0,0.36474336235008964,True
1,1,0,5,1,1,2,0,1,1,0,0.9719509298475313,False
1,2,0,1,5,0,0,0,1,0,3,0.011302648452343033,True
1,1,2,0,1,4,0,1,3,0,0,0.9090196553246592,False
1,0,8,0,0,0,2,0,2,0,0,0.06995555555555555,True
1,1,3,1,1,2,0,1,1,0,2,0.9193732264788967,False
1,7,0,0,0,1,0,0,1,2,1,0.9585424555635521,False
1,1,2,0,1,4,0,0,3,1,0,0.9075794754868171,False
1,3,3,0,0,2,1,0,2,1,0,0.9469860585015146,False
1,2,5,0,0,1,0,0,2,1,1,0.9565186039310163,False
1,1,3,1,3,0,0,1,2,0,1,0.051813438068295664,True
1,0,0,2,3,3,0,3,0,0,1,0.9173411526497197,False
1,2,4,1,0,1,2,0,0,1,1,0.9568990018579303,False
1,1,1,4,1,1,3,0,1,0,0,0.9771853219210379,False
1,1,4,0,2,1,0,1,1,1,1,0.25484027060201114,True
1,1,0,3,0,4,1,1,0,2,0,0.5752626664205563,False
1,5,0,3,0,0,1,0,0,1,2,0.9577739250108336,False
1,1,0,6,0,1,1,2,0,1,0,0.6396297418944659,False
1,3,1,1,1,2,1,0,2,1,0,0.9515198009099151,False
1,2,2,3,1,0,0,0,1,1,2,0.06975403388380373,True
1,3,1,4,0,0,1,0,2,0,1,0.9773211626391092,False
1,0,0,4,3,1,1,0,2,0,1,0.9566141445982228,False
1,0,1,0,3,4,1,1,1,1,0,0.06181066133105181,True
1,0,5,0,0,3,0,3,0,1,0,0.027928253894137688,True
1,3,0,0,1,4,0,1,1,0,2,0.879693516612764,False
1,1,0,0,5,2,0,0,2,1,1,0.9350767537009301,False
1,2,0,2,0,4,0,1,0,3,0,0.08676443854343154,True
1,5,0,3,0,0,1,0,3,0,0,0.994585643608527,False
1,0,6,1,0,1,1,1,2,0,0,0.15661881560171242,True
1,0,1,3,0,4,0,0,2,1,1,0.8971941054913362,False
1,0,6,1,0,1,1,1,1,0,1,0.9525507909377007,False
1,2,1,3,1,1,1,0,2,0,1,0.9575009144889032,False
1,3,3,0,1,1,0,1,0,1,2,0.9317584053079646,False
1,2,2,2,0,2,3,0,1,0,0,0.9587636390973988,False
1,0,1,0,2,5,1,3,0,0,0,0.016931754421292584,True
1,1,3,2,1,1,1,1,0,1,1,0.9576515545731514,False
1,0,0,1,0,7,1,1,0,1,1,0.8393912023571751,False
1,0,6,1,0,1,0,1,2,1,0,0.08901136108431969,True
1,6,1,0,0,1,0,2,0,2,0,0.09918398479460283,True
1,1,0,1,1,5,2,1,0,1,0,0.8791892288927304,False
1,0,2,2,4,0,0,2,1,0,1,0.04878864454436122,True
1,0,1,3,4,0,0,1,1,0,2,0.03265267093734333,True
1,0,0,6,0,2,1,0,0,2,1,0.9361488056575036,False
1,4,0,1,2,1,0,0,3,0,1,0.9583322083764877,False
1,1,3,2,0,2,4,0,0,0,0,0.9595585453683189,False
1,4,0,0,2,2,3,0,1,0,0,0.9593190442881944,False
1,0,0,2,2,4,1,0,2,1,0,0.9094211047924315,False
1,4,1,2,1,0,0,1,0,1,2,0.10364671968070548,True
1,2,0,3,2,1,1,1,1,0,1,0.958447200360741,False
1,0,1,6,0,1,0,1,1,1,1,0.9549559377739039,False
1,0,2,1,4,1,0,1,1,2,0,0.07005176310973987,True
1,3,0,0,0,5,2,0,0,1,1,0.8794289626110722,False
1,0,0,2,5,1,1,2,0,1,0,0.07844877375790459,True
1,1,0,3,0,4,0,2,2,0,0,0.905886173770015,False
1,1,1,5,1,0,1,0,0,1,2,0.1757288975078359,True
1,3,0,3,1,1,2,0,0,2,0,0.9520468821579589,False
1,0,3,1,4,0,3,1,0,0,0,0.06728678506432172,True
1,0,3,2,2,1,1,0,1,0,2,0.9392073259528582,False
1,8,0,0,0,0,2,0,2,0,0,0.999162087827914,False
1,5,0,0,2,1,0,1,3,0,0,0.9732408692341639,False
1,1,0,3,2,2,2,0,0,1,1,0.9382155309545901,False
1,1,2,1,1,3,1,0,0,1,2,0.8988836677372882,False
1,3,1,1,3,0,1,1,1,0,1,0.06231641811097015,True
1,1,3,1,2,1,3,0,1,0,0,0.9793361296066532,False
1,1,1,2,0,4,0,1,1,1,1,0.898981760478726,False
1,3,3,1,0,1,0,2,0,0,2,0.9373211626391087,False
1,3,2,1,1,1,0,1,0,2,1,0.9531799487091691,False
1,4,1,1,2,0,0,3,0,1,0,0.07525900765681742,True
1,0,0,3,2,3,2,1,0,0,1,0.9188416626625983,False
1,4,1,2,0,1,1,1,0,2,0,0.1739509111077039,True
1,1,6,1,0,0,0,0,3,1,0,0.07388262112668775,True
1,2,4,2,0,0,3,0,0,1,0,0.08614563421051999,True
1,4,0,2,1,1,0,1,0,0,3,0.9193094563405405,False
1,0,5,0,0,3,0,0,2,1,1,0.9165186039310161,False
1,3,1,0,0,4,0,1,1,1,1,0.8989552977063677,False
1,0,4,2,0,2,2,0,0,2,0,0.09484844757850278,True
1,5,0,0,3,0,3,0,0,0,1,0.09989855995460704,True
1,0,1,5,0,2,2,0,0,0,2,0.9162530433227533,False
1,0,1,0,1,6,0,2,1,0,1,0.8581425444754947,False
1,3,3,1,0,1,2,0,0,2,0,0.1618755442426012,True
1,4,2,0,2,0,1,0,3,0,0,0.0921891176488969,True
1,5,2,0,0,1,0,0,0,3,1,0.9541844600422016,False
1,1,1,1,4,1,0,0,1,1,2,0.936597365560423,False
1,1,1,0,1,5,2,2,0,0,0,0.3447433623500896,True
1,1,0,4,0,3,0,2,2,0,0,0.9269919057467036,False
1,1,0,5,2,0,0,0,2,1,1,0.1802078280337494,True
1,1,0,4,0,3,0,2,1,0,1,0.9176914614850449,False
1,0,0,1,5,2,1,0,1,1,1,0.9355911596091239,False
1,5,2,0,0,1,0,0,3,0,1,0.9592962702181626,False
1,4,0,0,4,0,1,0,2,0,1,0.0632627295305356,True
1,3,2,0,0,3,0,1,0,3,0,0.03915310157297731,True
1,0,1,3,4,0,0,0,0,4,0,0.06202178627006114,True
1,0,5,0,1,2,2,0,2,0,0,0.957789519199042,False
1,2,3,2,0,1,0,1,0,2,1,0.9563799002811383,False
1,3,0,4,1,0,2,0,2,0,0,0.9875308642873422,False
1,1,2,0,0,5,0,0,0,0,4,0.8194834422818968,False
1,5,0,0,3,0,0,0,2,1,1,0.07766806600277301,True
1,0,0,1,0,7,0,3,0,1,0,0.03451307916389449,True
1,0,3,0,1,4,0,1,1,0,2,0.8772657854602178,False
1,1,5,2,0,0,3,0,1,0,0,0.0832746189281213,True
1,1,1,2,2,2,0,0,4,0,0,0.9575536577043579,False
1,3,1,1,2,1,1,0,0,1,2,0.9383040588964848,False
1,0,3,2,1,2,1,0,0,3,0,0.05682274629163727,True
1,0,1,2,2,3,0,0,1,1,2,0.8984332257354058,False
1,0,3,2,2,1,1,2,1,0,0,0.10697487521727979,True
1,2,1,2,3,0,2,0,1,0,1,0.0680961357448387,True
1,0,0,4,2,2,0,0,4,0,0,0.9504742710269481,False
1,4,0,0,3,1,2,1,1,0,0,0.9764912043962837,False
1,2,0,3,2,1,3,1,0,0,0,0.9749353212244635,False
1,0,0,0,8,0,3,0,0,0,1,0.040000000000000036,True
1,2,0,1,2,3,0,2,2,0,0,0.3995150313149383,True
1,2,5,1,0,0,0,1,0,3,0,0.06974797302766812,True
1,0,5,1,0,2,1,3,0,0,0,0.06018018435276379,True
1,0,0,0,0,8,1,1,0,0,2,0.799532072874622,False
1,0,3,2,3,0,1,2,1,0,0,0.06936871840933599,True
1,0,2,2,1,3,0,0,2,1,1,0.9185375411616472,False
1,1,4,0,3,0,1,1,0,1,1,0.04920505209600003,True
1,0,0,4,4,0,3,0,1,0,0,0.08326272953053557,True
1,1,5,1,0,1,2,2,0,0,0,0.10410767844381096,True
1,3,1,3,0,1,2,2,0,0,0,0.9576301167193763,False
1,1,6,1,0,0,0,0,0,2,2,0.03394960163510379,True
1,1,0,6,1,0,2,0,2,0,0,0.9875400030614881,False
1,0,0,2,5,1,1,1,1,1,0,0.1015255560734803,True
1,1,0,4,0,3,0,3,0,1,0,0.1158417171897022,True
1,3,0,2,2,1,0,0,0,2,2,0.937279508333481,False
1,1,0,2,2,3,0,0,1,3,0,0.06699089775599192,True
1,1,0,1,3,3,0,2,2,0,0,0.13870752527143343,True
1,3,0,1,0,4,0,0,3,1,0,0.9132392663066683,False
1,3,1,1,0,3,1,0,2,0,1,0.9186526380746187,False
1,0,1,3,2,2,0,0,1,0,3,0.8982095603186012,False
1,1,0,2,0,5,4,0,0,0,0,0.8985234692889146,False
1,1,0,1,0,6,0,1,2,0,1,0.858957014879823,False
1,4,0,0,0,4,2,0,1,1,0,0.9132503967782443,False
1,2,3,2,0,1,2,1,0,0,1,0.9602557245723616,False
1,2,1,1,4,0,0,1,2,1,0,0.06839862314078128,True
1,3,3,0,0,2,0,1,0,2,1,0.9310098817374316,False
1,0,0,4,2,2,2,0,1,0,1,0.9371853219210378,False
1,0,0,2,1,5,1,0,0,2,1,0.8779741902128319,False
1,0,2,4,0,2,0,0,1,0,3,0.8971853219210375,False
1,3,2,0,0,3,0,2,0,0,2,0.8974197769889561,False
1,4,2,1,0,1,0,0,1,0,3,0.9195230089114069,False
1,0,7,0,0,1,1,0,1,0,2,0.9288530293740307,False
1,1,3,3,1,0,1,1,2,0,0,0.08612940418926683,True
1,3,3,0,2,0,4,0,0,0,0,0.08077865733495475,True
1,1,2,2,2,1,0,3,0,1,0,0.07201973705884265,True
1,0,0,2,1,5,0,1,3,0,0,0.8980388772067006,False
1,0,5,0,1,2,1,1,0,0,2,0.9059333729810988,False
1,4,1,0,1,2,0,0,1,1,2,0.9189431262837178,False
1,4,1,0,3,0,1,0,2,0,1,0.0680961357448387,True
1,0,4,2,0,2,0,1,0,0,3,0.8999827084552889,False
1,3,2,1,0,2,1,1,0,2,0,0.09472264308645623,True
1,1,1,4,0,2,1,2,0,0,1,0.938582362641532,False
1,3,0,2,0,3,2,0,0,1,1,0.9185735893652326,False
1,4,3,1,0,0,1,1,1,1,0,0.09012351071850652,True
1,1,0,1,0,6,0,1,2,1,0,0.8647198821359551,False
1,1,3,0,4,0,2,1,1,0,0,0.06728678506432172,True
1,1,0,3,2,2,3,0,0,1,0,0.9493048665171473,False
1,0,4,1,1,2,0,0,2,1,1,0.9392012412241691,False
1,3,0,0,3,2,1,3,0,0,0,0.07693175434981735,True
1,0,0,6,1,1,2,0,0,0,2,0.9335344267866067,False
1,2,0,4,1,1,0,1,2,1,0,0.9551307947064449,False
1,1,5,1,1,0,1,0,0,2,1,0.0535951591201084,True
1,0,8,0,0,0,0,0,3,1,0,0.069775,True
1,0,0,6,1,1,1,0,1,2,0,0.9520671848488336,False
1,2,2,0,4,0,1,0,0,2,1,0.048490609621765955,True
1,0,6,0,1,1,2,0,0,2,0,0.07745804313590374,True
1,2,0,4,1,1,1,3,0,0,0,0.1835506140887812,True
1,0,2,0,4,2,2,0,0,1,1,0.9304147161011675,False
1,1,0,1,6,0,2,0,0,2,0,0.06037443630368271,True
1,0,0,2,4,2,1,1,0,0,2,0.9182074192909372,False
1,2,1,0,1,4,2,0,0,0,2,0.8794009401355329,False
1,0,4,2,1,1,0,0,1,2,1,0.9570758765470403,False
1,0,0,5,3,0,1,2,0,0,1,0.0687236036124186,True
1,1,0,3,0,4,3,0,0,0,1,0.8977179499370924,False
1,3,2,1,1,1,0,1,1,1,1,0.9585351609386757,False
1,6,1,0,1,0,0,0,0,3,1,0.09773424789700058,True
1,0,1,4,2,1,2,0,0,1,1,0.9580666181030277,False
1,0,0,2,0,6,0,1,0,1,2,0.8390622146536411,False
1,0,0,4,4,0,0,2,2,0,0,0.07333509003315569,True
1,3,1,1,3,0,1,1,0,1,1,0.05854249533113952,True
1,1,0,2,5,0,1,1,1,1,0,0.06573792917295365,True
1,6,1,0,0,1,0,0,0,4,0,0.08889405399090254,True
1,2,0,4,2,0,0,1,1,0,2,0.16136228911061307,True
1,2,2,3,1,0,2,0,0,2,0,0.0861958172283015,True
1,6,0,2,0,0,1,1,0,2,0,0.6552626664205562,False
1,1,0,3,4,0,2,0,0,1,1,0.05772512403235549,True
1,3,1,0,0,4,0,0,2,0,2,0.8794818588106429,False
1,2,0,1,1,4,0,1,0,2,1,0.8976390524975179,False
1,1,4,1,2,0,1,1,0,1,1,0.05236397553332493,True
1,1,1,0,2,4,1,0,1,1,1,0.8981999020114474,False
1,2,1,4,1,0,1,0,0,0,3,0.5980921962840797,False
1,0,3,4,0,1,0,0,4,0,0,0.9706232274739334,False
1,0,0,1,4,3,0,1,2,1,0,0.0830513786618249,True
1,1,3,1,0,3,3,0,0,1,0,0.926470698847612,False
1,1,0,6,0,1,0,1,0,0,3,0.9146643473406479,False
1,0,4,0,4,0,0,3,1,0,0,0.0667888888888889,True
1,2,4,0,1,1,2,0,0,2,0,0.09448038147949415,True
1,0,3,0,0,5,1,0,0,1,2,0.8575993681223449,False
1,2,3,1,2,0,2,1,0,1,0,0.07260615744296264,True
1,0,2,3,3,0,0,1,0,0,3,0.01555152501320575,True
1,0,1,3,3,1,0,0,2,0,2,0.9380593918499803,False
1,1,2,0,2,3,0,1,2,0,1,0.9185878088070852,False
1,5,0,0,0,3,2,0,0,1,1,0.9194289626110724,False
1,0,0,8,0,0,1,0,1,1,1,0.970605460788552,False
1,2,2,1,2,1,1,0,3,0,0,0.9789153695692913,False
1,2,4,1,1,0,0,0,1,3,0,0.07014067523575157,True
1,1,6,0,0,1,4,0,0,0,0,0.9735895703262303,False
1,0,5,0,3,0,1,0,0,3,0,0.06521597222222222,True
1,4,0,2,1,1,0,1,1,1,1,0.9587078144728292,False
1,2,4,2,0,0,0,1,2,0,1,0.07026003599429967,True
1,3,2,0,1,2,1,1,0,1,1,0.9350876362084828,False
1,1,3,2,1,1,0,2,1,0,1,0.9597888266539772,False
1,0,1,2,2,3,0,2,0,0,2,0.8992825545174504,False
1,3,2,0,0,3,0,1,0,2,1,0.9145051350779181,False
1,0,3,2,1,2,2,1,1,0,0,0.9416178087852991,False
1,0,0,1,4,3,1,1,0,1,1,0.9145324413310116,False
1,1,6,1,0,0,1,1,0,2,0,0.06945555555555555,True
1,1,2,1,4,0,0,1,0,1,2,0.02864046260334338,True
1,2,1,0,0,5,0,0,2,2,0,0.8750599867297253,False
1,0,0,4,3,1,1,0,1,0,2,0.9375536577043578,False
1,1,1,0,2,4,2,1,0,0,1,0.8974220759204892,False
1,1,4,1,0,2,1,2,0,1,0,0.06537656442954556,True
1,3,1,0,3,1,1,2,0,1,0,0.08501729049190108,True
1,3,4,0,0,1,0,0,2,0,2,0.9399944456134447,False
1,0,1,2,4,1,1,0,1,1,1,0.9565675052281988,False
1,2,1,3,0,2,0,0,2,0,2,0.9171790650583785,False
1,1,2,0,1,4,2,0,1,1,0,0.9057619239588115,False
1,2,2,4,0,0,3,0,0,1,0,0.17584171718970218,True
1,1,0,1,3,3,0,1,0,1,2,0.8969339901811568,False
1,4,1,3,0,0,0,1,2,1,0,0.31471780434503005,False
1,3,1,0,3,1,0,1,0,1,2,0.935157839942727,False
1,1,1,3,2,1,2,2,0,0,0,0.18030246540545197,True
1,5,0,1,2,0,0,0,1,2,1,0.11132782919784494,True
1,4,0,0,0,4,0,1,0,0,3,0.8595320728746226,False
1,1,4,0,0,3,0,1,1,0,2,0.8973211626391085,False
1,0,6,0,0,2,0,1,1,2,0,0.050051763109739904,True
1,0,2,0,1,5,1,0,1,2,0,0.08187554402708098,True
1,5,2,1,0,0,0,2,1,0,1,0.1250963383281921,True
1,1,0,1,4,2,3,0,0,1,0,0.9370078243100673,False
1,4,3,1,0,0,1,0,0,1,2,0.0695338682578421,True
1,4,0,1,3,0,0,0,2,1,1,0.07766806600277301,True
1,0,3,4,1,0,0,2,0,0,2,0.045028963003074414,True
1,2,1,2,1,2,1,0,0,0,3,0.8991226873571581,False
1,0,1,2,4,1,1,0,0,3,0,0.07037910405395621,True
1,2,1,0,1,4,3,1,0,0,0,0.9106646192892185,False
1,0,1,0,2,5,2,2,0,0,0,0.09124125293335332,True
1,2,1,3,0,2,0,1,1,2,0,0.15395091110770392,True
1,2,0,3,0,3,0,1,1,0,2,0.8977513434726059,False
1,0,2,0,6,0,1,0,2,1,0,0.0619,True
1,4,0,1,1,2,0,0,1,0,3,0.8990500815904393,False
1,3,4,0,1,0,0,0,0,3,1,0.05616010025469616,True
1,0,0,6,2,0,0,0,1,0,3,0.5884658076495367,False
1,6,0,2,0,0,0,3,1,0,0,0.6584026021283322,False
1,2,1,5,0,0,0,2,0,1,1,0.8650527743664702,False
1,3,1,0,2,2,1,2,1,0,0,0.15351051976339497,True
1,2,1,0,3,2,0,0,0,3,1,0.927360909986155,False
1,1,3,0,4,0,4,0,0,0,0,0.06845813223946548,True
1,0,5,0,3,0,1,0,0,3,0,0.06521597222222222,True
1,1,2,4,0,1,0,3,0,0,1,0.9594373088606322,False
1,3,2,2,0,1,1,2,0,0,1,0.9599944456134448,False
1,0,5,2,0,1,2,0,1,0,1,0.9596164528510635,False
1,0,0,5,2,1,0,0,1,2,1,0.9568896004262688,False
1,0,1,7,0,0,2,0,0,1,1,0.978842770174365,False
1,1,1,1,4,1,2,1,0,0,1,0.9564083023354156,False
1,1,2,1,2,2,0,2,0,1,1,0.9316059807693379,False
1,1,0,1,1,5,0,1,0,3,0,0.014316152838725678,True
1,0,6,2,0,0,1,0,1,1,1,0.05553758971468593,True
1,3,0,1,0,4,1,0,3,0,0,0.9177179499370929,False
1,1,1,0,3,3,0,1,0,1,2,0.8951578399427271,False
1,3,0,5,0,0,1,1,0,2,0,0.6552626664205562,False
1,1,3,3,1,0,0,0,3,1,0,0.08452335913449811,True
1,0,7,1,0,0,0,2,2,0,0,0.06995555555555555,True
1,1,2,1,3,1,0,1,0,0,3,0.9169186586688818,False
1,0,4,1,1,2,2,0,0,2,0,0.07448038147949418,True
1,0,3,3,2,0,0,1,0,3,0,0.06728678506432172,True
1,0,1,0,4,3,0,0,1,1,2,0.8945324413310116,False
1,0,5,0,3,0,1,1,1,1,0,0.06724375,True
1,4,1,0,2,1,1,2,1,0,0,0.17351051976339493,True
1,0,3,4,0,1,0,1,1,1,1,0.9584571210713213,False
1,3,3,0,1,1,1,0,1,2,0,0.11484844387146678,True
1,5,2,1,0,0,1,0,1,1,1,0.19618166021353328,True
1,0,2,2,3,1,0,1,1,1,1,0.9571415756293564,False
1,1,3,1,0,3,3,0,0,0,1,0.9200032425263945,False
1,1,2,1,4,0,2,1,1,0,0,0.069160015560352,True
1,4,2,0,0,2,1,0,1,0,2,0.9200068523255316,False
1,1,3,0,4,0,0,0,0,2,2,0.02733850617283957,True
1,0,1,0,1,6,1,1,2,0,0,0.872735388500981,False
1,1,3,1,3,0,2,0,1,0,1,0.05316005389067188,True
1,8,0,0,0,0,0,2,2,0,0,0.9834688990636741,False
1,0,3,0,1,4,1,1,0,0,2,0.8759628114552128,False
1,0,0,3,0,5,0,0,1,1,2,0.8571915096003797,False
1,0,4,4,0,0,2,1,1,0,0,0.08747020619222766,True
1,2,0,3,2,1,2,0,2,0,0,0.9775009144889034,False
1,0,5,0,1,2,3,1,0,0,0,0.12870356452089404,True
1,0,0,0,4,4,0,0,3,1,0,0.8975497021783193,False
1,1,1,3,1,2,0,1,0,2,1,0.9379589530319923,False
1,4,2,0,1,1,0,3,1,0,0,0.09780628137548686,True
1,3,0,0,3,2,1,1,0,1,1,0.9364436428837675,False
1,3,1,0,1,3,1,2,0,0,1,0.9173218485331196,False
1,1,0,3,1,3,0,0,1,0,3,0.8776450670482798,False
1,1,1,0,4,2,0,0,1,1,2,0.9145324413310115,False
1,2,0,0,6,0,0,1,3,0,0,0.06439733511265194,True
1,1,0,2,5,0,1,0,0,1,2,0.029124954214929607,True
1,0,0,5,2,1,1,1,1,1,0,0.44023249469113945,True
1,1,3,1,3,0,2,0,0,2,0,0.06725643486847335,True
1,3,1,0,1,3,1,0,0,0,3,0.8794009401355332,False
1,3,4,0,1,0,0,1,0,0,3,0.020137922619497137,True
1,0,1,2,5,0,0,0,3,0,1,0.04825080477863853,True
1,1,1,0,0,6,1,1,0,2,0,0.07395091110770405,True
1,3,2,0,1,2,1,0,2,1,0,0.9465736431402861,False
1,2,0,0,0,6,1,1,0,1,1,0.8587379587418161,False
1,3,0,3,2,0,0,1,0,3,0,0.07701089975020046,True
1,0,2,3,2,1,3,0,0,0,1,0.958915369569291,False
1,1,1,0,4,2,2,2,0,0,0,0.08264376919404662,True
1,0,0,2,3,3,0,0,1,0,3,0.8786695579589481,False
1,0,0,2,2,4,0,1,0,2,1,0.8968255539649767,False
1,2,5,0,0,1,1,0,2,0,1,0.9594386893236987,False
1,3,2,1,2,0,2,0,2,0,0,0.0921891176488969,True
1,1,4,0,0,3,2,0,1,0,1,0.9191602903174838,False
1,0,1,5,1,1,3,0,0,0,1,0.9567155848008312,False
1,0,1,4,0,3,1,0,1,2,0,0.9137658596158421,False
1,5,2,0,0,1,1,0,1,1,1,0.959247795894597,False
1,0,2,0,2,4,1,1,2,0,0,0.8939306870758377,False
1,2,1,0,2,3,1,0,0,3,0,0.04720126777106002,True
1,2,0,3,0,3,1,0,2,1,0,0.933019312217089,False
1,1,3,2,0,2,3,0,0,0,1,0.9395585453683188,False
1,1,4,2,0,1,2,1,0,1,0,0.12280670286392595,True
1,2,4,1,0,1,1,0,0,3,0,0.07682274633469675,True
1,1,2,2,3,0,0,0,0,2,2,0.03334755828869989,True
1,1,0,3,2,2,1,0,2,0,1,0.9375009144889029,False
1,2,2,2,1,1,0,0,4,0,0,0.977553657704358,False
1,1,1,1,5,0,1,0,1,0,2,0.028250804778638564,True
1,3,2,0,2,1,0,0,0,3,1,0.949790290001869,False
1,2,0,3,2,1,2,0,2,0,0,0.9775009144889034,False
1,0,4,1,0,3,0,2,1,1,0,0.04561189881762581,True
1,3,0,0,0,5,0,0,1,1,2,0.8592729127569645,False
1,2,0,2,0,4,2,1,0,0,1,0.899234325538193,False
1,0,2,0,6,0,3,0,1,0,0,0.06333055555555556,True
1,2,1,1,3,1,1,1,1,0,1,0.9587662597346679,False
1,0,1,5,0,2,0,3,0,0,1,0.9384129423931463,False
1,0,0,1,7,0,0,0,4,0,0,0.06137693019413048,True
1,0,2,2,3,1,0,0,0,2,2,0.9320324989705622,False
1,1,1,4,2,0,1,0,1,1,1,0.08417404659355189,True
1,1,1,2,0,4,0,1,1,0,2,0.8790423712936563,False
1,1,1,1,3,2,0,2,0,1,1,0.9311150084289562,False
1,1,1,1,2,3,2,2,0,0,0,0.13460252396215996,True
1,3,1,1,1,2,2,0,2,0,0,0.9589079388484615,False
1,4,1,1,2,0,0,0,1,2,1,0.07356485939894909,True
1,2,4,0,2,0,0,1,0,2,1,0.05142584876543213,True
1,1,4,0,0,3,0,2,0,1,1,0.9048607264823779,False
1,2,0,0,2,4,1,0,1,2,0,0.3523448698452067,True
1,2,2,1,0,3,2,1,0,0,1,0.919753165294469,False
1,1,4,1,0,2,1,1,1,0,1,0.9394386893236986,False
1,0,6,2,0,0,0,1,2,0,1,0.0557714745276416,True
1,1,2,1,0,4,3,1,0,0,0,0.9124030446763004,False
1,1,0,1,2,4,4,0,0,0,0,0.9192678247850656,False
1,1,0,2,1,4,0,3,1,0,0,0.12087404985329173,True
1,2,0,6,0,0,2,1,0,0,1,0.974573671861491,False
1,0,2,2,4,0,0,3,0,0,1,0.04808918145061731,True
1,0,4,3,0,1,1,0,0,3,0,0.07682274633469675,True
1,0,3,1,0,4,1,0,0,3,0,0.02720126784920673,True
1,3,1,0,4,0,1,0,0,1,2,0.03244806206036395,True
1,2,4,0,1,1,0,2,0,1,1,0.24151432675170587,True
1,2,3,1,0,2,2,1,0,1,0,0.15149413915867183,True
1,0,7,0,1,0,2,1,0,0,1,0.050645246810974834,True
1,1,0,1,5,1,1,0,0,0,3,0.917846539017518,False
1,0,5,0,2,1,0,1,0,0,3,0.21050191675153804,True
1,2,0,1,1,4,4,0,0,0,0,0.9194271154491624,False
1,1,0,4,3,0,1,1,2,0,0,0.0941988126828467,True
1,3,3,1,1,0,1,0,3,0,0,0.09556987158717403,True
1,6,1,1,0,0,0,1,0,3,0,0.09908536848282597,True
1,0,5,0,3,0,0,0,1,0,3,0.008049305555555657,True
1,0,5,0,2,1,0,0,2,1,1,0.27661139267194806,True
1,1,0,1,4,2,2,0,0,1,1,0.9369034381035853,False
1,2,2,0,1,3,0,3,0,1,0,0.036896692179838195,True
1,3,0,2,2,1,2,1,0,0,1,0.9592227804836712,False
1,0,3,0,0,5,0,2,0,0,2,0.8553419434291274,False
1,3,4,1,0,0,3,1,0,0,0,0.08556133718918911,True
1,0,4,1,3,0,0,4,0,0,0,0.06804930555555555,True
1,0,1,3,4,0,0,0,3,1,0,0.07010140587626941,True
1,2,1,0,2,3,0,2,2,0,0,0.13566736071304294,True
1,0,3,3,0,2,0,0,1,1,2,0.9185345909715502,False
1,2,2,1,3,0,3,0,1,0,0,0.07811697379948898,True
1,0,3,1,0,4,0,2,1,1,0,0.03721826801474474,True
1,0,0,3,2,3,0,0,3,0,1,0.9167155848008306,False
1,1,1,1,3,2,1,0,2,0,1,0.9388840275256941,False
1,2,5,1,0,0,2,0,2,0,0,0.08311329214401746,True
1,0,1,0,6,1,0,1,0,2,1,0.09648913685836648,True
1,0,0,0,2,6,0,1,1,1,1,0.8580850381804387,False
1,1,1,1,0,5,2,0,2,0,0,0.8986526380746186,False
1,1,2,3,0,2,0,2,0,0,2,0.9195894419378986,False
1,3,0,4,0,1,1,0,0,1,2,0.9371813815358929,False
1,0,8,0,0,0,1,0,0,1,2,0.031094726268010593,True
1,2,1,3,2,0,0,0,1,2,1,0.07356485939894909,True
1,5,0,1,0,2,0,0,2,2,0,0.9388247987210346,False
1,2,1,5,0,0,0,2,1,1,0,0.13500161117218049,True
1,1,4,2,1,0,0,0,0,4,0,0.06778549994759225,True
1,5,0,2,0,1,0,1,2,0,1,0.9579723763943545,False
1,1,1,1,5,0,0,1,2,0,1,0.04718486691281526,True
1,5,2,1,0,0,0,0,0,4,0,0.08166716825045404,True
1,4,0,0,3,1,1,1,2,0,0,0.9759924313249622,False
1,3,1,3,1,0,2,1,1,0,0,0.1751235986137173,True
1,0,2,2,1,3,1,0,0,2,1,0.9178504503312415,False
1,4,1,2,1,0,0,0,0,4,0,0.07826818713712282,True
1,0,0,0,4,4,1,0,0,3,0,0.016822746291113508,True
1,2,0,0,5,1,0,0,3,1,0,0.25209748438189283,True
1,5,1,2,0,0,1,0,2,0,1,0.9741675642427279,False
1,0,5,0,0,3,2,0,1,0,1,0.9166357874835103,False
1,2,1,3,0,2,4,0,0,0,0,0.9579723763943544,False
1,1,4,0,3,0,2,1,1,0,0,0.0686766985028476,True
1,4,2,2,0,0,0,1,0,2,1,0.10130495286164723,True
1,4,0,2,1,1,2,2,0,0,0,0.9531253806523686,False
1,1,2,1,4,0,0,4,0,0,0,0.0667888888888889,True
1,0,2,2,4,0,0,0,4,0,0,0.07090185458865975,True
1,1,0,0,4,3,0,1,1,1,1,0.9141928718439221,False
1,3,0,0,5,0,2,0,1,0,1,0.05130264845234296,True
1,2,1,4,0,1,0,3,0,1,0,0.10229397352510508,True
1,2,5,1,0,0,0,1,2,1,0,0.07510869264214708,True
1,0,0,0,7,1,1,0,2,1,0,0.11178288865393222,True
1,3,1,4,0,0,1,0,0,2,1,0.9578937259612597,False
1,2,0,0,5,1,0,1,3,0,0,0.2646620687565585,True
1,0,2,1,1,4,1,2,0,0,1,0.8972657854602177,False
1,3,4,1,0,0,1,3,0,0,0,0.07615361949688715,True
1,1,3,3,1,0,1,0,1,2,0,0.07775516798836901,True
1,0,0,8,0,0,1,2,0,0,1,0.9731908985399349,False
1,2,2,1,3,0,0,0,3,0,1,0.05811697379948901,True
1,0,2,2,0,4,0,1,0,2,1,0.8984270197520154,False
1,1,2,3,0,2,1,0,1,2,0,0.3923448698452066,True
1,5,3,0,0,0,0,3,0,0,1,0.07231092171388981,True
1,0,0,0,3,5,0,3,1,0,0,0.017806258659953226,True
1,1,0,5,1,1,0,2,2,0,0,0.9478505574561038,False
1,1,1,6,0,0,0,4,0,0,0,0.10575337210629125,True
1,6,1,1,0,0,1,0,2,0,1,0.9717853846471807,False
1,0,5,3,0,0,0,0,0,1,3,0.02087301434782413,True
1,0,4,0,3,1,1,1,0,1,1,0.12939976279107374,True
1,2,3,1,1,1,0,2,2,0,0,0.12831936804721863,True
1,0,0,4,1,3,0,1,0,0,3,0.8777973647652109,False
1,1,2,1,3,1,1,0,1,0,2,0.938846082547061,False
1,0,2,0,0,6,1,2,0,0,1,0.857419776988956,False
1,2,3,0,2,1,2,2,0,0,0,0.10264376922070077,True
1,5,1,0,2,0,1,0,1,0,2,0.08760056426778133,True
1,2,3,1,0,2,0,1,0,0,3,0.899160290317484,False
1,2,1,2,3,0,1,0,0,2,1,0.058295119572974854,True
1,1,0,3,2,2,0,2,1,0,1,0.9389153695692909,False
1,0,3,0,3,2,0,1,0,2,1,0.10670811528924556,True
1,1,2,3,0,2,0,1,1,0,2,0.918582362641532,False
1,1,2,0,3,2,1,1,0,2,0,0.05492312638675944,True
1,1,1,1,4,1,2,0,2,0,0,0.9784351106553966,False
1,3,0,4,0,1,3,1,0,0,0,0.9796054572004298,False
1,3,2,1,1,1,0,2,0,2,0,0.07499392704091118,True
1,3,1,0,0,4,0,3,0,0,1,0.8939854449311839,False
1,2,2,4,0,0,0,0,2,1,1,0.20302004418600625,True
1,1,4,1,0,2,2,0,0,2,0,0.09484844757850278,True
1,1,4,1,1,1,1,1,0,1,1,0.9476132558833439,False
1,0,0,6,0,2,0,0,4,0,0,0.9221032416722605,False
1,0,0,4,1,3,2,2,0,0,0,0.9174329787172657,False
1,0,2,4,0,2,3,1,0,0,0,0.957381516357746,False
1,0,1,5,1,1,0,1,1,2,0,0.11472264300779832,True
1,1,0,0,2,5,3,0,0,1,0,0.8879774847618522,False
1,1,1,5,0,1,0,0,4,0,0,0.9586392879453651,False
1,2,2,4,0,0,0,2,0,1,1,0.103770520605518,True
1,2,5,1,0,0,2,1,0,1,0,0.07493103671013193,True
1,0,1,0,1,6,3,0,0,0,1,0.8594009401355326,False
1,1,1,6,0,0,0,0,1,2,1,0.9703198951069042,False
1,1,2,0,3,2,0,1,0,1,2,0.911751374117039,False
1,1,3,3,0,1,1,2,1,0,0,0.18170328635799307,True
1,1,2,0,4,1,0,0,1,2,1,0.2529425167701576,True
1,2,0,0,1,5,2,0,1,1,0,0.8912482721173575,False
1,2,2,2,1,1,1,0,1,0,2,0.9389891276287822,False
1,3,0,0,1,4,0,0,0,2,2,0.8776642372038262,False
1,1,1,0,1,5,0,3,0,1,0,0.005163419971651239,True
1,3,3,1,0,1,0,0,0,0,4,0.9000032425263946,False
1,3,0,2,1,2,0,2,0,2,0,0.07918398478907278,True
1,2,0,1,4,1,0,0,2,0,2,0.9385292296023071,False
1,0,0,2,6,0,1,3,0,0,0,0.06333055555555556,True
1,1,0,1,3,3,0,0,1,3,0,0.04720126777068951,True
1,1,5,0,2,0,0,0,1,2,1,0.050518672098765455,True
1,5,2,1,0,0,0,0,1,3,0,0.09218911764889684,True
1,5,2,1,0,0,2,0,2,0,0,0.6579793322705401,False
1,0,0,1,7,0,1,0,0,1,2,0.021495221896004144,True
1,1,1,1,1,4,0,1,2,1,0,0.37323207439789235,True
1,3,1,0,3,1,0,1,0,2,1,0.9502831678016109,False
1,3,1,0,2,2,1,2,1,0,0,0.15351051976339497,True
1,1,0,4,0,3,1,1,1,0,1,0.9171790650583785,False
1,1,2,0,0,5,1,1,1,0,1,0.8788573767084387,False
1,1,0,4,1,2,0,0,2,1,1,0.9366710696521092,False
1,2,3,0,0,3,4,0,0,0,0,0.9383148529004608,False
1,0,1,3,2,2,1,0,3,0,0,0.9571938287582066,False
1,0,1,2,0,5,0,1,2,0,1,0.878462209625748,False
1,1,5,0,0,2,1,1,2,0,0,0.240798190828492,True
1,1,4,1,1,1,0,1,0,1,2,0.9276132558833439,False
1,3,0,0,3,2,0,2,1,0,1,0.9379192740975825,False
1,4,0,0,2,2,0,0,0,0,4,0.8793258392839374,False
1,3,0,4,0,1,0,0,0,2,2,0.9371639992700214,False
1,0,5,2,0,1,2,0,1,1,0,0.25403054201359115,True
1,2,2,2,1,1,4,0,0,0,0,0.9793578820663948,False
1,1,1,2,3,1,3,1,0,0,0,0.9713914491108991,False
1,1,0,4,3,0,0,2,1,1,0,0.07607011537858178,True
1,0,3,3,2,0,2,0,1,0,1,0.06077865733495478,True
1,1,0,1,4,2,0,1,1,0,2,0.9180493672112582,False
1,0,4,2,2,0,0,1,3,0,0,0.07251316662766626,True
1,5,3,0,0,0,0,0,4,0,0,0.13415333843326882,True
1,0,0,1,7,0,1,2,1,0,0,0.06113263888888888,True
1,2,1,0,1,4,0,0,0,2,2,0.8766834658685543,False
1,0,3,2,3,0,0,2,0,1,1,0.04991769359375003,True
1,0,0,4,4,0,0,0,3,0,1,0.0632627295305356,True
1,2,0,3,1,2,0,0,0,4,0,0.06889405398791516,True
1,1,1,6,0,0,0,0,1,1,2,0.9577149717503466,False
1,0,3,3,1,1,0,0,1,0,3,0.9186264098558297,False
1,1,1,0,4,2,2,0,0,1,1,0.9339717448574596,False
1,0,3,1,4,0,4,0,0,0,0,0.06845813223946548,True
1,0,3,0,2,3,0,0,1,2,1,0.9108113106618227,False
1,0,1,4,0,3,2,2,0,0,0,0.9174035824827744,False
1,0,5,0,3,0,0,2,1,1,0,0.06724375,True
1,3,3,0,2,0,1,0,1,1,1,0.05793160080855591,True
1,2,0,1,3,2,1,0,1,2,0,0.14187554401591654,True
1,0,3,2,1,2,1,0,0,3,0,0.05682274629163727,True
1,4,1,2,1,0,0,1,0,3,0,0.08059551394942115,True
1,2,2,0,4,0,3,0,0,1,0,0.06772980415104694,True
1,0,3,0,4,1,1,2,0,1,0,0.07256744957075367,True
1,0,5,2,1,0,1,0,0,0,3,0.016508822146284036,True
1,0,0,4,1,3,0,1,2,0,1,0.9167155848008307,False
1,2,1,1,1,3,1,3,0,0,0,0.07915800905025092,True
1,1,7,0,0,0,2,1,1,0,0,0.07013651900210777,True
1,0,0,3,0,5,1,0,3,0,0,0.8958261506303264,False
1,6,0,0,2,0,1,1,1,0,1,0.181362289110613,True
1,3,1,3,0,1,3,0,1,0,0,0.9776450670482806,False
1,0,7,1,0,0,1,2,1,0,0,0.06995555555555556,True
1,1,1,1,1,4,0,1,1,0,2,0.8796148880987396,False
1,0,5,2,1,0,1,1,1,0,1,0.05493644065893556,True
1,0,2,2,0,4,3,1,0,0,0,0.9134293247443954,False
1,1,2,2,2,1,0,2,2,0,0,0.13036328660988375,True
1,4,0,2,0,2,0,2,1,0,1,0.9392962702181624,False
1,0,5,2,1,0,0,1,0,3,0,0.06804930555555555,True
1,3,2,2,0,1,2,0,1,1,0,0.9730751593303933,False
1,5,0,2,1,0,0,0,1,2,1,0.9582373192853514,False
1,2,0,0,2,4,1,2,0,1,0,0.05806382371346749,True
1,1,1,1,5,0,3,0,1,0,0,0.0682508047786385,True
1,0,1,3,2,2,1,1,1,1,0,0.1545538348249257,True
1,0,3,3,0,2,0,3,0,1,0,0.05772775775135623,True
1,0,2,4,1,1,1,0,2,0,1,0.9566141445982228,False
1,2,1,4,0,1,0,0,2,1,1,0.9566710696521094,False
1,5,1,0,2,0,2,0,0,2,0,0.08249129418505977,True
1,4,0,1,3,0,1,1,0,2,0,0.07380021196890388,True
1,0,1,0,2,5,3,1,0,0,0,0.882721631072983,False
1,3,0,0,1,4,0,1,3,0,0,0.9130210055586808,False
1,0,0,3,2,3,0,4,0,0,0,0.047619869316127786,True
1,1,0,4,2,1,0,0,1,0,3,0.9171853219210377,False
1,4,1,2,0,1,0,0,2,0,2,0.9377513434726062,False
1,0,2,2,2,2,0,2,0,2,0,0.04967951550146276,True
1,1,2,3,1,1,0,2,0,1,1,0.9592012412241693,False
1,4,1,1,1,1,1,0,2,0,1,0.9589079388484616,False
1,0,6,0,0,2,0,0,0,1,3,0.8858455398020811,False
1,0,2,6,0,0,0,1,3,0,0,0.18176665496336702,True
1,7,0,1,0,0,0,1,0,0,3,0.9398754159158714,False
1,3,0,2,2,1,2,1,0,0,1,0.9592227804836712,False
1,5,0,2,1,0,0,3,0,0,1,0.853899481674013,False
1,2,3,2,0,1,0,2,0,1,1,0.9565186039310163,False
1,1,1,0,2,4,0,2,2,0,0,0.11566736071304297,True
1,1,6,0,1,0,1,0,1,2,0,0.06871597222222223,True
1,3,1,1,2,1,1,0,0,1,2,0.9383040588964848,False
1,1,0,4,3,0,2,0,1,1,0,0.09044164342759475,True
1,1,4,2,1,0,1,1,0,0,2,0.04014457113025403,True
1,0,6,0,2,0,0,3,1,0,0,0.06899722222222224,True
1,1,0,2,4,1,3,0,0,0,1,0.9584907640319478,False
1,4,2,0,1,1,2,1,1,0,0,0.9672813615495699,False
1,1,2,1,3,1,0,0,3,0,1,0.9588635301013195,False
1,3,2,1,2,0,2,0,2,0,0,0.0921891176488969,True
1,3,0,5,0,0,1,0,1,1,1,0.9748225569780881,False
1,5,0,2,1,0,0,2,0,1,1,0.8506046209076288,False
1,1,0,3,3,1,1,0,1,1,1,0.957964250668123,False
1,1,1,1,3,2,0,0,1,0,3,0.8989112090808962,False
1,2,0,0,3,3,0,2,1,0,1,0.9179192740975823,False
1,3,0,1,4,0,0,1,0,3,0,0.06439733511265194,True
1,0,0,0,8,0,0,3,1,0,0,0.060000000000000005,True
1,1,6,1,0,0,1,2,1,0,0,0.07142060337304917,True
1,0,5,1,2,0,0,1,1,0,2,0.030687946597377107,True
1,0,2,3,1,2,1,0,2,0,1,0.9377414696275191,False
1,0,3,1,2,2,1,1,1,0,1,0.9377310686550411,False
1,2,0,0,6,0,0,3,0,0,1,0.043330555555555594,True
1,1,3,1,0,3,1,0,2,1,0,0.9285981890641559,False
1,0,4,0,1,3,2,1,0,1,0,0.060076802360799396,True
1,8,0,0,0,0,2,1,0,1,0,0.9827377735221322,False
1,1,2,1,0,4,0,1,1,2,0,0.0547226430864563,True
1,3,0,1,0,4,1,1,0,0,2,0.8798754159158706,False
1,0,2,0,5,1,0,1,0,2,1,0.09648913685836648,True
1,2,6,0,0,0,4,0,0,0,0,0.07573637858332,True
1,1,3,0,0,4,0,1,2,1,0,0.11188844538118362,True
1,5,0,3,0,0,4,0,0,0,0,0.9973712068309247,False
1,2,1,3,0,2,0,0,1,2,1,0.9378104409369109,False
1,1,4,0,3,0,0,0,0,4,0,0.06399375,True
1,4,0,0,4,0,0,0,2,0,2,0.043262729530535636,True
1,6,0,1,0,1,0,0,1,1,2,0.9387914198111778,False
1,3,1,0,1,3,0,0,0,0,4,0.8594009401355331,False
1,1,1,1,3,2,0,1,0,2,1,0.9298444717146268,False
1,4,0,1,1,2,0,2,1,1,0,0.1585979531510992,True
1,0,0,4,4,0,0,1,1,0,2,0.038035310602050586,True
1,0,0,0,4,4,0,2,0,2,0,0.009679515501336408,True
1,1,3,1,3,0,2,0,1,0,1,0.05316005389067188,True
1,1,0,4,0,3,0,0,1,2,1,0.916642897248937,False
1,2,1,0,3,2,2,1,0,0,1,0.9378093798426869,False
1,2,2,0,3,1,2,1,0,1,0,0.10007680196546039,True
1,0,0,0,8,0,0,0,0,0,4,-0.019999999999999865,True
1,1,4,2,0,1,1,2,0,1,0,0.08572887315440193,True
1,0,0,0,6,2,0,0,0,2,2,0.20433495111392938,True
1,1,4,1,2,0,1,0,0,0,3,0.015030097187167362,True
1,1,4,3,0,0,1,0,0,1,2,0.05002218851167002,True
1,0,0,0,8,0,2,2,0,0,0,0.060000000000000005,True
1,3,3,0,1,1,2,0,0,0,2,0.9381425444754952,False
1,3,2,2,0,1,0,1,2,0,1,0.9588598010638515,False
1,0,1,1,1,5,0,0,3,0,1,0.8784002986363211,False
1,1,4,0,3,0,0,1,1,0,2,0.029385000707071406,True
1,0,3,2,3,0,0,1,3,0,0,0.07101186926993816,True
1,2,1,0,4,1,3,0,1,0,0,0.9776511919419265,False
1,0,3,5,0,0,1,1,0,0,2,0.07290448527883427,True
1,0,4,1,1,2,1,1,2,0,0,0.2475335533242039,True
1,0,0,6,1,1,1,1,0,2,0,0.1739509111077039,True
1,7,0,0,1,0,1,2,0,0,1,0.9616786762942012,False
1,1,2,1,0,4,0,3,0,0,1,0.8965770996457068,False
1,2,3,2,0,1,0,2,1,0,1,0.9602398786220699,False
1,0,5,2,1,0,0,0,2,1,1,0.054852394570974405,True
1,2,2,0,0,4,0,0,0,4,0,0.014664398098760181,True
1,0,1,0,2,5,1,2,0,0,1,0.8751762672673059,False
1,1,0,4,3,0,1,1,1,0,1,0.07814144860379774,True
1,1,6,0,1,0,2,0,2,0,0,0.07248907132842536,True
1,0,0,3,4,1,0,0,0,1,3,0.9173051476246492,False
1,2,4,0,0,2,0,1,1,2,0,0.06201881502817151,True
1,0,0,7,0,1,2,1,1,0,0,0.9778105494531736,False
1,4,0,1,2,1,2,0,0,0,2,0.9392678247850662,False
1,2,1,3,2,0,1,0,2,0,1,0.10760056426778129,True
1,2,0,0,4,2,0,0,3,0,1,0.9384907640319476,False
1,4,3,1,0,0,3,0,1,0,0,0.1331277855576628,True
1,5,1,0,0,2,0,0,1,0,3,0.8998754159158712,False
1,0,3,1,2,2,0,2,0,2,0,0.04575168946588001,True
1,5,0,0,1,2,2,0,2,0,0,0.9592542404893954,False
1,0,4,1,3,0,0,0,1,0,3,0.01014067523575167,True
1,5,1,1,0,1,0,0,2,0,2,0.938652638074619,False
1,2,3,0,1,2,1,0,0,0,3,0.898142544475495,False
1,5,0,0,0,3,4,0,0,0,0,0.9400154052550147,False
1,2,0,0,3,3,0,0,0,4,0,0.027436512234718987,True
1,0,2,1,3,2,1,0,1,1,1,0.937297528708727,False
1,0,0,0,8,0,0,2,0,1,1,0.041236959876543244,True
1,2,0,2,2,2,0,1,0,3,0,0.05915310152591276,True
1,3,0,3,1,1,1,1,2,0,0,0.9793454956032196,False
1,5,1,2,0,0,0,0,2,0,2,0.9541675642427279,False
1,0,5,2,1,0,0,1,1,1,1,0.05367088572762693,True
1,2,0,0,3,3,0,2,2,0,0,0.1356673606956487,True
1,2,0,0,5,1,1,1,1,1,0,0.100445107048934,True
1,2,2,3,0,1,4,0,0,0,0,0.9784622096257487,False
1,1,0,0,4,3,1,1,1,1,0,0.08181066133062455,True
1,3,0,3,2,0,0,1,0,2,1,0.089148338638582,True
1,3,1,4,0,0,0,0,2,1,1,0.9734767361448352,False
1,1,3,1,1,2,1,0,3,0,0,0.9590612933263236,False
1,0,0,3,3,2,0,0,3,0,1,0.9371938287582064,False
1,1,1,4,0,2,0,2,1,1,0,0.1607568003103844,True
1,4,0,0,4,0,0,0,2,0,2,0.043262729530535636,True
1,1,0,1,1,5,1,1,2,0,0,0.8963775563324902,False
1,3,1,1,1,2,1,0,1,2,0,0.3923448698452066,True
1,0,0,1,6,1,0,4,0,0,0,0.06982824155483974,True
1,3,1,2,2,0,2,0,0,2,0,0.08249129418505977,True
1,1,3,0,1,3,0,2,1,1,0,0.045255352841169334,True
1,1,0,2,2,3,1,1,1,0,1,0.9189973614443009,False
1,1,1,3,2,1,0,1,2,1,0,0.17528607409763347,True
1,2,2,4,0,0,1,1,1,0,1,0.20218484534642792,True
1,0,0,7,1,0,1,0,0,2,1,0.9592520178037042,False
1,3,2,0,3,0,0,3,0,0,1,0.05235614384703318,True
1,2,5,0,0,1,0,0,2,0,2,0.9394386893236987,False
1,0,0,7,0,1,0,4,0,0,0,0.1606579893101082,True
1,0,1,6,0,1,1,1,1,0,1,0.9524454331207715,False
1,2,4,2,0,0,0,1,1,0,2,0.049880088951321205,True
1,3,0,1,3,1,1,1,1,1,0,0.17227928687487928,True
1,0,7,0,1,0,1,1,0,1,1,0.05135017061224493,True
1,0,1,1,1,5,0,0,2,2,0,0.3323448698452067,True
1,0,0,0,2,6,1,0,1,0,2,0.8393190442881937,False
1,1,1,5,1,0,1,1,0,1,1,0.12364671968070542,True
1,3,0,5,0,0,0,4,0,0,0,0.1783347124183352,True
1,0,1,0,7,0,0,1,0,1,2,0.021405953248646473,True
1,0,0,8,0,0,0,1,2,1,0,0.9941075098820736,False
1,1,1,3,1,2,2,0,0,2,0,0.3923448698452066,True
1,2,0,0,0,6,3,0,0,0,1,0.8600154052550141,False
1,1,1,1,0,5,0,0,3,1,0,0.8933045600476958,False
1,0,0,1,4,3,0,0,2,2,0,0.07484844386552957,True
1,1,0,2,1,4,0,0,2,2,0,0.8920489006950671,False
1,2,0,3,2,1,1,0,1,2,0,0.41234486984520663,True
1,4,1,0,2,1,1,1,1,1,0,0.17109632701703725,True
1,0,0,0,6,2,1,0,0,2,1,0.22433495111392934,True
1,1,1,1,3,2,1,1,1,1,0,0.10256002037449931,True
1,3,1,1,3,0,0,0,2,1,1,0.062052283062933755,True
1,3,0,0,2,3,0,3,0,0,1,0.914691754580709,False
1,2,0,1,0,5,3,0,0,1,0,0.8932880876326013,False
1,0,2,0,5,1,1,1,1,0,1,0.26218848219842456,True
1,0,2,0,5,1,0,1,0,2,1,0.09648913685836648,True
1,0,4,1,2,1,1,0,0,3,0,0.06618122420518992,True
1,0,4,1,2,1,2,1,1,0,0,0.15386691791770632,True
1,0,1,4,3,0,0,0,1,3,0,0.0682508047786385,True
1,0,2,0,4,2,2,0,0,0,2,0.9158183955151414,False
1,0,4,2,2,0,1,2,1,0,0,0.07057161598934551,True
1,0,5,2,1,0,2,1,0,0,1,0.05493449550957333,True
1,3,1,2,1,1,0,0,2,0,2,0.9381101118593373,False
1,1,0,2,4,1,0,3,0,1,0,0.07201973705828178,True
1,6,0,1,0,1,0,3,0,0,1,0.9583148529004609,False
1,3,0,0,0,5,2,1,1,0,0,0.894356456838462,False
1,2,0,3,1,2,0,2,0,0,2,0.919186757670901,False
1,1,2,0,5,0,0,0,3,1,0,0.06426190304318477,True
1,0,1,3,3,1,1,0,0,3,0,0.07682274629115937,True
1,0,0,0,3,5,1,1,2,0,0,0.8959924313249616,False
1,1,0,0,5,2,1,1,1,0,1,0.9350353925762627,False
1,3,2,1,2,0,1,0,2,0,1,0.07218911764889692,True
1,1,1,4,2,0,1,0,2,0,1,0.10760056426778129,True
1,1,1,3,1,2,0,1,0,2,1,0.9379589530319923,False
1,0,5,2,1,0,1,0,1,2,0,0.07020693608993976,True
1,2,0,4,1,1,0,2,0,0,2,0.9385196331944337,False
1,1,2,3,1,1,1,0,1,1,1,0.9583835893563749,False
1,0,2,1,2,3,1,1,2,0,0,0.9209330252201531,False
1,0,7,1,0,0,1,0,0,2,1,0.05228377615806119,True
1,3,0,1,1,3,2,1,0,1,0,0.9191892288927304,False
1,2,0,1,2,3,0,3,0,0,1,0.9164366443745373,False
1,1,0,0,1,6,1,1,1,0,1,0.8596935166127638,False
1,0,4,3,1,0,1,1,2,0,0,0.07829313717144719,True
1,1,0,3,0,4,0,0,4,0,0,0.9142427135092478,False
1,5,2,0,1,0,0,2,0,0,2,0.05912738364915265,True
1,2,0,3,0,3,4,0,0,0,0,0.9377179499370926,False
1,0,2,1,4,1,0,0,0,3,1,0.12957015674763347,True
1,6,1,0,1,0,2,0,1,1,0,0.16978647144779913,True
1,6,0,0,2,0,0,2,0,1,1,0.08983591698472432,True
1,1,1,4,1,1,1,0,0,2,1,0.957733104490455,False
1,4,0,0,0,4,0,0,1,3,0,0.5684658076495366,False
1,3,3,1,1,0,1,2,0,1,0,0.07556796893166401,True
1,2,2,2,1,1,2,1,1,0,0,0.970166529530569,False
1,0,1,4,0,3,1,0,0,3,0,0.12332058816520804,True
1,0,3,2,3,0,0,3,0,1,0,0.06724375,True
1,2,2,0,3,1,0,1,1,0,2,0.9366068197999989,False
1,2,5,0,1,0,1,3,0,0,0,0.06963263888888889,True
1,3,1,4,0,0,1,1,1,0,1,0.9719614256942849,False
1,0,0,5,2,1,2,0,0,2,0,0.41234486984520663,True
1,2,0,3,3,0,2,1,0,0,1,0.07814144860379774,True
1,2,0,2,0,4,1,2,0,0,1,0.899720050175943,False
1,1,4,2,1,0,2,2,0,0,0,0.0749867550435884,True
1,5,1,0,2,0,1,2,1,0,0,0.08729404040188331,True
1,1,5,1,0,1,0,0,0,4,0,0.05994757195874373,True
1,3,1,4,0,0,1,1,0,1,1,0.9569135004533444,False
1,2,4,0,0,2,3,1,0,0,0,0.9410525226419545,False
1,2,0,3,1,2,0,0,2,1,1,0.9371941054913362,False
1,0,1,1,2,4,0,3,0,0,1,0.8934803784988601,False
1,2,2,0,2,2,1,1,0,0,2,0.9158553689042764,False
1,0,2,0,4,2,0,0,1,0,3,0.8964083023354158,False
1,2,0,0,3,3,1,2,0,0,1,0.9177534802330435,False
1,3,0,3,1,1,1,0,2,0,1,0.9571790650583789,False
1,8,0,0,0,0,2,0,0,0,2,0.9600154052550148,False
1,0,1,1,1,5,0,0,0,1,3,0.8389516625791517,False
1,0,1,0,5,2,0,3,1,0,0,0.05572268687487908,True
1,0,3,0,4,1,3,0,0,0,1,0.9514080086550938,False
1,3,0,2,2,1,3,0,0,1,0,0.9689202071710206,False
1,2,0,0,0,6,0,2,1,0,1,0.8594834422818965,False
1,1,1,6,0,0,1,1,0,2,0,0.13192592140729426,True
1,1,0,7,0,0,2,0,1,1,0,0.9921150864225938,False
1,3,1,1,0,3,2,2,0,0,0,0.919021111251646,False
1,0,1,5,2,0,1,0,3,0,0,0.12760056426778127,True
1,0,0,1,3,4,2,1,0,0,1,0.8987549767368184,False
1,0,1,1,0,6,1,0,0,2,1,0.8585444760576724,False
1,1,1,1,4,1,0,0,2,1,1,0.9562978180682089,False
1,0,1,1,6,0,0,1,0,3,0,0.060000000000000005,True
1,1,0,1,5,1,1,0,1,0,2,0.93736552106724,False
1,1,0,1,2,4,2,0,1,0,1,0.8990730946373585,False
1,3,1,2,2,0,0,2,0,1,1,0.0679808492777117,True
1,1,4,0,1,2,2,1,0,0,1,0.9326056817237789,False
1,1,0,1,5,1,2,0,2,0,0,0.977786596415479,False
1,0,1,0,4,3,2,0,0,1,1,0.9139717448574596,False
1,3,0,0,0,5,2,0,0,2,0,0.878510821260882,False
1,0,7,1,0,0,0,0,1,3,0,0.06899722222222222,True
1,0,5,2,1,0,0,0,1,0,3,0.016510817749598082,True
1,3,2,3,0,0,0,0,4,0,0,0.6619449834827744,False
1,0,0,1,2,5,1,0,2,1,0,0.8890545419228478,False
1,2,1,4,0,1,0,0,3,1,0,0.9730477760370974,False
1,2,2,3,0,1,0,1,1,2,0,0.1147226430864562,True
1,5,2,0,0,1,0,3,0,0,1,0.9548840445269623,False
1,1,3,4,0,0,0,1,2,0,1,0.09317338038198471,True
1,1,6,0,1,0,0,1,1,1,1,0.051656199616000036,True
1,1,0,0,4,3,1,3,0,0,0,0.04609765133919011,True
1,7,0,0,0,1,2,0,1,1,0,0.9732503967782441,False
1,0,3,1,3,1,1,2,0,0,1,0.26235220965293754,True
1,2,1,1,3,1,0,1,2,1,0,0.12305137866204281,True
1,0,2,2,1,3,2,0,0,0,2,0.8993578820663943,False
1,1,1,0,1,5,0,0,0,3,1,0.8753330029574965,False
1,3,0,1,2,2,0,2,0,0,2,0.9184944149326383,False
1,1,2,0,1,4,1,3,0,0,0,0.0369318040820493,True
1,1,0,6,1,0,0,0,0,0,4,0.907542828548612,False
1,2,4,0,1,1,0,2,0,2,0,0.06575168946604665,True
1,0,2,4,2,0,1,0,0,0,3,0.032189117648896995,True
1,3,0,3,1,1,0,0,1,3,0,0.16332058816520797,True
1,2,0,1,3,2,0,0,3,1,0,0.945058744704626,False
1,3,2,1,0,2,3,1,0,0,0,0.9524030446763004,False
1,0,2,2,1,3,1,1,0,1,1,0.9190614583904853,False
1,1,0,0,1,6,0,2,0,0,2,0.8378567978954029,False
1,1,2,0,5,0,0,0,4,0,0,0.06643733769755213,True
1,0,4,0,4,0,2,1,0,1,0,0.065775,True
1,1,4,1,1,1,1,0,1,1,1,0.9576515545731514,False
1,2,0,3,2,1,1,1,1,1,0,0.43621339309530377,True
1,2,0,6,0,0,1,1,2,0,0,0.998127591111976,False
1,2,0,2,2,2,0,0,4,0,0,0.9571853219210376,False
1,1,0,1,5,1,1,1,0,0,2,0.9354778265223849,False
1,4,0,1,2,1,2,0,1,0,1,0.9590730946373589,False
1,2,1,0,3,2,0,1,2,0,1,0.9386060797606005,False
1,3,3,0,1,1,1,0,0,3,0,0.07682274629163724,True
1,5,1,0,0,2,0,0,2,1,1,0.9392019997816311,False
1,2,2,2,1,1,0,1,0,2,1,0.9562851474004731,False
1,0,6,2,0,0,0,1,0,0,3,0.032917003548328876,True
1,0,3,2,2,1,1,0,1,0,2,0.9392073259528582,False
1,0,1,1,6,0,0,1,2,1,0,0.0619,True
1,1,0,4,0,3,0,1,0,3,0,0.1067644385434315,True
1,1,3,2,2,0,1,1,1,1,0,0.07260615744296264,True
1,1,1,2,0,4,0,1,0,2,1,0.8985427376252246,False
1,2,0,1,2,3,1,1,1,1,0,0.3917179735433484,True
1,1,1,2,2,2,0,1,2,1,0,0.1541829439986583,True
1,1,2,5,0,0,3,1,0,0,0,0.17833471241833526,True
1,2,3,1,2,0,0,1,2,0,1,0.058085923361899605,True
1,1,7,0,0,0,0,1,1,2,0,0.06945555555555555,True
1,1,3,0,0,4,1,0,0,1,2,0.8775993681223451,False
1,0,1,4,0,3,0,1,2,1,0,0.915286497387865,False
1,0,7,0,0,1,2,0,0,2,0,0.07745804313590374,True
1,2,1,0,4,1,0,0,1,1,2,0.9345324413310117,False
1,4,1,0,3,0,1,1,0,0,2,0.042316418110970186,True
1,6,1,0,1,0,0,0,0,1,3,0.15572889750783597,True
1,1,2,4,1,0,0,1,0,2,1,0.07193980401976521,True
1,0,2,3,0,3,1,1,1,1,0,0.39621339309530385,True
1,7,1,0,0,0,2,2,0,0,0,0.30935535658465657,False
1,2,2,0,0,4,2,1,1,0,0,0.9111590763379093,False
1,1,1,1,1,4,2,1,0,1,0,0.370157772313126,True
1,1,1,1,4,1,2,0,0,1,1,0.9550062919499924,False
1,1,3,0,0,4,0,1,1,2,0,0.033261319073373714,True
1,0,0,7,0,1,0,0,0,3,1,0.955698727768745,False
1,3,2,0,2,1,0,2,1,0,1,0.95348037849886,False
1,0,5,1,0,2,0,0,0,4,0,0.03994757195874376,True
1,0,4,2,1,1,0,2,1,0,1,0.9561024180161736,False
1,1,5,0,0,2,1,0,0,1,2,0.9125301338158931,False
1,0,2,0,5,1,2,0,1,0,1,0.950697191398817,False
1,2,0,0,4,2,2,1,1,0,0,0.9530868277230176,False
1,1,6,0,0,1,3,0,0,0,1,0.9535895703262303,False
1,0,1,1,4,2,0,0,4,0,0,0.9584945090817945,False
1,0,4,1,2,1,4,0,0,0,0,0.9765340915849917,False
1,3,4,0,0,1,1,1,0,1,1,0.9518495348716944,False
1,1,5,0,2,0,0,0,1,0,3,0.011485931420305791,True
1,3,0,5,0,0,2,0,0,1,1,0.9756501969827331,False
1,1,5,1,1,0,0,2,0,2,0,0.06871597222222223,True
1,1,1,2,3,1,0,0,3,1,0,0.9629872082261274,False
1,3,0,1,1,3,0,3,0,0,1,0.9181425444754949,False
1,0,5,2,0,1,0,0,0,4,0,0.05994757195874373,True
1,1,2,0,1,4,0,3,1,0,0,0.03780628137548696,True
1,1,0,1,5,1,0,0,2,2,0,0.09448038147640049,True
1,1,1,4,1,1,0,1,0,0,3,0.9182502406662283,False
1,3,1,1,2,1,0,2,2,0,0,0.17870752529102324,True
1,0,2,5,1,0,1,0,3,0,0,0.1338630593079079,True
1,4,1,0,0,3,1,3,0,0,0,0.1352063172067364,True
1,0,2,0,3,3,0,1,0,2,1,0.2001860104326369,True
1,3,1,2,2,0,0,2,0,1,1,0.0679808492777117,True
1,3,3,0,1,1,0,2,0,1,1,0.9447902353731059,False
1,3,2,2,0,1,0,0,1,2,1,0.9584310453804463,False
1,2,0,0,6,0,1,0,3,0,0,0.06520198039038468,True
1,1,4,2,0,1,1,0,0,0,3,0.9197576925149636,False
1,2,0,3,2,1,3,1,0,0,0,0.9749353212244635,False
1,0,2,0,5,1,1,0,1,2,0,0.07745804313590374,True
1,2,4,0,1,1,1,0,0,2,1,0.9410194808879786,False
1,0,5,0,3,0,0,4,0,0,0,0.06804930555555556,True
1,6,1,0,1,0,3,0,0,0,1,0.6380546474163157,False
1,5,0,0,0,3,0,0,3,0,1,0.9185234692889143,False
1,0,1,3,3,1,1,2,0,1,0,0.08607397782797302,True
1,5,1,0,0,2,0,0,1,2,1,0.9385257305823794,False
1,0,4,2,2,0,0,1,0,1,2,0.032363975533324964,True
1,2,4,0,0,2,0,1,0,1,2,0.9118495348716946,False
1,0,3,4,0,1,0,1,0,3,0,0.07121609410207151,True
1,2,4,2,0,0,1,0,1,2,0,0.0798153251648471,True
1,3,5,0,0,0,0,3,0,0,1,0.07084289637784456,True
1,3,0,5,0,0,1,1,2,0,0,0.9989745974491355,False
1,1,3,0,0,4,0,1,0,3,0,0.01121609410207161,True
1,2,0,1,3,2,0,4,0,0,0,0.05805283286270405,True
1,2,1,1,2,2,1,2,1,0,0,0.15670591560298447,True
1,1,0,4,1,2,2,0,0,2,0,0.9320528264499366,False
1,0,0,5,3,0,0,0,2,2,0,0.07814749178158457,True
1,1,1,0,5,1,3,0,0,0,1,0.9547274056031928,False
1,3,0,2,3,0,1,0,0,0,3,0.0598985599546071,True
1,2,3,1,2,0,1,1,0,2,0,0.06961735068500968,True
1,1,2,0,3,2,2,1,0,1,0,0.08007680196546044,True
1,1,0,0,2,5,0,0,0,0,4,0.8193258392839369,False
1,4,1,1,0,2,0,0,2,2,0,0.9328589430361285,False
1,3,0,0,5,0,2,0,1,0,1,0.05130264845234296,True
1,2,1,2,1,2,1,1,0,0,2,0.9195010889982234,False
1,4,0,2,1,1,0,0,1,3,0,0.16332058816520797,True
1,3,2,0,2,1,3,1,0,0,0,0.9609311450687428,False
1,1,1,0,2,4,0,2,0,2,0,0.014993927034948904,True
1,1,1,3,0,3,0,2,0,2,0,0.059183984794602906,True
1,1,3,0,3,1,0,4,0,0,0,0.06942237593610412,True
1,1,0,0,0,7,1,0,0,1,2,0.8194289626110718,False
1,1,0,0,7,0,0,1,0,1,2,0.02140595324864647,True
1,2,0,0,4,2,2,1,0,1,0,0.10130272938459306,True
1,3,1,3,1,0,1,0,2,1,0,0.16978647144779913,True
1,4,3,0,1,0,0,0,1,1,2,0.04899819532430078,True
1,0,0,2,6,0,0,0,3,0,1,0.045201980390384706,True
1,2,1,1,1,3,2,0,1,0,1,0.9193094563405403,False
1,0,0,0,8,0,0,1,0,0,3,1.0269562977782698e-16,True
1,5,1,2,0,0,0,1,1,1,1,0.9634450743517685,False
1,1,1,4,2,0,2,0,1,0,1,0.10760056426778129,True
1,0,0,0,0,8,1,3,0,0,0,0.4948359826973828,False
1,0,2,4,0,2,0,1,0,1,2,0.9185345909715499,False
1,4,2,0,1,1,1,0,0,3,0,0.08720126777246619,True
1,0,2,0,0,6,1,0,0,0,3,0.8194834422818966,False
1,0,1,0,2,5,1,1,0,1,1,0.8773618154487799,False
1,0,3,4,1,0,0,0,2,1,1,0.06899819532430074,True
1,1,0,3,4,0,0,1,1,2,0,0.06727897702980225,True
1,0,0,3,2,3,1,1,2,0,0,0.9381210385972655,False
1,2,1,1,1,3,1,0,1,0,2,0.8993094563405402,False
1,3,0,0,2,3,0,2,1,1,0,0.07843839868116712,True
1,1,1,3,0,3,0,0,2,2,0,0.9138437923300542,False
1,2,4,0,1,1,0,0,3,0,1,0.959650012330007,False
1,0,0,0,0,8,0,2,0,2,0,0.012581870631400264,True
1,1,2,3,0,2,0,0,2,0,2,0.9175009144889028,False
1,0,1,3,1,3,0,2,1,0,1,0.9190612933263239,False
1,1,4,0,0,3,2,0,0,1,1,0.9158781159888097,False
1,0,0,0,4,4,0,0,0,1,3,0.8550622505119349,False
1,2,3,2,0,1,1,0,2,1,0,0.9709308879069607,False
1,3,3,1,0,1,0,1,0,0,3,0.9191602903174841,False
1,4,1,0,0,3,1,3,0,0,0,0.1352063172067364,True
1,2,3,1,2,0,0,1,0,1,2,0.03596575147106938,True
1,1,2,3,0,2,0,0,2,0,2,0.9175009144889028,False
1,0,3,1,2,2,1,1,1,1,0,0.08098987787547549,True
1,0,1,0,0,7,0,0,3,1,0,0.853224819177783,False
1,0,1,0,7,0,1,0,1,1,1,0.04140595324864643,True
1,1,0,3,2,2,1,0,0,3,0,0.08699089775599188,True
1,0,1,3,4,0,1,1,1,0,1,0.0526526709373433,True
1,3,1,1,1,2,0,1,0,2,1,0.9353474002537031,False
1,2,1,3,0,2,0,1,0,3,0,0.07431615284249755,True
1,0,0,5,0,3,3,0,1,0,0,0.9342427135092487,False
1,2,0,0,3,3,0,0,0,1,3,0.8770072907590805,False
1,2,0,6,0,0,0,1,1,2,0,0.6552626664205562,False
1,1,1,4,2,0,1,0,3,0,0,0.12760056426778127,True
1,3,0,0,0,5,0,2,0,2,0,0.07258187063140016,True
1,2,1,1,2,2,0,1,1,0,2,0.9193350725054179,False
1,5,1,0,0,2,1,2,0,1,0,0.15740130769292762,True
1,2,1,0,2,3,2,0,0,1,1,0.9179906158119225,False
1,4,1,0,0,3,0,2,0,2,0,0.059183984794602906,True
1,0,0,8,0,0,0,0,3,0,1,0.966438282298575,False
1,0,1,4,0,3,0,1,0,0,3,0.8777989499059496,False
1,2,0,2,3,1,1,1,1,1,0,0.1734314358386758,True
1,1,0,1,6,0,1,3,0,0,0,0.06333055555555556,True
1,0,7,0,0,1,0,1,0,2,1,0.09648913685836648,True
1,0,3,3,2,0,1,0,0,0,3,0.020778657334954848,True
1,2,1,3,2,0,0,0,2,1,1,0.08417404659355189,True
1,0,3,4,0,1,1,0,0,1,2,0.938321067700103,False
1,3,1,1,3,0,0,0,0,3,1,0.05562382415704078,True
1,4,0,2,0,2,1,0,0,3,0,0.6084658076495365,False
1,0,2,4,2,0,3,0,0,1,0,0.081667168250454,True
1,2,0,5,0,1,3,0,0,0,1,0.9558261506303272,False
1,0,2,2,2,2,1,1,2,0,0,0.9394801798828873,False
1,0,5,1,2,0,0,0,1,1,2,0.030611487110462927,True
1,3,1,2,2,0,0,2,2,0,0,0.08729404040188331,True
1,1,3,0,3,1,1,1,1,1,0,0.08818868022485904,True
1,0,1,1,4,2,0,2,2,0,0,0.08641842932153265,True
1,1,3,1,0,3,0,0,2,0,2,0.8993498253650564,False
1,1,4,1,1,1,0,0,0,1,3,0.9152863265125353,False
1,1,0,2,4,1,1,0,1,1,1,0.9571402762796934,False
1,0,1,3,1,3,1,1,1,1,0,0.39621339309530385,True
1,4,1,0,0,3,1,2,1,0,0,0.9181883746212529,False
1,1,0,3,1,3,4,0,0,0,0,0.9379534519172672,False
1,2,3,0,0,3,0,1,2,0,1,0.9196151071742136,False
1,3,1,0,0,4,2,0,2,0,0,0.9194818588106429,False
1,6,1,1,0,0,0,0,2,0,2,0.9517853846471807,False
1,0,0,0,8,0,0,0,1,3,0,0.06,True
1,0,0,0,7,1,0,3,1,0,0,0.07553707361007844,True
1,0,3,0,1,4,0,0,1,0,3,0.8590908809831052,False
1,5,1,0,2,0,0,0,1,2,1,0.07356485939894909,True
1,6,0,2,0,0,1,1,2,0,0,0.9989084857090867,False
1,1,3,2,0,2,1,0,0,1,2,0.9192886054308146,False
1,2,1,1,2,2,2,2,0,0,0,0.15460252396215995,True
1,3,1,0,2,2,1,2,1,0,0,0.15351051976339497,True
1,1,1,2,2,2,1,2,0,0,1,0.9392825545174506,False
1,0,0,7,0,1,3,1,0,0,0,0.9784282574818246,False
1,1,5,0,0,2,0,1,1,0,2,0.914305055765392,False
1,0,4,3,0,1,0,0,2,1,1,0.9584571210713212,False
1,0,6,1,0,1,0,0,2,1,1,0.9566091659141966,False
1,1,3,2,2,0,0,2,0,1,1,0.05441333748011401,True
1,3,2,2,1,0,0,1,1,0,2,0.0700567401312878,True
1,1,4,3,0,0,1,0,1,2,0,0.0798153251648471,True
1,1,0,7,0,0,0,0,1,3,0,0.6484658076495365,False
1,0,6,1,0,1,2,0,0,0,2,0.9366221192520886,False
1,3,0,0,4,1,0,2,2,0,0,0.126112362254669,True
1,0,0,3,5,0,0,3,0,0,1,0.047079650618000575,True
1,0,0,8,0,0,2,0,0,0,2,0.9497841880974653,False
1,0,1,1,6,0,2,0,1,0,1,0.044077285939848596,True
1,2,1,0,0,5,0,0,1,2,1,0.8785257305823791,False
1,0,6,1,0,1,0,1,2,0,1,0.9560158841798241,False
1,0,1,2,1,4,0,0,0,1,3,0.858808748567257,False
1,2,4,1,0,1,0,1,0,2,1,0.9467175118658027,False
1,2,4,0,0,2,0,0,0,1,3,0.8958781159888101,False
1,0,2,0,2,4,2,1,1,0,0,0.8938131614058075,False
1,6,1,0,1,0,1,0,3,0,0,0.6580734280008383,False
1,1,4,0,2,1,3,0,0,1,0,0.14186012589592506,True
1,3,1,2,1,1,0,3,1,0,0,0.1217478138169268,True
1,0,2,0,4,2,1,1,0,2,0,0.050051763109739904,True
1,0,1,2,4,1,0,4,0,0,0,0.07041584657303042,True
1,3,0,1,0,4,0,1,0,0,3,0.8598754159158706,False
1,3,1,0,4,0,0,0,0,3,1,0.049399023730603835,True
1,1,0,0,6,1,1,3,0,0,0,0.07532201085252135,True
1,0,4,2,0,2,3,0,1,0,0,0.9593964574694542,False
1,0,0,4,2,2,0,3,1,0,0,0.10463725837649285,True
1,2,4,2,0,0,0,0,2,0,2,0.0563125762182188,True
1,1,3,0,4,0,2,0,1,0,1,0.04845813223946551,True
1,1,3,2,2,0,1,1,0,1,1,0.055965751471069344,True
1,0,0,3,4,1,2,1,1,0,0,0.9670255561417889,False
1,4,0,4,0,0,0,1,1,2,0,0.6552626664205562,False
1,1,0,3,2,2,0,1,1,1,1,0.9383021375973847,False
1,0,4,0,0,4,0,0,3,1,0,0.8999679416540035,False
1,4,3,0,1,0,0,0,4,0,0,0.09556829193529216,True
1,0,3,1,1,3,3,0,0,0,1,0.9194963809514555,False
1,0,0,0,1,7,0,0,1,0,3,0.7995668902341135,False
1,4,0,4,0,0,0,0,0,1,3,0.9367876257642981,False
1,0,3,3,1,1,0,0,1,0,3,0.9186264098558297,False
1,1,2,2,1,2,1,1,0,1,1,0.9390614583904852,False
1,1,0,5,1,1,0,1,1,0,2,0.9360559455993375,False
1,0,2,1,3,2,0,0,0,4,0,0.039947571958598854,True
1,1,6,1,0,0,1,2,1,0,0,0.07142060337304917,True
1,0,3,0,5,0,1,0,1,2,0,0.0626326388888889,True
1,0,3,4,0,1,1,2,1,0,0,0.1844407614782048,True
1,5,0,2,1,0,1,0,1,1,1,0.9634397195810676,False
1,0,4,1,3,0,0,0,2,0,2,0.030140675235751636,True
1,2,0,1,0,5,1,1,0,2,0,0.5552626664205563,False
1,0,1,2,1,4,2,2,0,0,0,0.378389898725552,True
1,2,2,2,1,1,0,0,1,1,2,0.9387752452361519,False
1,0,2,1,3,2,0,2,1,0,1,0.9314978522355141,False
1,3,2,1,2,0,3,0,0,1,0,0.081667168250454,True
1,0,0,2,6,0,1,2,0,0,1,0.04379758503282741,True
1,0,0,5,0,3,2,0,1,1,0,0.9327034769042167,False
1,4,1,0,3,0,1,0,0,1,2,0.042052283062933786,True
1,3,1,1,1,2,1,0,1,0,2,0.9193094563405403,False
1,1,0,0,2,5,0,0,2,2,0,0.3323448698452067,True
1,1,6,1,0,0,2,0,1,0,1,0.056427868810981455,True
1,0,0,0,4,4,1,1,0,2,0,0.02201878492417184,True
1,0,2,3,3,0,1,0,0,2,1,0.05334755828869985,True
1,2,0,0,3,3,1,0,0,3,0,0.04720126777068951,True
1,3,0,1,3,1,0,3,0,0,1,0.9564286235466415,False
1,1,2,1,2,2,1,1,0,2,0,0.06201878492471524,True
1,2,0,2,4,0,2,1,1,0,0,0.07701089975020048,True
1,3,1,1,0,3,0,2,0,0,2,0.8988573767084391,False
1,3,0,1,0,4,4,0,0,0,0,0.9194338254080393,False
1,3,0,5,0,0,0,3,0,0,1,0.9779712033504285,False
1,0,1,5,2,0,0,0,0,0,4,0.0476005642677814,True
1,5,2,0,1,0,1,2,0,1,0,0.08155902475525542,True
1,0,0,1,3,4,0,2,1,1,0,0.03721789918511565,True
1,1,5,0,2,0,1,0,3,0,0,0.0714859314203057,True
1,2,1,2,1,2,0,0,0,1,3,0.898808748567257,False
1,6,1,0,0,1,1,0,2,0,1,0.9594818588106433,False
1,0,0,0,0,8,1,1,1,0,1,0.8200100179063261,False
1,4,0,2,0,2,1,0,1,0,2,0.9177777777777775,False
1,0,1,1,0,6,0,2,0,1,1,0.8580525315084135,False
1,1,4,1,2,0,0,2,2,0,0,0.07057161598934551,True
1,1,1,2,0,4,2,1,0,1,0,0.8979697908733009,False
1,7,0,1,0,0,0,0,1,2,1,0.9783729025788414,False
1,0,1,4,1,2,1,0,0,0,3,0.8976914614850449,False
1,0,1,0,2,5,0,0,1,0,3,0.8393367776434107,False
1,5,1,0,1,1,0,2,1,1,0,0.11843839872309252,True
1,4,4,0,0,0,3,0,0,1,0,0.08578282642083894,True
1,1,1,1,3,2,1,1,0,2,0,0.062018784924310795,True
1,1,2,0,5,0,0,0,2,1,1,0.045629772723292446,True
1,2,0,1,5,0,0,0,3,0,1,0.05130264845234296,True
1,1,3,1,3,0,0,1,0,2,1,0.04979774298020354,True
1,2,1,2,2,1,1,1,2,0,0,0.970363531047734,False
1,0,0,5,3,0,0,0,1,2,1,0.0679251176442044,True
1,1,1,3,3,0,0,1,0,1,2,0.038542495331139556,True
1,0,3,2,1,2,1,0,0,2,1,0.9374865939539843,False
1,0,4,0,3,1,1,0,1,1,1,0.2600385674155732,True
1,5,1,1,1,0,1,1,2,0,0,0.17511082456714436,True
1,2,3,3,0,0,1,0,1,2,0,0.08929209733089037,True
1,0,7,0,1,0,2,0,0,2,0,0.0687159722222222,True
1,0,4,2,0,2,0,2,1,1,0,0.06596144289660483,True
1,0,0,5,3,0,0,2,0,0,2,0.048723603612418634,True
1,0,1,3,3,1,0,0,3,1,0,0.9639791554171129,False
1,0,1,6,1,0,0,0,3,1,0,0.16978647144779913,True
1,0,2,0,3,3,2,0,0,2,0,0.05448038147648334,True
1,1,2,1,3,1,1,0,1,1,1,0.9572975287087272,False
1,1,1,1,0,5,0,1,0,0,3,0.8400068523255311,False
1,1,4,3,0,0,1,1,0,0,2,0.050070735533598254,True
1,7,1,0,0,0,0,2,0,1,1,0.8493185720747287,False
1,1,2,0,2,3,1,0,1,0,2,0.8989948241282665,False
1,1,2,1,2,2,0,3,1,0,0,0.06773755860073537,True
1,4,0,2,2,0,0,1,0,0,3,0.1413622891106131,True
1,0,1,0,1,6,0,1,1,1,1,0.8579257194789416,False
1,3,2,2,1,0,1,0,0,3,0,0.07811697379948895,True
1,3,4,1,0,0,0,0,1,0,3,0.035247991146642725,True
1,0,3,0,1,4,1,0,1,2,0,0.054848443871466875,True
1,0,1,5,0,2,0,0,2,2,0,0.9338833105757475,False
1,2,4,2,0,0,0,3,0,0,1,0.06298506369963269,True
1,1,0,2,2,3,1,1,2,0,0,0.9357268238670902,False
1,1,3,3,0,1,0,0,1,1,2,0.9385345909715503,False
1,2,2,3,0,1,1,0,0,3,0,0.1069908977775599,True
1,0,4,0,3,1,0,1,2,0,1,0.27915998060647385,True
1,0,0,1,6,1,1,2,0,0,1,0.2623522096528892,True
1,4,0,3,0,1,2,0,0,2,0,0.958896553708751,False
1,1,7,0,0,0,0,3,0,0,1,0.05308844144145231,True
1,0,1,0,3,4,2,0,1,1,0,0.9022443555604306,False
1,0,1,0,7,0,0,1,0,2,1,0.04249072883281273,True
1,0,1,2,2,3,0,0,0,1,3,0.8784598825170897,False
1,0,0,4,1,3,0,2,1,0,1,0.917959294139829,False
1,0,1,3,0,4,0,2,0,0,2,0.8793498253650559,False
1,3,4,0,0,1,1,2,0,0,1,0.9519614256942849,False
1,1,0,3,4,0,0,0,2,1,1,0.05772512403235549,True
1,2,0,2,0,4,0,3,1,0,0,0.5784026021283323,False
1,5,0,3,0,0,0,0,2,0,2,0.9555687715227529,False
1,0,0,1,2,5,0,0,1,3,0,0.02699089775599197,True
1,0,2,3,2,1,2,0,0,1,1,0.9584572040405274,False
1,3,2,3,0,0,0,1,0,1,2,0.10694050923987894,True
1,0,1,0,2,5,1,0,2,0,1,0.8792912913953999,False
1,0,1,2,2,3,0,0,1,0,3,0.8788416626625983,False
1,6,0,0,2,0,2,0,1,1,0,0.15997463294020428,True
1,0,0,3,1,4,0,1,1,2,0,0.11395091110770399,True
1,5,1,1,0,1,2,0,0,0,2,0.9396966426956894,False
1,3,3,2,0,0,1,1,2,0,0,0.10391350788405727,True
1,1,3,0,4,0,0,0,0,3,1,0.04737192113616449,True
1,1,0,5,0,2,1,3,0,0,0,0.6211977797567901,False
1,0,2,1,0,5,1,1,0,0,2,0.8597531652944687,False
1,0,3,0,0,5,0,1,2,1,0,0.09188844538118364,True
1,0,4,2,1,1,1,0,0,0,3,0.9196500123300068,False
1,1,1,6,0,0,0,1,1,0,2,0.9578252431270098,False
1,0,0,2,0,6,0,3,0,0,1,0.8600032425263944,False
1,2,1,4,0,1,1,0,0,2,1,0.9576226385071493,False
1,1,3,1,0,3,1,2,0,1,0,0.0569167968719879,True
1,4,2,0,1,1,2,1,0,0,1,0.9575218319421104,False
1,0,0,4,1,3,0,0,2,2,0,0.9120602602844115,False
1,0,4,3,1,0,1,1,1,1,0,0.0741590671603554,True
1,0,1,3,4,0,1,2,1,0,0,0.06996538101829312,True
1,0,2,3,3,0,3,0,1,0,0,0.07811697379948898,True
1,0,3,4,0,1,4,0,0,0,0,0.9779712033504286,False
1,3,2,0,1,2,0,0,0,2,2,0.9148190694586734,False
1,1,0,5,0,2,1,1,0,0,2,0.9167844860195817,False
1,1,2,3,1,1,4,0,0,0,0,0.9787663299405854,False
1,3,1,2,1,1,2,1,0,1,0,0.4324806505803741,True
1,1,0,1,3,3,2,2,0,0,0,0.13460252394554081,True
1,0,8,0,0,0,1,1,1,1,0,0.069775,True
1,0,4,1,3,0,0,1,2,1,0,0.06724374999999999,True
1,0,0,1,4,3,1,0,1,1,1,0.9165016235489256,False
1,2,0,3,2,1,0,2,1,0,1,0.958915369569291,False
1,0,0,1,6,1,1,0,0,0,3,0.9150304856165398,False
1,0,0,3,5,0,2,0,2,0,0,0.07130264845234294,True
1,1,4,1,2,0,1,1,0,0,2,0.033557788816848726,True
1,3,1,0,2,2,0,2,1,1,0,0.07676475005309992,True
1,0,2,0,0,6,0,0,3,0,1,0.8592962702181617,False
1,0,3,3,2,0,0,2,2,0,0,0.07368194674308529,True
1,0,4,1,1,2,3,1,0,0,0,0.2393669029451178,True
1,3,3,0,2,0,0,0,1,2,1,0.05581431566916102,True
1,3,1,0,1,3,0,2,1,0,1,0.9181425444754949,False
1,2,0,1,2,3,1,1,1,1,0,0.3917179735433484,True
1,1,0,2,1,4,0,1,2,0,1,0.8984002986363213,False
1,0,2,1,2,3,0,2,2,0,0,0.08831932993803884,True
1,2,0,3,0,3,1,0,1,1,1,0.9171915096003802,False
1,3,2,2,0,1,1,1,0,0,2,0.9397402176677702,False
1,5,0,2,0,1,0,0,0,3,1,0.9574750590883899,False
1,2,4,0,1,1,1,1,0,0,2,0.9326056817237789,False
1,6,0,2,0,0,0,1,0,3,0,0.1667644385434314,True
1,2,0,0,3,3,0,1,3,0,0,0.9356598992095597,False
1,4,0,0,3,1,2,1,1,0,0,0.9764912043962837,False
1,1,5,0,2,0,1,0,1,0,2,0.03148593142030576,True
1,0,2,1,1,4,2,1,0,1,0,0.11149413812467604,True
1,0,0,2,2,4,0,0,2,2,0,0.3523448698452067,True
1,0,0,3,4,1,0,2,1,1,0,0.08630374696520243,True
1,2,0,4,1,1,0,2,1,0,1,0.9579592941398295,False
1,0,0,1,1,6,3,0,1,0,0,0.879050081590439,False
1,1,2,3,0,2,0,0,0,0,4,0.8784622096257481,False
1,1,0,0,4,3,0,2,0,0,2,0.8956064025441879,False
1,3,2,2,0,1,0,1,0,1,2,0.9393672593053183,False
1,1,0,1,1,5,0,1,2,0,1,0.8791226873571574,False
1,5,1,0,0,2,1,0,1,2,0,0.9348091837409356,False
1,0,0,4,0,4,0,0,0,2,2,0.877163999270021,False
1,0,1,5,0,2,0,1,0,3,0,0.07431615284249755,True
1,3,1,1,1,2,0,0,4,0,0,0.9577973647652104,False
1,4,0,1,3,0,3,0,1,0,0,0.11989855995460699,True
1,4,1,0,0,3,1,1,0,1,1,0.9178366058935232,False
1,7,0,0,1,0,0,0,2,0,2,0.9471531443650917,False
1,1,0,4,0,3,1,1,2,0,0,0.9396313420014925,False
1,2,0,2,2,2,0,0,3,0,1,0.937691461485045,False
1,1,0,0,7,0,1,0,0,3,0,0.06,True
1,1,0,0,0,7,0,1,0,2,1,0.8373936875963952,False
1,0,1,7,0,0,2,0,0,0,2,0.9602398786220696,False
1,3,2,0,0,3,2,1,0,1,0,0.3877260208322711,True
1,2,1,4,1,0,1,0,1,1,1,0.19572889750783587,True
1,0,2,1,1,4,1,1,0,0,2,0.8790908809831051,False
1,0,3,0,5,0,0,1,2,0,1,0.045350368033628755,True
1,1,0,4,2,1,1,0,1,0,2,0.9371853219210379,False
1,3,0,1,0,4,1,0,0,2,1,0.8985123282616932,False
1,0,1,2,5,0,0,1,2,0,1,0.04718486691281526,True
1,3,0,0,4,1,0,0,0,0,4,0.8976604372727628,False
1,6,0,2,0,0,1,1,2,0,0,0.9989084857090867,False
1,4,0,2,1,1,0,0,0,4,0,0.08889405398791513,True
1,0,2,1,5,0,1,0,1,1,1,0.045629772723292446,True
1,5,1,0,1,1,0,2,1,0,1,0.958142544475495,False
1,2,1,2,3,0,0,0,3,1,0,0.07826818713712283,True
1,5,3,0,0,0,2,1,1,0,0,0.1019600658123461,True
1,0,1,4,1,2,1,0,2,0,1,0.9360559455993375,False
1,3,0,2,1,2,0,0,2,0,2,0.9177513434726061,False
1,0,3,2,1,2,1,0,3,0,0,0.9583759369289311,False
1,0,7,1,0,0,0,1,1,2,0,0.06945555555555555,True
1,2,1,2,1,2,0,0,2,2,0,0.3923448698452066,True
1,3,3,2,0,0,1,0,2,0,1,0.11482207078117619,True
1,1,1,6,0,0,0,0,0,1,3,0.9353441274046035,False
1,0,4,1,0,3,0,2,0,1,1,0.9068676775105526,False
1,0,3,4,0,1,0,0,1,3,0,0.08720126784920663,True
1,1,0,1,6,0,0,3,0,1,0,0.0619,True
1,3,1,3,0,1,0,0,3,1,0,0.9731971444513031,False
1,2,6,0,0,0,0,0,0,0,4,-0.004263621416679875,True
1,0,0,3,0,5,1,1,1,1,0,0.8839306539208571,False
1,1,1,4,1,1,1,2,1,0,0,0.4483348075024402,True
1,0,2,0,4,2,1,2,0,1,0,0.05282629790454589,True
1,1,3,0,2,2,1,1,1,0,1,0.9342179841398381,False
1,1,0,1,6,0,4,0,0,0,0,0.06520198039038468,True
1,1,0,4,1,2,0,0,3,0,1,0.9335344267866066,False
1,3,5,0,0,0,2,1,0,0,1,0.05955754749514245,True
1,3,1,3,1,0,0,2,1,0,1,0.12428027283107695,True
1,0,2,0,2,4,2,0,0,2,0,0.05484844386602697,True
1,0,0,5,2,1,0,0,0,4,0,0.07466439809468045,True
1,0,5,1,1,1,0,0,0,2,2,0.23817585799251392,True
1,0,7,1,0,0,0,3,1,0,0,0.06995555555555555,True
1,6,1,0,1,0,0,0,3,1,0,0.16978647144779913,True
1,0,0,5,2,1,1,0,2,1,0,0.9702203006666783,False
1,0,2,0,6,0,1,1,1,0,1,0.043330555555555594,True
1,0,2,0,1,5,0,0,2,0,2,0.8596148880987395,False
1,1,5,2,0,0,0,0,2,2,0,0.07459584992115947,True
1,1,0,1,0,6,2,1,0,0,1,0.8598754159158701,False
1,2,4,0,1,1,0,0,0,3,1,0.23895990140558415,True
1,1,1,3,1,2,0,1,1,2,0,0.09472264300779835,True
1,2,0,5,0,1,2,0,0,0,2,0.935826150630327,False
1,0,1,7,0,0,0,0,1,1,2,0.9598028554076227,False
1,0,1,0,6,1,1,0,2,0,1,0.9519898384743976,False
1,0,2,4,2,0,0,1,3,0,0,0.08363034315581057,True
1,1,1,1,1,4,4,0,0,0,0,0.9195927543275633,False
1,0,4,1,0,3,1,0,0,1,2,0.8968990018579303,False
1,0,5,2,0,1,0,2,2,0,0,0.10805954061326534,True
1,0,1,0,4,3,0,0,1,1,2,0.8945324413310116,False
1,1,1,0,0,6,2,1,0,1,0,0.8576891753644432,False
1,0,1,6,0,1,0,0,1,1,2,0.9326893835322908,False
1,1,0,2,4,1,0,0,0,0,4,0.8984907640319479,False
1,1,1,2,4,0,0,0,2,2,0,0.06666639312745606,True
1,0,5,1,1,1,2,1,0,0,1,0.9488504845811596,False
1,0,2,3,3,0,0,0,3,0,1,0.05811697379948901,True
1,0,0,1,4,3,0,2,0,1,1,0.9102358953333559,False
1,0,2,0,6,0,1,0,0,2,1,0.04305555555555559,True
1,0,0,6,2,0,2,0,2,0,0,0.6484658076495367,False
1,4,0,1,2,1,0,0,4,0,0,0.9777956344070571,False
1,0,6,0,2,0,1,1,2,0,0,0.06899722222222222,True
1,1,2,2,1,2,2,1,0,1,0,0.1526667065774177,True
1,4,3,1,0,0,0,3,1,0,0,0.08278762566569282,True
1,0,1,0,1,6,4,0,0,0,0,0.8794009401355326,False
1,1,0,6,0,1,0,1,2,1,0,0.971119682844302,False
1,1,0,3,3,1,1,1,1,0,1,0.9586135072383675,False
1,1,0,3,3,1,0,1,2,1,0,0.175286074094512,True
1,1,1,6,0,0,0,0,1,0,3,0.9399827084552892,False
1,0,4,0,4,0,2,0,0,1,1,0.04705032115292163,True
1,1,2,1,3,1,0,3,1,0,0,0.0807174056804111,True
1,0,3,1,0,4,0,4,0,0,0,0.01805283286093903,True
1,2,0,0,3,3,0,0,1,2,1,0.9153785454810248,False
1,0,1,5,2,0,0,0,3,0,1,0.10760056426778129,True
1,0,0,7,1,0,1,0,3,0,0,0.9874982798273445,False
1,3,2,2,1,0,4,0,0,0,0,0.13382539812293526,True
1,1,1,1,3,2,0,2,1,1,0,0.06560895721235327,True
1,1,6,1,0,0,0,0,1,2,1,0.05412672929972893,True
1,4,0,1,0,3,1,1,1,1,0,0.9240558597371177,False
1,3,3,1,1,0,3,0,0,1,0,0.08452335913449811,True
1,1,1,2,0,4,3,1,0,0,0,0.9124573652950609,False
1,2,3,0,2,1,2,0,2,0,0,0.9792825545174507,False
1,2,0,1,1,4,0,2,2,0,0,0.8987682603177974,False
1,1,2,2,3,0,1,0,0,3,0,0.06643733769755213,True
1,0,0,6,1,1,1,1,2,0,0,0.9784987644770538,False
1,5,0,0,2,1,0,0,0,4,0,0.07466439809468045,True
1,1,3,1,2,1,3,0,0,1,0,0.2498150460815464,True
1,3,2,1,0,2,0,1,0,3,0,0.059153101572977276,True
1,0,1,2,1,4,2,0,0,2,0,0.3523448698452067,True
1,0,2,1,0,5,0,1,1,2,0,0.03472264308645633,True
1,0,2,6,0,0,0,1,3,0,0,0.18176665496336702,True
1,0,1,2,4,1,0,0,1,0,3,0.9185018210060467,False
1,1,1,2,2,2,0,0,2,1,1,0.9383021375973847,False
1,2,3,0,0,3,2,0,0,0,2,0.8983148529004608,False
1,0,2,4,0,2,0,1,0,3,0,0.059153101572977276,True
1,4,0,0,2,2,0,3,1,0,0,0.0986189542532834,True
1,0,7,1,0,0,0,0,1,3,0,0.06899722222222222,True
1,0,0,8,0,0,1,1,1,1,0,0.9936865356905696,False
1,1,7,0,0,0,1,1,2,0,0,0.07036776151330429,True
1,1,6,0,1,0,1,0,1,2,0,0.06871597222222223,True
1,4,0,3,1,0,1,0,0,0,3,0.9273902972146774,False
1,1,4,0,1,2,2,0,1,0,1,0.9367213223021562,False
1,5,0,3,0,0,0,0,0,1,3,0.9377739250108337,False
1,3,1,3,0,1,3,0,0,1,0,0.9733045600476956,False
1,3,1,2,1,1,1,2,1,0,0,0.44022222789317866,True
1,0,1,1,4,2,1,2,1,0,0,0.08527649527489217,True
1,0,1,5,1,1,0,1,0,3,0,0.07915310152708194,True
1,2,0,0,5,1,0,0,3,0,1,0.9575902748485194,False
1,5,1,1,0,1,0,0,3,1,0,0.9733045600476956,False
1,2,0,0,3,3,0,0,3,0,1,0.9188528576418904,False
1,3,1,3,0,1,1,0,0,1,2,0.9382445569037982,False
1,4,1,1,0,2,3,1,0,0,0,0.953459337011842,False
1,4,2,0,0,2,1,0,3,0,0,0.9592962702181623,False
1,4,1,3,0,0,1,2,0,1,0,0.13408849667940195,True
1,0,4,1,0,3,1,1,1,1,0,0.08256020715592921,True
1,2,2,0,1,3,2,1,0,1,0,0.1302900219747258,True
1,2,0,1,0,5,2,0,2,0,0,0.8981626615930595,False
1,0,0,2,2,4,0,1,2,0,1,0.8986580861083747,False
1,0,4,2,2,0,1,2,0,0,1,0.052462535261185245,True
1,0,1,4,2,1,1,2,0,0,1,0.9589812786541769,False
1,0,0,2,2,4,1,1,2,0,0,0.9157268238670901,False
1,4,2,2,0,0,1,0,2,0,1,0.6392307422483094,False
1,2,3,1,0,2,0,2,2,0,0,0.15870752526721077,True
1,0,0,3,1,4,2,0,2,0,0,0.9171790650583784,False
1,5,1,0,1,1,0,4,0,0,0,0.08493849849666221,True
1,4,4,0,0,0,1,1,0,2,0,0.07606342085699237,True
1,0,0,1,1,6,1,0,2,1,0,0.8716919536285996,False
1,3,3,1,0,1,1,0,0,3,0,0.08720126784920663,True
1,0,6,1,1,0,1,0,0,0,3,0.012488187155231808,True
1,4,0,1,1,2,2,1,0,1,0,0.9391892288927304,False
1,4,0,4,0,0,0,0,3,0,1,0.9730391134644726,False
1,4,1,1,0,2,0,2,1,1,0,0.1585979531510992,True
1,0,1,3,2,2,1,0,0,3,0,0.06720126777105999,True
1,3,0,2,0,3,2,0,0,1,1,0.9185735893652326,False
1,3,1,1,1,2,1,0,1,2,0,0.3923448698452066,True
1,0,4,1,2,1,1,2,1,0,0,0.09337614633025387,True
1,2,0,4,2,0,0,0,2,2,0,0.10131290343677331,True
1,0,2,2,2,2,2,0,0,1,1,0.9383919543359369,False
1,0,2,6,0,0,1,2,0,1,0,0.09643079138788285,True
1,3,0,1,4,0,2,1,0,1,0,0.07121306496037277,True
1,3,0,4,1,0,3,0,0,1,0,0.919291457354175,False
1,4,1,1,0,2,1,1,0,2,0,0.15395091110770392,True
1,3,3,2,0,0,0,0,1,2,1,0.08030640819247874,True
1,1,3,3,1,0,0,1,1,1,1,0.06485015561074746,True
1,0,0,4,3,1,1,0,1,0,2,0.9375536577043578,False
1,2,4,1,1,0,2,2,0,0,0,0.07498389618791208,True
1,1,1,0,5,1,0,1,0,2,1,0.12670811528924555,True
1,3,1,2,0,2,3,0,1,0,0,0.9583236709339612,False
1,4,2,0,0,2,0,0,0,3,1,0.9341844600422017,False
1,0,2,1,0,5,0,1,3,0,0,0.8950737345483022,False
1,4,1,2,1,0,0,2,0,0,2,0.10426077981860665,True
1,4,0,0,3,1,0,0,1,2,1,0.955378545481025,False
1,0,3,4,0,1,0,0,0,4,0,0.06743651223680723,True
1,1,2,0,4,1,0,0,1,1,2,0.9302813123270762,False
1,5,1,0,0,2,1,1,0,1,1,0.9378366058935234,False
1,2,4,0,1,1,0,2,0,0,2,0.9250402327534766,False
1,0,4,2,1,1,1,1,0,2,0,0.07492312638857339,True
1,3,4,0,0,1,2,0,1,1,0,0.9563441927157388,False
1,1,3,1,3,0,1,1,2,0,0,0.07101186926993816,True
1,2,1,2,1,2,0,1,0,0,3,0.8995010889982233,False
1,2,2,4,0,0,0,0,0,3,1,0.10321457659657737,True
1,0,3,2,3,0,1,1,0,2,0,0.06629930555555556,True
1,1,3,0,0,4,2,0,0,2,0,0.1018755442426013,True
1,0,2,1,2,3,2,0,2,0,0,0.9391691785330518,False
1,2,0,2,2,2,1,0,3,0,0,0.9576914614850451,False
1,1,0,1,3,3,0,1,1,1,1,0.917352218639451,False
1,4,0,0,3,1,0,3,1,0,0,0.0978062586599531,True
1,3,0,2,3,0,0,0,2,2,0,0.07814749178158457,True
1,0,5,0,0,3,0,0,0,3,1,0.19895990140896072,True
1,1,0,5,2,0,0,0,1,1,2,0.16020782803374944,True
1,0,2,0,2,4,0,2,0,2,0,0.00967951550146282,True
1,4,0,3,1,0,0,2,1,0,1,0.9616116869188522,False
1,2,1,4,0,1,0,2,1,0,1,0.9579712033504284,False
1,2,2,3,0,1,0,2,0,1,1,0.9593198272189146,False
1,0,4,1,2,1,1,2,0,1,0,0.07299837734002913,True
1,1,3,3,0,1,0,0,0,2,2,0.938481209637134,False
1,4,1,0,2,1,0,0,0,1,3,0.917990615811923,False
1,1,2,2,2,1,0,1,0,1,2,0.9377772568484604,False
1,2,1,4,0,1,0,1,2,0,1,0.9567155848008311,False
1,2,0,4,0,2,0,0,0,1,3,0.8971813815358927,False
1,0,3,0,5,0,0,3,0,1,0,0.06399375,True
1,2,0,5,1,0,1,0,1,0,2,0.9475381072541978,False
1,2,4,2,0,0,1,0,0,0,3,0.03546389119044531,True
1,1,1,2,2,2,1,1,1,0,1,0.939169178533052,False
1,4,0,2,2,0,1,0,3,0,0,0.6484658076495367,False
1,1,2,1,0,4,0,3,0,1,0,0.025478371876166545,True
1,0,3,0,2,3,2,0,1,1,0,0.20924001678478832,True
1,0,5,3,0,0,3,0,0,1,0,0.0784868378342975,True
1,3,4,0,1,0,1,1,2,0,0,0.07828366917405084,True
1,2,0,2,1,3,0,0,3,1,0,0.9319090813394023,False
1,0,0,0,3,5,3,0,0,0,1,0.8786878265032221,False
1,2,2,1,0,3,1,1,0,2,0,0.07472264308645628,True
1,2,0,0,2,4,1,0,0,1,2,0.8781812500000004,False
1,0,5,2,0,1,0,0,3,1,0,0.25939477323623017,True
1,1,2,3,2,0,0,0,1,3,0,0.07090185458865972,True
1,1,0,0,7,0,1,0,0,0,3,0.0013769301941305811,True
1,2,1,2,3,0,1,0,1,2,0,0.0722997530329525,True
1,4,1,0,1,2,1,0,0,0,3,0.8994009401355332,False
1,0,4,0,3,1,1,0,0,3,0,0.06495890794113968,True
1,0,2,2,2,2,0,1,1,0,2,0.9192788618136518,False
1,1,3,4,0,0,0,2,2,0,0,0.09198667316690212,True
1,5,0,0,0,3,0,0,1,2,1,0.918542455563552,False
1,3,2,2,0,1,1,2,0,0,1,0.9599944456134448,False
1,2,2,0,4,0,1,0,1,1,1,0.04953539977355211,True
1,2,2,4,0,0,0,1,0,2,1,0.10349471305078456,True
1,3,0,0,0,5,0,0,0,3,1,0.8771438464183289,False
1,2,2,0,1,3,2,1,1,0,0,0.92728136154957,False
1,0,5,1,2,0,0,3,1,0,0,0.06899722222222222,True
1,5,0,1,0,2,1,2,1,0,0,0.9439324664896694,False
1,1,1,0,6,0,1,1,1,1,0,0.0619,True
1,3,0,1,2,2,0,0,0,4,0,0.05466439809468048,True
1,2,0,2,0,4,0,1,3,0,0,0.9196054572004293,False
1,1,0,1,2,4,0,2,1,0,1,0.8993306878570174,False
1,2,3,0,2,1,3,1,0,0,0,0.25347388742758237,True
1,2,1,2,2,1,2,0,2,0,0,0.9784472003607412,False
1,5,0,1,0,2,1,1,0,0,2,0.919875415915871,False
1,1,3,2,0,2,1,0,0,3,0,0.06720126784920666,True
1,4,0,1,2,1,0,1,1,2,0,0.11472264300015957,True
1,4,0,1,0,3,0,1,2,1,0,0.924719882135955,False
1,0,5,1,1,1,0,0,3,0,1,0.959470981552792,False
1,1,2,2,1,2,0,1,0,1,2,0.9190614583904853,False
1,3,0,1,4,0,0,3,1,0,0,0.07090185458865975,True
1,3,0,0,2,3,0,1,2,1,0,0.39094377374237416,True
1,6,0,1,1,0,1,0,2,0,1,0.9673125610732082,False
1,2,2,0,1,3,0,0,2,2,0,0.12187554402708092,True
1,0,3,0,4,1,1,1,0,0,2,0.23050191674990586,True
1,0,3,0,5,0,1,0,1,0,2,0.025215972222222292,True
1,1,1,2,1,3,1,0,2,0,1,0.9181101118593372,False
1,1,0,3,4,0,0,3,1,0,0,0.07090185458865975,True
1,2,0,2,1,3,1,0,0,2,1,0.9179741902128323,False
1,1,2,1,2,2,0,1,0,0,3,0.8969114620879424,False
1,1,2,2,0,3,0,0,1,1,2,0.8988103730967942,False
1,4,1,0,3,0,0,0,2,0,2,0.04809613574483874,True
1,1,2,2,1,2,0,1,3,0,0,0.9540588027480856,False
1,1,3,1,1,2,0,1,0,0,3,0.8967213223021563,False
1,4,1,1,0,2,1,1,1,0,1,0.9397200501759435,False
1,1,4,1,2,0,1,0,0,3,0,0.06678888888888888,True
1,1,1,1,3,2,0,0,1,1,2,0.9175248738580515,False
1,4,1,1,1,1,0,1,1,0,2,0.93961488809874,False
1,0,1,3,4,0,0,2,0,0,2,0.031078098734751244,True
1,1,0,1,2,4,1,2,0,1,0,0.05862439909882245,True
1,2,0,0,6,0,2,0,1,0,1,0.045201980390384706,True
1,0,1,4,2,1,1,0,1,1,1,0.9577266672523329,False
1,4,1,0,1,2,0,1,2,1,0,0.4109437737423741,True
1,3,1,1,3,0,0,0,2,1,1,0.062052283062933755,True
1,1,2,5,0,0,1,0,2,0,1,0.6425923922586082,False
1,2,1,1,4,0,0,1,2,0,1,0.0526526709373433,True
1,0,6,2,0,0,0,0,1,2,1,0.05438878848783077,True
1,0,0,0,2,6,2,0,0,2,0,0.3123448698452068,True
1,0,4,2,1,1,0,2,0,1,1,0.27696372692919674,True
1,3,0,5,0,0,0,1,1,2,0,0.6552626664205562,False
1,2,0,1,3,2,0,1,1,1,1,0.9373522186394512,False
1,1,3,0,0,4,0,0,2,2,0,0.1018755442426013,True
1,0,1,3,0,4,2,0,0,0,2,0.8779723763943539,False
1,2,1,2,0,3,1,3,0,0,0,0.13947357767197813,True
1,1,1,0,5,1,1,3,0,0,0,0.07532201085252135,True
1,8,0,0,0,0,2,1,0,0,1,0.9795320728746234,False
1,1,0,5,1,1,0,0,0,0,4,0.8962530433227531,False
1,0,0,2,2,4,3,1,0,0,0,0.9132408692341641,False
1,0,2,3,3,0,1,1,0,2,0,0.06782216638215159,True
1,6,1,0,0,1,0,0,0,1,3,0.9190474373990605,False
1,4,3,0,0,1,1,0,1,2,0,0.1618755442426012,True
1,3,0,4,0,1,3,0,1,0,0,0.976390843672247,False
1,0,2,2,3,1,0,0,0,2,2,0.9320324989705622,False
1,2,2,3,0,1,0,0,0,0,4,0.8984622096257483,False
1,2,1,1,1,3,0,3,0,0,1,0.916524785386355,False
1,0,3,1,0,4,1,0,3,0,0,0.918859801063851,False
1,0,6,1,1,0,0,1,0,1,2,0.03165619961600007,True
1,0,1,0,7,0,1,1,1,1,0,0.06,True
1,1,3,1,2,1,1,0,1,0,2,0.9393361296066531,False
1,0,2,0,4,2,0,0,1,3,0,0.04618122420518995,True
1,3,4,0,0,1,0,0,1,0,3,0.9191602903174841,False
1,0,5,2,0,1,1,0,0,2,1,0.9523019051699191,False
1,1,2,0,4,1,3,0,0,1,0,0.1418601258954898,True
1,2,0,3,2,1,3,0,1,0,0,0.977795634407057,False
1,1,0,0,7,0,2,0,0,0,2,0.021376930194130547,True
1,4,2,1,1,0,0,1,0,2,1,0.07193980401976521,True
1,1,0,1,2,4,2,1,0,1,0,0.370157772313126,True
1,1,0,2,3,2,0,1,3,0,0,0.9558758272002208,False
1,0,2,0,3,3,1,2,0,0,1,0.9124798221263236,False
1,0,0,1,0,7,0,2,1,1,0,0.5177857176405429,False
1,0,3,0,5,0,0,1,0,1,2,0.025248019591836802,True
1,0,2,6,0,0,0,0,0,2,2,0.11078245326929585,True
1,2,0,2,3,1,2,2,0,0,0,0.17771903437923572,True
1,0,2,0,5,1,0,1,0,0,3,0.2105019167499003,True
1,1,0,3,1,3,0,0,0,4,0,0.04889405398791519,True
1,1,0,4,1,2,0,3,0,1,0,0.08229397352245417,True
1,3,1,0,4,0,3,1,0,0,0,0.0720072844003771,True
1,2,1,1,0,4,0,0,1,1,2,0.8790622146536409,False
1,2,0,3,1,2,0,0,1,1,2,0.9176471225134957,False
1,2,2,0,4,0,0,0,3,1,0,0.06772980415104694,True
1,2,2,0,0,4,0,0,0,2,2,0.8769291925334628,False
1,0,0,3,0,5,0,0,4,0,0,0.8942427135092477,False
1,1,1,1,5,0,2,0,0,1,1,0.0470041159073441,True
1,1,0,4,3,0,0,1,0,0,3,0.03814144860379781,True
1,1,5,2,0,0,0,3,0,1,0,0.07059136995726366,True
1,1,2,2,2,1,0,1,1,0,2,0.939278861813652,False
1,0,2,4,2,0,0,0,0,1,3,0.025793892183817075,True
1,0,5,3,0,0,1,2,1,0,0,0.07569095309340246,True
1,2,2,0,4,0,0,0,3,0,1,0.050901854588659784,True
1,2,2,1,0,3,3,0,0,1,0,0.9306088084430544,False
1,0,4,1,3,0,0,1,0,2,1,0.049444105736073045,True
1,1,1,2,0,4,0,0,3,1,0,0.9132882564718074,False
1,1,3,2,2,0,0,1,0,0,3,0.018085923361899667,True
1,0,4,4,0,0,0,0,4,0,0,0.09833139085519024,True
1,3,1,2,2,0,0,0,3,1,0,0.09592476557341177,True
1,1,3,0,4,0,0,2,0,0,2,0.027593187033284016,True
1,2,0,5,1,0,0,2,0,0,2,0.9434772847483375,False
1,3,1,1,3,0,0,3,1,0,0,0.07316005389067184,True
1,4,0,0,0,4,3,0,0,1,0,0.913123372022775,False
1,0,2,4,0,2,1,1,0,0,2,0.9182856365343204,False
1,2,4,0,1,1,1,2,0,1,0,0.07784640081371584,True
1,0,5,1,2,0,0,1,1,1,1,0.05060111975600003,True
1,0,0,2,3,3,2,1,1,0,0,0.9354137080489355,False
1,5,0,1,2,0,0,2,0,1,1,0.08983591698472432,True
1,2,3,0,3,0,2,1,0,0,1,0.051813438068295664,True
1,1,0,0,4,3,0,2,2,0,0,0.08611236225466908,True
1,0,0,0,1,7,0,0,0,1,3,0.7989307287695757,False
1,2,2,2,0,2,0,0,2,2,0,0.3923448698452066,True
1,5,0,1,0,2,0,0,4,0,0,0.9574264579157725,False
1,4,0,0,2,2,2,1,1,0,0,0.9521738865668082,False
1,0,1,5,1,1,0,0,2,2,0,0.41234486984520663,True
1,3,1,2,0,2,3,0,0,0,1,0.9389570148798239,False
1,0,0,5,3,0,0,0,3,0,1,0.09989855995460704,True
1,5,0,0,3,0,0,3,0,1,0,0.07288982329508562,True
1,2,1,3,1,1,0,2,1,1,0,0.12008204349262239,True
1,1,2,0,4,1,1,0,0,2,1,0.24433495111393674,True
1,0,4,1,0,3,2,0,1,1,0,0.9195548668395988,False
1,0,0,3,1,4,0,0,3,0,1,0.8962530433227529,False
1,3,3,0,1,1,0,1,2,0,1,0.9586560896311908,False
1,4,1,2,0,1,0,0,1,0,3,0.918323670933961,False
1,4,0,2,2,0,1,0,0,2,1,0.11132782919784494,True
1,1,0,2,4,1,1,0,1,1,1,0.9571402762796934,False
1,1,1,2,4,0,0,0,4,0,0,0.07496332795497822,True
1,0,1,0,3,4,0,0,1,0,3,0.8587549767368182,False
1,0,0,0,4,4,0,1,0,2,1,0.8879297020743232,False
1,2,2,1,0,3,0,1,1,2,0,0.07472264308645628,True
1,1,0,0,3,4,1,1,0,0,2,0.8783868969383828,False
1,4,3,0,1,0,2,0,0,1,1,0.06899819532430074,True
1,6,2,0,0,0,0,4,0,0,0,0.08501711061255357,True
1,4,1,3,0,0,0,0,2,2,0,0.31024279667144317,False
1,1,0,3,4,0,1,0,2,1,0,0.07430488028326096,True
1,0,2,1,5,0,0,0,4,0,0,0.06643733769755213,True
1,1,1,0,4,2,1,2,0,0,1,0.9319364038583686,False
1,7,0,1,0,0,2,0,1,0,1,0.9788575746566767,False
1,0,4,2,0,2,1,1,1,1,0,0.10329482651663578,True
1,2,3,1,0,2,2,1,0,0,1,0.9391602903174839,False
1,3,2,1,0,2,1,2,1,0,0,0.41618765215721376,True
1,2,1,4,1,0,0,1,1,2,0,0.09090414465983973,True
1,0,1,1,4,2,0,1,0,1,2,0.9102813123270762,False
1,2,3,2,0,1,0,0,1,2,1,0.9585216273228145,False
1,6,0,0,2,0,0,1,1,1,1,0.11217550737042932,True
1,0,1,1,0,6,1,2,1,0,0,0.8605407461091769,False
1,5,0,1,2,0,2,1,0,0,1,0.181362289110613,True
1,3,2,1,1,1,2,0,0,1,1,0.9588836677372884,False
1,0,2,1,4,1,1,1,1,0,1,0.9521651791349091,False
1,3,1,1,3,0,1,1,0,0,2,0.042316418110970186,True
1,2,1,0,0,5,0,0,0,3,1,0.8754980830324746,False
1,4,1,0,1,2,0,1,0,1,2,0.9170514941889265,False
1,1,2,4,0,1,2,1,0,1,0,0.4369776344607144,True
1,0,1,1,4,2,1,2,0,1,0,0.05814929062194354,True
1,1,1,4,2,0,0,0,1,0,3,0.06760056426778137,True
1,0,0,4,2,2,0,3,1,0,0,0.10463725837649285,True
1,2,2,0,1,3,1,0,1,1,1,0.9180760920137174,False
1,0,0,0,6,2,3,0,1,0,0,0.9541077877055127,False
1,3,1,0,2,2,0,2,1,0,1,0.9364366443745374,False
1,6,2,0,0,0,1,0,2,1,0,0.17466278175759714,True
1,1,4,0,0,3,3,0,0,1,0,0.9195244504971841,False
1,2,3,0,3,0,0,0,3,0,1,0.05316005389067188,True
1,1,1,3,2,1,0,3,0,0,1,0.9595037274962971,False
1,1,2,3,2,0,1,0,3,0,0,0.0921891176488969,True
1,2,2,1,0,3,1,1,1,1,0,0.3917179735433484,True
1,0,1,5,1,1,0,0,1,1,2,0.9367180624386391,False
1,0,0,0,5,3,0,1,1,1,1,0.9085581726741072,False
1,1,3,1,3,0,2,0,2,0,0,0.07316005389067184,True
1,4,0,2,2,0,2,1,1,0,0,0.16676443854343143,True
1,4,1,1,1,1,0,1,1,2,0,0.11472264300779832,True
1,0,0,5,3,0,2,1,0,1,0,0.08111600667880511,True
1,0,8,0,0,0,0,2,2,0,0,0.06995555555555556,True
1,1,0,0,4,3,1,0,0,0,3,0.8776604372727623,False
1,0,0,3,1,4,2,2,0,0,0,0.8976496960373215,False
1,0,3,0,5,0,1,1,1,0,1,0.045350368033628755,True
1,1,1,0,5,1,0,2,2,0,0,0.0929455579740884,True
1,0,0,6,1,1,2,0,1,0,1,0.9503629430327376,False
1,1,1,5,1,0,2,0,0,2,0,0.10769508483620992,True
1,0,1,0,0,7,2,1,1,0,0,0.852917912941578,False
1,1,1,6,0,0,1,0,1,1,1,0.9777149717503464,False
1,0,1,2,0,5,2,1,1,0,0,0.8965897105864512,False
1,3,0,2,1,2,0,0,0,2,2,0.9179741902128326,False
1,0,1,0,7,0,1,2,0,0,1,0.04113263888888892,True
1,1,1,1,3,2,0,0,0,4,0,0.04281411693049464,True
1,2,0,0,0,6,0,0,0,0,4,0.8000154052550138,False
1,3,4,0,1,0,0,0,2,2,0,0.07316434554840524,True
1,3,2,0,0,3,1,0,0,3,0,0.06699089777755997,True
1,4,2,2,0,0,3,0,0,0,1,0.6375498086671357,False
1,2,0,0,2,4,0,2,0,1,1,0.8972756963883016,False
1,2,2,0,1,3,2,0,1,0,1,0.9195500545477631,False
1,6,1,0,0,1,1,0,2,1,0,0.9731043869713493,False
1,1,0,3,0,4,0,0,1,1,2,0.87719150960038,False
1,3,3,1,0,1,0,2,1,0,1,0.9587028976859411,False
1,4,0,1,2,1,2,0,1,0,1,0.9590730946373589,False
1,1,0,0,4,3,2,0,2,0,0,0.9383228944604566,False
1,2,5,0,1,0,1,1,0,1,1,0.05367088572762693,True
1,2,5,0,1,0,2,0,0,2,0,0.07020693608993976,True
1,0,1,1,5,1,0,0,3,0,1,0.9577505916537882,False
1,3,0,4,1,0,0,2,1,0,1,0.9629253840720513,False
1,0,0,0,1,7,1,0,2,1,0,0.8514568353760733,False
1,1,0,2,1,4,1,0,0,2,1,0.8979741902128321,False
1,1,5,2,0,0,3,0,0,1,0,0.07834091949567286,True
1,1,0,4,0,3,0,0,3,1,0,0.9326133827304147,False
1,0,0,2,6,0,0,1,1,2,0,0.060330555555555554,True
1,1,3,0,2,2,0,1,0,2,1,0.22018601043268016,True
1,3,3,2,0,0,1,2,0,1,0,0.08298455786847335,True
1,0,1,1,1,5,0,3,0,1,0,0.005478249243918538,True
1,2,0,6,0,0,0,2,0,0,2,0.9558632277916829,False
1,0,2,2,2,2,0,1,0,0,3,0.899336129606653,False
1,5,2,0,0,1,1,1,2,0,0,0.9728109246357428,False
1,0,3,0,1,4,2,0,1,0,1,0.8990908809831051,False
1,3,4,0,1,0,0,1,3,0,0,0.07828577349871844,True
1,2,5,0,1,0,1,0,2,1,0,0.07293599995634181,True
1,0,1,1,2,4,1,2,1,0,0,0.11670591560298453,True
1,0,0,2,6,0,0,1,0,0,3,0.004397335112652046,True
1,3,1,1,0,3,2,0,0,2,0,0.9149426472625443,False
1,1,2,0,5,0,2,2,0,0,0,0.06521597222222222,True
1,0,1,3,2,2,2,1,1,0,0,0.9527634067874919,False
1,0,0,0,2,6,3,0,1,0,0,0.8793190442881939,False
1,3,0,1,1,3,0,0,1,1,2,0.8987463885751783,False
1,1,6,1,0,0,2,0,0,0,2,0.03615361949688721,True
1,4,0,0,4,0,2,1,0,0,1,0.05803531060205055,True
1,5,1,1,0,1,3,0,0,0,1,0.9596966426956894,False
1,3,1,2,0,2,0,1,2,0,1,0.9384622096257484,False
1,2,3,1,1,1,0,1,2,0,1,0.9596500123300069,False
1,3,0,0,5,0,0,1,0,1,2,0.02782101900613847,True
1,0,1,1,0,6,1,1,1,1,0,0.860358743852419,False
1,2,2,0,2,2,1,0,1,2,0,0.09484844386602691,True
1,1,3,1,3,0,1,1,1,1,0,0.06838525838522644,True
1,1,1,2,0,4,0,3,0,0,1,0.8996151071742136,False
1,0,4,2,1,1,1,1,2,0,0,0.27647639441996125,True
1,7,1,0,0,0,1,0,2,1,0,0.9228041329914171,False
1,0,5,1,1,1,2,0,0,2,0,0.08346357336956312,True
1,3,2,2,0,1,0,1,0,2,1,0.9584270197520158,False
1,0,1,3,4,0,1,2,0,1,0,0.06714858061704114,True
1,2,0,4,1,1,3,0,0,0,1,0.9574595912506191,False
1,0,5,2,1,0,1,0,1,1,1,0.054852394570974405,True
1,2,4,2,0,0,0,2,0,2,0,0.07332018592595509,True
1,0,2,3,3,0,0,2,0,1,1,0.052208075368235185,True
1,2,1,1,0,4,1,0,0,2,1,0.898544476057673,False
1,2,3,0,2,1,1,0,3,0,0,0.9793219894762084,False
1,5,1,0,1,1,0,1,0,1,2,0.9370514941889266,False
1,2,4,1,1,0,0,1,2,0,1,0.060145679033943945,True
1,1,3,1,2,1,4,0,0,0,0,0.9785878088070854,False
1,2,3,1,2,0,1,0,1,2,0,0.07136759283445235,True
1,2,4,1,1,0,0,0,4,0,0,0.0829554317320803,True
1,3,0,5,0,0,1,1,0,0,2,0.9559476572295968,False
1,2,0,0,2,4,2,1,0,0,1,0.8983757995521603,False
1,2,0,2,0,4,1,2,1,0,0,0.9055390404500843,False
1,2,2,2,2,0,3,1,0,0,0,0.08363034315581057,True
1,0,5,0,1,2,1,3,0,0,0,0.055322010852521385,True
1,3,2,2,1,0,0,0,0,1,3,0.04975403388380376,True
1,1,4,0,2,1,0,0,3,1,0,0.14440491018642113,True
1,0,0,1,3,4,1,1,1,0,1,0.8988798242282452,False
1,0,1,4,3,0,0,0,1,1,2,0.042052283062933786,True
1,2,2,2,0,2,0,0,1,2,1,0.9384310453804462,False
1,0,2,3,3,0,0,4,0,0,0,0.0686766985028476,True
1,3,0,3,0,2,0,1,1,1,1,0.9379835200151339,False
1,0,5,0,1,2,0,3,0,1,0,0.04727979534419883,True
1,0,1,4,3,0,0,0,1,2,1,0.058295119572974854,True
1,2,3,1,0,2,1,0,0,2,1,0.9370018280754723,False
1,0,2,4,1,1,4,0,0,0,0,0.9779592941398291,False
1,0,0,1,7,0,1,1,0,0,2,0.021204191735940577,True
1,3,3,0,1,1,2,0,0,2,0,0.11484844387146678,True
1,0,1,0,7,0,0,2,1,0,1,0.04113263888888892,True
1,3,0,2,0,3,1,1,1,1,0,0.9250843324251101,False
1,0,3,2,1,2,3,0,0,0,1,0.9395310277863398,False
1,3,1,2,2,0,1,0,0,1,2,0.06417404659355191,True
1,2,3,1,1,1,0,0,1,1,2,0.9390614583904849,False
1,5,1,1,1,0,1,1,1,0,1,0.1965307920470541,True
1,1,0,6,0,1,1,2,1,0,0,0.9696743960701993,False
1,6,2,0,0,0,1,0,1,1,1,0.1941274385176662,True
1,8,0,0,0,0,0,0,1,1,2,0.959272912756965,False
1,0,0,0,6,2,0,3,0,1,0,0.04727979534419883,True
1,0,2,4,0,2,2,0,0,1,1,0.9379095399790078,False
1,3,5,0,0,0,0,2,1,0,1,0.0581419906709537,True
1,5,0,1,2,0,1,1,0,2,0,0.08656966703413077,True
1,3,0,3,2,0,4,0,0,0,0,0.6484658076495367,False
1,3,0,1,3,1,0,2,0,0,2,0.9380867651324541,False
1,3,1,1,2,1,0,1,3,0,0,0.9710091247788067,False
1,0,5,1,1,1,2,0,0,2,0,0.08346357336956312,True
1,0,2,1,2,3,0,0,2,0,2,0.8991691785330516,False
1,0,2,2,1,3,0,1,2,0,1,0.9190612933263237,False
1,3,0,1,1,3,3,0,0,0,1,0.9194271154491626,False
1,0,1,2,1,4,1,1,1,0,1,0.8991867576709005,False
1,0,0,2,3,3,1,3,0,0,0,0.05949208414216283,True
1,0,4,3,0,1,0,3,1,0,0,0.08983383112177253,True
1,0,1,3,0,4,0,1,1,1,1,0.8984003480318445,False
1,2,0,2,1,3,0,3,0,1,0,0.06157188447983983,True
1,0,0,0,2,6,1,0,2,0,1,0.8591856237024211,False
1,1,2,1,3,1,0,1,1,0,2,0.9379796667142911,False
1,0,0,2,3,3,0,1,1,0,2,0.898884027525694,False
1,5,1,2,0,0,1,0,1,2,0,0.31024279667144317,False
1,2,0,3,2,1,0,0,1,1,2,0.9379359627145724,False
1,3,1,1,1,2,1,0,0,3,0,0.08699089775824184,True
1,1,3,0,1,3,1,1,0,0,2,0.8959628114552128,False
1,0,0,5,2,1,1,0,1,1,1,0.9567180624386392,False
1,1,4,1,0,2,0,2,1,0,1,0.9366221192520885,False
1,6,2,0,0,0,0,1,2,1,0,0.11424863372915822,True
1,1,4,0,1,2,0,0,1,3,0,0.05037910405403038,True
1,3,1,3,0,1,2,2,0,0,0,0.9576301167193763,False
1,0,2,0,0,6,1,2,1,0,0,0.3295402362070858,True
1,1,5,1,0,1,3,1,0,0,0,0.2593668998090245,True
1,1,1,0,5,1,0,0,2,2,0,0.083463573368998,True
1,1,0,1,5,1,0,2,1,0,1,0.9511540728808016,False
1,4,2,0,2,0,0,2,0,2,0,0.07043362298741696,True
1,2,2,1,0,3,1,0,2,0,1,0.9190423712936562,False
1,1,0,0,4,3,1,1,0,1,1,0.9137953099503145,False
1,0,5,1,1,1,0,2,0,2,0,0.06485623349898831,True
1,6,1,0,0,1,3,0,1,0,0,0.9798754159158712,False
1,1,2,2,3,0,0,0,0,1,3,0.015365683515618114,True
1,0,1,1,5,1,1,0,3,0,0,0.9777505916537881,False
1,1,1,6,0,0,0,2,2,0,0,0.32101140320762583,False
1,5,0,0,3,0,0,3,0,0,1,0.0632297804950788,True
1,7,0,0,0,1,0,0,1,0,3,0.9196692766678238,False
1,2,3,0,0,3,1,0,1,2,0,0.12187554424260126,True
1,1,0,5,0,2,0,0,4,0,0,0.9385834862192107,False
1,1,0,5,2,0,0,3,0,1,0,0.08166716825045399,True
1,1,5,0,1,1,1,0,0,1,2,0.9257943828561891,False
1,0,0,1,3,4,3,0,0,1,0,0.9044122440866038,False
1,3,3,2,0,0,1,1,0,2,0,0.08228681307140359,True
1,1,3,3,1,0,3,0,0,0,1,0.07556987158717407,True
1,1,1,6,0,0,2,1,0,1,0,0.3156296659295366,False
1,0,0,2,5,1,1,0,0,2,1,0.950955060582862,False
1,4,4,0,0,0,0,1,3,0,0,0.08609539009897302,True
1,0,8,0,0,0,3,0,0,0,1,0.049955555555555586,True
1,0,0,7,0,1,0,0,3,0,1,0.8316114760361646,False
1,0,2,0,4,2,3,1,0,0,0,0.12870352115497627,True
1,1,4,2,1,0,0,0,0,0,4,0.0029494447033637334,True
1,2,1,1,1,3,0,0,1,3,0,0.06699089775824187,True
1,0,2,5,1,0,0,2,0,2,0,0.07595677867531697,True
1,4,1,0,2,1,1,3,0,0,0,0.09693175442129247,True
1,4,0,0,2,2,0,0,3,1,0,0.9489202071710205,False
1,0,2,4,2,0,3,1,0,0,0,0.08363034315581057,True
1,3,5,0,0,0,2,0,0,0,2,0.041955819093703786,True
1,2,1,4,0,1,0,0,2,0,2,0.9355573226999246,False
1,3,0,2,2,1,0,1,1,0,2,0.9389973614443015,False
1,0,0,1,3,4,2,0,1,0,1,0.8988990292878754,False
1,2,5,1,0,0,1,0,2,0,1,0.06311329214401748,True
1,0,0,2,2,4,0,0,2,2,0,0.3523448698452067,True
1,0,0,5,2,1,0,0,1,1,2,0.9367180624386391,False
1,0,2,1,3,2,0,3,0,1,0,0.048149137546537886,True
1,2,0,0,0,6,0,0,2,0,2,0.839162087827913,False
1,2,0,1,2,3,0,2,1,1,0,0.0789938461042836,True
1,5,0,1,2,0,0,3,1,0,0,0.09218911764889688,True
1,1,1,1,0,5,1,1,1,1,0,0.8803587438524189,False
1,1,2,0,1,4,1,2,0,0,1,0.8952831240467052,False
1,1,1,3,2,1,1,0,1,1,1,0.9581974317697488,False
1,0,0,0,8,0,1,1,1,1,0,0.060000000000000005,True
1,2,2,2,1,1,0,1,0,0,3,0.9196338264053393,False
1,1,4,2,1,0,0,0,0,0,4,0.0029494447033637334,True
1,2,1,3,0,2,0,0,1,3,0,0.14332058816520798,True
1,3,0,4,0,1,0,0,1,0,3,0.9163908436722468,False
1,2,3,3,0,0,0,0,2,0,2,0.09580310776751917,True
1,1,0,2,3,2,2,2,0,0,0,0.15771903437923576,True
1,0,1,1,1,5,1,0,0,2,1,0.8777685994340794,False
1,3,1,3,0,1,1,0,0,3,0,0.16332058816520797,True
1,2,0,5,0,1,0,0,2,2,0,0.9591739874620089,False
1,0,4,4,0,0,2,0,0,1,1,0.070550681742071,True
1,1,0,5,0,2,1,1,2,0,0,0.9589745974491352,False
1,3,3,2,0,0,0,0,0,3,1,0.07356290398174357,True
1,1,2,2,2,1,0,1,1,1,1,0.9583312799305554,False
1,1,4,2,1,0,0,2,1,0,1,0.05810859779326645,True
1,0,1,3,3,1,1,1,2,0,0,0.9651240566421092,False
1,3,2,0,2,1,4,0,0,0,0,0.9780270407017401,False
1,0,5,1,2,0,0,1,0,3,0,0.0667888888888889,True
1,0,5,2,0,1,1,1,0,2,0,0.07492315281754715,True
1,7,0,0,0,1,0,0,0,1,3,0.9194289626110727,False
1,1,6,1,0,0,0,1,0,3,0,0.06899722222222222,True
1,0,1,2,3,2,0,0,1,0,3,0.8988248137841887,False
1,0,0,0,2,6,1,1,2,0,0,0.872570020478573,False
1,1,5,0,0,2,0,0,2,1,1,0.9365186039310163,False
1,0,6,0,1,1,0,2,0,1,1,0.097472654938554,True
1,3,0,2,3,0,1,0,3,0,0,0.11989855995460699,True
1,0,2,6,0,0,1,2,0,1,0,0.09643079138788285,True
1,5,0,0,3,0,3,0,0,0,1,0.09989855995460704,True
1,0,1,4,1,2,0,1,1,1,1,0.9380089377276737,False
1,0,2,2,0,4,0,2,1,0,1,0.8997576925149633,False
1,2,1,0,2,3,0,3,0,1,0,0.036896691051757274,True
1,0,2,3,0,3,0,0,4,0,0,0.9351624462722771,False
1,0,2,1,4,1,0,0,1,1,2,0.9321392036916568,False
1,4,0,2,1,1,2,0,1,1,0,0.9717516581068117,False
1,2,1,3,2,0,0,0,2,0,2,0.08760056426778133,True
1,0,5,0,3,0,0,0,1,3,0,0.06521597222222222,True
1,0,3,4,1,0,0,0,3,0,1,0.0755840847446383,True
1,0,2,3,2,1,2,1,0,1,0,0.12353627867521508,True
1,6,1,0,1,0,1,0,2,0,1,0.6380671691732025,False
1,1,0,2,2,3,0,1,0,1,2,0.8984340491493056,False
1,2,2,2,0,2,0,2,2,0,0,0.42220040124338143,True
1,0,1,0,6,1,1,0,0,1,2,0.22887293462931788,True
1,2,1,0,4,1,0,0,1,3,0,0.07037910405395621,True
1,5,0,0,0,3,0,1,3,0,0,0.9363232061548479,False
1,0,7,0,1,0,2,1,0,1,0,0.06924374999999999,True
1,1,2,0,1,4,1,0,2,0,1,0.8996148880987398,False
1,2,1,0,2,3,1,0,1,0,2,0.899336777643411,False
1,2,3,1,2,0,0,1,1,0,2,0.03808592336189963,True
1,2,0,0,4,2,1,1,0,1,1,0.9337953099503145,False
1,3,2,2,1,0,1,0,1,1,1,0.0897540338838037,True
1,7,0,0,0,1,1,3,0,0,0,0.6348359826973825,False
1,0,2,0,5,1,0,0,0,0,4,0.8906306133954052,False
1,0,6,2,0,0,0,3,0,0,1,0.053641322028083076,True
1,3,1,3,0,1,0,2,1,0,1,0.9588598010638514,False
1,2,4,2,0,0,2,0,0,0,2,0.05546389119044527,True
1,0,4,2,2,0,1,1,0,1,1,0.05236397553332493,True
1,0,1,3,2,2,1,0,2,0,1,0.9377414696275191,False
1,4,1,3,0,0,2,1,0,0,1,0.9692638865043876,False
1,1,2,1,1,3,2,0,0,2,0,0.12187554402708092,True
1,1,0,2,3,2,1,0,1,0,2,0.9186695579589483,False
1,1,2,5,0,0,0,0,3,1,0,0.17712906597600134,True
1,0,2,1,1,4,0,0,2,1,1,0.8988575461693911,False
1,4,0,1,0,3,1,0,0,0,3,0.879433825408039,False
1,4,0,4,0,0,0,1,0,2,1,0.9778104409369112,False
1,4,3,0,0,1,3,1,0,0,0,0.9629697050625079,False
1,0,2,3,1,2,0,3,1,0,0,0.08148552465619063,True
1,3,0,1,0,4,0,0,2,0,2,0.8781626615930597,False
1,3,0,0,3,2,0,0,2,0,2,0.9189153087862034,False
1,4,3,0,0,1,0,0,0,2,2,0.9349962348472356,False
1,4,0,2,0,2,2,2,0,0,0,0.944431763914208,False
1,2,1,1,4,0,0,0,0,3,1,0.049399023730603835,True
1,3,3,0,1,1,1,2,0,0,1,0.951923930387218,False
1,3,1,0,3,1,0,2,0,2,0,0.06967951550136865,True
1,5,0,1,0,2,0,0,0,4,0,0.11997463294020423,True
1,1,6,0,1,0,0,3,1,0,0,0.06963263888888889,True
1,1,5,1,0,1,4,0,0,0,0,0.978702897685941,False
1,1,2,2,1,2,0,1,1,0,2,0.919400446921011,False
1,1,0,3,1,3,1,1,2,0,0,0.9393454956032193,False
1,0,3,0,5,0,1,0,0,2,1,0.04510034601658955,True
1,0,1,3,2,2,2,0,1,1,0,0.9485472807327746,False
1,1,3,1,1,2,3,0,0,0,1,0.9394963809514555,False
1,0,1,0,1,6,1,1,2,0,0,0.872735388500981,False
1,1,0,3,0,4,2,2,0,0,0,0.9007588986273739,False
1,0,0,0,5,3,0,2,2,0,0,0.0646906691661809,True
1,4,0,2,0,2,0,1,1,2,0,0.6152626664205563,False
1,3,0,4,0,1,3,0,0,0,1,0.9571741968973179,False
1,0,1,4,0,3,2,0,0,2,0,0.9138282894663539,False
1,0,2,0,0,6,0,1,2,0,1,0.8600032425263942,False
1,2,0,0,4,2,0,1,0,3,0,0.046412742491671974,True
1,3,0,1,1,3,2,1,0,0,1,0.9196859018012155,False
1,6,0,0,0,2,1,1,0,0,2,0.919532072874623,False
1,0,0,2,3,3,0,2,1,0,1,0.9188960479197699,False
1,3,0,5,0,0,2,1,0,1,0,0.9852075201525807,False
1,0,3,1,3,1,0,0,1,3,0,0.06618122420518992,True
1,0,4,1,0,3,1,1,0,2,0,0.04201881502817154,True
1,0,3,1,4,0,0,0,1,0,3,0.008458132239465585,True
1,2,2,1,3,0,0,2,0,1,1,0.052208075368235185,True
1,1,4,0,0,3,1,1,0,1,1,0.9118495348716946,False
1,1,0,6,0,1,2,0,2,0,0,0.9647231928277392,False
1,5,0,3,0,0,2,0,1,0,1,0.9765015114899205,False
1,4,2,0,1,1,0,0,1,0,3,0.9195500545477633,False
1,0,0,2,3,3,1,0,1,2,0,0.12187554401591658,True
1,0,1,0,7,0,3,0,0,1,0,0.06,True
1,2,1,2,0,3,1,0,0,0,3,0.8789570148798235,False
1,4,0,0,2,2,0,3,1,0,0,0.0986189542532834,True
1,2,0,1,4,1,4,0,0,0,0,0.9781962155485119,False
1,2,0,0,6,0,0,1,2,0,1,0.04439733511265198,True
1,1,0,4,1,2,1,1,1,0,1,0.9375009144889032,False
1,1,0,3,1,3,0,0,2,0,2,0.8971790650583784,False
1,1,3,4,0,0,0,3,0,1,0,0.07863186572160728,True
1,1,0,4,1,2,0,2,1,0,1,0.9379592941398293,False
1,1,3,4,0,0,1,2,0,0,1,0.08142716293927368,True
1,1,0,2,0,5,1,0,3,0,0,0.8971741968973171,False
1,1,2,5,0,0,2,1,0,0,1,0.2028070418905981,True
1,4,2,1,1,0,0,0,0,0,4,0.05381786141533325,True
1,1,3,1,1,2,0,1,0,2,1,0.9266043364400142,False
1,1,1,4,2,0,0,1,1,2,0,0.07712114468004458,True
1,0,3,1,2,2,0,0,2,0,2,0.9192788618136518,False
1,1,3,3,1,0,1,0,0,0,3,0.03556987158717413,True
1,0,2,6,0,0,0,1,1,0,2,0.18591929436236806,True
1,0,2,2,1,3,0,1,1,1,1,0.9189344745977827,False
1,1,0,2,5,0,0,1,0,0,3,0.009361438855607732,True
1,2,2,0,4,0,0,2,1,1,0,0.065775,True
1,1,1,1,4,1,1,0,2,0,1,0.9584351106553965,False
1,2,6,0,0,0,0,0,4,0,0,0.07683338477525813,True
1,1,2,3,2,0,2,1,0,0,1,0.06602771344242665,True
1,1,2,3,1,1,0,2,0,1,1,0.9592012412241693,False
1,2,0,2,4,0,0,1,1,1,1,0.054530360756177544,True
1,2,1,4,0,1,1,2,0,1,0,0.18028115511809562,True
1,0,0,1,2,5,0,3,0,0,1,0.8764366443745372,False
1,0,0,2,5,1,0,1,0,1,2,0.9318483313394464,False
1,2,0,1,1,4,0,1,1,1,1,0.8989315208455715,False
1,0,1,3,2,2,3,0,0,0,1,0.9386580861083748,False
1,0,0,2,3,3,0,1,0,3,0,0.031216094061869225,True
1,0,0,3,4,1,0,1,1,2,0,0.08201878492417174,True
1,0,4,0,2,2,0,1,2,1,0,0.06848444872042109,True
1,1,3,4,0,0,1,2,0,0,1,0.08142716293927368,True
1,2,0,3,3,0,0,0,0,2,2,0.04792511764420444,True
1,4,1,3,0,0,1,0,0,1,2,0.9491464644936274,False
1,6,0,1,1,0,0,0,2,1,1,0.9633710555789626,False
1,0,3,0,1,4,2,0,0,2,0,0.054848443871466875,True
1,2,0,5,0,1,2,0,2,0,0,0.9718603710805119,False
1,4,1,1,0,2,2,1,0,0,1,0.9400068523255317,False
1,0,2,0,6,0,0,2,1,0,1,0.043330555555555594,True
1,4,0,0,0,4,1,2,0,1,0,0.5770436845515992,False
1,2,0,4,0,2,0,1,0,3,0,0.12676443854343147,True
1,3,2,0,1,2,0,1,2,1,0,0.1518884443264137,True
1,2,1,1,0,4,3,0,0,0,1,0.8996966426956887,False
1,0,4,1,0,3,0,1,1,2,0,0.04201881502817154,True
1,3,0,0,1,4,1,0,2,1,0,0.9114568353760731,False
1,5,1,0,2,0,2,0,1,0,1,0.10760056426778129,True
1,2,0,3,2,1,0,0,1,3,0,0.10699089775599184,True
1,0,3,1,2,2,1,1,1,0,1,0.9377310686550411,False
1,1,0,5,2,0,0,1,0,1,2,0.09217550737042936,True
1,0,1,1,2,4,0,0,0,2,2,0.8765068663804155,False
1,0,2,4,0,2,3,0,0,1,0,0.954108226431316,False
1,4,1,0,0,3,2,2,0,0,0,0.9162935463995977,False
1,2,3,0,1,2,1,2,1,0,0,0.10477662592648605,True
1,3,4,1,0,0,0,1,1,0,2,0.049300038330826856,True
1,2,0,5,0,1,0,0,3,0,1,0.9422112167653964,False
1,0,2,1,2,3,2,0,2,0,0,0.9391691785330518,False
1,5,0,0,1,2,0,0,0,4,0,0.06889405398791516,True
1,4,1,3,0,0,3,1,0,0,0,0.9235219161753947,False
1,1,3,1,2,1,0,1,0,0,3,0.9153582783569608,False
1,0,1,0,2,5,2,1,0,0,1,0.877422075920489,False
1,2,2,0,3,1,0,1,0,1,2,0.9317513741170387,False
1,5,0,0,1,2,4,0,0,0,0,0.9597393131941656,False
1,3,4,1,0,0,0,0,0,0,4,0.014811685717901183,True
1,4,4,0,0,0,2,0,0,0,2,0.054145897388846106,True
1,1,4,0,2,1,1,2,1,0,0,0.09206433273025644,True
1,1,0,3,3,1,0,0,1,0,3,0.918162366763474,False
1,2,3,2,1,0,3,0,1,0,0,0.09556829193529216,True
1,1,1,3,0,3,0,2,1,1,0,0.14004145974039822,True
1,6,0,0,0,2,2,1,0,0,1,0.939532072874623,False
1,3,1,4,0,0,1,1,1,0,1,0.9719614256942849,False
1,1,0,1,6,0,0,0,3,0,1,0.045201980390384706,True
1,1,1,2,3,1,0,1,0,2,1,0.9508371069305188,False
1,0,4,0,0,4,2,1,0,0,1,0.8960243834495512,False
1,3,1,0,2,2,0,2,1,1,0,0.07676475005309992,True
1,5,0,1,1,1,0,0,2,1,1,0.9584785228794445,False
1,0,5,0,0,3,4,0,0,0,0,0.9365770996457067,False
1,1,1,1,1,4,0,3,0,1,0,0.025478249243918505,True
1,0,2,2,2,2,0,0,0,0,4,0.8792537074993126,False
1,2,4,1,1,0,0,0,0,0,4,0.0029458518192664513,True
1,2,0,1,3,2,3,0,0,1,0,0.9444122440866037,False
1,0,1,2,0,5,3,0,0,1,0,0.893224819177783,False
1,0,0,0,3,5,1,1,1,0,1,0.878602553906875,False
1,2,2,0,1,3,0,2,0,1,1,0.9110969858078426,False
1,2,3,0,3,0,1,0,1,1,1,0.05168373089815092,True
1,1,1,1,1,4,1,1,0,1,1,0.8980760920137175,False
1,0,1,1,1,5,0,1,1,0,2,0.8596148880987394,False
1,1,1,2,4,0,0,3,0,1,0,0.06618310533548337,True
1,0,4,0,3,1,3,1,0,0,0,0.11712851536097567,True
1,1,1,2,2,2,1,1,0,1,1,0.938317988756239,False
1,2,1,0,0,5,1,0,0,0,3,0.8397824834558645,False
1,2,2,4,0,0,1,1,2,0,0,0.17873196879562456,True
1,3,0,3,2,0,0,2,0,1,1,0.08983591698472432,True
1,1,1,1,3,2,2,1,0,0,1,0.9383311939552885,False
1,0,2,1,3,2,1,1,0,2,0,0.05492312638675944,True
1,2,0,0,1,5,2,1,0,0,1,0.8790891759695092,False
1,0,3,5,0,0,1,0,1,0,2,0.09707077568064279,True
1,2,0,1,3,2,1,0,3,0,0,0.9585317850892362,False
1,3,1,1,1,2,1,1,2,0,0,0.9537920560523803,False
1,3,0,1,1,3,0,1,0,2,1,0.9176390524975179,False
1,4,0,3,0,1,0,1,0,0,3,0.9183236709339611,False
1,3,0,2,2,1,0,2,1,1,0,0.1195416921245014,True
1,1,1,6,0,0,0,1,1,1,1,0.9704466362253052,False
1,0,1,0,6,1,0,2,0,2,0,0.06472834938047235,True
1,1,3,2,1,1,1,2,0,0,1,0.9577895191990421,False
1,3,1,3,0,1,1,0,2,1,0,0.9732652963971933,False
1,3,2,1,1,1,0,0,1,1,2,0.9389452290567099,False
1,0,2,0,1,5,1,1,1,1,0,0.09109632708221416,True
1,7,1,0,0,0,0,0,0,0,4,0.9083182031290897,False
1,3,2,1,2,0,0,0,2,2,0,0.07525329447918506,True
1,3,4,0,0,1,0,1,0,3,0,0.06641274250893282,True
1,1,2,2,1,2,2,0,0,0,2,0.9193578820663945,False
1,0,1,0,0,7,0,0,1,3,0,0.04332058816520816,True
1,0,4,0,4,0,0,2,1,0,1,0.04740512274124468,True
1,1,0,3,3,1,0,0,2,1,1,0.9577849072737467,False
1,2,0,5,1,0,0,0,0,4,0,0.09044164342759478,True
1,3,0,0,1,4,1,1,1,1,0,0.8986549772211894,False
1,5,2,0,0,1,1,2,0,0,1,0.9574197769889562,False
1,2,1,0,1,4,3,0,0,1,0,0.9092295068544285,False
1,0,5,0,1,2,0,0,1,2,1,0.2329425167705173,True
1,6,0,1,1,0,0,1,2,0,1,0.9659058776352369,False
1,2,1,2,3,0,2,1,1,0,0,0.08059551394942113,True
1,1,1,4,1,1,0,0,0,1,3,0.917839066875381,False
1,0,2,4,0,2,3,0,0,1,0,0.954108226431316,False
1,0,5,0,1,2,0,1,3,0,0,0.13512271775371332,True
1,0,0,2,0,6,3,0,0,0,1,0.8585234692889144,False
1,1,3,4,0,0,0,2,1,1,0,0.08342471150156452,True
1,2,1,0,1,4,0,1,1,2,0,0.05472264300779841,True
1,2,2,2,2,0,0,0,0,4,0,0.06772980415104694,True
1,1,0,2,4,1,0,2,2,0,0,0.13036328655228036,True
1,2,2,0,1,3,0,0,0,0,4,0.8583726679515434,False
1,0,1,7,0,0,0,0,2,2,0,0.31024279667144317,False
1,0,4,2,2,0,1,2,0,0,1,0.052462535261185245,True
1,1,0,2,0,5,1,1,2,0,0,0.8989084857090862,False
1,1,1,0,6,0,0,2,0,0,2,0.023330555555555618,True
1,1,4,0,0,3,0,0,0,1,3,0.8758781159888099,False
1,3,0,1,2,2,0,0,1,3,0,0.08699089775599188,True
1,5,1,0,0,2,0,0,2,2,0,0.9350599867297252,False
1,1,6,0,0,1,1,0,0,1,2,0.9258455398020811,False
1,3,0,0,2,3,1,0,3,0,0,0.9389308748322539,False
1,1,0,1,4,2,1,0,0,0,3,0.898196215548512,False
1,0,3,1,0,4,0,1,3,0,0,0.9111090261739483,False
1,1,2,0,3,2,1,2,0,0,1,0.9324798221263237,False
1,2,0,1,2,3,0,0,0,0,4,0.8592678247850654,False
1,0,4,0,3,1,0,1,2,0,1,0.27915998060647385,True
1,1,1,1,0,5,2,2,0,0,0,0.8790211112516462,False
1,0,1,1,1,5,0,0,2,0,2,0.8589079388484612,False
1,1,3,1,2,1,1,0,0,2,1,0.9507574080149772,False
1,1,0,1,1,5,0,0,4,0,0,0.8976450670482798,False
1,3,2,1,2,0,3,0,0,0,1,0.07218911764889692,True
1,6,2,0,0,0,0,3,0,1,0,0.08578282642083893,True
1,4,1,2,1,0,3,1,0,0,0,0.1751076304492838,True
1,3,3,0,1,1,0,3,0,1,0,0.07155945418928482,True
1,2,3,1,2,0,2,0,0,1,1,0.05793160080855591,True
1,8,0,0,0,0,1,1,1,0,1,0.9800100179063272,False
1,2,0,0,3,3,2,1,0,0,1,0.9183868969383829,False
1,3,1,0,4,0,0,3,0,0,1,0.04993507404185085,True
1,3,0,4,0,1,1,0,2,1,0,0.9727895545520525,False
1,7,0,1,0,0,2,0,1,0,1,0.9788575746566767,False
1,2,2,4,0,0,2,0,1,0,1,0.640815847807417,False
1,4,4,0,0,0,0,0,0,3,1,0.06211187020775136,True
1,1,2,3,2,0,0,0,4,0,0,0.0921891176488969,True
1,0,4,0,2,2,0,0,1,3,0,0.04618122420518995,True
1,1,0,5,0,2,0,2,1,0,1,0.9367155848008311,False
1,2,2,3,0,1,0,2,1,1,0,0.12008204383379503,True
1,3,2,1,0,2,1,0,1,1,1,0.9392498455360746,False
1,1,1,1,3,2,1,1,0,0,2,0.9183311939552884,False
1,1,3,4,0,0,3,1,0,0,0,0.10438398878126093,True
1,0,0,0,4,4,0,3,1,0,0,0.026765022368353982,True
1,0,3,4,0,1,1,0,0,1,2,0.938321067700103,False
1,0,1,0,2,5,1,2,0,0,1,0.8751762672673059,False
1,2,2,2,1,1,1,0,2,1,0,0.9706031116600419,False
1,0,0,5,3,0,0,1,2,0,1,0.07814144860379774,True
1,1,2,2,3,0,1,0,1,1,1,0.05536568351561805,True
1,1,0,2,1,4,0,2,0,2,0,0.03918398478907285,True
1,4,3,0,1,0,0,4,0,0,0,0.07365620967471886,True
1,0,2,1,5,0,0,1,3,0,0,0.0655781328354871,True
1,1,3,1,0,3,0,2,0,0,2,0.8973211626391085,False
1,0,3,2,0,3,0,2,2,0,0,0.14095698215724878,True
1,4,1,1,2,0,0,3,1,0,0,0.08077865733495476,True
1,0,2,4,2,0,0,2,1,1,0,0.07382630478549748,True
1,0,2,4,0,2,0,3,0,0,1,0.939437308860632,False
1,4,0,0,3,1,1,1,0,0,2,0.9383868969383832,False
1,0,1,6,1,0,0,0,3,1,0,0.16978647144779913,True
1,0,1,2,1,4,0,0,2,1,1,0.8982564000869308,False
1,2,2,3,0,1,2,1,1,0,0,0.9765142894251736,False
1,2,1,0,1,4,0,0,0,0,4,0.8394009401355329,False
1,3,1,0,1,3,4,0,0,0,0,0.939400940135533,False
1,7,0,0,0,1,0,0,1,0,3,0.9196692766678238,False
1,4,0,2,0,2,2,1,0,0,1,0.9392343255381934,False
1,1,0,3,4,0,1,0,1,1,1,0.05772512403235549,True
1,1,3,0,2,2,1,0,0,0,3,0.8964366443745375,False
1,1,3,0,1,3,0,1,2,1,0,0.08231188947699943,True
1,3,1,0,1,3,3,0,0,0,1,0.919400940135533,False
1,0,4,3,1,0,1,1,2,0,0,0.07829313717144719,True
1,0,3,0,4,1,0,1,0,1,2,0.10939976279107375,True
1,0,0,3,3,2,3,0,1,0,0,0.958162366763474,False
1,3,2,1,0,2,1,3,0,0,0,0.09915800883783005,True
1,1,2,3,0,2,4,0,0,0,0,0.9584622096257486,False
1,0,0,1,7,0,2,2,0,0,0,0.06113263888888888,True
1,1,0,1,4,2,1,1,2,0,0,0.9502689083367497,False
1,4,1,0,0,3,0,1,2,0,1,0.9198846250342559,False
1,1,2,0,5,0,0,1,0,0,3,0.0057733218809009725,True
1,2,3,2,1,0,3,0,0,1,0,0.08452335913449811,True
1,1,2,1,0,4,1,0,1,1,1,0.8992498455360746,False
1,2,3,0,3,0,0,0,0,1,3,0.011683730898150987,True
1,0,0,0,6,2,0,2,0,1,1,0.10760445201307339,True
1,1,0,4,3,0,0,0,3,0,1,0.09989855995460704,True
1,1,0,0,1,6,1,1,0,1,1,0.8578893061893815,False
1,2,1,0,0,5,0,3,1,0,0,0.09666795739994552,True
1,0,2,2,1,3,0,3,1,0,0,0.060304333876895794,True
1,0,3,2,1,2,0,4,0,0,0,0.053632241044685385,True
1,1,2,2,1,2,1,0,2,1,0,0.9506031116600421,False
1,1,0,3,1,3,0,1,2,1,0,0.9157711900380832,False
1,1,3,1,0,3,1,3,0,0,0,0.05823552676277216,True
1,0,2,5,1,0,1,2,1,0,0,0.0901911638654675,True
1,2,3,3,0,0,1,1,0,2,0,0.08228681307140359,True
1,1,0,3,0,4,1,2,0,0,1,0.8990423712936566,False
1,0,4,3,1,0,2,0,0,2,0,0.07316434554840524,True
1,0,2,1,4,1,0,1,0,1,2,0.2402226114756466,True
1,2,0,1,2,3,0,2,1,1,0,0.0789938461042836,True
1,3,3,0,1,1,0,0,3,0,1,0.9595310277863396,False
1,3,0,0,0,5,0,4,0,0,0,0.0718617505741037,True
1,3,2,1,2,0,0,2,2,0,0,0.0784904896659544,True
1,1,7,0,0,0,2,0,0,0,2,0.10307889993993524,True
1,4,0,3,1,0,1,1,1,0,1,0.9671617059767827,False
1,0,2,3,1,2,0,1,0,3,0,0.05121609406238327,True
1,3,2,1,0,2,0,1,1,0,2,0.9198924718487916,False
1,1,2,2,2,1,0,0,0,1,3,0.9183919543359371,False
1,0,2,1,2,3,1,2,1,0,0,0.0868051334684635,True
1,1,3,1,0,3,0,1,0,2,1,0.9133122202414005,False
1,4,3,0,1,0,3,0,0,1,0,0.08452335913449811,True
1,1,4,2,1,0,1,0,1,1,1,0.060030642187083566,True
1,3,1,3,0,1,2,1,0,1,0,0.9568619658832471,False
1,0,5,2,1,0,0,3,0,1,0,0.06924374999999999,True
1,2,0,0,2,4,0,0,1,1,2,0.878371622863498,False
1,1,1,0,2,4,0,0,3,0,1,0.8991245997818335,False
1,2,3,1,0,2,0,1,1,1,1,0.9386355271859713,False
1,0,0,4,0,4,0,2,0,2,0,0.09258187063140014,True
1,3,3,0,1,1,0,3,0,1,0,0.07155945418928482,True
1,1,2,2,3,0,0,0,3,0,1,0.05811697379948901,True
1,1,2,0,1,4,1,0,2,0,1,0.8996148880987398,False
1,0,4,0,3,1,1,1,0,1,1,0.12939976279107374,True
1,1,0,2,4,1,0,3,0,1,0,0.07201973705828178,True
1,1,0,1,3,3,0,0,0,2,2,0.8954678453087647,False
1,1,1,1,2,3,0,1,0,0,3,0.8789948241282665,False
1,1,0,1,6,0,0,2,0,0,2,0.02379758503282744,True
1,2,0,1,3,2,3,1,0,0,0,0.956223794955223,False
1,0,2,1,1,4,1,0,0,1,2,0.8788836677372881,False
1,1,0,2,1,4,1,0,1,2,0,0.8920448250998426,False
1,2,2,2,1,1,3,0,0,0,1,0.9593578820663947,False
1,1,2,5,0,0,2,0,0,2,0,0.1129831042098998,True
1,4,2,2,0,0,0,0,2,1,1,0.19941724464009894,True
1,1,0,5,0,2,1,0,0,1,2,0.9166387106199226,False
1,1,2,1,2,2,0,1,0,3,0,0.046412742491712455,True
1,4,1,1,0,2,0,1,1,2,0,0.15395091110770392,True
1,2,1,2,3,0,1,0,2,1,0,0.07826818713712283,True
1,1,1,2,1,3,1,2,0,0,1,0.9198876163342088,False
1,4,0,2,0,2,0,0,2,0,2,0.9176040005118643,False
1,0,0,6,1,1,0,1,1,1,1,0.9549559377739039,False
1,1,0,1,2,4,0,2,1,1,0,0.05899384610428363,True
1,0,6,2,0,0,1,0,1,1,1,0.05553758971468593,True
1,2,2,0,0,4,1,0,0,2,1,0.8969291925334628,False
1,2,4,1,1,0,0,4,0,0,0,0.07049655286564051,True
1,2,0,4,2,0,1,1,2,0,0,0.16676443854343143,True
1,0,4,1,3,0,2,0,0,1,1,0.04928623760839399,True
1,3,1,2,0,2,1,1,0,1,1,0.9392498455360747,False
1,3,0,2,2,1,3,0,0,1,0,0.9689202071710206,False
1,8,0,0,0,0,2,0,0,2,0,0.9785108212608817,False
1,1,1,1,3,2,0,1,1,2,0,0.062018784924310795,True
1,0,2,2,0,4,0,0,0,2,2,0.8785292090050162,False
1,0,1,2,4,1,0,2,2,0,0,0.10805954061390553,True
1,2,2,0,4,0,0,3,0,1,0,0.065775,True
1,6,0,0,1,1,0,0,2,1,1,0.9588405161330202,False
1,0,2,5,1,0,0,1,1,2,0,0.07994520227953904,True
1,1,1,0,2,4,0,0,3,1,0,0.9070784371511451,False
1,0,1,0,3,4,0,0,1,3,0,0.016822746291159478,True
1,5,3,0,0,0,2,0,2,0,0,0.13277986637431907,True
1,1,5,2,0,0,0,0,1,1,2,0.04073582699281786,True
1,0,0,1,4,3,1,1,2,0,0,0.9302689083367496,False
1,1,4,0,3,0,0,0,2,1,1,0.04928623760839399,True
1,0,1,1,0,6,0,3,1,0,0,0.07877850870665487,True
1,2,1,0,3,2,0,1,1,0,2,0.9180867651324539,False
1,0,0,7,1,0,1,1,1,1,0,0.3064326293092484,False
1,0,6,1,0,1,0,2,1,1,0,0.07311334402209524,True
1,0,3,3,2,0,1,0,0,1,2,0.03793160080855594,True
1,1,1,5,0,1,0,1,0,1,2,0.9373475160038676,False
1,0,1,3,1,3,3,0,1,0,0,0.9377973647652109,False
1,4,0,0,4,0,0,1,1,2,0,0.06727897702980225,True
1,0,0,1,5,2,0,0,0,4,0,0.04031943710627921,True
1,2,2,1,0,3,1,1,0,0,2,0.8997531652944689,False
1,4,1,0,0,3,1,0,1,2,0,0.9148091837409357,False
1,4,1,0,2,1,2,0,2,0,0,0.9792912913954004,False
1,1,2,1,4,0,4,0,0,0,0,0.07090185458865975,True
1,5,2,1,0,0,0,4,0,0,0,0.0855613371891891,True
1,1,5,2,0,0,2,0,0,1,1,0.06045900217197428,True
1,0,1,3,3,1,4,0,0,0,0,0.9787347498844103,False
1,0,2,1,2,3,2,0,1,0,1,0.9193092064391148,False
1,2,1,1,4,0,2,0,0,0,2,0.03496332795497827,True
1,1,4,0,3,0,3,1,0,0,0,0.0686766985028476,True
1,0,6,1,0,1,1,0,3,0,0,0.9796401655816329,False
1,1,2,3,2,0,4,0,0,0,0,0.0921891176488969,True
1,0,3,1,1,3,0,0,2,2,0,0.07484844387146684,True
1,1,1,5,0,1,1,0,1,0,2,0.934664347340648,False
1,1,0,3,1,3,1,2,0,1,0,0.13955828408165724,True
1,0,4,0,3,1,0,1,1,0,2,0.2421884821984751,True
1,0,6,0,0,2,0,0,0,1,3,0.8858455398020811,False
1,0,0,0,0,8,3,0,0,1,0,0.8331233720227756,False
1,3,3,0,2,0,0,1,0,2,1,0.054264913091878635,True
1,1,0,1,3,3,1,0,0,1,2,0.8975589654589474,False
1,1,2,2,0,3,3,1,0,0,0,0.9334293247443954,False
1,0,0,0,4,4,2,1,0,1,0,0.06130272938459312,True
1,6,0,1,1,0,2,1,0,0,1,0.9652023816563547,False
1,0,5,2,1,0,0,0,0,1,3,0.014852394570974476,True
1,3,1,0,2,2,2,0,0,0,2,0.9184992041437683,False
1,3,2,0,3,0,1,0,0,2,1,0.05334755828869985,True
1,2,0,3,2,1,0,2,1,1,0,0.12008204344799756,True
1,3,2,0,2,1,0,0,0,0,4,0.8980270407017403,False
1,1,5,2,0,0,1,1,0,2,0,0.07219593204309918,True
1,0,2,2,2,2,1,2,0,1,0,0.06572590102009958,True
1,4,2,0,1,1,2,0,0,0,2,0.9383726679515437,False
1,1,1,0,1,5,0,3,0,0,1,0.8748168382724617,False
1,0,2,0,2,4,1,1,1,1,0,0.06181066133364316,True
1,3,5,0,0,0,1,1,1,0,1,0.059864528915980465,True
1,0,3,0,3,2,0,3,1,0,0,0.05572268687487908,True
1,0,0,6,1,1,1,3,0,0,0,0.18727563137182648,True
1,2,1,1,1,3,0,2,2,0,0,0.3995150313149383,True
1,1,3,4,0,0,0,4,0,0,0,0.07916864043373505,True
1,0,5,0,0,3,3,1,0,0,0,0.21347388739752457,True
1,3,2,3,0,0,0,4,0,0,0,0.08661932387143151,True
1,1,1,1,3,2,0,1,3,0,0,0.9491681632865202,False
1,4,0,2,2,0,0,0,1,3,0,0.0832627295305356,True
1,0,2,1,5,0,0,1,0,2,1,0.04522040603328384,True
1,0,5,0,3,0,0,0,4,0,0,0.06804930555555555,True
1,2,1,2,2,1,2,0,1,0,1,0.9588416626625987,False
1,2,1,0,3,2,2,0,0,2,0,0.09484844386565675,True
1,0,4,2,0,2,2,1,0,1,0,0.10280670286392597,True
1,0,2,2,2,2,1,0,1,2,0,0.09484844386602691,True
1,0,0,1,0,7,0,1,1,0,2,0.8194818588106425,False
1,0,0,3,1,4,3,1,0,0,0,0.9172078395872069,False
1,0,0,1,2,5,0,1,2,1,0,0.3532320743978924,True
1,0,1,0,7,0,1,0,0,1,2,0.02140595324864647,True
1,0,4,1,2,1,0,1,0,1,2,0.24022261147608986,True
1,2,5,0,1,0,2,0,0,1,1,0.054852394570974405,True
1,3,0,0,3,2,0,0,0,1,3,0.8970072907590806,False
1,0,3,1,4,0,0,0,2,2,0,0.06462222222222222,True
1,0,1,5,2,0,0,0,0,1,3,0.044174046593551966,True
1,1,3,0,2,2,0,2,0,2,0,0.04575168946588001,True
1,1,0,1,2,4,1,2,1,0,0,0.3761876521572138,True
1,0,6,1,1,0,2,1,1,0,0,0.07049823026871527,True
1,1,0,3,4,0,2,0,1,1,0,0.07430488028326096,True
1,2,3,2,0,1,0,0,0,4,0,0.06743651223680723,True
1,1,0,0,4,3,0,0,2,1,1,0.9162469787687783,False
1,4,0,1,1,2,0,1,0,3,0,0.07431615283872559,True
1,0,0,3,4,1,0,4,0,0,0,0.07439684528466561,True
1,3,1,1,2,1,1,1,2,0,0,0.9695039247173269,False
1,0,0,5,1,2,4,0,0,0,0,0.9562530433227534,False
1,1,2,2,0,3,0,1,2,1,0,0.39543764273163234,True
1,0,2,2,4,0,0,3,0,1,0,0.065775,True
1,3,3,1,0,1,1,1,1,0,1,0.9599944456134448,False
1,3,5,0,0,0,0,0,0,1,3,0.01960886327975244,True
1,0,1,2,2,3,0,3,0,0,1,0.9165340915849917,False
1,1,0,5,2,0,2,0,0,1,1,0.1802078280337494,True
1,0,3,3,2,0,0,0,0,4,0,0.06618310533548337,True
1,0,2,3,2,1,2,0,1,0,1,0.9585523188183909,False
1,3,0,1,1,3,0,0,3,0,1,0.9179534519172675,False
1,1,4,0,1,2,0,2,0,1,1,0.22151432675170588,True
1,1,2,2,2,1,1,1,1,1,0,0.1232946299785247,True
1,2,2,4,0,0,1,0,1,0,2,0.6208158478074169,False
1,5,3,0,0,0,1,0,1,2,0,0.08929209733089037,True
1,0,2,0,0,6,0,0,1,0,3,0.8200068523255308,False
1,3,0,2,1,2,3,0,0,1,0,0.9516232389805116,False
1,0,1,2,2,3,0,3,0,1,0,0.03745069844034894,True
1,1,2,3,2,0,1,0,0,3,0,0.07090185458865972,True
1,0,2,3,2,1,1,1,0,1,1,0.9584011620439995,False
1,4,2,1,1,0,0,0,1,1,2,0.06975403388380373,True
1,4,1,0,2,1,0,2,0,2,0,0.07499392703494881,True
1,0,1,1,4,2,0,2,2,0,0,0.08641842932153265,True
1,2,1,2,0,3,2,0,0,0,2,0.8989570148798235,False
1,1,0,0,1,6,0,0,0,1,3,0.8189307287695758,False
1,0,2,0,4,2,1,0,0,0,3,0.8958183955151415,False
1,2,0,2,1,3,0,1,0,0,3,0.8793094563405401,False
1,1,1,0,1,5,0,3,0,0,1,0.8748168382724617,False
1,0,0,0,4,4,0,0,1,0,3,0.8581676432738244,False
1,2,0,1,5,0,2,0,2,0,0,0.07130264845234294,True
1,2,3,0,3,0,0,1,1,0,2,0.0318134380682957,True
1,1,0,3,4,0,0,0,2,2,0,0.06888400541297386,True
1,0,3,4,0,1,0,1,1,1,1,0.9584571210713213,False
1,1,3,1,0,3,0,0,2,2,0,0.12187554424260126,True
1,2,3,0,2,1,1,0,2,1,0,0.2504862013013198,True
1,5,2,0,0,1,0,0,1,2,1,0.9578533125288716,False
1,0,0,4,0,4,1,1,0,0,2,0.8776450670482795,False
1,2,1,3,2,0,0,1,1,0,2,0.06458344752606832,True
1,2,4,0,0,2,3,1,0,0,0,0.9410525226419545,False
1,3,2,0,0,3,0,0,3,1,0,0.9318852073341133,False
1,0,1,2,4,1,2,1,0,1,0,0.10116944033716194,True
1,0,3,1,4,0,1,0,1,1,1,0.04762596664831837,True
1,2,0,0,0,6,1,0,3,0,0,0.878523469288914,False
1,3,2,2,0,1,2,0,0,1,1,0.9591287794507688,False
1,3,0,1,0,4,0,1,3,0,0,0.9166736774532829,False
1,0,0,1,1,6,1,1,1,0,1,0.8594666929228219,False
1,1,0,2,3,2,0,1,0,2,1,0.9353490255970209,False
1,0,3,4,1,0,0,0,1,0,3,0.03557776861005668,True
1,1,2,4,1,0,2,0,0,1,1,0.0897540338838037,True
1,2,0,0,1,5,1,0,0,2,1,0.877664237203826,False
1,1,5,0,2,0,2,1,0,1,0,0.06839999999999999,True
1,0,2,2,3,1,0,1,2,1,0,0.10187769519364565,True
1,1,5,1,0,1,1,0,3,0,0,0.9794373088606323,False
1,1,0,0,0,7,2,0,1,1,0,0.8532503967782444,False
1,0,4,2,1,1,0,1,1,1,1,0.9567220349752698,False
1,0,0,5,0,3,3,0,1,0,0,0.9342427135092487,False
1,0,1,6,1,0,2,0,0,2,0,0.10769508483620992,True
1,0,5,1,2,0,0,3,1,0,0,0.06899722222222222,True
1,1,5,0,2,0,1,1,0,1,1,0.05060111975600003,True
1,1,2,0,3,2,0,0,0,0,4,0.8779192740975822,False
1,3,1,1,2,1,2,2,0,0,0,0.17460252396215992,True
1,1,0,4,3,0,0,1,2,1,0,0.08111600667880511,True
1,4,2,0,2,0,0,0,0,2,2,0.04171406300050062,True
1,2,1,0,4,1,1,1,0,1,1,0.9506207911932669,False
1,3,1,1,2,1,0,2,2,0,0,0.17870752529102324,True
1,0,8,0,0,0,0,0,1,3,0,0.06899722222222224,True
1,2,2,0,3,1,3,1,0,0,0,0.25347388739954574,True
1,3,3,1,1,0,1,1,1,1,0,0.07917708937822965,True
1,0,2,2,3,1,3,0,1,0,0,0.9789051006412226,False
1,2,3,0,0,3,2,1,1,0,0,0.9273364465466377,False
1,3,1,0,2,2,0,1,1,0,2,0.9184944149326383,False
1,2,1,0,0,5,1,0,0,1,2,0.8590474373990603,False
1,1,0,0,0,7,1,2,0,1,0,0.5170436845515993,False
1,2,1,3,0,2,1,0,1,2,0,0.9330881822005969,False
1,0,1,1,3,3,0,0,3,0,1,0.9187347498844101,False
1,1,4,0,2,1,0,0,1,3,0,0.06618122420518992,True
1,0,0,2,5,1,0,1,0,1,2,0.9318483313394464,False
1,0,2,1,3,2,0,0,0,4,0,0.039947571958598854,True
1,0,2,4,0,2,0,0,3,1,0,0.9532553147186743,False
1,1,2,4,1,0,0,1,3,0,0,0.1031309193693296,True
1,0,1,0,5,2,0,0,0,4,0,0.03931719804845148,True
1,2,0,1,0,5,1,1,1,1,0,0.8840558597371178,False
1,2,2,0,2,2,2,1,0,1,0,0.10130272938749652,True
1,1,4,1,0,2,0,3,0,1,0,0.05180336931267688,True
1,0,0,3,1,4,1,1,0,1,1,0.8985815977293596,False
1,0,3,0,4,1,0,0,2,0,2,0.9321651791349091,False
1,0,0,0,6,2,0,2,0,1,1,0.10760445201307339,True
1,2,2,0,1,3,2,1,0,1,0,0.1302900219747258,True
1,5,1,2,0,0,0,0,2,1,1,0.9698645294981258,False
1,1,2,1,4,0,0,0,1,2,1,0.048490609621765955,True
1,1,0,2,4,1,1,2,1,0,0,0.12905409384996183,True
1,3,3,2,0,0,1,1,0,2,0,0.08228681307140359,True
1,3,2,0,1,2,0,0,1,2,1,0.9353474002537031,False
1,3,4,0,0,1,0,4,0,0,0,0.07232486495477596,True
1,1,4,1,1,1,0,0,1,0,3,0.9198372554726445,False
1,3,0,1,0,4,0,0,2,0,2,0.8781626615930597,False
1,4,0,0,2,2,1,0,0,3,0,0.08699089775599188,True
1,0,0,6,0,2,0,2,0,2,0,0.1325818706314001,True
1,7,0,0,1,0,3,0,0,1,0,0.919291457354175,False
1,0,1,0,4,3,0,0,3,0,1,0.9183364784485626,False
1,3,0,0,2,3,0,2,1,1,0,0.07843839868116712,True
1,1,4,2,0,1,1,1,1,1,0,0.12329482651663573,True
1,0,2,2,3,1,0,1,3,0,0,0.2851813941174995,True
1,1,4,1,0,2,0,3,0,0,1,0.9269638744245506,False
1,2,0,0,6,0,0,1,2,0,1,0.04439733511265198,True
1,2,0,0,0,6,1,2,1,0,0,0.8617167875128576,False
1,3,0,2,2,1,0,0,3,1,0,0.9696363332699295,False
1,3,1,0,2,2,1,1,0,0,2,0.9174220759204894,False
1,2,2,2,2,0,2,0,1,0,1,0.07218911764889692,True
1,2,4,0,0,2,1,3,0,0,0,0.06609765133874348,True
1,4,2,0,2,0,0,0,3,1,0,0.081667168250454,True
1,0,2,0,4,2,0,1,2,1,0,0.0684844487201683,True
1,1,6,0,0,1,1,2,0,0,1,0.24645128942485348,True
1,1,3,1,3,0,1,0,2,1,0,0.06981636071591016,True
1,2,2,0,2,2,0,1,1,1,1,0.936122819749838,False
1,1,4,2,1,0,2,0,0,1,1,0.060030642187083566,True
1,5,2,0,1,0,1,1,0,0,2,0.07003933731033081,True
1,5,0,0,2,1,1,0,1,1,1,0.9583716228634982,False
1,1,6,0,0,1,1,0,1,2,0,0.08346358265064771,True
1,4,0,1,2,1,1,1,0,2,0,0.11472264300015957,True
1,1,1,1,3,2,2,0,0,0,2,0.9188188838611728,False
1,3,4,0,1,0,1,0,1,2,0,0.07316434554840524,True
1,2,0,5,1,0,0,2,2,0,0,0.31368878140613654,False
1,2,0,0,3,3,4,0,0,0,0,0.9386878265032225,False
1,0,3,0,0,5,1,1,1,0,1,0.8786581681130624,False
1,3,1,0,2,2,0,3,0,1,0,0.05689669105175724,True
1,1,0,2,4,1,2,0,0,2,0,0.1148484438655295,True
1,1,2,0,0,5,1,1,2,0,0,0.8928109246357427,False
1,0,0,0,0,8,0,0,0,4,0,-2.536705979557041e-05,True
1,0,5,0,0,3,0,0,0,2,2,0.8808384557873206,False
1,1,4,0,0,3,0,1,0,2,1,0.9046948715676013,False
1,4,2,2,0,0,1,0,0,3,0,0.09218911764889684,True
1,0,0,0,3,5,1,0,0,3,0,0.007201267770689573,True
1,0,3,0,4,1,0,2,0,2,0,0.06472834938047235,True
1,4,0,3,1,0,1,0,1,1,1,0.9636267327616335,False
1,0,0,1,2,5,1,0,0,0,3,0.839267824785065,False
1,5,1,0,0,2,3,0,0,0,1,0.939782483455865,False
1,1,7,0,0,0,0,1,1,0,2,0.10231293370813603,True
1,0,1,0,3,4,0,0,0,4,0,0.0028141169304947027,True
1,1,2,1,0,4,1,1,0,0,2,0.8797531652944688,False
1,0,1,6,1,0,0,1,0,2,1,0.09834393729387854,True
1,0,4,1,0,3,1,1,0,1,1,0.9142199421885449,False
1,4,2,2,0,0,0,3,0,0,1,0.1015535847168753,True
1,0,3,1,4,0,0,3,0,1,0,0.065775,True
1,3,3,0,0,2,1,0,0,3,0,0.06720126784920666,True
1,0,1,0,2,5,1,2,0,0,1,0.8751762672673059,False
1,2,0,0,6,0,0,2,0,2,0,0.06033055555555556,True
1,3,0,1,0,4,0,0,2,0,2,0.8781626615930597,False
1,3,0,0,1,4,1,0,1,2,0,0.8920316083963398,False
1,3,2,0,0,3,2,1,0,0,1,0.9181296328146986,False
1,0,2,1,0,5,2,1,0,1,0,0.3501577723131261,True
1,3,4,0,1,0,0,0,3,0,1,0.06294944470336364,True
1,2,0,3,1,2,1,0,0,3,0,0.14332058816520798,True
1,0,0,2,2,4,1,1,1,0,1,0.8989973614443006,False
1,0,0,6,1,1,0,0,1,2,1,0.9553826421612385,False
1,5,1,0,1,1,1,0,2,0,1,0.9594666929228224,False
1,1,0,1,5,1,2,0,0,0,2,0.937846539017518,False
1,1,1,1,5,0,0,1,0,0,3,0.007184866912815331,True
1,4,1,1,1,1,0,2,1,1,0,0.11899384614712152,True
1,3,0,2,2,1,0,0,0,1,3,0.9184390745214849,False
1,2,1,2,0,3,1,1,1,0,1,0.9190423712936565,False
1,0,0,3,3,2,1,0,1,0,2,0.9181623667634738,False
1,1,4,0,3,0,0,0,1,0,3,0.01014067523575167,True
1,0,7,1,0,0,4,0,0,0,0,0.14375160359321582,True
1,2,0,0,4,2,0,1,1,0,2,0.9173887521525748,False
1,1,0,0,2,5,2,2,0,0,0,0.3447433623500896,True
1,2,3,2,1,0,0,2,1,0,1,0.06502343253953184,True
1,0,1,6,0,1,0,0,1,1,2,0.9326893835322908,False
1,2,2,2,1,1,1,1,2,0,0,0.970351091400149,False
1,1,1,6,0,0,2,2,0,0,0,0.3191216217168094,False
1,0,1,0,1,6,0,2,1,0,1,0.8581425444754947,False
1,1,1,3,2,1,1,0,0,2,1,0.9573282209044521,False
1,3,1,3,0,1,1,1,2,0,0,0.979418964743114,False
1,0,1,5,0,2,0,1,0,1,2,0.9173475160038674,False
1,1,0,0,7,0,0,0,2,1,1,0.04149522189600411,True
1,1,2,2,3,0,0,0,1,1,2,0.03536568351561808,True
1,1,5,2,0,0,1,2,0,0,1,0.05870799818417357,True
1,0,4,0,4,0,0,0,2,1,1,0.04705032115292163,True
1,1,1,0,3,3,2,2,0,0,0,0.08338864301831908,True
1,1,1,3,3,0,0,1,0,1,2,0.038542495331139556,True
1,3,1,0,0,4,0,1,0,2,1,0.8951003823675876,False
1,1,2,3,2,0,0,2,0,0,2,0.04212353422103652,True
1,1,2,5,0,0,1,1,2,0,0,0.17989949073389752,True
1,2,1,5,0,0,0,2,0,0,2,0.9450392716242421,False
1,2,0,0,2,4,3,0,1,0,0,0.919319044288194,False
1,0,3,3,2,0,0,3,0,0,1,0.05455974025829555,True
1,0,0,5,1,2,0,4,0,0,0,0.08511240397363797,True
1,3,1,1,2,1,2,0,0,0,2,0.9393295049403909,False
1,1,0,0,0,7,0,0,2,2,0,0.8387035354263882,False
1,0,1,1,4,2,1,2,0,1,0,0.05814929062194354,True
1,1,1,2,2,2,1,1,0,1,1,0.938317988756239,False
1,1,0,1,5,1,0,1,3,0,0,0.2729065535856354,True
1,0,8,0,0,0,1,0,3,0,0,0.06995555555555556,True
1,2,0,3,1,2,0,0,0,3,1,0.9368431623849519,False
1,3,1,0,4,0,1,0,1,0,2,0.03496332795497827,True
1,0,2,0,5,1,1,0,3,0,0,0.9775799773609067,False
1,2,1,0,2,3,2,0,0,1,1,0.9179906158119225,False
1,2,1,1,0,4,0,1,0,3,0,0.03431615284249763,True
1,1,1,4,2,0,0,0,1,0,3,0.06760056426778137,True
1,5,1,1,0,1,0,2,1,1,0,0.17859795315109914,True
1,0,2,3,3,0,1,1,0,2,0,0.06782216638215159,True
1,0,1,6,1,0,0,0,2,1,1,0.19572889750783587,True
1,0,1,1,4,2,0,0,1,1,2,0.9165973655604229,False
1,0,3,3,0,2,0,1,0,3,0,0.05121609410207154,True
1,4,1,1,0,2,1,0,0,1,2,0.9193123360937505,False
1,0,0,0,7,1,1,0,2,1,0,0.11178288865393222,True
1,2,3,1,2,0,0,0,4,0,0,0.08077865733495475,True
1,0,6,0,1,1,2,0,0,2,0,0.07745804313590374,True
1,1,2,2,1,2,0,0,0,2,2,0.9178504503312417,False
1,1,0,0,4,3,0,2,0,1,1,0.910791736769125,False
1,3,0,1,3,1,3,1,0,0,0,0.9762237949552232,False
1,0,2,6,0,0,0,2,0,1,1,0.1059561070626556,True
1,1,5,1,1,0,3,0,0,1,0,0.07293599995634181,True
1,3,0,3,0,2,0,3,1,0,0,0.6196357884361088,False
1,1,5,2,0,0,2,1,0,0,1,0.060467227221207724,True
1,2,1,0,5,0,0,1,0,3,0,0.06113263888888888,True
1,2,3,1,2,0,0,0,0,2,2,0.03581431566916105,True
1,1,0,4,1,2,3,0,1,0,0,0.956784486019582,False
1,0,0,2,5,1,0,3,0,1,0,0.0683827293563266,True
1,0,2,0,6,0,0,0,1,2,1,0.04305555555555559,True
1,0,5,0,0,3,0,2,0,0,2,0.8850392716242422,False
1,3,1,4,0,0,0,4,0,0,0,0.10438398878126094,True
1,0,0,3,3,2,2,0,1,1,0,0.9453741403848749,False
1,2,2,0,1,3,0,0,0,1,3,0.877457340741626,False
1,0,0,4,4,0,1,1,1,1,0,0.07121306496037277,True
1,2,2,0,4,0,0,4,0,0,0,0.0667888888888889,True
1,2,2,1,0,3,1,1,0,1,1,0.9185562234914114,False
1,4,1,0,2,1,0,0,3,1,0,0.967078437151145,False
1,0,0,1,0,7,1,0,0,2,1,0.8385123282616929,False
1,4,1,1,0,2,1,1,1,1,0,0.9403587438524188,False
1,0,3,1,3,1,1,1,1,0,1,0.9520906374258161,False
1,1,3,2,1,1,0,0,3,0,1,0.9583759369289311,False
1,5,0,0,2,1,1,0,1,1,1,0.9583716228634982,False
1,1,2,4,1,0,3,1,0,0,0,0.10312017646985228,True
1,0,1,0,0,7,0,1,2,1,0,0.8398932248311152,False
1,0,2,3,2,1,2,2,0,0,0,0.129774414472289,True
1,8,0,0,0,0,2,0,1,0,1,0.9796692766678241,False
1,2,0,0,2,4,0,0,0,2,2,0.876358813112585,False
1,0,0,2,3,3,0,3,0,0,1,0.9173411526497197,False
1,5,1,0,2,0,3,0,1,0,0,0.12760056426778127,True
1,0,6,0,1,1,1,0,2,0,1,0.9525412725924834,False
1,1,3,0,0,4,1,1,2,0,0,0.9081731485538695,False
1,3,0,2,1,2,0,1,1,1,1,0.938707814472829,False
1,0,0,1,0,7,1,0,3,0,0,0.8577179499370922,False
1,2,3,0,1,2,1,1,0,0,2,0.9159628114552129,False
1,1,0,2,1,4,1,0,0,3,0,0.10332058816520806,True
1,0,3,2,0,3,2,2,0,0,0,0.13771903437516644,True
1,0,4,2,2,0,0,0,1,2,1,0.052263777175525314,True
1,2,1,1,1,3,0,3,0,1,0,0.04547824924391847,True
1,4,1,3,0,0,1,1,1,1,0,0.3143475777105758,False
1,4,2,2,0,0,0,0,0,3,1,0.10117748136786534,True
1,6,0,1,0,1,1,0,0,0,3,0.9194338254080393,False
1,0,3,1,0,4,0,1,1,0,2,0.8799944456134443,False
1,1,0,1,1,5,1,1,2,0,0,0.8963775563324902,False
1,2,2,0,2,2,0,1,0,2,1,0.9316041962734006,False
1,0,0,8,0,0,1,1,1,0,1,0.9705815432041738,False
1,1,4,0,1,2,0,2,1,1,0,0.05804870813393847,True
1,1,1,1,5,0,0,2,2,0,0,0.06598212330588706,True
1,2,0,1,1,4,0,1,1,0,2,0.879466692922822,False
1,1,1,2,4,0,1,0,1,0,2,0.03496332795497827,True
1,5,0,1,1,1,1,0,2,0,1,0.9585546668859661,False
1,1,2,0,0,5,4,0,0,0,0,0.8994834422818968,False
1,0,1,3,1,3,0,2,0,1,1,0.9189344745977824,False
1,2,2,0,0,4,0,1,0,2,1,0.8945051350779181,False
1,2,0,1,5,0,4,0,0,0,0,0.07130264845234294,True
1,2,3,0,1,2,0,2,0,0,2,0.911923930387218,False
1,4,1,0,1,2,0,1,0,2,1,0.9342951911512214,False
1,0,6,1,0,1,3,0,1,0,0,0.9789628899888012,False
1,5,0,1,1,1,0,1,0,2,1,0.957639052497518,False
1,1,1,3,1,2,0,1,0,3,0,0.059153101527081975,True
1,2,2,0,1,3,0,1,1,1,1,0.916354165154322,False
1,0,7,0,1,0,0,0,1,3,0,0.06804930555555556,True
1,2,0,0,0,6,3,1,0,0,0,0.8734586311989759,False
1,6,0,2,0,0,0,1,0,0,3,0.9392343255381937,False
1,0,2,2,0,4,1,0,1,1,1,0.898810373096794,False
1,4,0,0,4,0,0,1,0,3,0,0.06439733511265194,True
1,3,0,0,3,2,0,0,0,3,1,0.9297285620300056,False
1,3,1,0,1,3,1,0,1,1,1,0.9189431262837177,False
1,4,2,0,0,2,1,2,0,1,0,0.09806382407060513,True
1,7,0,1,0,0,1,2,0,1,0,0.6574911459244207,False
1,0,6,0,0,2,2,0,0,1,1,0.9258455398020812,False
1,3,0,2,1,2,1,0,0,0,3,0.8988163516340169,False
1,0,1,5,2,0,0,1,3,0,0,0.09908536848282598,True
1,0,1,1,1,5,0,1,0,1,2,0.8580760920137174,False
1,0,2,2,0,4,0,0,0,3,1,0.8972904763806802,False
1,3,1,0,0,4,0,4,0,0,0,0.03981174626633149,True
1,2,0,5,0,1,0,2,1,1,0,0.6394921441464777,False
1,2,0,3,2,1,0,2,1,1,0,0.12008204344799756,True
1,0,3,1,3,1,0,0,0,3,1,0.12957015674763347,True
1,1,0,2,3,2,0,0,2,1,1,0.9380084895132895,False
1,2,3,0,3,0,2,1,0,0,1,0.051813438068295664,True
1,0,1,3,2,2,2,2,0,0,0,0.160302465405452,True
1,4,0,1,3,0,2,0,2,0,0,0.11989855995460699,True
1,2,4,2,0,0,1,1,0,2,0,0.07606342085699237,True
1,0,2,2,0,4,1,1,1,1,0,0.37397250561845413,True
1,1,3,0,1,3,2,0,2,0,0,0.9398876163342088,False
1,0,1,3,4,0,0,1,1,1,1,0.0508896329461517,True
1,0,2,2,4,0,0,2,1,0,1,0.04878864454436122,True
1,0,0,1,7,0,1,2,0,1,0,0.06,True
1,3,1,0,1,3,0,0,0,1,3,0.8783828458938722,False
1,5,1,1,0,1,0,4,0,0,0,0.10091365685633596,True
1,6,1,0,0,1,1,2,0,1,0,0.17740130769292758,True
1,0,3,0,4,1,0,2,0,0,2,0.11048862598421316,True
1,3,0,4,0,1,0,2,0,1,1,0.9584003480318449,False
1,0,0,4,3,1,0,1,2,0,1,0.9576223724531026,False
1,5,1,1,1,0,2,0,0,1,1,0.19572889750783587,True
1,4,1,0,3,0,2,1,0,1,0,0.07431947378530457,True
1,2,3,0,3,0,1,0,1,2,0,0.06725643486847335,True
1,4,1,0,3,0,2,0,1,0,1,0.0680961357448387,True
1,4,2,1,1,0,0,3,0,0,1,0.07249123392651859,True
1,1,1,2,4,0,1,2,0,0,1,0.05107809873475121,True
1,3,1,1,2,1,0,0,1,0,3,0.9192227804836711,False
1,2,0,5,1,0,1,1,1,0,1,0.9682474414345129,False
1,2,6,0,0,0,1,0,1,1,1,0.05483966753239036,True
1,1,1,0,0,6,3,1,0,0,0,0.8718944519305283,False
1,1,4,0,3,0,0,0,0,4,0,0.06399375,True
1,1,4,0,1,2,0,0,3,1,0,0.23209748453034165,True
1,1,2,0,2,3,2,0,1,0,1,0.9189948241282664,False
1,3,4,1,0,0,0,0,1,0,3,0.035247991146642725,True
1,4,1,3,0,0,0,3,0,0,1,0.8605621384189376,False
1,1,4,0,0,3,3,1,0,0,0,0.9210525226419545,False
1,1,1,0,1,5,0,0,1,0,3,0.8396859018012149,False
1,2,0,0,0,6,1,1,1,1,0,0.8632207509236834,False
1,1,3,4,0,0,0,0,1,1,2,0.07248003037871686,True
1,0,2,2,3,1,1,0,0,2,1,0.9520324989705622,False
1,1,1,4,2,0,1,1,2,0,0,0.09908536848282598,True
1,4,2,0,2,0,1,0,0,3,0,0.07090185458865972,True
1,3,1,1,1,2,1,0,0,1,2,0.918951662579152,False
1,1,2,1,1,3,0,1,1,2,0,0.05326131456653108,True
1,1,1,2,2,2,1,0,0,2,1,0.9369832554694786,False
1,2,1,0,0,5,0,0,1,1,2,0.8593912023571753,False
1,2,3,1,0,2,3,0,0,1,0,0.9464706988476119,False
1,5,0,0,2,1,0,1,0,3,0,0.07915310152591273,True
1,1,2,1,2,2,2,0,0,2,0,0.09484844386602691,True
1,0,1,0,1,6,2,2,0,0,0,0.32474336235008966,True
1,0,1,1,4,2,0,1,2,1,0,0.08134799794545312,True
1,3,1,1,3,0,4,0,0,0,0,0.08809613574483868,True
1,0,1,3,3,1,1,1,2,0,0,0.9651240566421092,False
1,1,1,1,3,2,1,0,1,2,0,0.09484844386565675,True
1,1,2,0,1,4,0,0,0,3,1,0.8942511893534834,False
1,0,2,1,3,2,2,0,1,0,1,0.9388460825470608,False
1,2,0,2,4,0,0,2,0,0,2,0.03481824101458871,True
1,4,2,0,1,1,2,0,1,0,1,0.9595500545477632,False
1,0,1,0,1,6,0,3,0,1,0,-0.014836580028348728,True
1,1,0,0,0,7,0,1,1,1,1,0.8393410872567396,False
1,2,5,1,0,0,0,1,0,0,3,0.020016609930237808,True
1,0,1,0,1,6,0,0,4,0,0,0.8786666794211117,False
1,2,4,0,2,0,2,0,0,2,0,0.06889515118229103,True
1,2,1,2,0,3,1,1,0,1,1,0.9192498455360747,False
1,0,0,7,1,0,3,0,1,0,0,0.987534633014207,False
1,2,4,1,0,1,1,1,1,1,0,0.12256020715592914,True
1,3,0,0,3,2,3,0,0,0,1,0.9386878265032225,False
1,2,1,0,0,5,0,1,1,1,1,0.8789552977063677,False
1,1,0,4,2,1,1,1,1,0,1,0.9577414696275195,False
1,0,0,2,5,1,0,1,1,2,0,0.07492312638671349,True
1,5,0,2,0,1,1,0,2,0,1,0.9576040005118646,False
1,2,0,0,4,2,0,1,1,0,2,0.9173887521525748,False
1,0,2,0,2,4,0,1,0,3,0,0.00641274249171252,True
1,0,2,1,3,2,0,0,1,1,2,0.917297528708727,False
1,1,1,2,0,4,1,0,1,0,2,0.8783236709339608,False
1,0,6,1,0,1,2,0,0,2,0,0.08346358265064771,True
1,0,5,0,2,1,0,1,2,1,0,0.08239874134089166,True
1,0,1,2,0,5,0,1,0,1,2,0.8592498455360744,False
1,7,0,0,1,0,0,2,0,0,2,0.9416786762942012,False
1,0,0,0,1,7,0,3,0,1,0,-0.019164846395757416,True
1,0,0,0,6,2,2,0,1,0,1,0.9341077877055127,False
1,1,3,0,4,0,2,1,1,0,0,0.06728678506432172,True
1,1,5,1,0,1,0,0,0,0,4,0.8987028976859412,False
1,2,0,5,1,0,2,1,1,0,0,0.9229907601848021,False
1,0,3,2,1,2,0,2,0,2,0,0.04967951550325592,True
1,2,0,2,3,1,2,0,2,0,0,0.9783628304305881,False
1,1,2,0,3,2,1,2,0,1,0,0.05784639954904737,True
1,1,1,5,0,1,0,0,2,1,1,0.9542488565856903,False
1,2,0,4,0,2,0,0,0,0,4,0.8771741968973173,False
1,0,3,3,1,1,1,0,0,0,3,0.9190612933263237,False
1,2,1,0,4,1,0,2,0,1,1,0.24151432668315456,True
1,0,0,3,1,4,0,1,2,1,0,0.8957711900380833,False
1,0,1,5,0,2,0,0,1,2,1,0.9365828696714417,False
1,2,2,0,0,4,1,0,3,0,0,0.9192962702181621,False
1,0,0,2,1,5,0,1,0,3,0,0.014316152838725678,True
1,4,0,3,0,1,0,0,0,4,0,0.1399746329402042,True
1,2,2,1,2,1,1,0,0,3,0,0.07682274629125893,True
1,1,0,0,4,3,0,0,2,2,0,0.07484844386552957,True
1,0,0,3,1,4,0,0,3,1,0,0.9119524849272783,False
1,1,1,1,5,0,0,1,2,0,1,0.04718486691281526,True
1,0,2,0,1,5,1,0,0,1,2,0.8574573407416259,False
1,2,0,6,0,0,0,1,2,0,1,0.9726216569338111,False
1,8,0,0,0,0,2,0,1,0,1,0.9796692766678241,False
1,3,0,2,3,0,1,1,0,1,1,0.0683268488754392,True
1,5,2,0,0,1,0,0,0,4,0,0.07466439809876009,True
1,0,1,0,2,5,1,0,0,3,0,0.007201267771060084,True
1,1,0,0,0,7,1,1,0,2,0,0.5152626664205564,False
1,4,4,0,0,0,1,1,1,0,1,0.06870774909394942,True
1,3,3,1,1,0,0,0,1,3,0,0.07316005389067182,True
1,3,0,4,1,0,1,3,0,0,0,0.13384046706686856,True
1,4,0,1,1,2,0,0,1,3,0,0.14332058816520798,True
1,0,5,1,0,2,2,0,2,0,0,0.9597728943880951,False
1,0,1,3,2,2,0,1,0,0,3,0.8990562078342568,False
1,2,3,1,2,0,1,0,0,0,3,0.020778657334954848,True
1,1,0,0,3,4,3,0,1,0,0,0.9188594595319155,False
1,1,1,1,3,2,3,0,1,0,0,0.9589112090808962,False
1,0,2,5,1,0,0,2,0,1,1,0.07223059362915919,True
1,2,1,0,0,5,0,0,1,2,1,0.8785257305823791,False
1,0,1,1,2,4,3,0,1,0,0,0.9192227804836707,False
1,0,0,8,0,0,2,1,0,0,1,0.9716098530011803,False
1,3,0,0,1,4,1,0,0,1,2,0.8789307287695759,False
1,1,1,2,4,0,1,0,1,1,1,0.05244806206036392,True
1,0,4,0,2,2,3,0,1,0,0,0.9553582783569606,False
1,2,0,1,2,3,1,1,0,0,2,0.8993367776434109,False
1,5,1,1,1,0,0,1,0,1,2,0.10364671968070548,True
1,2,1,0,1,4,2,1,1,0,0,0.9117990099007712,False
1,1,4,0,1,2,2,1,1,0,0,0.2374613691107536,True
1,1,3,0,2,2,0,1,2,1,0,0.08080930514715523,True
1,4,2,0,2,0,0,2,1,1,0,0.07382630478549748,True
1,2,4,1,0,1,1,0,0,2,1,0.9542141826459776,False
1,0,2,3,0,3,0,0,0,0,4,0.8584622096257479,False
1,0,1,2,0,5,0,0,0,3,1,0.8774380452418691,False
1,1,2,1,3,1,0,1,0,0,3,0.9169186586688818,False
1,3,0,1,2,2,0,2,0,1,1,0.9375562420721126,False
1,3,2,1,0,2,1,2,1,0,0,0.41618765215721376,True
1,1,1,1,3,2,0,0,1,0,3,0.8989112090808962,False
1,1,0,0,5,2,1,0,3,0,0,0.9575902748485193,False
1,2,0,0,1,5,0,2,0,2,0,0.019183984789072878,True
1,0,0,0,5,3,0,2,0,0,2,0.890950268013223,False
1,2,3,1,0,2,1,0,0,1,2,0.9190307430088459,False
1,0,4,0,0,4,0,0,1,3,0,0.01682274633469685,True
1,0,6,0,2,0,1,0,0,3,0,0.0667888888888889,True
1,1,3,2,0,2,1,0,1,2,0,0.1418755442426012,True
1,3,1,0,2,2,0,0,0,0,4,0.8784992041437683,False
1,0,1,1,5,1,1,0,2,0,1,0.9572749702148036,False
1,1,0,1,1,5,1,1,2,0,0,0.8963775563324902,False
1,3,0,0,1,4,0,0,0,3,1,0.895721618524491,False
1,4,0,0,1,3,0,1,2,0,1,0.9195927543275632,False
1,0,2,3,0,3,1,0,2,0,1,0.9175009144889028,False
1,4,0,0,1,3,1,0,2,1,0,0.931456835376073,False
1,5,1,0,2,0,2,1,0,0,1,0.08458344752606828,True
1,5,0,3,0,0,2,0,2,0,0,0.9955687715227529,False
1,3,2,0,3,0,0,0,0,4,0,0.06426190304318478,True
1,2,1,3,2,0,0,1,0,2,1,0.06766985571254126,True
1,1,2,3,2,0,0,1,1,0,2,0.046027713442426704,True
1,2,1,1,2,2,2,0,1,0,1,0.939222780483671,False
1,4,3,0,0,1,3,1,0,0,0,0.9629697050625079,False
1,4,3,1,0,0,1,0,2,0,1,0.11381450133256968,True
1,1,2,1,1,3,1,2,0,1,0,0.05691643675764423,True
1,5,1,2,0,0,0,0,1,2,1,0.9632245367793096,False
1,4,0,0,2,2,3,0,0,1,0,0.9479774847618522,False
1,0,5,2,1,0,1,0,1,1,1,0.054852394570974405,True
1,1,7,0,0,0,3,1,0,0,0,0.06995555555555555,True
1,0,0,1,0,7,0,2,0,1,1,0.8389552977063675,False
1,2,0,1,3,2,1,0,2,0,1,0.9387764743483044,False
1,3,2,1,0,2,1,1,0,0,2,0.9197531652944692,False
1,0,0,4,3,1,0,1,1,0,2,0.9380593918499801,False
1,0,4,3,1,0,0,0,0,3,1,0.05616010025469616,True
1,1,0,1,0,6,1,1,1,0,1,0.8594818588106427,False
1,2,1,1,1,3,3,1,0,0,0,0.9323186828528319,False
1,4,0,1,1,2,0,1,1,2,0,0.15395091110770392,True
1,2,0,1,0,5,1,1,1,1,0,0.8840558597371178,False
1,0,2,2,1,3,0,0,4,0,0,0.9375536577043577,False
1,4,1,0,2,1,1,0,1,0,2,0.9393367776434111,False
1,2,4,0,2,0,1,0,1,1,1,0.053453198233683115,True
1,2,4,1,1,0,0,0,0,4,0,0.06778549994759225,True
1,0,4,2,0,2,1,2,0,1,0,0.06572887315440197,True
1,0,0,8,0,0,2,1,1,0,0,0.9967739960206891,False
1,4,1,3,0,0,0,2,2,0,0,0.31662406282880506,False
1,1,0,3,4,0,2,0,0,2,0,0.06888400541297386,True
1,3,5,0,0,0,1,0,0,3,0,0.07148593142030567,True
1,0,3,0,1,4,3,0,1,0,0,0.919090880983105,False
1,0,5,3,0,0,0,1,2,0,1,0.06148598896951746,True
1,0,1,1,4,2,1,1,0,2,0,0.054923126386728964,True
1,3,1,2,2,0,0,0,0,4,0,0.07010140587626941,True
1,3,1,1,3,0,0,2,0,0,2,0.038787052138841434,True
1,5,0,2,0,1,0,0,2,2,0,0.9589300293755866,False
1,1,1,5,1,0,2,2,0,0,0,0.1145075027688207,True
1,0,0,1,3,4,2,1,0,0,1,0.8987549767368184,False
1,5,0,0,3,0,2,2,0,0,0,0.08379557519797189,True
1,0,1,6,0,1,0,1,3,0,0,0.9779705502156056,False
1,1,0,1,1,5,2,1,0,0,1,0.8796859018012151,False
1,3,0,1,0,4,3,0,1,0,0,0.918857574656676,False
1,0,6,1,0,1,1,0,1,2,0,0.08346358265064771,True
1,0,1,4,2,1,0,0,3,0,1,0.9545371455505852,False
1,3,3,2,0,0,3,0,0,1,0,0.10308965846018307,True
1,2,2,3,0,1,0,1,0,1,2,0.9390548603682476,False
1,0,2,4,2,0,0,0,0,4,0,0.06772980415104694,True
1,1,2,1,0,4,1,1,1,1,0,0.3717179735433484,True
1,2,5,0,0,1,3,0,0,1,0,0.24731040614485547,True
1,0,1,1,6,0,0,0,0,0,4,-0.0159227140601513,True
1,0,6,1,1,0,0,0,1,0,3,0.012489955464794448,True
1,2,3,0,2,1,0,0,2,2,0,0.09448038147664319,True
1,1,0,0,5,2,2,0,1,1,0,0.22924001678302122,True
1,4,2,2,0,0,0,0,1,0,3,0.5984026021283319,False
1,0,1,0,7,0,3,0,0,1,0,0.06,True
1,3,1,0,2,2,1,0,1,0,2,0.9193367776434109,False
1,0,0,1,2,5,1,0,1,0,2,0.8590730946373583,False
1,2,1,2,3,0,0,2,0,1,1,0.056097078694628204,True
1,0,8,0,0,0,0,2,0,0,2,0.03201887041390606,True
1,0,2,2,4,0,1,0,0,1,2,0.029535399773552146,True
1,0,4,2,2,0,3,1,0,0,0,0.07251316662766626,True
1,0,7,1,0,0,2,0,0,1,1,0.05172473086416563,True
1,2,2,2,0,2,0,1,0,0,3,0.8997402176677701,False
1,0,4,2,0,2,0,1,1,0,2,0.9197728943880948,False
1,0,1,7,0,0,1,0,0,0,3,0.9402398786220696,False
1,0,1,1,5,1,0,0,0,1,3,0.9093241145959968,False
1,7,0,0,0,1,3,0,0,0,1,0.9600154052550148,False
1,0,1,0,7,0,0,2,0,1,1,0.04140595324864643,True
1,1,5,0,2,0,1,0,3,0,0,0.0714859314203057,True
1,1,6,0,0,1,1,0,1,1,1,0.9476600765639002,False
1,0,4,1,3,0,0,1,0,3,0,0.06521597222222222,True
1,6,0,0,2,0,1,0,0,1,2,0.16020782803374944,True
1,2,0,1,1,4,0,3,0,0,1,0.8981425444754949,False
1,0,2,0,6,0,0,0,2,0,2,0.02333055555555562,True
1,0,6,1,1,0,1,0,2,1,0,0.07003427291451463,True
1,1,5,0,1,1,2,0,0,1,1,0.9457943828561891,False
1,0,0,3,1,4,0,1,0,1,2,0.8785815977293596,False
1,0,0,1,5,2,2,0,2,0,0,0.9577865964154789,False
1,5,0,0,2,1,0,0,1,1,2,0.9383716228634983,False
1,0,1,1,1,5,1,1,1,1,0,0.3517179735433485,True
1,0,0,3,3,2,0,0,2,2,0,0.14187554401591654,True
1,1,1,2,4,0,1,1,2,0,0,0.0720072844003771,True
1,0,2,1,3,2,2,0,0,2,0,0.0744803814764833,True
1,2,1,0,2,3,1,1,0,0,2,0.8974220759204893,False
1,0,6,1,1,0,1,0,2,0,1,0.05249172362705855,True
1,3,3,1,0,1,0,2,0,0,2,0.9373211626391087,False
1,2,5,0,0,1,3,1,0,0,0,0.2534738873975245,True
1,0,0,6,1,1,2,0,1,1,0,0.9719086236661085,False
1,2,0,0,5,1,0,1,0,1,2,0.9285138833460016,False
1,0,1,0,2,5,2,0,1,1,0,0.8851369683310416,False
1,0,1,0,4,3,2,0,1,0,1,0.9176511919419266,False
1,0,6,1,0,1,2,0,1,1,0,0.14399483207633962,True
1,1,2,2,0,3,0,2,1,1,0,0.07954169250262982,True
1,6,0,2,0,0,0,2,1,0,1,0.9792962702181629,False
1,0,1,4,2,1,0,3,1,0,0,0.10262335083554856,True
1,5,0,2,0,1,1,1,0,1,1,0.9590622146536413,False
1,1,0,7,0,0,0,1,2,1,0,0.9934566871057451,False
1,2,3,3,0,0,1,0,2,0,1,0.11580310776751913,True
1,3,1,3,1,0,1,0,1,2,0,0.10769508483620992,True
1,1,2,0,3,2,2,1,0,1,0,0.08007680196546044,True
1,0,0,1,6,1,0,0,1,3,0,0.06713767038634283,True
1,1,2,2,3,0,0,0,4,0,0,0.07811697379948898,True
1,1,0,1,6,0,2,1,0,0,1,0.04439733511265198,True
1,1,2,1,1,3,0,1,1,2,0,0.05326131456653108,True
1,0,4,4,0,0,1,0,3,0,0,0.09793925200550065,True
1,2,0,4,2,0,0,1,0,1,2,0.09217550737042936,True
1,1,3,2,1,1,0,0,3,1,0,0.9631739439034313,False
1,1,1,0,6,0,0,0,3,1,0,0.06202178627006115,True
1,1,0,0,1,6,0,0,2,0,2,0.8392542404893943,False
1,3,2,0,0,3,1,0,0,3,0,0.06699089777755997,True
1,1,4,2,0,1,2,0,1,1,0,0.9604279605927493,False
1,1,1,0,4,2,1,2,0,1,0,0.057846399548960196,True
1,0,3,2,2,1,0,3,0,0,1,0.2795646773760295,True
1,1,5,2,0,0,0,1,1,1,1,0.058948853004065896,True
1,1,2,3,2,0,1,1,1,1,0,0.0769707699654051,True
1,0,0,4,3,1,1,0,2,1,0,0.9661241088128059,False
1,0,2,5,0,1,2,0,0,0,2,0.9367155848008311,False
1,3,1,2,2,0,2,0,0,0,2,0.08760056426778133,True
1,2,0,0,5,1,1,0,2,1,0,0.2504862012993447,True
1,1,5,1,0,1,0,2,2,0,0,0.1064184293210242,True
1,0,2,1,0,5,0,0,2,0,2,0.8590423712936559,False
1,3,0,1,3,1,2,1,0,1,0,0.17149413805399788,True
1,0,1,1,5,1,2,0,1,1,0,0.14399348888839145,True
1,1,0,0,1,6,0,0,3,0,1,0.8588163516340167,False
1,3,3,2,0,0,2,0,0,1,1,0.09036350137362668,True
1,0,2,1,2,3,1,0,1,0,2,0.899309206439115,False
1,6,2,0,0,0,1,2,0,0,1,0.12242474012004373,True
1,0,0,5,0,3,0,0,3,1,0,0.9323226928783823,False
1,2,3,0,1,2,1,1,1,0,1,0.9372657854602178,False
1,1,0,0,2,5,2,1,1,0,0,0.892173886566808,False
1,2,1,3,2,0,0,0,1,2,1,0.07356485939894909,True
1,0,1,0,1,6,0,2,0,2,0,-0.01661648433045203,True
1,3,3,1,0,1,0,1,0,2,1,0.9533122202414004,False
1,4,2,1,1,0,0,0,0,0,4,0.05381786141533325,True
1,3,0,4,0,1,0,1,0,3,0,0.14676443854343144,True
1,2,2,0,4,0,0,1,1,0,2,0.029690489729774047,True
1,1,2,0,2,3,3,1,0,0,0,0.9209311450687429,False
1,0,5,1,0,2,1,1,1,1,0,0.08099208076929969,True
1,2,1,0,2,3,2,0,0,2,0,0.12187554401717701,True
1,0,2,3,1,2,0,2,0,1,1,0.9392012412241693,False
1,2,2,4,0,0,1,0,1,1,1,0.20184734182562053,True
1,0,5,2,1,0,1,0,0,3,0,0.06804930555555555,True
1,5,1,0,0,2,2,0,0,0,2,0.9197824834558649,False
1,2,5,1,0,0,1,0,3,0,0,0.08343494325570157,True
1,0,1,0,0,7,0,0,0,1,3,0.7990474373990601,False
1,2,1,0,0,5,3,0,0,0,1,0.8797824834558645,False
1,1,1,0,5,1,0,1,0,1,2,0.22551029801437653,True
1,4,0,2,2,0,1,0,0,2,1,0.11132782919784494,True
1,0,0,4,1,3,1,1,0,2,0,0.13395091110770393,True
1,5,0,0,1,2,0,0,1,1,2,0.9189447578672001,False
1,0,0,0,0,8,1,1,0,0,2,0.799532072874622,False
1,0,1,1,3,3,1,0,0,1,2,0.8974183735401222,False
1,4,1,0,3,0,0,0,0,3,1,0.05562382415704078,True
1,0,3,2,0,3,2,0,0,0,2,0.8995585453683188,False
1,2,4,0,0,2,1,1,2,0,0,0.9316801099709362,False
1,2,1,1,1,3,1,0,1,1,1,0.9188835951477518,False
1,2,4,2,0,0,1,1,1,0,1,0.06988008895132117,True
1,1,1,0,6,0,1,1,1,0,1,0.04355063778837542,True
1,1,1,3,3,0,4,0,0,0,0,0.08809613574483868,True
1,0,2,6,0,0,0,1,2,0,1,0.20703537694749474,True
1,1,2,2,3,0,0,1,0,2,1,0.052058112828603856,True
1,0,2,2,2,2,1,1,1,1,0,0.10329462997852472,True
1,4,0,1,1,2,1,1,0,1,1,0.9389431262837176,False
1,4,0,1,0,3,1,2,1,0,0,0.9239324664896695,False
1,0,1,6,0,1,1,0,0,1,2,0.9353695635385203,False
1,4,1,1,2,0,0,1,0,1,2,0.05393224929401004,True
1,0,1,3,2,2,0,0,0,1,3,0.8983807355859376,False
1,0,0,5,1,2,0,0,0,2,2,0.9169036730127448,False
1,0,1,4,2,1,2,1,0,1,0,0.1749215327782791,True
1,2,2,0,2,2,2,0,0,0,2,0.9180270407017401,False
1,0,1,3,3,1,0,0,2,1,1,0.9579650249431834,False
1,0,1,3,4,0,1,2,1,0,0,0.06996538101829312,True
1,4,1,0,0,3,2,0,1,0,1,0.919875415915871,False
1,4,3,0,1,0,1,3,0,0,0,0.07650283429871611,True
1,2,1,1,0,4,0,1,2,1,0,0.8971937653445733,False
1,1,2,0,3,2,3,0,0,0,1,0.9379192740975824,False
1,1,1,2,3,1,2,0,0,2,0,0.11484844386565671,True
1,1,0,5,1,1,1,1,0,0,2,0.9371853219210378,False
1,0,3,1,0,4,0,1,2,1,0,0.11305074425596152,True
1,1,1,2,3,1,0,0,0,0,4,0.8989127177384613,False
1,2,0,1,3,2,2,1,1,0,0,0.9558023800409889,False
1,4,0,1,3,0,0,2,2,0,0,0.08379557519797189,True
1,2,4,2,0,0,2,2,0,0,0,0.0804174726593421,True
1,0,4,1,2,1,1,2,0,1,0,0.07299837734002913,True
1,5,1,1,1,0,4,0,0,0,0,0.6580640392467384,False
1,2,0,1,3,2,1,1,0,1,1,0.9369339901811568,False
1,0,0,2,0,6,0,0,0,4,0,0.03997463294020437,True
1,2,0,0,5,1,2,1,0,0,1,0.9545380315753682,False
1,2,4,0,1,1,1,1,0,2,0,0.07492312638857339,True
1,0,1,1,4,2,2,1,0,0,1,0.9364083023354156,False
1,7,0,1,0,0,0,0,2,1,1,0.9783302715605001,False
1,0,1,4,1,2,3,0,1,0,0,0.9571853219210378,False
1,4,0,4,0,0,1,0,0,0,3,0.9360421773072326,False
1,1,2,1,3,1,3,0,0,1,0,0.24981504608004446,True
1,0,0,6,1,1,3,0,0,1,0,0.9719418913428937,False
1,4,2,2,0,0,0,0,2,2,0,0.1129831042098998,True
1,0,3,3,1,1,2,0,2,0,0,0.9781048596899165,False
1,2,1,1,3,1,0,0,2,0,2,0.9388840275256942,False
1,2,3,0,1,2,4,0,0,0,0,0.9581425444754949,False
1,3,2,0,3,0,1,0,1,0,2,0.03811697379948904,True
1,2,1,0,0,5,0,0,1,1,2,0.8593912023571753,False
1,5,0,0,2,1,1,0,2,1,0,0.9686325496158896,False
1,1,4,2,1,0,0,0,0,1,3,0.02003064218708363,True
1,1,2,2,0,3,2,0,1,0,1,0.9187636390973987,False
1,1,3,3,0,1,2,0,2,0,0,0.9777414696275194,False
1,2,0,1,1,4,1,0,2,0,1,0.8985546668859657,False
1,1,1,2,1,3,1,1,0,0,2,0.8995010889982232,False
1,7,0,0,1,0,1,0,0,2,1,0.9574759516199324,False
1,0,5,0,3,0,0,1,1,2,0,0.06629930555555556,True
1,0,0,2,1,5,1,0,0,3,0,0.0833205881652081,True
1,3,0,0,3,2,0,3,1,0,0,0.07780625865995314,True
1,0,0,4,1,3,2,0,2,0,0,0.9355573226999244,False
1,2,0,1,4,1,0,1,1,2,0,0.08201878492417174,True
1,2,0,1,1,4,0,0,1,1,2,0.8787463885751783,False
1,2,2,0,2,2,1,0,0,2,1,0.934705152185964,False
1,3,2,3,0,0,0,0,0,3,1,0.10221092054789171,True
1,0,5,0,1,2,2,1,0,1,0,0.06792824910702795,True
1,0,0,7,0,1,0,1,0,1,2,0.9326893835322908,False
1,1,3,1,3,0,0,0,2,0,2,0.03316005389067192,True
1,4,0,2,1,1,1,0,0,0,3,0.918816351634017,False
1,0,3,5,0,0,0,1,0,1,2,0.061954207880498484,True
1,2,1,0,2,3,1,0,0,0,3,0.8784992041437683,False
1,0,4,2,1,1,0,3,0,1,0,0.06838272972904452,True
1,0,0,0,7,1,0,0,4,0,0,0.9707163141719929,False
1,2,0,4,2,0,0,1,2,0,1,0.181362289110613,True
1,5,0,1,1,1,0,1,1,0,2,0.9394666929228223,False
1,2,2,0,3,1,2,0,0,2,0,0.09448038147648327,True
1,1,0,3,3,1,0,1,2,0,1,0.9582761616437593,False
1,0,4,0,3,1,0,2,2,0,0,0.08718036553999506,True
1,1,2,4,1,0,0,1,2,1,0,0.08832578390212857,True
1,3,2,1,0,2,3,0,1,0,0,0.9595230089114068,False
1,4,1,0,1,2,0,0,0,4,0,0.054664398095265666,True
1,1,0,1,2,4,0,0,2,1,1,0.8983906678382703,False
1,0,1,4,3,0,0,1,1,0,2,0.042316418110970186,True
1,4,0,0,3,1,2,1,1,0,0,0.9764912043962837,False
1,3,0,3,1,1,1,2,0,1,0,0.17955828408165717,True
1,3,1,0,4,0,1,1,1,1,0,0.06839862314078128,True
1,0,3,2,1,2,2,0,0,1,1,0.9389492936972021,False
1,3,0,0,2,3,0,1,1,2,0,0.07472264300015964,True
1,0,2,5,1,0,1,0,3,0,0,0.1338630593079079,True
1,0,0,3,3,2,0,3,1,0,0,0.08148549599846128,True
1,3,0,3,2,0,0,0,4,0,0,0.6484658076495367,False
1,0,0,3,2,3,0,1,1,2,0,0.07472264300015964,True
1,1,2,1,2,2,1,2,0,0,1,0.9342179841398381,False
1,1,2,2,3,0,1,0,0,3,0,0.06643733769755213,True
1,1,2,2,3,0,3,1,0,0,0,0.0745154265619327,True
1,0,3,1,4,0,1,1,1,0,1,0.0477470921430127,True
1,2,3,0,0,3,1,1,1,1,0,0.13109632809521773,True
1,1,2,2,2,1,0,3,1,0,0,0.0887294548939963,True
1,0,1,4,3,0,3,0,1,0,0,0.08809613574483868,True
1,4,1,1,1,1,2,0,0,0,2,0.9395927543275632,False
1,0,0,0,6,2,1,0,0,1,2,0.9044516810022274,False
1,5,1,1,1,0,2,0,0,2,0,0.10769508483620992,True
1,1,0,5,0,2,1,0,1,1,1,0.9356098697007019,False
1,7,0,1,0,0,3,0,1,0,0,0.9988575746566768,False
1,2,3,0,0,3,0,0,1,0,3,0.8797531652944689,False
1,0,1,0,4,3,3,1,0,0,0,0.21347388739864956,True
1,2,1,2,2,1,1,1,0,0,2,0.9393092064391152,False
1,6,2,0,0,0,2,0,0,0,2,0.6148359826973824,False
1,2,0,6,0,0,0,4,0,0,0,0.1795143219284843,True
1,1,0,0,6,1,0,4,0,0,0,0.06942237593610412,True
1,0,4,1,1,2,0,0,3,0,1,0.9392936974806066,False
1,0,4,0,0,4,1,1,2,0,0,0.8916801099709362,False
1,1,2,1,1,3,0,2,2,0,0,0.13870752561737096,True
1,3,0,1,0,4,0,1,3,0,0,0.9166736774532829,False
1,1,4,0,1,2,1,0,2,1,0,0.23048620143003895,True
1,2,2,3,0,1,0,1,2,1,0,0.437730634689985,True
1,0,6,2,0,0,0,0,0,1,3,0.01529156373078325,True
1,2,2,2,1,1,0,0,0,1,3,0.9189144706096786,False
1,4,0,0,0,4,0,0,1,3,0,0.5684658076495366,False
1,0,0,0,6,2,1,2,0,1,0,0.05282629790454589,True
1,0,1,0,5,2,3,0,1,0,0,0.9554778265223846,False
1,0,1,1,0,6,2,0,0,2,0,0.8549426472625443,False
1,1,0,1,6,0,0,2,1,0,1,0.04379758503282741,True
1,3,0,0,2,3,1,0,0,1,2,0.8981812500000005,False
1,0,3,4,1,0,0,1,3,0,0,0.08613588254208401,True
1,0,0,2,0,6,0,0,0,3,1,0.8574750590883896,False
1,2,1,0,4,1,0,0,2,2,0,0.0944803814764283,True
1,0,0,3,5,0,0,2,0,2,0,0.06280393356720905,True
1,6,1,0,0,1,0,1,0,0,3,0.9191863977497727,False
1,2,4,1,0,1,0,1,0,0,3,0.9166357874835106,False
1,0,0,8,0,0,0,1,0,1,2,0.953182235463161,False
1,1,0,4,1,2,0,1,2,1,0,0.9351307947064449,False
1,4,3,1,0,0,0,0,4,0,0,0.13515200530695107,True
1,2,3,2,0,1,0,1,2,1,0,0.17418294462276265,True
1,0,3,5,0,0,1,0,0,2,1,0.08177401016831884,True
1,1,2,1,4,0,0,0,2,0,2,0.030901854588659815,True
1,2,1,2,3,0,2,0,1,0,1,0.0680961357448387,True
1,5,1,0,2,0,1,0,0,0,3,0.06760056426778137,True
1,3,1,0,3,1,1,3,0,0,0,0.0860976513395472,True
1,2,3,1,1,1,1,0,1,2,0,0.11484844387146678,True
1,0,4,0,1,3,0,1,1,1,1,0.9068135960853312,False
1,3,1,2,0,2,0,0,2,0,2,0.9177513434726061,False
1,0,4,2,2,0,0,0,1,2,1,0.052263777175525314,True
1,1,0,5,0,2,1,1,1,1,0,0.9464854868970412,False
1,1,0,0,5,2,0,0,1,2,1,0.9249712292699128,False
1,0,4,0,2,2,0,3,1,0,0,0.05572268687487908,True
1,0,2,1,3,2,2,0,0,1,1,0.9360546793605669,False
1,0,0,5,0,3,2,1,0,1,0,0.9252075201525808,False
1,5,1,2,0,0,0,2,0,0,2,0.9433874135999409,False
1,2,0,6,0,0,1,1,2,0,0,0.998127591111976,False
1,0,2,1,3,2,2,1,0,1,0,0.08062771670138345,True
1,0,1,1,2,4,0,1,0,3,0,0.011216094061976394,True
1,1,5,0,1,1,2,0,0,0,2,0.9335568008150985,False
1,0,3,0,2,3,0,0,3,1,0,0.21209748438413645,True
1,5,0,2,0,1,2,0,0,1,1,0.958573589365233,False
1,2,5,0,1,0,0,3,1,0,0,0.06963263888888889,True
1,0,1,0,7,0,0,0,0,4,0,0.06,True
1,0,0,5,2,1,0,0,2,0,2,0.9324454331207712,False
1,2,0,1,0,5,0,3,0,1,0,0.07451307916389442,True
1,3,1,1,2,1,2,0,0,2,0,0.16187554401717694,True
1,0,0,1,0,7,2,1,1,0,0,0.8558148189469856,False
1,0,1,5,1,1,0,0,0,0,4,0.8967155848008306,False
1,5,2,0,1,0,0,0,0,4,0,0.07288982329508563,True
1,2,2,1,1,2,1,1,1,1,0,0.15227928694838266,True
1,0,4,1,1,2,0,1,1,0,2,0.9177895191990421,False
1,2,3,3,0,0,1,0,2,0,1,0.11580310776751913,True
1,5,0,0,3,0,1,1,2,0,0,0.0941988126828467,True
1,2,0,1,2,3,0,0,0,0,4,0.8592678247850654,False
1,1,3,3,1,0,2,1,0,1,0,0.07917708937822965,True
1,1,2,3,0,2,2,0,0,0,2,0.9184622096257483,False
1,1,1,0,5,1,0,0,1,3,0,0.06618122420518992,True
1,1,5,0,1,1,0,2,1,0,1,0.2561253554751861,True
1,0,0,0,1,7,1,1,1,1,0,0.8386549772211892,False
1,6,1,1,0,0,2,1,0,0,1,0.9668175161201391,False
1,0,1,2,2,3,3,1,0,0,0,0.9289260295324667,False
1,5,2,1,0,0,1,1,0,0,2,0.17469044655000882,True
1,1,0,0,5,2,1,0,0,3,0,0.050379104053952496,True
1,1,1,0,4,2,0,0,1,2,1,0.9280779764932049,False
1,2,1,1,4,0,0,0,2,2,0,0.06666639312745606,True
1,1,0,3,1,3,3,1,0,0,0,0.937207839587207,False
1,4,0,2,2,0,1,0,2,1,0,0.15997463294020428,True
1,0,0,6,2,0,2,0,1,0,1,0.6284658076495366,False
1,3,0,5,0,0,1,0,0,2,1,0.9763570660884588,False
1,2,1,4,0,1,0,2,0,0,2,0.9385823626415322,False
1,0,2,1,2,3,0,0,1,0,3,0.8793092064391153,False
1,1,0,5,1,1,0,1,3,0,0,0.9787363191811894,False
1,0,5,2,1,0,1,1,1,1,0,0.07090002961673987,True
1,4,3,1,0,0,0,0,3,1,0,0.10333791463083795,True
1,2,1,1,3,1,1,1,0,0,2,0.9383311939552886,False
1,1,2,5,0,0,0,0,2,1,1,0.20478730740126466,True
1,4,2,1,0,1,2,0,0,1,1,0.9594072460978297,False
1,3,0,1,1,3,0,1,3,0,0,0.9372078395872071,False
1,0,1,4,0,3,0,0,0,4,0,0.048894053990902596,True
1,0,2,2,4,0,0,0,0,3,1,0.047655405179277625,True
1,2,6,0,0,0,0,2,2,0,0,0.07130308657751376,True
1,1,3,0,0,4,1,1,1,1,0,0.11109632809521776,True
1,0,0,4,2,2,4,0,0,0,0,0.9576914614850452,False
1,2,1,3,1,1,1,0,1,0,2,0.937797364765211,False
1,1,3,1,0,3,3,1,0,0,0,0.928025174767082,False
1,8,0,0,0,0,2,0,0,2,0,0.9785108212608817,False
1,8,0,0,0,0,0,0,0,2,2,0.9585175055437948,False
1,0,0,2,1,5,1,0,2,1,0,0.8918458248013325,False
1,0,0,3,4,1,1,0,2,1,0,0.9629368625686237,False
1,3,1,3,1,0,0,0,1,0,3,0.5980890690907885,False
1,1,1,0,6,0,0,1,0,0,3,0.003550637788375484,True
1,0,2,6,0,0,3,0,0,1,0,0.1767044648563019,True
1,1,2,0,5,0,3,1,0,0,0,0.0655781328354871,True
1,0,1,5,1,1,0,2,1,1,0,0.1211406782614221,True
1,5,1,1,0,1,0,0,2,0,2,0.938652638074619,False
1,0,0,2,1,5,0,1,0,3,0,0.014316152838725678,True
1,1,3,0,0,4,0,0,0,2,2,0.8749962348472355,False
1,1,2,2,1,2,0,0,1,0,3,0.8989891276287819,False
1,0,3,3,0,2,0,1,0,1,2,0.9192296601079332,False
1,0,0,0,7,1,0,1,2,0,1,0.2791599806064533,True
1,2,1,1,4,0,0,0,1,1,2,0.03244806206036395,True
1,5,0,0,3,0,1,0,1,0,2,0.07989855995460707,True
1,3,3,2,0,0,0,0,3,0,1,0.11547901125408867,True
1,1,2,0,4,1,0,1,1,2,0,0.07005176310973987,True
1,4,0,0,2,2,0,0,1,3,0,0.08699089775599188,True
1,3,3,1,0,1,0,0,3,1,0,0.9700250664041329,False
1,0,1,1,5,1,2,1,1,0,0,0.15386691789773452,True
1,2,0,3,1,2,0,2,1,0,1,0.9387663299405852,False
1,0,0,4,2,2,0,2,0,0,2,0.9187472241876465,False
1,1,1,2,4,0,1,0,2,1,0,0.07010140587626941,True
1,3,3,0,0,2,1,2,0,0,1,0.9353419434291275,False
1,1,0,0,1,6,0,1,0,0,3,0.819089175969509,False
1,2,3,0,1,2,4,0,0,0,0,0.9581425444754949,False
1,0,1,3,4,0,1,0,1,2,0,0.06666639312745606,True
1,4,0,0,3,1,0,2,0,2,0,0.07499392703459744,True
1,3,1,0,1,3,0,0,1,0,3,0.8796859018012154,False
1,2,0,3,0,3,0,1,2,0,1,0.9174595912506188,False
1,1,0,0,6,1,0,0,1,3,0,0.06713767038634283,True
1,0,1,2,1,4,1,0,0,0,3,0.8591226873571577,False
1,0,1,4,1,2,1,2,1,0,0,0.42833480750244024,True
1,0,2,0,5,1,1,1,0,2,0,0.06927028981958014,True
1,1,6,1,0,0,0,1,1,2,0,0.06945555555555555,True
1,1,1,4,1,1,0,3,0,0,1,0.959293697480607,False
1,5,1,1,0,1,0,0,1,0,3,0.9192343255381935,False
1,0,1,3,2,2,0,0,3,0,1,0.9371938287582064,False
1,3,2,0,0,3,1,1,1,0,1,0.9188573767084391,False
1,3,1,1,3,0,0,1,1,1,1,0.05854249533113952,True
1,0,0,0,8,0,2,1,0,1,0,0.060000000000000005,True
1,0,0,6,2,0,0,0,0,0,4,0.5684658076495367,False
1,0,0,0,3,5,0,1,2,0,1,0.8788188838611727,False
1,5,1,1,1,0,0,0,2,2,0,0.10769508483620992,True
1,2,4,0,2,0,1,0,0,1,2,0.033453198233683146,True
1,1,1,1,5,0,2,0,2,0,0,0.0682508047786385,True
1,2,3,1,1,1,0,1,0,1,2,0.9341609115457116,False
1,0,2,4,2,0,0,1,0,3,0,0.06916001556035199,True
1,2,1,2,3,0,0,4,0,0,0,0.07101186926993816,True
1,1,4,0,2,1,2,0,0,2,0,0.08346357336903848,True
1,1,1,1,2,3,0,2,2,0,0,0.13870752529102331,True
1,6,0,0,0,2,0,1,2,0,1,0.9396966426956898,False
1,2,0,6,0,0,0,0,0,4,0,0.15997463294020417,True
1,2,0,3,2,1,0,1,2,1,0,0.437730634689985,True
1,2,5,1,0,0,2,1,1,0,0,0.07818255868141905,True
1,2,1,0,0,5,0,0,2,2,0,0.8750599867297253,False
1,2,1,1,2,2,1,0,0,3,0,0.06720126777105999,True
1,1,0,1,5,1,1,2,1,0,0,0.10527649527480432,True
1,0,0,0,2,6,0,2,2,0,0,0.3340218611473589,True
1,0,2,2,4,0,0,1,0,0,3,0.009690489729774078,True
1,1,4,1,2,0,0,0,3,0,1,0.055030097187167296,True
1,2,1,0,3,2,1,1,0,1,1,0.935157839942727,False
1,4,1,0,1,2,4,0,0,0,0,0.9594009401355331,False
1,1,3,2,0,2,0,2,1,0,1,0.9402398786220697,False
1,1,2,1,2,2,0,2,0,1,1,0.9316059807693379,False
1,0,4,2,2,0,0,0,1,1,2,0.033453198233683146,True
1,0,2,3,0,3,0,0,4,0,0,0.9351624462722771,False
1,3,2,0,2,1,0,1,1,0,2,0.937176571647702,False
1,2,3,0,1,2,2,0,2,0,0,0.9598876163342089,False
1,1,3,0,4,0,0,1,2,0,1,0.0477470921430127,True
1,0,2,0,0,6,0,0,1,0,3,0.8200068523255308,False
1,0,0,3,3,2,1,1,0,1,1,0.9378952296053691,False
1,0,5,0,0,3,0,2,0,1,1,0.20151438676653838,True
1,1,1,3,3,0,0,3,0,1,0,0.06981636071591016,True
1,1,0,0,6,1,2,0,1,0,1,0.9541077877055129,False
1,0,0,2,5,1,0,0,3,1,0,0.2593947587642255,True
1,3,0,1,4,0,0,0,1,1,2,0.03772512403235553,True
1,5,1,1,0,1,3,1,0,0,0,0.9734593370118422,False
1,0,2,1,2,3,0,1,1,1,1,0.9171369692439265,False
1,3,1,3,0,1,0,0,0,3,1,0.9574647154845101,False
1,1,2,4,1,0,3,0,0,0,1,0.11384046706686858,True
1,0,1,1,6,0,0,0,2,0,2,0.02407728593984863,True
1,4,3,1,0,0,0,2,2,0,0,0.09030991063800568,True
1,3,0,0,0,5,2,0,0,1,1,0.8794289626110722,False
1,2,0,3,0,3,1,0,1,2,0,0.9189620292904704,False
1,1,1,2,0,4,0,2,0,0,2,0.8798924718487909,False
1,3,0,2,2,1,1,0,1,2,0,0.41234486984520663,True
1,0,3,1,2,2,0,0,4,0,0,0.9588278587365173,False
1,1,0,0,1,6,0,2,1,1,0,0.07788371003125726,True
1,0,1,0,5,2,0,2,2,0,0,0.07294555797408843,True
1,3,0,1,2,2,1,2,0,1,0,0.0986243990988224,True
1,4,1,1,1,1,0,2,0,0,2,0.9385907774751594,False
1,1,0,4,1,2,0,2,1,0,1,0.9379592941398293,False
1,0,0,5,2,1,2,0,2,0,0,0.9724454331207715,False
1,2,0,2,1,3,2,1,0,1,0,0.9174262146980847,False
1,0,0,3,3,2,2,0,0,0,2,0.9185317850892357,False
1,0,1,4,3,0,0,2,0,2,0,0.06846451965293028,True
1,5,1,2,0,0,2,0,1,0,1,0.9723778714777428,False
1,0,2,1,3,2,1,1,1,1,0,0.08098987787500886,True
1,1,0,4,0,3,0,1,0,2,1,0.9178104409369104,False
1,1,2,0,5,0,0,1,3,0,0,0.0655781328354871,True
1,2,1,1,4,0,1,1,0,0,2,0.03265267093734333,True
1,0,4,1,3,0,0,2,0,0,2,0.029308759250321052,True
1,1,0,0,6,1,0,1,0,1,2,0.225510298014372,True
1,0,0,1,7,0,0,0,1,2,1,0.04249072883281272,True
1,0,4,3,1,0,0,1,0,2,1,0.056280523878903886,True
1,0,1,1,3,3,2,0,1,1,0,0.9219653919304597,False
1,1,2,0,5,0,1,2,1,0,0,0.06521597222222222,True
1,0,2,0,6,0,1,0,2,1,0,0.0619,True
1,0,3,0,3,2,1,0,0,2,1,0.224334951113946,True
1,2,0,4,2,0,0,1,1,1,1,0.11217550737042932,True
1,3,1,4,0,0,0,1,1,2,0,0.13192592140729426,True
1,2,0,1,3,2,0,2,1,1,0,0.07721789918511558,True
1,0,0,8,0,0,1,2,0,1,0,0.6604409091683754,False
1,4,0,3,1,0,3,0,0,1,0,0.919291457354175,False
1,1,3,0,0,4,0,2,0,2,0,0.0149939435040387,True
1,2,0,2,4,0,2,0,2,0,0,0.08326272953053557,True
1,4,0,0,3,1,2,0,1,1,0,0.9639519550689299,False
1,0,4,3,0,1,0,0,0,1,3,0.9191163987029319,False
1,3,0,0,4,1,1,3,0,0,0,0.08609765133919005,True
1,3,0,1,1,3,0,3,0,0,1,0.9181425444754949,False
1,0,3,3,2,0,1,0,1,2,0,0.07136759283445235,True
1,1,1,3,3,0,0,2,1,0,1,0.058787052138841396,True
1,4,3,0,0,1,0,1,1,0,2,0.9386581681130629,False
1,5,0,2,0,1,0,0,0,0,4,0.8985234692889146,False
1,1,1,1,5,0,0,0,1,0,3,0.008250804778638597,True
1,0,0,2,3,3,2,0,2,0,0,0.9383628304305878,False
1,3,0,1,0,4,2,2,0,0,0,0.9027813313149142,False
1,0,0,2,0,6,1,3,0,0,0,0.5375498086671356,False
1,1,4,1,2,0,1,1,2,0,0,0.07251316662766626,True
1,1,2,3,1,1,0,0,3,0,1,0.9571938287582066,False
1,1,2,0,2,3,2,1,1,0,0,0.9138131614058075,False
1,0,3,2,3,0,0,0,2,1,1,0.05168373089815092,True
1,2,0,0,0,6,0,0,0,1,3,0.819428962611072,False
1,2,3,1,1,1,1,2,0,1,0,0.08537368481964323,True
1,6,1,0,0,1,0,2,0,2,0,0.09918398479460283,True
1,0,1,3,1,3,1,1,0,0,2,0.8989891276287816,False
1,0,5,1,2,0,0,2,2,0,0,0.06899722222222224,True
1,2,1,4,0,1,0,0,2,2,0,0.9525418883433596,False
1,0,0,0,8,0,2,1,0,0,1,0.040000000000000036,True
1,2,2,1,3,0,1,0,1,0,2,0.03811697379948904,True
1,0,2,0,1,5,2,0,1,0,1,0.8795500545477628,False
1,4,0,4,0,0,0,0,0,3,1,0.9770656990921454,False
1,1,2,0,3,2,2,0,1,1,0,0.22924001678336375,True
1,3,1,1,0,3,0,1,0,2,1,0.9178533125288714,False
1,4,1,2,0,1,1,2,0,0,1,0.9598924718487918,False
1,0,2,2,0,4,1,1,0,2,0,0.0547226430864563,True
1,2,1,1,1,3,2,0,1,1,0,0.9308517259136934,False
1,2,4,0,1,1,0,0,0,0,4,0.8965247853863553,False
1,4,1,0,0,3,0,0,2,0,2,0.8994818588106429,False
1,1,0,5,2,0,1,0,2,0,1,0.6284658076495366,False
1,1,4,1,2,0,0,0,0,4,0,0.065775,True
1,0,5,1,2,0,1,3,0,0,0,0.06899722222222222,True
1,3,0,3,1,1,0,4,0,0,0,0.10302345639489208,True
1,2,3,2,1,0,4,0,0,0,0,0.09556513238420868,True
1,2,0,1,2,3,0,2,0,1,1,0.9175562420721125,False
1,3,1,3,1,0,0,0,2,1,1,0.19572889750783587,True
1,2,1,0,4,1,1,0,2,0,1,0.9580493672112584,False
1,3,0,1,1,3,0,0,1,2,1,0.9179814203366364,False
1,1,3,3,1,0,1,1,0,1,1,0.06485015561074746,True
1,4,2,1,1,0,0,0,1,1,2,0.06975403388380373,True
1,0,1,1,3,3,1,1,1,1,0,0.08256002037449935,True
1,1,0,3,1,3,2,0,1,1,0,0.9318811218688348,False
1,2,1,0,3,2,0,0,1,0,3,0.8987549767368185,False
1,1,0,3,1,3,1,1,0,1,1,0.9185815977293599,False
1,0,2,1,1,4,0,0,1,3,0,0.027201267772466283,True
1,2,0,0,2,4,0,2,0,1,1,0.8972756963883016,False
1,0,1,3,4,0,1,0,2,0,1,0.05496332795497824,True
1,0,3,2,2,1,4,0,0,0,0,0.9793219894762085,False
1,0,1,1,5,1,2,1,0,0,1,0.9506971913988171,False
1,3,0,1,2,2,0,2,0,1,1,0.9375562420721126,False
1,3,0,3,1,1,0,2,1,0,1,0.9587663299405849,False
1,0,8,0,0,0,1,1,0,0,2,0.031116205327872314,True
1,4,4,0,0,0,0,4,0,0,0,0.07297946539521327,True
1,1,3,1,2,1,1,3,0,0,0,0.08018018436189443,True
1,0,4,2,2,0,0,0,1,1,2,0.033453198233683146,True
1,0,0,4,2,2,1,1,0,2,0,0.09472264300015959,True
1,1,0,1,3,3,2,0,0,2,0,0.12187554401591658,True
1,1,2,4,1,0,2,2,0,0,0,0.09018406525531585,True
1,1,4,1,0,2,0,1,0,0,3,0.8966357874835106,False
1,1,2,2,0,3,3,1,0,0,0,0.9334293247443954,False
1,2,2,3,1,0,3,1,0,0,0,0.1031148036823123,True
1,5,0,0,0,3,1,0,0,2,1,0.9185175055437945,False
1,1,2,0,2,3,1,1,0,2,0,0.04201878492471528,True
1,3,2,1,0,2,0,0,1,3,0,0.08699089777755993,True
1,0,2,2,2,2,2,0,1,0,1,0.9390562078342566,False
1,0,0,8,0,0,0,0,2,1,1,0.9695899904106113,False
1,1,0,7,0,0,0,1,2,0,1,0.9710974644746281,False
1,0,5,0,2,1,0,0,2,0,2,0.9325017096075228,False
1,0,1,1,2,4,0,1,1,2,0,0.03326131455781636,True
1,0,4,2,2,0,0,0,4,0,0,0.07503009718716726,True
1,2,3,2,0,1,0,1,0,3,0,0.07121609410207151,True
1,1,3,0,4,0,0,1,1,0,2,0.027747092143012724,True
1,4,1,2,0,1,0,2,0,1,1,0.9594483328689164,False
1,1,4,0,1,2,0,0,0,2,2,0.9010194808879786,False
1,0,5,1,1,1,1,2,1,0,0,0.09337636383514696,True
1,2,3,0,0,3,4,0,0,0,0,0.9383148529004608,False
1,5,2,0,1,0,0,1,0,1,2,0.058870766913707996,True
1,1,2,2,2,1,1,0,3,0,0,0.978331187652932,False
1,1,1,2,1,3,2,0,0,1,1,0.918808748567257,False
1,3,0,1,2,2,0,0,0,2,2,0.9169089577097924,False
1,0,5,1,0,2,0,1,3,0,0,0.2529065535847552,True
1,0,0,4,2,2,0,0,0,2,2,0.9174305491545655,False
1,4,1,1,2,0,0,2,1,1,0,0.07905814843227055,True
1,4,0,0,2,2,3,0,0,1,0,0.9479774847618522,False
1,2,1,3,2,0,1,0,2,0,1,0.10760056426778129,True
1,1,1,1,2,3,1,0,2,1,0,0.9277280521659979,False
1,2,2,0,1,3,1,0,1,2,0,0.12187554402708092,True
1,1,2,4,1,0,3,0,1,0,0,0.13384548872359894,True
1,4,0,1,1,2,2,0,0,1,1,0.9389069433984366,False
1,1,2,0,5,0,1,0,0,3,0,0.06113263888888888,True
1,2,0,0,5,1,0,1,0,1,2,0.9285138833460016,False
1,4,4,0,0,0,1,0,1,0,2,0.054591271443729654,True
1,0,2,0,6,0,0,3,1,0,0,0.06333055555555554,True
1,0,3,1,1,3,2,1,0,0,1,0.9167213223021561,False
1,1,0,3,4,0,1,0,0,1,2,0.03772512403235553,True
1,3,1,0,4,0,0,0,1,1,2,0.03244806206036395,True
1,0,1,5,0,2,1,1,0,0,2,0.9171853219210376,False
1,0,5,0,0,3,2,0,1,0,1,0.9166357874835103,False
1,6,2,0,0,0,0,1,1,2,0,0.09452912703100613,True
1,2,1,0,3,2,0,1,1,1,1,0.9354128643957242,False
1,2,4,2,0,0,3,1,0,0,0,0.08609539009897302,True
1,0,5,0,1,2,0,1,2,1,0,0.06848444928363544,True
1,0,2,1,1,4,0,1,1,0,2,0.8798876163342085,False
1,0,2,0,1,5,0,2,2,0,0,0.09566736100281407,True
1,0,1,1,6,0,0,0,1,0,3,0.004077285939848664,True
1,0,7,0,1,0,0,1,0,1,2,0.03135017061224496,True
1,1,1,4,2,0,0,3,1,0,0,0.08077865733495476,True
1,1,0,3,3,1,0,1,2,1,0,0.175286074094512,True
1,0,2,4,2,0,0,0,0,4,0,0.06772980415104694,True
1,2,2,1,1,2,1,0,1,1,1,0.9389452290567097,False
1,1,0,1,3,3,0,1,0,3,0,0.031216094061869225,True
1,1,0,3,4,0,2,0,0,2,0,0.06888400541297386,True
1,1,5,0,1,1,0,1,1,1,1,0.25484027063753384,True
1,1,4,2,1,0,1,0,0,3,0,0.07014067523575157,True
1,0,1,2,2,3,0,0,0,3,1,0.9148724444537362,False
1,1,1,0,6,0,2,1,1,0,0,0.06355063778837539,True
1,3,1,0,3,1,0,1,0,3,0,0.06641274249168473,True
1,6,0,2,0,0,2,0,1,0,1,0.977777777777778,False
1,5,1,2,0,0,1,0,1,1,1,0.9691421266805953,False
1,0,1,6,1,0,0,0,0,0,4,0.5781109522740533,False
1,3,0,1,3,1,4,0,0,0,0,0.9789020136773879,False
1,1,3,2,0,2,1,0,2,0,1,0.9385823626415323,False
1,2,1,4,0,1,1,0,0,2,1,0.9576226385071493,False
1,1,2,2,2,1,1,0,0,2,1,0.9565392670716333,False
1,6,0,1,0,1,0,1,0,3,0,0.14676443854343144,True
1,3,2,1,0,2,2,0,0,1,1,0.9394072460978294,False
1,1,0,1,0,6,0,0,4,0,0,0.8774264579157718,False
1,3,0,0,5,0,2,1,0,0,1,0.04936143885560767,True
1,5,0,0,0,3,0,0,1,0,3,0.8796692766678234,False
1,0,1,4,0,3,0,0,4,0,0,0.9303629430327371,False
1,0,6,0,2,0,0,0,0,3,1,0.05058794844436733,True
1,1,1,0,4,2,0,2,1,0,1,0.931408008655094,False
1,1,1,6,0,0,1,1,0,0,2,0.9554404445054462,False
1,0,1,0,2,5,1,0,1,2,0,0.08187554401717707,True
1,0,0,3,4,1,0,1,3,0,0,0.9699180036639363,False
1,2,0,2,0,4,3,0,1,0,0,0.9177777777777772,False
1,0,3,0,4,1,1,0,0,0,3,0.9114080086550939,False
1,0,2,3,1,2,0,0,0,2,2,0.9179790663079983,False
1,0,0,7,0,1,3,1,0,0,0,0.9784282574818246,False
1,4,0,2,0,2,2,0,0,2,0,0.9387863119661549,False
1,2,2,3,0,1,0,0,2,2,0,0.41234486984520663,True
1,1,3,3,0,1,1,1,2,0,0,0.9754137587440702,False
1,0,2,3,0,3,2,1,0,1,0,0.39470219632014647,True
1,0,7,0,1,0,3,0,0,0,1,0.049632638888888934,True
1,6,0,1,0,1,0,0,1,2,1,0.9583729025788411,False
1,5,0,1,1,1,1,1,0,1,1,0.9589431262837177,False
1,1,1,0,2,4,0,1,0,3,0,0.011216094061976394,True
1,2,5,0,1,0,1,3,0,0,0,0.06963263888888889,True
1,1,0,3,3,1,1,1,1,1,0,0.17455383482190065,True
1,1,0,3,4,0,0,0,0,1,3,0.017725124032355554,True
1,0,5,0,0,3,1,0,3,0,0,0.9402398786220697,False
1,1,0,1,6,0,1,0,1,0,2,0.02520198039038474,True
1,1,1,6,0,0,0,0,2,2,0,0.31024279667144317,False
1,0,3,0,1,4,2,0,0,1,1,0.8957630840725408,False
1,3,0,1,4,0,1,2,1,0,0,0.07333509003315569,True
1,3,2,1,2,0,2,0,0,1,1,0.06579389218381701,True
1,0,5,0,2,1,0,1,1,1,1,0.13271180786931222,True
1,3,2,2,0,1,1,3,0,0,0,0.12073260445365852,True
1,3,0,0,4,1,1,2,1,0,0,0.12477659743827614,True
1,0,1,4,0,3,0,0,2,2,0,0.9125418883433597,False
1,0,1,4,2,1,0,2,0,1,1,0.9584626027536348,False
1,0,6,0,0,2,2,0,2,0,0,0.9578252431270092,False
1,4,1,1,0,2,3,0,1,0,0,0.9592343255381933,False
1,1,0,0,6,1,0,0,1,3,0,0.06713767038634283,True
1,5,2,0,1,0,1,1,1,0,1,0.0900436888508507,True
1,0,1,0,0,7,0,0,0,0,4,0.7797824834558642,False
1,1,1,1,1,4,0,4,0,0,0,0.025857773190112312,True
1,1,1,1,4,1,0,1,2,0,1,0.9580563750290779,False
1,1,7,0,0,0,2,0,1,1,0,0.0704302880840733,True
1,2,4,1,1,0,0,1,0,2,1,0.056280523878903886,True
1,0,2,3,3,0,0,1,2,1,0,0.07068699837028763,True
1,4,0,0,1,3,1,1,1,0,1,0.919693516612764,False
1,0,5,0,3,0,2,1,0,1,0,0.06724375,True
1,0,0,2,4,2,1,0,0,3,0,0.056822746291113446,True
1,4,0,0,2,2,1,0,0,3,0,0.08699089775599188,True
1,1,3,0,2,2,2,0,1,1,0,0.22924001678478828,True
1,0,3,0,5,0,0,0,0,3,1,0.04488632073950621,True
1,3,2,0,0,3,0,0,0,0,4,0.8594834422818974,False
1,0,1,6,0,1,0,3,1,0,0,0.18843912812422434,True
1,0,5,2,1,0,2,0,2,0,0,0.07651281317997685,True
1,0,1,2,3,2,1,0,0,1,2,0.9176735115018562,False
1,1,1,1,5,0,0,1,2,0,1,0.04718486691281526,True
1,1,3,0,1,3,0,3,0,0,1,0.9049569876581768,False
1,0,0,1,5,2,0,1,0,0,3,0.8954778265223847,False
1,3,1,0,1,3,1,0,0,0,3,0.8794009401355332,False
1,1,3,0,2,2,0,0,1,3,0,0.05037910405397683,True
1,2,0,3,3,0,1,1,0,1,1,0.0683268488754392,True
1,2,0,1,5,0,2,1,0,0,1,0.04936143885560767,True
1,2,0,0,4,2,2,0,0,0,2,0.9176604372727624,False
1,4,1,1,0,2,0,3,1,0,0,0.15877850870665475,True
1,2,1,1,2,2,2,0,2,0,0,0.9589973614443013,False
1,2,3,1,2,0,0,1,0,0,3,0.018085923361899667,True
1,1,0,4,0,3,3,0,0,0,1,0.9171741968973175,False
1,3,0,1,0,4,0,0,0,2,2,0.8785123282616932,False
1,4,0,1,2,1,0,3,1,0,0,0.12021473736092342,True
1,0,2,0,2,4,0,0,1,2,1,0.8950535631003572,False
1,0,1,4,3,0,1,0,1,1,1,0.062052283062933755,True
1,1,2,1,1,3,0,1,0,2,1,0.9131799487091693,False
1,1,0,2,2,3,0,1,1,1,1,0.9184596080457902,False
1,0,0,3,3,2,0,4,0,0,0,0.059583427686683905,True
1,1,0,2,4,1,1,2,1,0,0,0.12905409384996183,True
1,2,1,2,1,2,1,1,0,0,2,0.9195010889982234,False
1,0,0,3,0,5,1,0,0,2,1,0.8778077883819986,False
1,0,5,1,0,2,3,0,1,0,0,0.959982708455289,False
1,2,1,2,3,0,0,0,2,0,2,0.04809613574483874,True
1,1,3,3,1,0,0,1,3,0,0,0.0861319957166939,True
1,3,1,0,2,2,0,1,2,1,0,0.15188844425854967,True
1,3,1,0,1,3,0,0,3,0,1,0.9191226873571579,False
1,2,0,3,3,0,0,1,1,2,0,0.07380021196890388,True
1,1,5,1,0,1,1,0,1,2,0,0.09448039536497921,True
1,4,1,1,2,0,1,0,1,1,1,0.08417404659355189,True
1,3,4,1,0,0,1,0,0,3,0,0.07503009718716729,True
1,0,4,1,3,0,1,1,0,1,1,0.04920505209600003,True
1,0,1,0,4,3,3,1,0,0,0,0.21347388739864956,True
1,2,0,1,4,1,1,1,0,0,2,0.9376511919419269,False
1,3,4,0,0,1,0,1,0,3,0,0.06641274250893282,True
1,0,0,0,6,2,0,1,0,2,1,0.10670811528924556,True
1,1,4,0,0,3,1,0,0,1,2,0.8958781159888098,False
1,1,0,3,4,0,2,1,0,1,0,0.07121306496037277,True
1,1,1,1,2,3,1,0,2,1,0,0.9277280521659979,False
1,5,1,0,1,1,0,1,1,1,1,0.9579257194789421,False
1,0,1,0,7,0,0,2,0,2,0,0.060000000000000005,True
1,0,1,6,1,0,2,2,0,0,0,0.11451374993608009,True
1,0,3,0,4,1,0,1,3,0,0,0.12147458541600274,True
1,3,2,0,2,1,3,0,1,0,0,0.9789948241282665,False
1,4,0,1,3,0,3,1,0,0,0,0.0941988126828467,True
1,2,4,2,0,0,0,0,4,0,0,0.09713760536473792,True
1,1,1,1,5,0,2,0,1,0,1,0.04825080477863853,True
1,5,0,3,0,0,0,0,2,0,2,0.9555687715227529,False
1,0,1,1,6,0,0,1,0,1,2,0.023193750000000065,True
1,5,1,0,2,0,0,0,0,2,2,0.05356485939894913,True
1,1,2,3,1,1,1,0,3,0,0,0.9771938287582067,False
1,0,6,1,1,0,1,1,0,1,1,0.051656199616000036,True
1,0,1,4,0,3,2,0,0,1,1,0.9174033300746123,False
1,4,2,2,0,0,3,0,0,1,0,0.17496061981493688,True
1,3,1,0,0,4,1,0,2,1,0,0.9131043869713494,False
1,0,2,1,0,5,1,0,0,3,0,0.02699089777756003,True
1,0,0,1,5,2,0,1,0,0,3,0.8954778265223847,False
1,0,3,0,4,1,0,1,0,1,2,0.10939976279107375,True
1,4,0,3,1,0,0,1,0,3,0,0.0941988126828467,True
1,2,3,0,3,0,0,2,1,1,0,0.06724375,True
1,0,6,0,2,0,0,1,0,1,2,0.030331578568239866,True
1,0,2,5,1,0,0,1,0,1,2,0.058870766913707996,True
1,0,0,6,1,1,1,3,0,0,0,0.18727563137182648,True
1,2,3,1,0,2,0,0,4,0,0,0.9582856365343209,False
1,0,0,6,0,2,0,0,0,2,2,0.9161488056575033,False
1,3,1,1,1,2,2,1,0,0,1,0.9395500545477631,False
1,3,0,4,0,1,2,0,0,0,2,0.9371741968973177,False
1,0,0,2,4,2,0,2,0,0,2,0.917586667301207,False
1,0,1,1,2,4,0,0,0,4,0,0.00743651223483169,True
1,3,2,0,1,2,3,0,0,0,1,0.9383726679515436,False
1,2,0,3,0,3,0,0,1,2,1,0.9173977759180141,False
1,1,2,2,0,3,0,1,0,0,3,0.87974021766777,False
1,5,0,1,1,1,0,3,0,1,0,0.101205363738616,True
1,0,0,2,5,1,0,0,1,3,0,0.07037910405395247,True
1,0,5,3,0,0,0,0,0,1,3,0.02087301434782413,True
1,3,0,3,2,0,0,0,3,0,1,0.6284658076495366,False
1,3,1,2,1,1,0,1,0,0,3,0.9195010889982234,False
1,5,1,0,1,1,0,2,0,1,1,0.95459577075437,False
1,2,0,2,2,2,0,2,0,0,2,0.9193350725054179,False
1,0,2,2,0,4,1,0,3,0,0,0.9176914614850448,False
1,0,0,1,5,2,0,0,2,2,0,0.07448038147640053,True
1,0,1,4,3,0,1,0,0,0,3,0.028096135744838775,True
1,6,0,2,0,0,1,0,3,0,0,0.9960421773072327,False
1,1,0,2,0,5,0,1,1,1,1,0.8787017276186091,False
1,4,0,3,0,1,2,2,0,0,0,0.9607588986273738,False
1,3,1,2,0,2,0,2,2,0,0,0.9378275255274663,False
1,1,3,1,3,0,0,0,1,3,0,0.06521597222222222,True
1,0,1,0,5,2,0,0,0,1,3,0.8884986332242939,False
1,1,4,1,1,1,0,2,0,2,0,0.06575168946604665,True
1,2,5,0,1,0,0,1,3,0,0,0.07366170323379434,True
1,7,1,0,0,0,1,0,0,1,2,0.9461721957955899,False
1,0,2,0,6,0,3,1,0,0,0,0.06333055555555556,True
1,0,0,0,2,6,0,0,3,0,1,0.8589308748322534,False
1,5,1,1,0,1,0,2,0,2,0,0.09918398479460283,True
1,5,1,0,1,1,2,2,0,0,0,0.4247433623500895,True
1,4,0,2,1,1,2,0,2,0,0,0.9777513434726064,False
1,1,0,3,1,3,0,1,2,1,0,0.9157711900380832,False
1,1,1,4,2,0,0,0,3,1,0,0.09592476557341177,True
1,0,2,1,4,1,1,1,0,0,2,0.9311615804804285,False
1,1,0,4,3,0,1,3,0,0,0,0.07811697379948898,True
1,0,3,0,0,5,3,0,0,0,1,0.8783148529004605,False
1,0,3,1,1,3,1,2,0,1,0,0.0453736848196433,True
1,0,1,1,4,2,1,0,1,1,1,0.9365973655604227,False
1,0,1,2,3,2,2,0,1,1,0,0.9418423885925497,False
1,0,1,1,3,3,3,0,0,1,0,0.9221521516568744,False
1,0,1,3,3,1,2,1,1,0,0,0.9672199662676202,False
1,3,1,0,0,4,1,1,0,1,1,0.8978366058935231,False
1,2,4,0,1,1,1,0,0,1,2,0.9324536876693316,False
1,2,0,0,0,6,0,0,1,0,3,0.8196692766678226,False
1,0,0,7,0,1,1,0,1,2,0,0.9592567777343467,False
1,1,3,0,2,2,0,0,4,0,0,0.9592073259528577,False
1,1,0,5,2,0,1,0,0,1,2,0.16020782803374944,True
1,1,2,0,4,1,1,0,1,0,2,0.9364083023354157,False
1,2,3,0,2,1,2,0,0,1,1,0.9560411279890988,False
1,0,3,1,0,4,1,2,0,1,0,0.036916796871987935,True
1,0,5,0,3,0,1,3,0,0,0,0.06804930555555556,True
1,0,2,2,2,2,0,0,1,3,0,0.05682274629125897,True
1,4,3,1,0,0,2,0,2,0,0,0.13381450133256964,True
1,6,0,0,0,2,1,1,0,2,0,0.6152626664205563,False
1,0,2,1,3,2,0,0,0,1,3,0.8960546793605669,False
1,2,2,2,2,0,2,1,0,1,0,0.0769707699654051,True
1,2,2,2,1,1,0,0,3,1,0,0.9714137064885279,False
1,1,1,0,1,5,2,0,0,1,1,0.8783828458938719,False
1,1,4,0,2,1,0,0,2,1,1,0.9514232647089905,False
1,0,1,2,1,4,0,1,0,3,0,0.019153101527082037,True
1,1,1,0,1,5,1,2,0,0,1,0.8773218485331195,False
1,2,3,1,2,0,0,0,3,1,0,0.07525900765681742,True
1,3,0,1,4,0,0,1,1,2,0,0.06727897702980225,True
1,0,0,4,3,1,1,1,0,1,1,0.958025063419941,False
1,0,2,3,2,1,1,0,2,1,0,0.9644086145429722,False
1,0,2,3,3,0,1,2,0,0,1,0.05366717140157759,True
1,0,1,2,2,3,0,2,1,1,0,0.05766535703485208,True
1,4,0,0,4,0,1,3,0,0,0,0.07090185458865975,True
1,3,0,0,2,3,2,1,1,0,0,0.9321738865668082,False
1,0,4,3,0,1,0,4,0,0,0,0.07439684528428638,True
1,3,0,4,0,1,1,2,0,0,1,0.9581400451865776,False
1,1,0,2,2,3,2,0,2,0,0,0.9380772879381456,False
1,2,2,1,2,1,1,2,0,0,1,0.9542179841398382,False
1,1,2,4,1,0,3,0,0,0,1,0.11384046706686858,True
1,0,4,3,0,1,0,1,0,3,0,0.06641274250893282,True
1,3,1,0,3,1,2,0,1,0,1,0.9587549767368185,False
1,0,1,1,2,4,0,1,0,0,3,0.8589948241282663,False
1,0,3,4,1,0,2,1,0,1,0,0.07917708937822965,True
1,1,3,0,4,0,0,2,1,1,0,0.06577499999999999,True
1,2,1,1,2,2,0,1,0,2,1,0.9350535631003575,False
1,0,0,1,6,1,0,0,3,0,1,0.9566496743506958,False
1,3,0,1,2,2,0,0,1,1,2,0.9184613733656147,False
1,4,0,0,0,4,0,0,1,3,0,0.5684658076495366,False
1,1,3,1,0,3,0,0,0,3,1,0.9130892720948112,False
1,0,2,1,3,2,1,1,1,0,1,0.9379796667142911,False
1,2,0,4,2,0,1,0,1,2,0,0.10131290343677331,True
1,0,1,6,0,1,1,0,0,3,0,0.16332058816520797,True
1,2,1,0,5,0,0,0,3,0,1,0.04825080477863853,True
1,3,0,5,0,0,0,0,2,0,2,0.9525087738706406,False
1,2,2,0,4,0,3,0,0,1,0,0.06772980415104694,True
1,3,1,0,2,2,2,1,1,0,0,0.9471488488150441,False
1,3,2,0,0,3,2,0,1,1,0,0.9309192162939885,False
1,0,2,4,0,2,1,0,0,2,1,0.9379757812818836,False
1,2,2,0,4,0,2,1,1,0,0,0.069160015560352,True
1,1,3,0,1,3,2,2,0,0,0,0.0833886690494117,True
1,0,4,0,3,1,4,0,0,0,0,0.9718213989988214,False
1,1,0,1,2,4,4,0,0,0,0,0.9192678247850656,False
1,1,5,1,1,0,0,0,0,2,2,0.033595159120108437,True
1,6,1,0,1,0,0,0,0,4,0,0.07826818713712282,True
1,1,1,3,1,2,0,1,0,0,3,0.8989891276287818,False
1,1,0,5,1,1,2,0,0,2,0,0.9520584517028017,False
1,0,7,0,0,1,1,1,1,0,1,0.2621884821983851,True
1,1,1,5,0,1,2,0,1,0,1,0.954664347340648,False
1,0,0,2,1,5,0,0,0,4,0,0.008894053987915252,True
1,0,2,1,2,3,1,0,0,3,0,0.036822746291259,True
1,4,2,0,2,0,0,1,1,2,0,0.07245067639381736,True
1,1,3,0,1,3,2,0,0,0,2,0.8981425444754949,False
1,0,1,3,2,2,1,0,1,0,2,0.9182095603186012,False
1,2,5,0,1,0,1,1,1,1,0,0.07090002961673987,True
1,1,2,5,0,0,0,0,4,0,0,0.6638125048721012,False
1,2,0,0,6,0,2,1,0,1,0,0.06215898607737419,True
1,2,2,0,3,1,4,0,0,0,0,0.9779192740975826,False
1,2,0,1,0,5,2,0,2,0,0,0.8981626615930595,False
1,1,2,2,3,0,0,1,1,1,1,0.05350834258620964,True
1,1,3,2,0,2,0,0,1,2,1,0.9385216273228144,False
1,1,0,7,0,0,0,3,1,0,0,0.6638125048721008,False
1,1,3,0,3,1,1,1,1,0,1,0.9516027472360292,False
1,2,1,0,2,3,1,1,0,0,2,0.8974220759204893,False
1,3,1,0,2,2,1,0,0,1,2,0.9179906158119228,False
1,0,8,0,0,0,0,0,1,2,1,0.05197672892467479,True
1,0,0,1,5,2,0,0,1,0,3,0.89736552106724,False
1,0,1,2,5,0,1,1,0,1,1,0.046216571439514804,True
1,1,0,1,5,1,0,0,0,3,1,0.25105139720629477,True
1,3,1,0,1,3,1,0,2,1,0,0.9304030891378694,False
1,1,0,4,3,0,0,0,3,0,1,0.09989855995460704,True
1,1,1,3,0,3,1,0,3,0,0,0.9362530433227533,False
1,1,0,2,2,3,1,2,0,1,0,0.07917730073072346,True
1,1,0,1,6,0,0,0,1,2,1,0.04348153470687037,True
1,2,2,0,4,0,0,3,0,0,1,0.04808918145061731,True
1,0,3,3,2,0,0,2,2,0,0,0.07368194674308529,True
1,2,1,4,0,1,1,0,1,0,2,0.9367844860195819,False
1,2,0,3,0,3,0,0,2,1,1,0.917098542754546,False
1,5,0,1,2,0,0,0,1,3,0,0.0832627295305356,True
1,4,1,1,0,2,1,0,1,0,2,0.9192343255381934,False
1,0,1,1,5,1,1,0,2,1,0,0.14481142094111776,True
1,0,2,0,5,1,0,0,0,2,2,0.10829465199321157,True
1,1,5,0,0,2,1,0,1,2,0,0.07448039536497923,True
1,0,0,2,2,4,2,0,1,0,1,0.8985598331575416,False
1,2,2,0,2,2,1,3,0,0,0,0.06609765137816666,True
1,2,0,0,5,1,3,0,0,0,1,0.9559025748093744,False
1,5,0,0,1,2,1,2,1,0,0,0.9391402128943778,False
1,0,4,1,1,2,0,0,0,2,2,0.9074467384859647,False
1,2,3,2,0,1,2,0,2,0,0,0.9785823626415325,False
1,2,0,2,3,1,0,0,0,2,2,0.9358743564180864,False
1,0,7,0,1,0,1,1,1,0,1,0.050645357402058486,True
1,2,0,1,0,5,1,1,1,1,0,0.8840558597371178,False
1,1,0,0,0,7,0,0,3,0,1,0.8385234692889139,False
1,3,2,2,1,0,2,1,0,1,0,0.08832578390212857,True
1,0,1,0,6,1,0,2,0,1,1,0.097472654938554,True
1,1,0,0,7,0,2,1,1,0,0,0.061204191735940515,True
1,1,3,1,2,1,1,0,2,1,0,0.2530267373575641,True
1,0,2,0,4,2,1,0,0,3,0,0.04618122420518995,True
1,1,0,3,0,4,2,0,0,0,2,0.8777179499370924,False
1,0,2,4,0,2,2,1,1,0,0,0.9590026282065804,False
1,2,1,2,1,2,0,0,2,0,2,0.9181101118593373,False
1,4,0,1,0,3,3,1,0,0,0,0.9348292311514463,False
1,0,3,0,0,5,1,0,0,1,2,0.8575993681223449,False
1,0,4,1,0,3,0,0,1,1,2,0.8992903141156997,False
1,0,5,2,0,1,1,2,0,0,1,0.9525507909377007,False
1,3,2,1,2,0,0,2,1,0,1,0.06212353422103649,True
1,2,1,1,0,4,0,0,2,2,0,0.8928589430361284,False
1,2,5,1,0,0,0,0,3,0,1,0.06343494325570159,True
1,2,0,3,0,3,1,0,2,1,0,0.933019312217089,False
1,0,4,2,0,2,0,0,1,3,0,0.05682274633469679,True
1,2,0,0,5,1,3,0,1,0,0,0.9771710530404834,False
1,1,2,2,3,0,1,3,0,0,0,0.07014067523575157,True
1,0,2,5,1,0,1,0,3,0,0,0.1338630593079079,True
1,3,2,0,2,1,0,0,2,0,2,0.939335072505418,False
1,2,1,5,0,0,1,0,0,3,0,0.1276005642677812,True
1,1,3,1,3,0,1,0,0,3,0,0.06521597222222222,True
1,1,1,3,2,1,4,0,0,0,0,0.978658086108375,False
1,0,6,2,0,0,0,2,0,0,2,0.10883104406104717,True
1,1,1,1,4,1,1,2,0,0,1,0.9512707124327549,False
1,0,3,4,1,0,3,0,0,0,1,0.07557461004820176,True
1,1,2,0,3,2,0,1,2,1,0,0.08080930514669682,True
1,4,2,0,1,1,0,0,0,2,2,0.9348190694586734,False
1,2,1,1,2,2,3,0,0,1,0,0.9455101895274275,False
1,4,1,0,1,2,0,1,2,1,0,0.4109437737423741,True
1,2,0,1,3,2,2,1,1,0,0,0.9558023800409889,False
1,0,3,0,0,5,2,0,1,1,0,0.8862138717040504,False
1,0,4,1,2,1,3,1,0,0,0,0.15155078262203436,True
1,3,2,3,0,0,2,0,0,0,2,0.6188197091460258,False
1,5,2,1,0,0,0,0,1,2,1,0.12500426479788887,True
1,1,4,0,2,1,0,2,0,0,2,0.2264512894291982,True
1,1,0,3,0,4,2,0,1,1,0,0.9131436568701754,False
1,0,1,5,0,2,0,2,2,0,0,0.9265947500109176,False
1,0,1,5,2,0,1,0,0,3,0,0.07496332795497819,True
1,4,0,1,2,1,2,0,0,0,2,0.9392678247850662,False
1,1,1,1,2,3,1,0,1,1,1,0.9184340491493058,False
1,4,1,0,0,3,0,0,1,3,0,0.12332058816520804,True
1,2,1,2,0,3,0,2,0,1,1,0.9194483328689164,False
1,4,0,1,3,0,1,2,0,1,0,0.07607011537858178,True
1,0,4,1,1,2,1,0,0,1,2,0.9152863265125353,False
1,2,1,3,2,0,0,1,1,1,1,0.07393224929401,True
1,0,4,0,1,3,0,2,2,0,0,0.06469089269653228,True
1,1,1,0,6,0,0,2,2,0,0,0.06333055555555556,True
1,0,1,1,5,1,0,1,1,0,2,0.9321709321744724,False
1,0,2,2,4,0,0,0,0,3,1,0.047655405179277625,True
1,0,3,3,1,1,1,0,1,0,2,0.9386264098558298,False
1,1,2,1,2,2,2,1,0,1,0,0.10206210698812293,True
1,2,0,0,1,5,2,0,0,0,2,0.8597393131941647,False
1,1,1,2,2,2,0,0,0,4,0,0.047436512234831626,True
1,0,2,4,0,2,0,1,1,1,1,0.9380894206632208,False
1,0,4,2,0,2,0,1,0,2,1,0.9303198951069039,False
1,0,0,1,5,2,0,3,1,0,0,0.06071740568034081,True
1,3,1,4,0,0,1,0,0,0,3,0.9348840445269625,False
1,2,2,0,3,1,0,1,2,0,1,0.9573411526497198,False
1,2,1,3,1,1,0,0,1,0,3,0.9177973647652109,False
1,7,1,0,0,0,2,1,0,1,0,0.31225376322773535,False
1,3,1,2,1,1,0,0,0,2,2,0.9379622642442116,False
1,0,0,3,4,1,0,0,2,1,1,0.957665706564328,False
1,0,6,2,0,0,1,0,0,3,0,0.06899722222222222,True
1,4,1,0,3,0,0,0,1,3,0,0.0682508047786385,True
1,5,0,0,1,2,1,2,0,1,0,0.15740130769292762,True
1,4,4,0,0,0,1,1,0,1,1,0.06462845882370535,True
1,2,2,2,0,2,0,0,2,2,0,0.3923448698452066,True
1,1,1,0,2,4,0,1,0,2,1,0.8947264114391542,False
1,0,3,2,0,3,0,0,4,0,0,0.9375536577043577,False
1,2,0,1,0,5,2,2,0,0,0,0.8827813313149143,False
1,5,2,0,1,0,0,1,0,0,3,0.050039337310330834,True
1,1,4,0,2,1,3,0,1,0,0,0.9753582783569608,False
1,0,3,4,1,0,2,1,1,0,0,0.08613069998403092,True
1,4,2,0,2,0,0,0,2,2,0,0.07525329447918506,True
1,0,3,2,1,2,0,1,0,0,3,0.8998372554726443,False
1,3,1,1,0,3,1,0,1,1,1,0.919062214653641,False
1,1,0,0,3,4,1,1,1,1,0,0.111096327012971,True
1,3,2,2,0,1,0,2,2,0,0,0.44220040124338134,True
1,5,2,1,0,0,1,3,0,0,0,0.09481168571790104,True
1,0,3,0,2,3,0,1,0,3,0,0.0229506725090375,True
1,0,1,1,1,5,0,1,2,0,1,0.879357882066394,False
1,0,3,0,0,5,1,0,0,0,3,0.8383148529004606,False
1,1,1,4,2,0,1,2,0,1,0,0.07905814843227055,True
1,0,4,0,0,4,0,0,1,2,1,0.8933122202414006,False
1,1,3,0,1,3,3,1,0,0,0,0.9210582570058516,False
1,1,0,4,0,3,0,0,4,0,0,0.9302761159578974,False
1,0,7,0,1,0,4,0,0,0,0,0.0696326388888889,True
1,1,1,2,2,2,2,0,2,0,0,0.9584472003607409,False
1,2,3,0,0,3,0,3,0,0,1,0.9113087192384908,False
1,7,1,0,0,0,1,0,0,0,3,0.9283182031290896,False
1,4,2,0,0,2,0,1,0,3,0,0.059153101572977276,True
1,1,0,2,5,0,2,0,2,0,0,0.07130264845234294,True
1,2,5,0,1,0,1,1,0,2,0,0.06871597222222223,True
1,3,3,2,0,0,1,0,1,0,2,0.0941533384332689,True
1,0,0,1,1,6,0,0,0,4,0,-0.011105946012084717,True
1,4,0,1,0,3,0,0,1,1,2,0.8987914198111775,False
1,2,3,1,0,2,0,2,2,0,0,0.15870752526721077,True
1,0,3,5,0,0,1,1,1,1,0,0.09090444735359501,True
1,0,6,1,0,1,1,1,0,1,1,0.26022272868431606,True
1,5,0,0,2,1,0,1,0,0,3,0.9183757995521606,False
1,1,4,2,1,0,0,2,2,0,0,0.07499056628236024,True
1,4,0,4,0,0,2,0,0,1,1,0.9767876257642983,False
1,1,0,6,0,1,0,0,0,1,3,0.9147898713190841,False
1,5,0,1,1,1,1,1,2,0,0,0.9763775563324903,False
1,5,1,1,1,0,0,3,0,1,0,0.0845233591344981,True
1,0,5,3,0,0,0,0,2,2,0,0.07459584992115947,True
1,5,3,0,0,0,0,2,2,0,0,0.08972807946189004,True
1,0,5,2,0,1,0,2,0,1,1,0.2769637985999197,True
1,4,1,0,0,3,0,1,1,1,1,0.9189552977063677,False
1,5,0,2,1,0,2,0,0,1,1,0.9632989440124203,False
1,2,1,1,4,0,1,0,1,1,1,0.05244806206036392,True
1,4,2,0,0,2,1,2,0,1,0,0.09806382407060513,True
1,3,1,4,0,0,0,0,0,4,0,0.09592476557341173,True
1,0,4,2,1,1,0,0,2,1,1,0.9588712904951869,False
1,3,4,0,0,1,2,1,0,1,0,0.12130319709989634,True
1,1,2,2,1,2,1,2,0,1,0,0.07736768164336995,True
1,5,1,1,1,0,1,0,2,0,1,0.6380765569020843,False
1,2,5,1,0,0,1,3,0,0,0,0.14375160359321582,True
1,4,1,2,1,0,0,0,3,0,1,0.6380921962840798,False
1,3,4,0,1,0,0,1,1,1,1,0.05799416999397566,True
1,2,3,2,1,0,0,3,1,0,0,0.07651081774959799,True
1,1,3,2,0,2,0,0,1,3,0,0.06720126784920666,True
1,1,0,2,0,5,1,2,1,0,0,0.8855390404500842,False
1,2,0,4,1,1,1,0,1,2,0,0.9520566104694019,False
1,1,2,0,3,2,0,0,0,3,1,0.21895990140551388,True
1,3,1,0,0,4,0,0,1,1,2,0.8793912023571754,False
1,2,1,3,0,2,0,1,2,1,0,0.932382070024963,False
1,2,1,1,3,1,2,0,0,1,1,0.9574183735401222,False
1,3,2,0,0,3,0,1,0,2,1,0.9145051350779181,False
1,0,0,0,1,7,1,2,0,0,1,0.8378567978954029,False
1,0,2,3,3,0,1,0,1,0,2,0.03811697379948904,True
1,0,6,2,0,0,0,0,2,1,1,0.05573651946031066,True
1,0,1,1,3,3,0,1,1,1,1,0.9165913767208769,False
1,0,3,4,0,1,3,0,0,1,0,0.9730251300294414,False
1,2,5,0,0,1,0,1,0,1,2,0.9249597204165263,False
1,4,0,1,3,0,1,2,0,1,0,0.07607011537858178,True
1,3,2,0,0,3,1,0,1,1,1,0.9192477958945967,False
1,1,2,0,2,3,2,1,0,0,1,0.9158553689042763,False
1,4,1,2,0,1,0,1,0,2,1,0.9585427376252246,False
1,0,4,0,3,1,0,1,2,0,1,0.27915998060647385,True
1,2,3,0,2,1,1,0,1,2,0,0.09448038147664319,True
1,3,2,1,0,2,1,0,0,1,2,0.9194072460978294,False
1,0,2,3,2,1,0,0,2,1,1,0.9581786938994681,False
1,1,1,1,4,1,1,1,0,2,0,0.07492312638672893,True
1,0,2,1,5,0,1,1,2,0,0,0.0655781328354871,True
1,4,1,2,1,0,1,1,1,0,1,0.1965465721987232,True
1,6,0,1,0,1,0,2,1,0,1,0.9598846250342562,False
1,0,0,1,1,6,0,0,0,2,2,0.8379259728114516,False
1,5,1,0,2,0,0,2,1,1,0,0.07905814843227055,True
1,5,0,1,0,2,0,0,2,2,0,0.9388247987210346,False
1,1,2,1,1,3,0,2,0,0,2,0.8972657854602177,False
1,0,4,0,4,0,0,1,1,2,0,0.06462222222222222,True
1,0,0,3,1,4,1,2,0,0,1,0.8991867576709006,False
1,2,1,0,3,2,1,3,0,0,0,0.06609765133954723,True
1,2,0,4,0,2,0,3,1,0,0,0.6208158478074173,False
1,0,1,5,1,1,0,0,2,2,0,0.41234486984520663,True
1,7,0,0,0,1,1,1,0,2,0,0.6352626664205562,False
1,0,2,0,6,0,0,1,0,0,3,0.00333055555555566,True
1,0,0,0,7,1,3,0,1,0,0,0.9677033376950367,False
1,1,1,3,3,0,2,0,1,0,1,0.0680961357448387,True
1,3,4,1,0,0,2,1,1,0,0,0.08591849949223924,True
1,0,1,2,0,5,0,2,1,0,1,0.8795585453683187,False
1,2,5,0,0,1,0,2,0,1,1,0.2415143867665383,True
1,0,2,2,3,1,0,4,0,0,0,0.07041584657308674,True
1,0,5,0,2,1,2,1,1,0,0,0.11833841458170292,True
1,1,0,5,0,2,0,1,0,1,2,0.91715138397386,False
1,1,1,3,1,2,0,2,0,1,1,0.9389344745977826,False
1,2,0,4,0,2,0,2,0,2,0,0.1325818706314001,True
1,3,4,0,0,1,1,0,0,1,2,0.9358781159888099,False
1,3,0,0,3,2,0,1,3,0,0,0.9556598992095598,False
1,1,1,2,0,4,0,1,2,1,0,0.8964292758760675,False
1,1,1,1,1,4,0,1,0,3,0,0.019153101527082037,True
1,0,0,1,5,2,1,0,0,2,1,0.9257613828288448,False
1,0,4,0,4,0,0,2,2,0,0,0.0667888888888889,True
1,2,1,0,3,2,2,0,0,2,0,0.09484844386565675,True
1,5,0,1,0,2,0,3,0,0,1,0.9383148529004608,False
1,1,0,3,3,1,2,0,1,0,1,0.9581623667634741,False
1,0,0,7,1,0,0,0,0,1,3,0.9240861632471533,False
1,1,2,2,0,3,0,1,0,2,1,0.9184270197520156,False
1,4,1,1,2,0,1,0,1,2,0,0.08249129418505977,True
1,2,3,1,1,1,1,1,2,0,0,0.9609824697367488,False
1,2,3,0,2,1,0,2,0,2,0,0.06575168946587998,True
1,2,5,0,0,1,1,1,1,1,0,0.10044719303742378,True
1,2,4,1,0,1,1,3,0,0,0,0.0870929715879812,True
1,3,0,1,1,3,0,3,0,1,0,0.06120536373861606,True
1,0,0,5,2,1,0,0,3,0,1,0.9423892111108835,False
1,2,0,0,0,6,0,0,1,2,1,0.8585424555635516,False
1,0,0,3,2,3,1,0,2,0,1,0.9175009144889028,False
1,5,2,0,0,1,0,2,2,0,0,0.43402186114735875,True
1,1,2,2,1,2,1,1,0,0,2,0.9196338264053393,False
1,2,0,5,0,1,0,0,1,0,3,0.9142427135092481,False
1,0,0,0,2,6,0,3,0,1,0,-0.01483658046785862,True
1,1,3,1,3,0,1,1,1,0,1,0.051813438068295664,True
1,0,5,3,0,0,1,1,2,0,0,0.079306161964434,True
1,2,2,2,0,2,1,1,0,2,0,0.09472264308645623,True
1,0,1,3,1,3,0,0,1,0,3,0.8777973647652108,False
1,2,0,1,5,0,0,1,2,0,1,0.04936143885560767,True
1,0,4,0,3,1,0,1,1,2,0,0.06927028981958014,True
1,1,3,1,2,1,2,1,1,0,0,0.2625665108842068,True
1,5,2,0,0,1,1,0,2,1,0,0.9702505084749617,False
1,4,1,3,0,0,2,0,1,1,0,0.9233481325693933,False
1,0,1,3,1,3,0,0,2,2,0,0.3723448698452067,True
1,0,7,0,1,0,3,0,1,0,0,0.0696326388888889,True
1,1,1,3,2,1,0,1,0,3,0,0.07121609406197629,True
1,0,4,0,3,1,0,0,4,0,0,0.9788305517524716,False
1,0,6,2,0,0,0,0,1,0,3,0.01683338477525823,True
1,0,1,2,5,0,2,1,1,0,0,0.0669557992352514,True
1,4,1,1,2,0,1,0,0,0,3,0.06760056426778137,True
1,3,0,2,2,1,1,1,0,1,1,0.9584340491493059,False
1,5,1,1,1,0,2,0,0,0,2,0.6180640392467385,False
1,0,4,4,0,0,0,3,1,0,0,0.07762337179344982,True
1,2,1,0,0,5,0,3,1,0,0,0.09666795739994552,True
1,1,3,4,0,0,1,0,1,1,1,0.09248003037871681,True
1,1,1,4,0,2,0,1,1,2,0,0.15395091110770392,True
1,0,7,0,0,1,2,1,0,1,0,0.08192861113908509,True
1,3,1,0,1,3,0,1,1,0,2,0.898947289065343,False
1,1,7,0,0,0,2,0,0,1,1,0.05140946675634412,True
1,0,0,3,3,2,0,1,3,0,0,0.9581271108918338,False
1,0,1,5,1,1,0,0,1,1,2,0.9367180624386391,False
1,0,3,1,2,2,0,1,2,1,0,0.08134799794601431,True
1,0,0,2,1,5,2,0,2,0,0,0.8977513434726058,False
1,0,4,0,3,1,0,1,1,1,1,0.13271180786931222,True
1,2,4,0,2,0,2,0,1,1,0,0.07155116548787346,True
1,1,1,4,0,2,0,0,4,0,0,0.9503629430327374,False
1,4,3,1,0,0,2,1,1,0,0,0.10270613508462918,True
1,0,0,2,3,3,2,0,0,1,1,0.9179052528294092,False
1,1,0,2,2,3,2,1,0,1,0,0.3924806505803742,True
1,1,2,0,5,0,2,1,1,0,0,0.0655781328354871,True
1,0,1,1,4,2,0,1,0,3,0,0.042950672509035615,True
1,0,1,2,3,2,1,0,3,0,0,0.9582761616437591,False
1,0,1,0,2,5,0,2,0,1,1,0.8759441676627623,False
1,4,1,1,0,2,1,0,0,1,2,0.9193123360937505,False
1,0,2,1,4,1,0,1,1,2,0,0.07005176310973987,True
1,3,0,2,3,0,3,0,0,0,1,0.09989855995460704,True
1,3,4,0,0,1,0,4,0,0,0,0.07232486495477596,True
1,2,0,0,3,3,0,2,0,2,0,0.034993927034597506,True
1,2,0,2,0,4,0,0,0,0,4,0.8385234692889143,False
1,1,4,1,0,2,0,1,2,1,0,0.10305157197032426,True
1,1,1,1,5,0,0,0,2,0,2,0.028250804778638564,True
1,0,3,3,2,0,2,1,1,0,0,0.0766089868055632,True
1,2,2,3,0,1,0,0,3,0,1,0.956715584800831,False
1,4,2,1,1,0,1,0,2,0,1,0.11382791002756996,True
1,0,0,1,4,3,1,0,0,1,2,0.8969034381035853,False
1,2,2,4,0,0,0,1,0,0,3,0.16091242809831613,True
1,1,1,0,0,6,1,1,0,2,0,0.07395091110770405,True
1,2,0,2,4,0,0,0,3,1,0,0.07430488028326096,True
1,4,0,0,3,1,1,0,1,2,0,0.16187554401591653,True
1,0,1,6,0,1,0,0,0,3,1,0.9565315106645375,False
1,0,0,6,2,0,2,0,1,0,1,0.6284658076495366,False
1,4,0,0,0,4,2,1,0,0,1,0.8995320728746227,False
1,1,2,0,3,2,0,4,0,0,0,0.049165785926483144,True
1,2,0,3,1,2,0,0,0,0,4,0.8779534519172674,False
1,1,0,0,3,4,0,0,1,0,3,0.8588594595319153,False
1,2,2,0,1,3,2,0,0,2,0,0.12187554402708092,True
1,1,0,0,1,6,0,1,0,1,2,0.8378893061893816,False
1,0,2,6,0,0,0,0,1,1,2,0.1853601853238519,True
1,3,2,1,1,1,1,0,0,1,2,0.9388836677372884,False
1,1,0,0,0,7,0,0,1,2,1,0.8385424555635514,False
1,3,0,2,0,3,0,0,2,0,2,0.8976040005118642,False
1,1,5,2,0,0,1,1,1,0,1,0.06076296143032089,True
1,0,1,0,2,5,1,2,0,0,1,0.8751762672673059,False
1,0,4,0,0,4,0,1,2,0,1,0.8987028976859408,False
1,0,3,2,2,1,1,2,0,0,1,0.9525017096075228,False
1,0,1,0,0,7,0,0,0,2,2,0.8179161873808605,False
1,4,0,2,2,0,0,2,0,1,1,0.08983591698472432,True
1,0,2,0,2,4,1,1,1,1,0,0.06181066133364316,True
1,3,1,2,0,2,1,2,0,0,1,0.9398924718487914,False
1,0,5,0,0,3,0,1,1,0,2,0.894305055765392,False
1,0,1,2,1,4,1,0,0,3,0,0.046990897758241904,True
1,1,3,0,1,3,2,0,0,0,2,0.8981425444754949,False
1,3,0,1,1,3,1,0,1,0,2,0.8990500815904392,False
1,5,0,0,2,1,0,1,0,1,2,0.9379172973534904,False
1,1,0,2,3,2,0,0,3,0,1,0.9379300649710993,False
1,4,0,0,1,3,1,1,0,2,0,0.13395091110770393,True
1,1,3,3,0,1,0,2,0,0,2,0.939772894388095,False
1,1,3,0,0,4,2,0,0,2,0,0.1018755442426013,True
1,4,2,1,0,1,1,1,1,1,0,0.43171797354334834,True
1,1,2,2,3,0,0,4,0,0,0,0.0686766985028476,True
1,2,0,0,3,3,1,3,0,0,0,0.056931754349817384,True
1,0,1,0,1,6,1,3,0,0,0,0.017518966912629455,True
1,3,3,0,0,2,1,1,0,2,0,0.07326131907337366,True
1,2,1,0,1,4,0,1,2,1,0,0.37094377374237414,True
1,1,1,3,3,0,1,3,0,0,0,0.07316005389067184,True
1,0,1,0,2,5,0,0,1,0,3,0.8393367776434107,False
1,1,3,3,0,1,1,0,2,1,0,0.9733125766985192,False
1,1,2,1,2,2,0,2,1,0,1,0.9365340915849918,False
1,2,1,4,0,1,0,1,1,0,2,0.937500914488903,False
1,5,2,0,0,1,2,1,1,0,0,0.9711590763379097,False
1,1,4,1,0,2,3,0,1,0,0,0.9602557245723615,False
1,0,0,7,0,1,1,0,0,2,1,0.9529729042995435,False
1,1,2,1,4,0,2,0,0,0,2,0.030901854588659815,True
1,0,0,6,1,1,2,1,0,0,1,0.9551624462722772,False
1,0,5,2,1,0,0,1,1,0,2,0.03493644065893559,True
1,0,1,2,5,0,1,0,0,3,0,0.06113263888888888,True
1,4,0,1,0,3,0,3,0,0,1,0.9183148529004607,False
1,1,4,0,2,1,1,3,0,0,0,0.07532201085252135,True
1,0,5,1,2,0,0,0,1,1,2,0.030611487110462927,True
1,1,6,0,1,0,0,0,2,0,2,0.03248907132842543,True
1,5,0,3,0,0,0,0,1,0,3,0.9365015114899204,False
1,1,3,3,0,1,0,0,3,1,0,0.9737881934137411,False
1,1,3,2,2,0,1,3,0,0,0,0.0714859314203057,True
1,1,1,1,3,2,0,0,3,0,1,0.9387347498844102,False
1,1,2,1,2,2,0,3,0,1,0,0.05179067573976056,True
1,1,0,2,1,4,0,3,0,1,0,0.041571884479839866,True
1,2,0,2,1,3,0,0,2,1,1,0.9178900026283587,False
1,3,1,0,3,1,2,2,0,0,0,0.12338864301831903,True
1,0,0,0,8,0,0,0,4,0,0,0.06,True
1,3,0,1,4,0,2,0,1,1,0,0.07430488028326096,True
1,0,2,1,3,2,0,1,2,1,0,0.08134799794553135,True
1,4,0,1,1,2,1,1,2,0,0,0.9563775563324902,False
1,0,0,2,6,0,0,0,2,1,1,0.044214127694692955,True
1,1,1,1,5,0,1,0,0,3,0,0.06113263888888888,True
1,0,6,2,0,0,2,0,1,0,1,0.056833384775258164,True
1,3,0,4,0,1,2,0,0,2,0,0.9589926389482218,False
1,2,1,1,0,4,0,3,1,0,0,0.11877850870665482,True
1,1,0,1,1,5,0,1,2,1,0,0.876754516588106,False
1,0,2,6,0,0,0,1,2,1,0,0.11595540528842534,True
1,0,0,6,1,1,0,3,1,0,0,0.18843912812422434,True
1,4,1,1,2,0,0,0,3,1,0,0.09592476557341177,True
1,1,1,3,3,0,3,1,0,0,0,0.08059551394942113,True
1,0,0,1,0,7,0,0,0,0,4,0.7794338254080386,False
1,1,1,0,1,5,0,0,4,0,0,0.8986666794211118,False
1,0,0,0,6,2,0,1,1,2,0,0.050051763109739904,True
1,2,2,0,1,3,2,1,0,0,1,0.9175218319421102,False
1,1,2,1,0,4,1,2,0,0,1,0.8986581681130626,False
1,4,1,1,0,2,2,1,0,1,0,0.9393855908027936,False
1,0,6,0,0,2,1,1,0,1,1,0.22551034739380238,True
1,2,3,1,0,2,1,1,2,0,0,0.9496225055683722,False
1,3,2,1,2,0,1,0,0,3,0,0.07090185458865972,True
1,0,0,8,0,0,0,1,0,1,2,0.953182235463161,False
1,0,1,3,3,1,0,0,0,1,3,0.9179664910441695,False
1,0,2,2,3,1,0,0,4,0,0,0.9781813716660249,False
1,3,3,0,2,0,0,0,0,2,2,0.03581431566916105,True
1,2,3,2,0,1,0,1,3,0,0,0.9740830769209025,False
1,4,0,4,0,0,0,0,0,3,1,0.9770656990921454,False
1,0,2,5,1,0,2,1,0,0,1,0.09007196029223317,True
1,2,1,4,1,0,0,1,0,3,0,0.08059551394942115,True
1,2,1,4,1,0,0,2,2,0,0,0.11450958528214089,True
1,1,1,4,0,2,3,1,0,0,0,0.9579308631021802,False
1,0,2,2,3,1,0,0,2,2,0,0.09448038147648327,True
1,0,5,3,0,0,2,0,1,1,0,0.07858362198699984,True
1,0,1,5,0,2,2,0,2,0,0,0.9521197852150979,False
1,1,1,2,2,2,0,0,0,2,2,0.9169832554694786,False
1,0,1,1,6,0,0,1,1,2,0,0.06033055555555556,True
1,5,0,0,2,1,0,1,1,0,2,0.9392175002619213,False
1,3,0,1,3,1,2,0,0,1,1,0.9575589654589475,False
1,7,1,0,0,0,2,1,0,1,0,0.31225376322773535,False
1,1,2,2,1,2,0,0,0,2,2,0.9178504503312417,False
1,4,1,0,0,3,2,0,0,2,0,0.9145272739254812,False
1,2,0,2,1,3,0,3,0,0,1,0.9194963809514556,False
1,0,2,4,0,2,1,0,0,2,1,0.9379757812818836,False
1,2,0,0,6,0,1,1,2,0,0,0.06439733511265194,True
1,0,0,3,2,3,1,0,2,0,1,0.9175009144889028,False
1,0,0,0,4,4,0,0,3,1,0,0.8975497021783193,False
1,2,1,1,3,1,2,0,0,0,2,0.938818883861173,False
1,1,1,1,4,1,2,1,1,0,0,0.2625665108581116,True
1,3,0,1,2,2,1,0,0,2,1,0.9369089577097924,False
1,0,0,2,1,5,2,1,0,1,0,0.8774262146980846,False
1,1,1,0,3,3,2,1,0,1,0,0.081302729385004,True
1,1,3,3,0,1,2,1,0,1,0,0.17380882409065626,True
1,0,3,1,3,1,0,0,1,2,1,0.2742569847160459,True
1,1,4,1,1,1,0,0,0,2,2,0.9274467384859646,False
1,1,1,2,2,2,1,0,1,1,1,0.938433225735406,False
1,1,6,1,0,0,0,0,1,3,0,0.06899722222222222,True
1,0,4,1,2,1,1,2,1,0,0,0.09337614633025387,True
1,4,2,2,0,0,2,0,2,0,0,0.6592307422483095,False
1,0,1,1,6,0,2,1,1,0,0,0.06355063778837539,True
1,2,1,0,5,0,1,0,3,0,0,0.0682508047786385,True
1,1,2,0,0,5,2,0,0,0,2,0.8594834422818969,False
1,0,0,1,1,6,0,1,1,1,1,0.8589315208455712,False
1,0,5,0,2,1,0,1,3,0,0,0.12147458543093252,True
1,1,2,2,0,3,1,0,3,0,0,0.937691461485045,False
1,1,1,4,1,1,0,2,1,1,0,0.1206150046926665,True
1,1,3,2,0,2,0,2,1,0,1,0.9402398786220697,False
1,2,0,2,2,2,1,0,2,1,0,0.9494211047924314,False
1,5,1,0,1,1,2,0,1,1,0,0.969883482079627,False
1,0,1,3,1,3,1,0,0,2,1,0.9179482861663989,False
1,3,0,0,1,4,1,1,1,1,0,0.8986549772211894,False
1,7,0,0,1,0,1,2,1,0,0,0.31361941954179795,False
1,4,0,0,1,3,1,1,0,1,1,0.9178893061893819,False
1,3,2,0,2,1,2,0,2,0,0,0.9793350725054178,False
1,3,2,1,0,2,0,1,1,1,1,0.9394483328689164,False
1,2,1,0,5,0,0,2,0,1,1,0.045603497500000034,True
1,0,4,4,0,0,0,0,2,2,0,0.0798153251648471,True
1,2,2,1,2,1,2,1,0,0,1,0.9569114620879425,False
1,0,1,3,0,4,0,1,2,0,1,0.8976914614850446,False
1,0,2,3,3,0,0,1,1,1,1,0.05350834258620964,True
1,2,0,5,0,1,2,1,0,1,0,0.9652075201525807,False
1,0,1,0,6,1,1,2,1,0,0,0.08661225229434488,True
1,6,0,0,2,0,2,1,1,0,0,0.16676443854343143,True
1,0,6,0,0,2,0,2,2,0,0,0.07294555797404585,True
1,0,2,5,1,0,0,0,1,1,2,0.06975403388380373,True
1,0,0,1,0,7,1,1,0,0,2,0.81987541591587,False
1,4,2,0,1,1,0,3,1,0,0,0.09780628137548686,True
1,1,0,2,2,3,0,1,1,1,1,0.9184596080457902,False
1,0,2,1,1,4,2,2,0,0,0,0.1146025242390192,True
1,0,0,1,7,0,0,0,1,3,0,0.06,True
1,1,0,0,7,0,2,0,0,0,2,0.021376930194130547,True
1,0,1,1,5,1,0,2,1,1,0,0.07311334402209524,True
1,0,1,2,1,4,0,2,1,0,1,0.8995310277863393,False
1,1,2,5,0,0,0,3,1,0,0,0.09774101770659996,True
1,1,0,1,1,5,1,1,0,0,2,0.859685901801215,False
1,3,1,0,3,1,0,0,1,0,3,0.9187549767368185,False
1,3,1,0,4,0,0,4,0,0,0,0.06728678506432172,True
1,4,3,1,0,0,0,1,1,0,2,0.07008191514786805,True
1,4,0,2,2,0,3,0,0,0,1,0.6284658076495366,False
1,2,0,4,2,0,0,0,3,1,0,0.15997463294020428,True
1,2,4,0,2,0,0,0,1,1,2,0.033453198233683146,True
1,5,1,1,1,0,2,0,0,1,1,0.19572889750783587,True
1,3,2,1,0,2,2,0,1,0,1,0.9395230089114068,False
1,7,0,1,0,0,0,0,4,0,0,0.9965015114899206,False
1,0,1,1,1,5,0,0,3,1,0,0.8913966216863546,False
1,3,4,0,0,1,0,0,1,0,3,0.9191602903174841,False
1,1,3,2,0,2,0,0,3,1,0,0.9530251300294414,False
1,0,2,0,4,2,0,1,0,0,3,0.8917697039261833,False
1,4,1,1,1,1,0,2,0,1,1,0.9563541651543221,False
1,5,0,1,2,0,1,1,0,1,1,0.11217550737042932,True
1,0,1,7,0,0,1,0,0,2,1,0.9723019051699189,False
1,2,4,1,0,1,2,0,0,1,1,0.9568990018579303,False
1,3,1,0,0,4,2,2,0,0,0,0.8962935463995979,False
1,1,3,1,0,3,0,0,3,0,1,0.9188598010638512,False
1,0,1,6,0,1,1,1,0,1,1,0.9567180624386392,False
1,1,0,0,6,1,0,1,0,2,1,0.12670811528924555,True
1,0,1,2,2,3,0,2,0,0,2,0.8992825545174504,False
1,1,1,4,1,1,1,2,1,0,0,0.4483348075024402,True
1,3,1,0,3,1,0,0,0,0,4,0.8984839467161747,False
1,0,3,3,1,1,2,0,2,0,0,0.9781048596899165,False
1,1,0,1,1,5,1,0,0,1,2,0.8589069433984363,False
1,1,3,1,3,0,0,1,1,2,0,0.06629930555555556,True
1,0,0,7,1,0,0,4,0,0,0,0.10313628948141741,True
1,1,0,3,4,0,1,2,1,0,0,0.07333509003315569,True
1,1,0,2,4,1,0,3,0,0,1,0.9514095976029967,False
1,0,1,5,2,0,3,0,1,0,0,0.12760056426778127,True
1,1,1,2,1,3,0,2,1,1,0,0.07954169216823921,True
1,0,1,3,4,0,1,3,0,0,0,0.06845813223946548,True
1,1,1,1,3,2,1,2,0,1,0,0.06537368416282455,True
1,4,4,0,0,0,2,0,1,0,1,0.07459127144372961,True
1,6,1,0,1,0,3,0,0,1,0,0.16978647144779913,True
1,3,2,0,1,2,1,1,0,1,1,0.9350876362084828,False
1,6,0,1,0,1,0,0,0,3,1,0.9574080468494718,False
1,1,1,5,0,1,0,1,0,3,0,0.09431615284249753,True
1,3,1,0,4,0,0,0,0,1,3,0.012448062060363984,True
1,2,5,1,0,0,3,0,0,1,0,0.0781941099830814,True
1,6,0,1,0,1,0,0,1,3,0,0.6284658076495365,False
1,0,0,7,1,0,1,0,2,1,0,0.919291457354175,False
1,0,7,0,0,1,1,2,0,0,1,0.13048862598421312,True
1,3,1,1,0,3,0,1,1,2,0,0.13395091110770393,True
1,1,1,3,3,0,0,0,1,2,1,0.058295119572974854,True
1,1,1,0,0,6,0,0,0,4,0,-0.011105946009097303,True
1,2,2,0,4,0,0,1,1,0,2,0.029690489729774047,True
1,5,0,0,2,1,0,0,1,2,1,0.9567449267206857,False
1,2,1,1,4,0,3,0,0,1,0,0.07010140587626941,True
1,0,5,1,2,0,1,2,1,0,0,0.06899722222222224,True
1,1,1,0,4,2,1,0,0,3,0,0.05037910405395624,True
1,3,0,0,0,5,1,0,1,1,1,0.8792729127569645,False
1,5,0,1,1,1,1,0,3,0,0,0.977953451917268,False
1,0,0,0,4,4,1,0,0,0,3,0.8576604372727622,False
1,5,0,0,0,3,3,0,1,0,0,0.9396692766678232,False
1,2,0,6,0,0,0,1,0,3,0,0.1667644385434314,True
1,2,3,3,0,0,1,2,0,0,1,0.08070438692017716,True
1,1,1,6,0,0,0,2,0,1,1,0.8688086610911215,False
1,4,2,1,1,0,4,0,0,0,0,0.1338178614153331,True
1,2,1,1,0,4,2,0,0,1,1,0.8993123360937502,False
1,2,3,2,1,0,1,0,3,0,0,0.09557461004820174,True
1,4,2,1,1,0,1,2,0,0,1,0.0791330714223834,True
1,3,1,1,2,1,0,2,0,0,2,0.9371765716477019,False
1,4,2,0,1,1,1,0,0,3,0,0.08720126777246619,True
1,0,0,7,1,0,0,0,0,4,0,0.09044164342759478,True
1,1,5,0,0,2,1,0,2,0,1,0.9394386893236986,False
1,1,0,6,1,0,0,1,0,1,2,0.9432408009198662,False
1,1,4,0,1,2,4,0,0,0,0,0.9565247853863551,False
1,0,5,0,0,3,0,2,0,2,0,0.025751695544256957,True
1,0,1,0,2,5,3,0,0,0,1,0.8784992041437681,False
1,1,6,0,1,0,1,0,1,0,2,0.03248730294521346,True
1,1,4,0,1,2,1,0,2,1,0,0.23048620143003895,True
1,3,0,4,0,1,0,1,1,1,1,0.9571941054913362,False
1,0,0,1,2,5,0,0,0,3,1,0.87459469182559,False
1,4,2,2,0,0,4,0,0,0,0,0.6575498086671357,False
1,2,0,3,0,3,0,3,1,0,0,0.5996357884361089,False
1,0,3,2,3,0,1,0,0,3,0,0.06521597222222222,True
1,3,0,0,2,3,1,3,0,0,0,0.07751896673709535,True
1,1,3,1,3,0,0,0,4,0,0,0.07316005389067184,True
1,3,0,0,5,0,0,0,1,2,1,0.047600197034963515,True
1,4,0,1,0,3,1,1,0,2,0,0.5952626664205564,False
1,0,4,0,2,2,2,2,0,0,0,0.07115577709639614,True
1,1,0,2,1,4,0,1,0,0,3,0.85930945634054,False
1,0,0,3,0,5,0,1,0,0,3,0.8383236709339607,False
1,1,2,0,0,5,1,0,0,3,0,0.02699089777756003,True
1,2,0,1,1,4,0,0,0,0,4,0.8394271154491625,False
1,1,2,0,3,2,1,0,2,1,0,0.23048620129972752,True
1,0,3,2,0,3,3,1,0,0,0,0.9290442172874473,False
1,4,0,1,2,1,0,2,1,1,0,0.11899384610428354,True
1,1,0,1,6,0,1,0,0,3,0,0.06,True
1,0,5,0,0,3,0,1,0,2,1,0.200186010940488,True
1,2,5,0,0,1,1,1,1,0,1,0.9543050557653919,False
1,1,4,0,1,2,0,3,0,0,1,0.22279075903760917,True
1,0,1,1,0,6,1,0,1,2,0,0.8551301688794133,False
1,1,3,4,0,0,0,1,3,0,0,0.10575337210629122,True
1,3,4,0,0,1,1,1,0,1,1,0.9518495348716944,False
1,1,2,0,3,2,0,0,3,0,1,0.9388960479197703,False
1,0,1,5,0,2,1,3,0,0,0,0.16545485421531364,True
1,3,5,0,0,0,1,2,0,1,0,0.07237634691980316,True
1,0,0,6,2,0,0,0,2,2,0,0.10131290343677331,True
1,0,0,4,1,3,1,3,0,0,0,0.14355061408878125,True
1,4,2,1,1,0,0,1,0,1,2,0.058870766913707996,True
1,1,2,2,3,0,0,2,0,2,0,0.06675265479413299,True
1,1,1,6,0,0,0,0,2,0,2,0.9597728943880943,False
1,1,0,3,3,1,3,0,1,0,0,0.9781623667634741,False
1,1,1,0,5,1,3,0,0,1,0,0.14186012589546496,True
1,3,1,1,3,0,1,1,2,0,0,0.08059551394942113,True
1,4,1,1,2,0,0,3,1,0,0,0.08077865733495476,True
1,2,0,2,1,3,2,1,1,0,0,0.9365157594671222,False
1,2,1,2,1,2,1,3,0,0,0,0.1007326046789061,True
1,1,1,4,2,0,2,1,0,1,0,0.08503003347085872,True
1,3,0,0,5,0,1,2,1,0,0,0.06755325110022271,True
1,3,4,0,0,1,0,1,1,1,1,0.9534767361448353,False
1,0,1,4,2,1,2,2,0,0,0,0.182536368996762,True
1,0,1,2,5,0,2,1,0,1,0,0.0645621957379456,True
1,2,4,2,0,0,2,0,1,0,1,0.07589120798721326,True
1,0,1,3,0,4,3,0,0,0,1,0.8979723763943539,False
1,4,1,0,1,2,3,0,1,0,0,0.9596859018012158,False
1,0,1,2,0,5,0,2,0,2,0,0.01918398479460297,True
1,1,2,0,4,1,2,0,2,0,0,0.9775866673012064,False
1,0,0,1,7,0,0,1,1,1,1,0.04140595324864643,True
1,6,0,1,0,1,1,1,0,2,0,0.6352626664205562,False
1,5,1,0,1,1,0,1,0,0,3,0.9183119405470026,False
1,2,0,4,1,1,1,2,0,1,0,0.18028115511809562,True
1,0,1,1,3,3,0,1,0,0,3,0.8783311939552882,False
1,1,0,3,3,1,1,0,0,2,1,0.95646954881006,False
1,0,0,2,3,3,3,0,0,1,0,0.9245698724191157,False
1,0,1,6,0,1,0,1,0,0,3,0.9151624462722769,False
1,1,0,3,4,0,1,0,1,0,2,0.043262729530535636,True
1,1,0,4,0,3,1,0,0,3,0,0.5884658076495366,False
1,0,5,1,1,1,2,1,0,1,0,0.08831792808819876,True
1,0,0,1,5,2,0,1,0,3,0,0.042950672509035275,True
1,0,1,4,1,2,1,2,1,0,0,0.42833480750244024,True
1,0,0,3,0,5,1,0,1,0,2,0.8574264579157718,False
1,4,2,2,0,0,1,0,0,1,2,0.17684716380104892,True
1,0,3,0,1,4,0,1,2,1,0,0.062311889476999456,True
1,3,3,1,1,0,2,1,0,1,0,0.07917708937822965,True
1,0,0,0,1,7,0,1,0,0,3,0.7990891759695089,False
1,1,5,2,0,0,1,0,3,0,0,0.08390991527990714,True
1,0,0,4,4,0,0,0,1,0,3,0.023262729530535674,True
1,1,1,1,5,0,2,1,0,0,1,0.04718486691281526,True
1,2,0,1,1,4,1,0,1,0,2,0.8790500815904391,False
1,2,0,0,4,2,2,0,0,2,0,0.09484844386552953,True
1,5,0,0,0,3,1,0,2,1,0,0.933310615672894,False
1,3,1,2,1,1,1,1,1,0,1,0.959186757670901,False
1,1,2,2,3,0,0,1,0,1,2,0.033508342586209675,True
1,3,1,0,0,4,0,1,0,2,1,0.8951003823675876,False
1,1,3,1,3,0,2,0,1,0,1,0.05316005389067188,True
1,3,0,5,0,0,2,0,0,2,0,0.9790768918827679,False
1,2,2,1,2,1,2,0,0,2,0,0.11484844386602687,True
1,0,1,5,1,1,1,0,1,2,0,0.41234486984520663,True
1,0,1,0,0,7,1,2,0,1,0,0.05740130769292779,True
1,1,0,6,0,1,0,2,1,1,0,0.6399028641454798,False
1,5,0,0,0,3,1,1,2,0,0,0.9353160139685379,False
1,1,0,1,0,6,4,0,0,0,0,0.8794338254080392,False
1,0,0,2,6,0,2,0,0,1,1,0.044214127694692955,True
1,3,0,1,1,3,1,0,0,0,3,0.8794271154491625,False
1,2,1,3,2,0,0,0,2,2,0,0.08249129418505977,True
1,4,1,0,3,0,0,1,1,2,0,0.07006205976801534,True
1,2,4,1,0,1,0,0,0,3,1,0.9465081594682111,False
1,2,0,1,0,5,1,0,1,0,2,0.8588575746566756,False
1,2,0,0,2,4,0,1,0,0,3,0.8583757995521601,False
1,2,1,3,1,1,0,0,2,1,1,0.9575975898122295,False
1,0,2,2,4,0,4,0,0,0,0,0.07090185458865975,True
1,2,0,1,3,2,0,0,1,1,2,0.9178139858380823,False
1,7,0,0,0,1,3,0,0,1,0,0.9731233720227744,False
1,0,2,2,2,2,2,0,2,0,0,0.9587472241876469,False
1,1,3,1,2,1,0,0,0,2,2,0.9307574080149772,False
1,0,1,2,1,4,3,1,0,0,0,0.913368301596042,False
1,0,2,1,4,1,0,0,0,2,2,0.23817585799177052,True
1,0,4,2,1,1,0,2,0,1,1,0.27696372692919674,True
1,0,3,3,1,1,2,0,0,1,1,0.9588292785185801,False
1,0,0,7,1,0,3,1,0,0,0,0.9229974645660599,False
1,2,0,5,0,1,1,0,1,2,0,0.9591274218400768,False
1,1,1,0,4,2,0,0,1,0,3,0.8976511919419269,False
1,1,3,0,1,3,0,0,0,2,2,0.8915254262130746,False
1,1,0,1,1,5,2,0,0,0,2,0.8594271154491623,False
1,0,2,1,4,1,1,2,1,0,0,0.09337614632185649,True
1,0,0,1,3,4,3,0,1,0,0,0.9188990292878755,False
1,0,7,0,1,0,1,1,1,0,1,0.050645357402058486,True
1,0,4,0,1,3,0,0,2,2,0,0.054480381479494217,True
1,0,1,1,5,1,0,0,3,0,1,0.9577505916537882,False
1,1,5,0,2,0,0,1,1,2,0,0.06766388888888888,True
1,0,5,0,1,2,0,1,0,3,0,0.042116835961236304,True
1,0,2,1,5,0,0,3,0,1,0,0.06399375,True
1,3,1,0,3,1,0,0,2,2,0,0.11484844386565671,True
1,0,1,6,0,1,1,0,1,0,2,0.9303629430327374,False
1,6,1,0,1,0,1,2,0,1,0,0.0933969227100319,True
1,2,2,3,1,0,0,1,1,2,0,0.07994520227953904,True
1,0,0,4,0,4,1,0,1,2,0,0.8990499991487126,False
1,0,2,1,4,1,0,0,0,3,1,0.12957015674763347,True
1,2,5,0,0,1,0,0,1,2,1,0.9467175118658027,False
1,0,5,2,0,1,1,1,1,1,0,0.10152787418300228,True
1,0,1,0,5,2,1,0,1,1,1,0.9288427219803073,False
1,0,1,4,1,2,1,2,0,1,0,0.10026051324724063,True
1,4,3,0,1,0,1,0,1,2,0,0.07775516798836901,True
1,0,4,0,2,2,1,1,1,0,1,0.9276882033886465,False
1,6,0,0,2,0,0,1,0,0,3,0.1413622891106131,True
1,0,0,3,2,3,0,2,0,0,2,0.8991691785330518,False
1,0,3,2,2,1,0,2,2,0,0,0.10805954067270394,True
1,1,3,0,2,2,3,0,0,0,1,0.9364366443745374,False
1,3,0,3,1,1,2,2,0,0,0,0.9576496960373215,False
1,1,0,5,2,0,0,0,4,0,0,0.6484658076495367,False
1,0,4,1,2,1,0,0,1,2,1,0.2742569847160749,True
1,0,7,0,1,0,2,0,1,1,0,0.06924375,True
1,1,6,1,0,0,1,2,0,1,0,0.06977499999999999,True
1,0,0,4,3,1,2,1,0,0,1,0.9584607553129247,False
1,0,0,1,5,2,1,2,0,1,0,0.05814929062190652,True
1,2,1,2,0,3,0,2,1,1,0,0.13931478784532608,True
1,5,0,2,0,1,0,0,0,2,2,0.9382658521452861,False
1,0,4,1,2,1,0,0,3,0,1,0.9592394998366142,False
1,0,3,3,2,0,0,1,0,1,2,0.03596575147106938,True
1,0,6,0,0,2,1,2,0,1,0,0.05282629790454589,True
1,1,1,6,0,0,0,0,2,1,1,0.9795481415525843,False
1,4,0,1,3,0,2,2,0,0,0,0.08379557519797189,True
1,0,2,4,1,1,0,1,0,3,0,0.07121609406238323,True
1,1,0,4,0,3,4,0,0,0,0,0.9371741968973176,False
1,0,2,0,5,1,0,3,0,0,1,0.09841578896720746,True
1,1,5,0,0,2,1,3,0,0,0,0.05935133292096202,True
1,7,0,1,0,0,2,0,0,2,0,0.9786589816494042,False
1,0,0,2,4,2,0,0,0,0,4,0.8784907640319478,False
1,3,3,0,1,1,2,0,1,1,0,0.9563288086024744,False
1,7,0,1,0,0,1,0,0,2,1,0.9785123282616938,False
1,2,2,0,0,4,0,1,1,2,0,0.0547226430864563,True
1,0,0,0,0,8,0,0,1,2,1,0.8185424555635513,False
1,5,2,0,1,0,2,1,0,0,1,0.09003933731033077,True
1,0,4,2,0,2,0,3,0,1,0,0.05203274693030036,True
1,4,0,0,4,0,1,1,1,0,1,0.05803531060205055,True
1,1,0,1,6,0,0,2,0,2,0,0.06033055555555556,True
1,2,0,2,1,3,3,0,0,0,1,0.918816351634017,False
