m,g0_cooperative,g0_conditional_cooperator,g0_compensating_cooperator,g0_selfish,g0_sanctioning,g1_cooperative,g1_conditional_cooperator,g1_compensating_cooperator,g1_selfish,g1_sanctioning,welfare_efficiency,collapsed
2,0,0,0,0,4,0,0,0,0,4,0.8399999999999985,False
2,0,0,0,0,4,0,0,0,1,3,0.8599999999999988,False
2,0,0,0,0,4,0,0,0,2,2,0.8799999999999989,False
2,0,0,0,0,4,0,0,0,3,1,0.8999999999999991,False
2,0,0,0,0,4,0,0,0,4,0,0.0059356524344511006,True
2,0,0,0,0,4,0,0,1,0,3,0.8599999999999988,False
2,0,0,0,0,4,0,0,1,1,2,0.8799999999999989,False
2,0,0,0,0,4,0,0,1,2,1,0.8999999999999991,False
2,0,0,0,0,4,0,0,1,3,0,0.044197802380925945,True
2,0,0,0,0,4,0,0,2,0,2,0.8799999999999989,False
2,0,0,0,0,4,0,0,2,1,1,0.8999999999999991,False
2,0,0,0,0,4,0,0,2,2,0,0.5740210857592641,False
2,0,0,0,0,4,0,0,3,0,1,0.8999999999999991,False
2,0,0,0,0,4,0,0,3,1,0,0.9123793807983399,False
2,0,0,0,0,4,0,0,4,0,0,0.9199999999999993,False
2,0,0,0,0,4,0,1,0,0,3,0.8599999999999988,False
2,0,0,0,0,4,0,1,0,1,2,0.8799999999999989,False
2,0,0,0,0,4,0,1,0,2,1,0.8999999999999991,False
2,0,0,0,0,4,0,1,0,3,0,0.010368186488473572,True
2,0,0,0,0,4,0,1,1,0,2,0.8799999999999989,False
2,0,0,0,0,4,0,1,1,1,1,0.8999999999999991,False
2,0,0,0,0,4,0,1,1,2,0,0.05110891085260643,True
2,0,0,0,0,4,0,1,2,0,1,0.8999999999999991,False
2,0,0,0,0,4,0,1,2,1,0,0.5796267554668832,False
2,0,0,0,0,4,0,1,3,0,0,0.9199999999999993,False
2,0,0,0,0,4,0,2,0,0,2,0.8799999999999989,False
2,0,0,0,0,4,0,2,0,1,1,0.8999999999999991,False
2,0,0,0,0,4,0,2,0,2,0,0.014085219215830542,True
2,0,0,0,0,4,0,2,1,0,1,0.8999999999999991,False
2,0,0,0,0,4,0,2,1,1,0,0.054586792004403153,True
2,0,0,0,0,4,0,2,2,0,0,0.9199999999999993,False
2,0,0,0,0,4,0,3,0,0,1,0.8999999999999991,False
2,0,0,0,0,4,0,3,0,1,0,0.015779403046403396,True
2,0,0,0,0,4,0,3,1,0,0,0.9199999999999993,False
2,0,0,0,0,4,0,4,0,0,0,0.9199999999999993,False
2,0,0,0,0,4,1,0,0,0,3,0.8599999999999988,False
2,0,0,0,0,4,1,0,0,1,2,0.8799999999999989,False
2,0,0,0,0,4,1,0,0,2,1,0.8999999999999991,False
2,0,0,0,0,4,1,0,0,3,0,0.044197802380925945,True
2,0,0,0,0,4,1,0,1,0,2,0.8799999999999989,False
2,0,0,0,0,4,1,0,1,1,1,0.8999999999999991,False
2,0,0,0,0,4,1,0,1,2,0,0.5740210857592641,False
2,0,0,0,0,4,1,0,2,0,1,0.8999999999999991,False
2,0,0,0,0,4,1,0,2,1,0,0.9119257751464845,False
2,0,0,0,0,4,1,0,3,0,0,0.9199999999999993,False
2,0,0,0,0,4,1,1,0,0,2,0.8799999999999989,False
2,0,0,0,0,4,1,1,0,1,1,0.8999999999999991,False
2,0,0,0,0,4,1,1,0,2,0,0.05110891085260643,True
2,0,0,0,0,4,1,1,1,0,1,0.8999999999999991,False
2,0,0,0,0,4,1,1,1,1,0,0.5789667531692706,False
2,0,0,0,0,4,1,1,2,0,0,0.9199999999999993,False
2,0,0,0,0,4,1,2,0,0,1,0.8999999999999991,False
2,0,0,0,0,4,1,2,0,1,0,0.05404153287771339,True
2,0,0,0,0,4,1,2,1,0,0,0.9199999999999993,False
2,0,0,0,0,4,1,3,0,0,0,0.9199999999999993,False
2,0,0,0,0,4,2,0,0,0,2,0.8799999999999989,False
2,0,0,0,0,4,2,0,0,1,1,0.8999999999999991,False
2,0,0,0,0,4,2,0,0,2,0,0.5740210857592641,False
2,0,0,0,0,4,2,0,1,0,1,0.8999999999999991,False
2,0,0,0,0,4,2,0,1,1,0,0.9113930648803714,False
2,0,0,0,0,4,2,0,2,0,0,0.9199999999999993,False
2,0,0,0,0,4,2,1,0,0,1,0.8999999999999991,False
2,0,0,0,0,4,2,1,0,1,0,0.5782907965727764,False
2,0,0,0,0,4,2,1,1,0,0,0.9199999999999993,False
2,0,0,0,0,4,2,2,0,0,0,0.9199999999999993,False
2,0,0,0,0,4,3,0,0,0,1,0.8999999999999991,False
2,0,0,0,0,4,3,0,0,1,0,0.9107812500000002,False
2,0,0,0,0,4,3,0,1,0,0,0.9199999999999993,False
2,0,0,0,0,4,3,1,0,0,0,0.9199999999999993,False
2,0,0,0,0,4,4,0,0,0,0,0.9199999999999993,False
2,0,0,0,1,3,0,0,0,0,4,0.8599999999999988,False
2,0,0,0,1,3,0,0,0,1,3,0.8799999999999989,False
2,0,0,0,1,3,0,0,0,2,2,0.8999999999999991,False
2,0,0,0,1,3,0,0,0,3,1,0.9199999999999993,False
2,0,0,0,1,3,0,0,0,4,0,0.01965168409283004,True
2,0,0,0,1,3,0,0,1,0,3,0.8799999999999989,False
2,0,0,0,1,3,0,0,1,1,2,0.8999999999999991,False
2,0,0,0,1,3,0,0,1,2,1,0.9199999999999993,False
2,0,0,0,1,3,0,0,1,3,0,0.039476655733289054,True
2,0,0,0,1,3,0,0,2,0,2,0.8999999999999991,False
2,0,0,0,1,3,0,0,2,1,1,0.9199999999999993,False
2,0,0,0,1,3,0,0,2,2,0,0.13196166614481142,True
2,0,0,0,1,3,0,0,3,0,1,0.9199999999999993,False
2,0,0,0,1,3,0,0,3,1,0,0.9289580796627396,False
2,0,0,0,1,3,0,0,4,0,0,0.9399999999999994,False
2,0,0,0,1,3,0,1,0,0,3,0.8799999999999989,False
2,0,0,0,1,3,0,1,0,1,2,0.8999999999999991,False
2,0,0,0,1,3,0,1,0,2,1,0.9199999999999993,False
2,0,0,0,1,3,0,1,0,3,0,0.023633930193009432,True
2,0,0,0,1,3,0,1,1,0,2,0.8999999999999991,False
2,0,0,0,1,3,0,1,1,1,1,0.9199999999999993,False
2,0,0,0,1,3,0,1,1,2,0,0.045446849737332366,True
2,0,0,0,1,3,0,1,2,0,1,0.9199999999999993,False
2,0,0,0,1,3,0,1,2,1,0,0.14204317063034963,True
2,0,0,0,1,3,0,1,3,0,0,0.9399999999999994,False
2,0,0,0,1,3,0,2,0,0,2,0.8999999999999991,False
2,0,0,0,1,3,0,2,0,1,1,0.9199999999999993,False
2,0,0,0,1,3,0,2,0,2,0,0.027008498650221247,True
2,0,0,0,1,3,0,2,1,0,1,0.9199999999999993,False
2,0,0,0,1,3,0,2,1,1,0,0.04894719938504072,True
2,0,0,0,1,3,0,2,2,0,0,0.9399999999999994,False
2,0,0,0,1,3,0,3,0,0,1,0.9199999999999993,False
2,0,0,0,1,3,0,3,0,1,0,0.0289354247035778,True
2,0,0,0,1,3,0,3,1,0,0,0.9399999999999994,False
2,0,0,0,1,3,0,4,0,0,0,0.9399999999999994,False
2,0,0,0,1,3,1,0,0,0,3,0.8799999999999989,False
2,0,0,0,1,3,1,0,0,1,2,0.8999999999999991,False
2,0,0,0,1,3,1,0,0,2,1,0.9199999999999993,False
2,0,0,0,1,3,1,0,0,3,0,0.039476655733289054,True
2,0,0,0,1,3,1,0,1,0,2,0.8999999999999991,False
2,0,0,0,1,3,1,0,1,1,1,0.9199999999999993,False
2,0,0,0,1,3,1,0,1,2,0,0.13196166614481142,True
2,0,0,0,1,3,1,0,2,0,1,0.9199999999999993,False
2,0,0,0,1,3,1,0,2,1,0,0.9282850111068383,False
2,0,0,0,1,3,1,0,3,0,0,0.9399999999999994,False
2,0,0,0,1,3,1,1,0,0,2,0.8999999999999991,False
2,0,0,0,1,3,1,1,0,1,1,0.9199999999999993,False
2,0,0,0,1,3,1,1,0,2,0,0.045446849737332366,True
2,0,0,0,1,3,1,1,1,0,1,0.9199999999999993,False
2,0,0,0,1,3,1,1,1,1,0,0.14093850060599708,True
2,0,0,0,1,3,1,1,2,0,0,0.9399999999999994,False
2,0,0,0,1,3,1,2,0,0,1,0.9199999999999993,False
2,0,0,0,1,3,1,2,0,1,0,0.048471249975377086,True
2,0,0,0,1,3,1,2,1,0,0,0.9399999999999994,False
2,0,0,0,1,3,1,3,0,0,0,0.9399999999999994,False
2,0,0,0,1,3,2,0,0,0,2,0.8999999999999991,False
2,0,0,0,1,3,2,0,0,1,1,0.9199999999999993,False
2,0,0,0,1,3,2,0,0,2,0,0.13196166614481142,True
2,0,0,0,1,3,2,0,1,0,1,0.9199999999999993,False
2,0,0,0,1,3,2,0,1,1,0,0.9280975349622452,False
2,0,0,0,1,3,2,0,2,0,0,0.9399999999999994,False
2,0,0,0,1,3,2,1,0,0,1,0.9199999999999993,False
2,0,0,0,1,3,2,1,0,1,0,0.13980616078150387,True
2,0,0,0,1,3,2,1,1,0,0,0.9399999999999994,False
2,0,0,0,1,3,2,2,0,0,0,0.9399999999999994,False
2,0,0,0,1,3,3,0,0,0,1,0.9199999999999993,False
2,0,0,0,1,3,3,0,0,1,0,0.926859022262575,False
2,0,0,0,1,3,3,0,1,0,0,0.9399999999999994,False
2,0,0,0,1,3,3,1,0,0,0,0.9399999999999994,False
2,0,0,0,1,3,4,0,0,0,0,0.9399999999999994,False
2,0,0,0,2,2,0,0,0,0,4,0.8799999999999989,False
2,0,0,0,2,2,0,0,0,1,3,0.8999999999999991,False
2,0,0,0,2,2,0,0,0,2,2,0.9199999999999993,False
2,0,0,0,2,2,0,0,0,3,1,0.9399999999999994,False
2,0,0,0,2,2,0,0,0,4,0,0.03615741738552684,True
2,0,0,0,2,2,0,0,1,0,3,0.8999999999999991,False
2,0,0,0,2,2,0,0,1,1,2,0.9199999999999993,False
2,0,0,0,2,2,0,0,1,2,1,0.9399999999999994,False
2,0,0,0,2,2,0,0,1,3,0,0.04996695367544751,True
2,0,0,0,2,2,0,0,2,0,2,0.9199999999999993,False
2,0,0,0,2,2,0,0,2,1,1,0.9399999999999994,False
2,0,0,0,2,2,0,0,2,2,0,0.09329416593524736,True
2,0,0,0,2,2,0,0,3,0,1,0.9399999999999994,False
2,0,0,0,2,2,0,0,3,1,0,0.9458448924779008,False
2,0,0,0,2,2,0,0,4,0,0,0.9599999999999996,False
2,0,0,0,2,2,0,1,0,0,3,0.8999999999999991,False
2,0,0,0,2,2,0,1,0,1,2,0.9199999999999993,False
2,0,0,0,2,2,0,1,0,2,1,0.9399999999999994,False
2,0,0,0,2,2,0,1,0,3,0,0.03985648215098957,True
2,0,0,0,2,2,0,1,1,0,2,0.9199999999999993,False
2,0,0,0,2,2,0,1,1,1,1,0.9399999999999994,False
2,0,0,0,2,2,0,1,1,2,0,0.05521585984787743,True
2,0,0,0,2,2,0,1,2,0,1,0.9399999999999994,False
2,0,0,0,2,2,0,1,2,1,0,0.1018916524308793,True
2,0,0,0,2,2,0,1,3,0,0,0.9599999999999996,False
2,0,0,0,2,2,0,2,0,0,2,0.9199999999999993,False
2,0,0,0,2,2,0,2,0,1,1,0.9399999999999994,False
2,0,0,0,2,2,0,2,0,2,0,0.04302467762959568,True
2,0,0,0,2,2,0,2,1,0,1,0.9399999999999994,False
2,0,0,0,2,2,0,2,1,1,0,0.05879711798215974,True
2,0,0,0,2,2,0,2,2,0,0,0.9599999999999996,False
2,0,0,0,2,2,0,3,0,0,1,0.9399999999999994,False
2,0,0,0,2,2,0,3,0,1,0,0.045044106968614016,True
2,0,0,0,2,2,0,3,1,0,0,0.9599999999999996,False
2,0,0,0,2,2,0,4,0,0,0,0.9599999999999996,False
2,0,0,0,2,2,1,0,0,0,3,0.8999999999999991,False
2,0,0,0,2,2,1,0,0,1,2,0.9199999999999993,False
2,0,0,0,2,2,1,0,0,2,1,0.9399999999999994,False
2,0,0,0,2,2,1,0,0,3,0,0.04996695367544751,True
2,0,0,0,2,2,1,0,1,0,2,0.9199999999999993,False
2,0,0,0,2,2,1,0,1,1,1,0.9399999999999994,False
2,0,0,0,2,2,1,0,1,2,0,0.09329416593524736,True
2,0,0,0,2,2,1,0,2,0,1,0.9399999999999994,False
2,0,0,0,2,2,1,0,2,1,0,0.9429571722273702,False
2,0,0,0,2,2,1,0,3,0,0,0.9599999999999996,False
2,0,0,0,2,2,1,1,0,0,2,0.9199999999999993,False
2,0,0,0,2,2,1,1,0,1,1,0.9399999999999994,False
2,0,0,0,2,2,1,1,0,2,0,0.05521585984787743,True
2,0,0,0,2,2,1,1,1,0,1,0.9399999999999994,False
2,0,0,0,2,2,1,1,1,1,0,0.10107293033272802,True
2,0,0,0,2,2,1,1,2,0,0,0.9599999999999996,False
2,0,0,0,2,2,1,2,0,0,1,0.9399999999999994,False
2,0,0,0,2,2,1,2,0,1,0,0.05839192242060584,True
2,0,0,0,2,2,1,2,1,0,0,0.9599999999999996,False
2,0,0,0,2,2,1,3,0,0,0,0.9599999999999996,False
2,0,0,0,2,2,2,0,0,0,2,0.9199999999999993,False
2,0,0,0,2,2,2,0,0,1,1,0.9399999999999994,False
2,0,0,0,2,2,2,0,0,2,0,0.09329416593524736,True
2,0,0,0,2,2,2,0,1,0,1,0.9399999999999994,False
2,0,0,0,2,2,2,0,1,1,0,0.9414526579650508,False
2,0,0,0,2,2,2,0,2,0,0,0.9599999999999996,False
2,0,0,0,2,2,2,1,0,0,1,0.9399999999999994,False
2,0,0,0,2,2,2,1,0,1,0,0.10023620811507862,True
2,0,0,0,2,2,2,1,1,0,0,0.9599999999999996,False
2,0,0,0,2,2,2,2,0,0,0,0.9599999999999996,False
2,0,0,0,2,2,3,0,0,0,1,0.9399999999999994,False
2,0,0,0,2,2,3,0,0,1,0,0.9404788402540893,False
2,0,0,0,2,2,3,0,1,0,0,0.9599999999999996,False
2,0,0,0,2,2,3,1,0,0,0,0.9599999999999996,False
2,0,0,0,2,2,4,0,0,0,0,0.9599999999999996,False
2,0,0,0,3,1,0,0,0,0,4,0.8999999999999991,False
2,0,0,0,3,1,0,0,0,1,3,0.9199999999999993,False
2,0,0,0,3,1,0,0,0,2,2,0.9399999999999994,False
2,0,0,0,3,1,0,0,0,3,1,0.9599999999999996,False
2,0,0,0,3,1,0,0,0,4,0,0.05405164373535368,True
2,0,0,0,3,1,0,0,1,0,3,0.9199999999999993,False
2,0,0,0,3,1,0,0,1,1,2,0.9399999999999994,False
2,0,0,0,3,1,0,0,1,2,1,0.9599999999999996,False
2,0,0,0,3,1,0,0,1,3,0,0.06454079135186055,True
2,0,0,0,3,1,0,0,2,0,2,0.9399999999999994,False
2,0,0,0,3,1,0,0,2,1,1,0.9599999999999996,False
2,0,0,0,3,1,0,0,2,2,0,0.09213854305545643,True
2,0,0,0,3,1,0,0,3,0,1,0.9599999999999996,False
2,0,0,0,3,1,0,0,3,1,0,0.8675875972762404,False
2,0,0,0,3,1,0,0,4,0,0,0.9799999999999998,False
2,0,0,0,3,1,0,1,0,0,3,0.9199999999999993,False
2,0,0,0,3,1,0,1,0,1,2,0.9399999999999994,False
2,0,0,0,3,1,0,1,0,2,1,0.9599999999999996,False
2,0,0,0,3,1,0,1,0,3,0,0.05721614748025519,True
2,0,0,0,3,1,0,1,1,0,2,0.9399999999999994,False
2,0,0,0,3,1,0,1,1,1,1,0.9599999999999996,False
2,0,0,0,3,1,0,1,1,2,0,0.06932245867201677,True
2,0,0,0,3,1,0,1,2,0,1,0.9599999999999996,False
2,0,0,0,3,1,0,1,2,1,0,0.09984579029943323,True
2,0,0,0,3,1,0,1,3,0,0,0.9799999999999998,False
2,0,0,0,3,1,0,2,0,0,2,0.9399999999999994,False
2,0,0,0,3,1,0,2,0,1,1,0.9599999999999996,False
2,0,0,0,3,1,0,2,0,2,0,0.060270900345577846,True
2,0,0,0,3,1,0,2,1,0,1,0.9599999999999996,False
2,0,0,0,3,1,0,2,1,1,0,0.07281754111551987,True
2,0,0,0,3,1,0,2,2,0,0,0.9799999999999998,False
2,0,0,0,3,1,0,3,0,0,1,0.9599999999999996,False
2,0,0,0,3,1,0,3,0,1,0,0.06252250976302957,True
2,0,0,0,3,1,0,3,1,0,0,0.9799999999999998,False
2,0,0,0,3,1,0,4,0,0,0,0.9799999999999998,False
2,0,0,0,3,1,1,0,0,0,3,0.9199999999999993,False
2,0,0,0,3,1,1,0,0,1,2,0.9399999999999994,False
2,0,0,0,3,1,1,0,0,2,1,0.9599999999999996,False
2,0,0,0,3,1,1,0,0,3,0,0.06454079135186055,True
2,0,0,0,3,1,1,0,1,0,2,0.9399999999999994,False
2,0,0,0,3,1,1,0,1,1,1,0.9599999999999996,False
2,0,0,0,3,1,1,0,1,2,0,0.09213854305545643,True
2,0,0,0,3,1,1,0,2,0,1,0.9599999999999996,False
2,0,0,0,3,1,1,0,2,1,0,0.86417648610408,False
2,0,0,0,3,1,1,0,3,0,0,0.9799999999999998,False
2,0,0,0,3,1,1,1,0,0,2,0.9399999999999994,False
2,0,0,0,3,1,1,1,0,1,1,0.9599999999999996,False
2,0,0,0,3,1,1,1,0,2,0,0.06932245867201677,True
2,0,0,0,3,1,1,1,1,0,1,0.9599999999999996,False
2,0,0,0,3,1,1,1,1,1,0,0.09917909826415391,True
2,0,0,0,3,1,1,1,2,0,0,0.9799999999999998,False
2,0,0,0,3,1,1,2,0,0,1,0.9599999999999996,False
2,0,0,0,3,1,1,2,0,1,0,0.07247311232093537,True
2,0,0,0,3,1,1,2,1,0,0,0.9799999999999998,False
2,0,0,0,3,1,1,3,0,0,0,0.9799999999999998,False
2,0,0,0,3,1,2,0,0,0,2,0.9399999999999994,False
2,0,0,0,3,1,2,0,0,1,1,0.9599999999999996,False
2,0,0,0,3,1,2,0,0,2,0,0.09213854305545643,True
2,0,0,0,3,1,2,0,1,0,1,0.9599999999999996,False
2,0,0,0,3,1,2,0,1,1,0,0.8618059239880839,False
2,0,0,0,3,1,2,0,2,0,0,0.9799999999999998,False
2,0,0,0,3,1,2,1,0,0,1,0.9599999999999996,False
2,0,0,0,3,1,2,1,0,1,0,0.09849887631879185,True
2,0,0,0,3,1,2,1,1,0,0,0.9799999999999998,False
2,0,0,0,3,1,2,2,0,0,0,0.9799999999999998,False
2,0,0,0,3,1,3,0,0,0,1,0.9599999999999996,False
2,0,0,0,3,1,3,0,0,1,0,0.8601862761101238,False
2,0,0,0,3,1,3,0,1,0,0,0.9799999999999998,False
2,0,0,0,3,1,3,1,0,0,0,0.9799999999999998,False
2,0,0,0,3,1,4,0,0,0,0,0.9799999999999998,False
2,0,0,0,4,0,0,0,0,0,4,0.0059356524344511006,True
2,0,0,0,4,0,0,0,0,1,3,0.01965168409283004,True
2,0,0,0,4,0,0,0,0,2,2,0.03615741738552684,True
2,0,0,0,4,0,0,0,0,3,1,0.05405164373535368,True
2,0,0,0,4,0,0,0,0,4,0,0.06,True
2,0,0,0,4,0,0,0,1,0,3,0.02593565243445107,True
2,0,0,0,4,0,0,0,1,1,2,0.03965168409283001,True
2,0,0,0,4,0,0,0,1,2,1,0.056157417385526806,True
2,0,0,0,4,0,0,0,1,3,0,0.06285953409608667,True
2,0,0,0,4,0,0,0,2,0,2,0.04593565243445104,True
2,0,0,0,4,0,0,0,2,1,1,0.05965168409282998,True
2,0,0,0,4,0,0,0,2,2,0,0.06687782921992085,True
2,0,0,0,4,0,0,0,3,0,1,0.065935652434451,True
2,0,0,0,4,0,0,0,3,1,0,0.07331906337393412,True
2,0,0,0,4,0,0,0,4,0,0,0.08593565243445098,True
2,0,0,0,4,0,0,1,0,0,3,0.019651684093194514,True
2,0,0,0,4,0,0,1,0,1,2,0.03615741738557527,True
2,0,0,0,4,0,0,1,0,2,1,0.05405164373536887,True
2,0,0,0,4,0,0,1,0,3,0,0.06234375,True
2,0,0,0,4,0,0,1,1,0,2,0.03965168409319448,True
2,0,0,0,4,0,0,1,1,1,1,0.05615741738557524,True
2,0,0,0,4,0,0,1,1,2,0,0.06537826161156801,True
2,0,0,0,4,0,0,1,2,0,1,0.05965168409319445,True
2,0,0,0,4,0,0,1,2,1,0,0.06971388024109355,True
2,0,0,0,4,0,0,1,3,0,0,0.07670738794865314,True
2,0,0,0,4,0,0,2,0,0,2,0.03615741738568025,True
2,0,0,0,4,0,0,2,0,1,1,0.0540516437353953,True
2,0,0,0,4,0,0,2,0,2,0,0.064375,True
2,0,0,0,4,0,0,2,1,0,1,0.05615741738568022,True
2,0,0,0,4,0,0,2,1,1,0,0.0675572485394852,True
2,0,0,0,4,0,0,2,2,0,0,0.07215481172439062,True
2,0,0,0,4,0,0,3,0,0,1,0.054051643735452515,True
2,0,0,0,4,0,0,3,0,1,0,0.06609375,True
2,0,0,0,4,0,0,3,1,0,0,0.06939751971667098,True
2,0,0,0,4,0,0,4,0,0,0,0.0675,True
2,0,0,0,4,0,1,0,0,0,3,0.02593565243445107,True
2,0,0,0,4,0,1,0,0,1,2,0.03965168409283001,True
2,0,0,0,4,0,1,0,0,2,1,0.056157417385526806,True
2,0,0,0,4,0,1,0,0,3,0,0.06285953409608667,True
2,0,0,0,4,0,1,0,1,0,2,0.04593565243445104,True
2,0,0,0,4,0,1,0,1,1,1,0.05965168409282998,True
2,0,0,0,4,0,1,0,1,2,0,0.06687782921992085,True
2,0,0,0,4,0,1,0,2,0,1,0.065935652434451,True
2,0,0,0,4,0,1,0,2,1,0,0.07331906337393412,True
2,0,0,0,4,0,1,0,3,0,0,0.08593565243445098,True
2,0,0,0,4,0,1,1,0,0,2,0.03965168409319448,True
2,0,0,0,4,0,1,1,0,1,1,0.05615741738557524,True
2,0,0,0,4,0,1,1,0,2,0,0.06537826161156801,True
2,0,0,0,4,0,1,1,1,0,1,0.05965168409319445,True
2,0,0,0,4,0,1,1,1,1,0,0.06971388024109355,True
2,0,0,0,4,0,1,1,2,0,0,0.07670738794865314,True
2,0,0,0,4,0,1,2,0,0,1,0.05615741738568022,True
2,0,0,0,4,0,1,2,0,1,0,0.0675572485394852,True
2,0,0,0,4,0,1,2,1,0,0,0.07215481172439062,True
2,0,0,0,4,0,1,3,0,0,0,0.06939751971667098,True
2,0,0,0,4,0,2,0,0,0,2,0.04593565243445104,True
2,0,0,0,4,0,2,0,0,1,1,0.05965168409282998,True
2,0,0,0,4,0,2,0,0,2,0,0.06687782921992085,True
2,0,0,0,4,0,2,0,1,0,1,0.065935652434451,True
2,0,0,0,4,0,2,0,1,1,0,0.07331906337393412,True
2,0,0,0,4,0,2,0,2,0,0,0.08593565243445098,True
2,0,0,0,4,0,2,1,0,0,1,0.05965168409319445,True
2,0,0,0,4,0,2,1,0,1,0,0.06971388024109355,True
2,0,0,0,4,0,2,1,1,0,0,0.07670738794865314,True
2,0,0,0,4,0,2,2,0,0,0,0.07215481172439062,True
2,0,0,0,4,0,3,0,0,0,1,0.065935652434451,True
2,0,0,0,4,0,3,0,0,1,0,0.07331906337393412,True
2,0,0,0,4,0,3,0,1,0,0,0.08593565243445098,True
2,0,0,0,4,0,3,1,0,0,0,0.07670738794865314,True
2,0,0,0,4,0,4,0,0,0,0,0.08593565243445098,True
2,0,0,1,0,3,0,0,0,0,4,0.8599999999999988,False
2,0,0,1,0,3,0,0,0,1,3,0.8799999999999989,False
2,0,0,1,0,3,0,0,0,2,2,0.8999999999999991,False
2,0,0,1,0,3,0,0,0,3,1,0.9199999999999993,False
2,0,0,1,0,3,0,0,0,4,0,0.02593565243445107,True
2,0,0,1,0,3,0,0,1,0,3,0.8799999999999989,False
2,0,0,1,0,3,0,0,1,1,2,0.8999999999999991,False
2,0,0,1,0,3,0,0,1,2,1,0.9199999999999993,False
2,0,0,1,0,3,0,0,1,3,0,0.0641978023809259,True
2,0,0,1,0,3,0,0,2,0,2,0.8999999999999991,False
2,0,0,1,0,3,0,0,2,1,1,0.9199999999999993,False
2,0,0,1,0,3,0,0,2,2,0,0.5940210857592642,False
2,0,0,1,0,3,0,0,3,0,1,0.9199999999999993,False
2,0,0,1,0,3,0,0,3,1,0,0.9327538818359375,False
2,0,0,1,0,3,0,0,4,0,0,0.9399999999999994,False
2,0,0,1,0,3,0,1,0,0,3,0.8799999999999989,False
2,0,0,1,0,3,0,1,0,1,2,0.8999999999999991,False
2,0,0,1,0,3,0,1,0,2,1,0.9199999999999993,False
2,0,0,1,0,3,0,1,0,3,0,0.03036818648847354,True
2,0,0,1,0,3,0,1,1,0,2,0.8999999999999991,False
2,0,0,1,0,3,0,1,1,1,1,0.9199999999999993,False
2,0,0,1,0,3,0,1,1,2,0,0.0711089108526064,True
2,0,0,1,0,3,0,1,2,0,1,0.9199999999999993,False
2,0,0,1,0,3,0,1,2,1,0,0.6002711713321895,False
2,0,0,1,0,3,0,1,3,0,0,0.9399999999999994,False
2,0,0,1,0,3,0,2,0,0,2,0.8999999999999991,False
2,0,0,1,0,3,0,2,0,1,1,0.9199999999999993,False
2,0,0,1,0,3,0,2,0,2,0,0.034085219215830506,True
2,0,0,1,0,3,0,2,1,0,1,0.9199999999999993,False
2,0,0,1,0,3,0,2,1,1,0,0.07512421834481063,True
2,0,0,1,0,3,0,2,2,0,0,0.9399999999999994,False
2,0,0,1,0,3,0,3,0,0,1,0.9199999999999993,False
2,0,0,1,0,3,0,3,0,1,0,0.03612285414374039,True
2,0,0,1,0,3,0,3,1,0,0,0.9399999999999994,False
2,0,0,1,0,3,0,4,0,0,0,0.9399999999999994,False
2,0,0,1,0,3,1,0,0,0,3,0.8799999999999989,False
2,0,0,1,0,3,1,0,0,1,2,0.8999999999999991,False
2,0,0,1,0,3,1,0,0,2,1,0.9199999999999993,False
2,0,0,1,0,3,1,0,0,3,0,0.0641978023809259,True
2,0,0,1,0,3,1,0,1,0,2,0.8999999999999991,False
2,0,0,1,0,3,1,0,1,1,1,0.9199999999999993,False
2,0,0,1,0,3,1,0,1,2,0,0.5940210857592642,False
2,0,0,1,0,3,1,0,2,0,1,0.9199999999999993,False
2,0,0,1,0,3,1,0,2,1,0,0.9323793807983397,False
2,0,0,1,0,3,1,0,3,0,0,0.9399999999999994,False
2,0,0,1,0,3,1,1,0,0,2,0.8999999999999991,False
2,0,0,1,0,3,1,1,0,1,1,0.9199999999999993,False
2,0,0,1,0,3,1,1,0,2,0,0.0711089108526064,True
2,0,0,1,0,3,1,1,1,0,1,0.9199999999999993,False
2,0,0,1,0,3,1,1,1,1,0,0.5996267554668832,False
2,0,0,1,0,3,1,1,2,0,0,0.9399999999999994,False
2,0,0,1,0,3,1,2,0,0,1,0.9199999999999993,False
2,0,0,1,0,3,1,2,0,1,0,0.07458679200440312,True
2,0,0,1,0,3,1,2,1,0,0,0.9399999999999994,False
2,0,0,1,0,3,1,3,0,0,0,0.9399999999999994,False
2,0,0,1,0,3,2,0,0,0,2,0.8999999999999991,False
2,0,0,1,0,3,2,0,0,1,1,0.9199999999999993,False
2,0,0,1,0,3,2,0,0,2,0,0.5940210857592642,False
2,0,0,1,0,3,2,0,1,0,1,0.9199999999999993,False
2,0,0,1,0,3,2,0,1,1,0,0.9319257751464844,False
2,0,0,1,0,3,2,0,2,0,0,0.9399999999999994,False
2,0,0,1,0,3,2,1,0,0,1,0.9199999999999993,False
2,0,0,1,0,3,2,1,0,1,0,0.5989667531692705,False
2,0,0,1,0,3,2,1,1,0,0,0.9399999999999994,False
2,0,0,1,0,3,2,2,0,0,0,0.9399999999999994,False
2,0,0,1,0,3,3,0,0,0,1,0.9199999999999993,False
2,0,0,1,0,3,3,0,0,1,0,0.9313930648803714,False
2,0,0,1,0,3,3,0,1,0,0,0.9399999999999994,False
2,0,0,1,0,3,3,1,0,0,0,0.9399999999999994,False
2,0,0,1,0,3,4,0,0,0,0,0.9399999999999994,False
2,0,0,1,1,2,0,0,0,0,4,0.8799999999999989,False
2,0,0,1,1,2,0,0,0,1,3,0.8999999999999991,False
2,0,0,1,1,2,0,0,0,2,2,0.9199999999999993,False
2,0,0,1,1,2,0,0,0,3,1,0.9399999999999994,False
2,0,0,1,1,2,0,0,0,4,0,0.03965168409283001,True
2,0,0,1,1,2,0,0,1,0,3,0.8999999999999991,False
2,0,0,1,1,2,0,0,1,1,2,0.9199999999999993,False
2,0,0,1,1,2,0,0,1,2,1,0.9399999999999994,False
2,0,0,1,1,2,0,0,1,3,0,0.05947665573328902,True
2,0,0,1,1,2,0,0,2,0,2,0.9199999999999993,False
2,0,0,1,1,2,0,0,2,1,1,0.9399999999999994,False
2,0,0,1,1,2,0,0,2,2,0,0.1519616661448114,True
2,0,0,1,1,2,0,0,3,0,1,0.9399999999999994,False
2,0,0,1,1,2,0,0,3,1,0,0.9495984957607834,False
2,0,0,1,1,2,0,0,4,0,0,0.9599999999999996,False
2,0,0,1,1,2,0,1,0,0,3,0.8999999999999991,False
2,0,0,1,1,2,0,1,0,1,2,0.9199999999999993,False
2,0,0,1,1,2,0,1,0,2,1,0.9399999999999994,False
2,0,0,1,1,2,0,1,0,3,0,0.0436339301930094,True
2,0,0,1,1,2,0,1,1,0,2,0.9199999999999993,False
2,0,0,1,1,2,0,1,1,1,1,0.9399999999999994,False
2,0,0,1,1,2,0,1,1,2,0,0.06544684973733234,True
2,0,0,1,1,2,0,1,2,0,1,0.9399999999999994,False
2,0,0,1,1,2,0,1,2,1,0,0.16312096852325866,True
2,0,0,1,1,2,0,1,3,0,0,0.9599999999999996,False
2,0,0,1,1,2,0,2,0,0,2,0.9199999999999993,False
2,0,0,1,1,2,0,2,0,1,1,0.9399999999999994,False
2,0,0,1,1,2,0,2,0,2,0,0.04700849865022121,True
2,0,0,1,1,2,0,2,1,0,1,0.9399999999999994,False
2,0,0,1,1,2,0,2,1,1,0,0.06942333757373582,True
2,0,0,1,1,2,0,2,2,0,0,0.9599999999999996,False
2,0,0,1,1,2,0,3,0,0,1,0.9399999999999994,False
2,0,0,1,1,2,0,3,0,1,0,0.04925099776460491,True
2,0,0,1,1,2,0,3,1,0,0,0.9599999999999996,False
2,0,0,1,1,2,0,4,0,0,0,0.9599999999999996,False
2,0,0,1,1,2,1,0,0,0,3,0.8999999999999991,False
2,0,0,1,1,2,1,0,0,1,2,0.9199999999999993,False
2,0,0,1,1,2,1,0,0,2,1,0.9399999999999994,False
2,0,0,1,1,2,1,0,0,3,0,0.05947665573328902,True
2,0,0,1,1,2,1,0,1,0,2,0.9199999999999993,False
2,0,0,1,1,2,1,0,1,1,1,0.9399999999999994,False
2,0,0,1,1,2,1,0,1,2,0,0.1519616661448114,True
2,0,0,1,1,2,1,0,2,0,1,0.9399999999999994,False
2,0,0,1,1,2,1,0,2,1,0,0.9489580796627396,False
2,0,0,1,1,2,1,0,3,0,0,0.9599999999999996,False
2,0,0,1,1,2,1,1,0,0,2,0.9199999999999993,False
2,0,0,1,1,2,1,1,0,1,1,0.9399999999999994,False
2,0,0,1,1,2,1,1,0,2,0,0.06544684973733234,True
2,0,0,1,1,2,1,1,1,0,1,0.9399999999999994,False
2,0,0,1,1,2,1,1,1,1,0,0.16204317063034962,True
2,0,0,1,1,2,1,1,2,0,0,0.9599999999999996,False
2,0,0,1,1,2,1,2,0,0,1,0.9399999999999994,False
2,0,0,1,1,2,1,2,0,1,0,0.06894719938504068,True
2,0,0,1,1,2,1,2,1,0,0,0.9599999999999996,False
2,0,0,1,1,2,1,3,0,0,0,0.9599999999999996,False
2,0,0,1,1,2,2,0,0,0,2,0.9199999999999993,False
2,0,0,1,1,2,2,0,0,1,1,0.9399999999999994,False
2,0,0,1,1,2,2,0,0,2,0,0.1519616661448114,True
2,0,0,1,1,2,2,0,1,0,1,0.9399999999999994,False
2,0,0,1,1,2,2,0,1,1,0,0.9482850111068383,False
2,0,0,1,1,2,2,0,2,0,0,0.9599999999999996,False
2,0,0,1,1,2,2,1,0,0,1,0.9399999999999994,False
2,0,0,1,1,2,2,1,0,1,0,0.16093850060599707,True
2,0,0,1,1,2,2,1,1,0,0,0.9599999999999996,False
2,0,0,1,1,2,2,2,0,0,0,0.9599999999999996,False
2,0,0,1,1,2,3,0,0,0,1,0.9399999999999994,False
2,0,0,1,1,2,3,0,0,1,0,0.9480975349622451,False
2,0,0,1,1,2,3,0,1,0,0,0.9599999999999996,False
2,0,0,1,1,2,3,1,0,0,0,0.9599999999999996,False
2,0,0,1,1,2,4,0,0,0,0,0.9599999999999996,False
2,0,0,1,2,1,0,0,0,0,4,0.8999999999999991,False
2,0,0,1,2,1,0,0,0,1,3,0.9199999999999993,False
2,0,0,1,2,1,0,0,0,2,2,0.9399999999999994,False
2,0,0,1,2,1,0,0,0,3,1,0.9599999999999996,False
2,0,0,1,2,1,0,0,0,4,0,0.056157417385526806,True
2,0,0,1,2,1,0,0,1,0,3,0.9199999999999993,False
2,0,0,1,2,1,0,0,1,1,2,0.9399999999999994,False
2,0,0,1,2,1,0,0,1,2,1,0.9599999999999996,False
2,0,0,1,2,1,0,0,1,3,0,0.06996695367544749,True
2,0,0,1,2,1,0,0,2,0,2,0.9399999999999994,False
2,0,0,1,2,1,0,0,2,1,1,0.9599999999999996,False
2,0,0,1,2,1,0,0,2,2,0,0.11329416593524734,True
2,0,0,1,2,1,0,0,3,0,1,0.9599999999999996,False
2,0,0,1,2,1,0,0,3,1,0,0.9630335971030966,False
2,0,0,1,2,1,0,0,4,0,0,0.9799999999999998,False
2,0,0,1,2,1,0,1,0,0,3,0.9199999999999993,False
2,0,0,1,2,1,0,1,0,1,2,0.9399999999999994,False
2,0,0,1,2,1,0,1,0,2,1,0.9599999999999996,False
2,0,0,1,2,1,0,1,0,3,0,0.05985648215098953,True
2,0,0,1,2,1,0,1,1,0,2,0.9399999999999994,False
2,0,0,1,2,1,0,1,1,1,1,0.9599999999999996,False
2,0,0,1,2,1,0,1,1,2,0,0.0752158598478774,True
2,0,0,1,2,1,0,1,2,0,1,0.9599999999999996,False
2,0,0,1,2,1,0,1,2,1,0,0.12269276246051355,True
2,0,0,1,2,1,0,1,3,0,0,0.9799999999999998,False
2,0,0,1,2,1,0,2,0,0,2,0.9399999999999994,False
2,0,0,1,2,1,0,2,0,1,1,0.9599999999999996,False
2,0,0,1,2,1,0,2,0,2,0,0.06302467762959565,True
2,0,0,1,2,1,0,2,1,0,1,0.9599999999999996,False
2,0,0,1,2,1,0,2,1,1,0,0.07919664216738485,True
2,0,0,1,2,1,0,2,2,0,0,0.9799999999999998,False
2,0,0,1,2,1,0,3,0,0,1,0.9599999999999996,False
2,0,0,1,2,1,0,3,0,1,0,0.06531666530161254,True
2,0,0,1,2,1,0,3,1,0,0,0.9799999999999998,False
2,0,0,1,2,1,0,4,0,0,0,0.9799999999999998,False
2,0,0,1,2,1,1,0,0,0,3,0.9199999999999993,False
2,0,0,1,2,1,1,0,0,1,2,0.9399999999999994,False
2,0,0,1,2,1,1,0,0,2,1,0.9599999999999996,False
2,0,0,1,2,1,1,0,0,3,0,0.06996695367544749,True
2,0,0,1,2,1,1,0,1,0,2,0.9399999999999994,False
2,0,0,1,2,1,1,0,1,1,1,0.9599999999999996,False
2,0,0,1,2,1,1,0,1,2,0,0.11329416593524734,True
2,0,0,1,2,1,1,0,2,0,1,0.9599999999999996,False
2,0,0,1,2,1,1,0,2,1,0,0.9658448924779007,False
2,0,0,1,2,1,1,0,3,0,0,0.9799999999999998,False
2,0,0,1,2,1,1,1,0,0,2,0.9399999999999994,False
2,0,0,1,2,1,1,1,0,1,1,0.9599999999999996,False
2,0,0,1,2,1,1,1,0,2,0,0.0752158598478774,True
2,0,0,1,2,1,1,1,1,0,1,0.9599999999999996,False
2,0,0,1,2,1,1,1,1,1,0,0.12189165243087928,True
2,0,0,1,2,1,1,1,2,0,0,0.9799999999999998,False
2,0,0,1,2,1,1,2,0,0,1,0.9599999999999996,False
2,0,0,1,2,1,1,2,0,1,0,0.0787971179821597,True
2,0,0,1,2,1,1,2,1,0,0,0.9799999999999998,False
2,0,0,1,2,1,1,3,0,0,0,0.9799999999999998,False
2,0,0,1,2,1,2,0,0,0,2,0.9399999999999994,False
2,0,0,1,2,1,2,0,0,1,1,0.9599999999999996,False
2,0,0,1,2,1,2,0,0,2,0,0.11329416593524734,True
2,0,0,1,2,1,2,0,1,0,1,0.9599999999999996,False
2,0,0,1,2,1,2,0,1,1,0,0.9629571722273702,False
2,0,0,1,2,1,2,0,2,0,0,0.9799999999999998,False
2,0,0,1,2,1,2,1,0,0,1,0.9599999999999996,False
2,0,0,1,2,1,2,1,0,1,0,0.12107293033272798,True
2,0,0,1,2,1,2,1,1,0,0,0.9799999999999998,False
2,0,0,1,2,1,2,2,0,0,0,0.9799999999999998,False
2,0,0,1,2,1,3,0,0,0,1,0.9599999999999996,False
2,0,0,1,2,1,3,0,0,1,0,0.9614526579650509,False
2,0,0,1,2,1,3,0,1,0,0,0.9799999999999998,False
2,0,0,1,2,1,3,1,0,0,0,0.9799999999999998,False
2,0,0,1,2,1,4,0,0,0,0,0.9799999999999998,False
2,0,0,1,3,0,0,0,0,0,4,0.044197802380925945,True
2,0,0,1,3,0,0,0,0,1,3,0.039476655733289054,True
2,0,0,1,3,0,0,0,0,2,2,0.04996695367544751,True
2,0,0,1,3,0,0,0,0,3,1,0.06454079135186055,True
2,0,0,1,3,0,0,0,0,4,0,0.06285953409608667,True
2,0,0,1,3,0,0,0,1,0,3,0.0641978023809259,True
2,0,0,1,3,0,0,0,1,1,2,0.05947665573328902,True
2,0,0,1,3,0,0,0,1,2,1,0.06996695367544749,True
2,0,0,1,3,0,0,0,1,3,0,0.06687782921992085,True
2,0,0,1,3,0,0,0,2,0,2,0.08419780238092588,True
2,0,0,1,3,0,0,0,2,1,1,0.07947665573328899,True
2,0,0,1,3,0,0,0,2,2,0,0.07331906337393412,True
2,0,0,1,3,0,0,0,3,0,1,0.10419780238092585,True
2,0,0,1,3,0,0,0,3,1,0,0.08593565243445098,True
2,0,0,1,3,0,0,0,4,0,0,0.12419780238092583,True
2,0,0,1,3,0,0,1,0,0,3,0.03947665573549276,True
2,0,0,1,3,0,0,1,0,1,2,0.04996695367571052,True
2,0,0,1,3,0,0,1,0,2,1,0.06454079135192016,True
2,0,0,1,3,0,0,1,0,3,0,0.06537826161156801,True
2,0,0,1,3,0,0,1,1,0,2,0.059476655735492726,True
2,0,0,1,3,0,0,1,1,1,1,0.06996695367571049,True
2,0,0,1,3,0,0,1,1,2,0,0.06971388024109355,True
2,0,0,1,3,0,0,1,2,0,1,0.0794766557354927,True
2,0,0,1,3,0,0,1,2,1,0,0.07670738794865314,True
2,0,0,1,3,0,0,1,3,0,0,0.09036818648847345,True
2,0,0,1,3,0,0,2,0,0,2,0.04996695367670908,True
2,0,0,1,3,0,0,2,0,1,1,0.06454079135204926,True
2,0,0,1,3,0,0,2,0,2,0,0.0675572485394852,True
2,0,0,1,3,0,0,2,1,0,1,0.06996695367670903,True
2,0,0,1,3,0,0,2,1,1,0,0.07215481172439062,True
2,0,0,1,3,0,0,2,2,0,0,0.07959684156473495,True
2,0,0,1,3,0,0,3,0,0,1,0.06454079135253994,True
2,0,0,1,3,0,0,3,0,1,0,0.06939751971667098,True
2,0,0,1,3,0,0,3,1,0,0,0.07420542466872661,True
2,0,0,1,3,0,0,4,0,0,0,0.07090005893809109,True
2,0,0,1,3,0,1,0,0,0,3,0.0641978023809259,True
2,0,0,1,3,0,1,0,0,1,2,0.05947665573328902,True
2,0,0,1,3,0,1,0,0,2,1,0.06996695367544749,True
2,0,0,1,3,0,1,0,0,3,0,0.06687782921992085,True
2,0,0,1,3,0,1,0,1,0,2,0.08419780238092588,True
2,0,0,1,3,0,1,0,1,1,1,0.07947665573328899,True
2,0,0,1,3,0,1,0,1,2,0,0.07331906337393412,True
2,0,0,1,3,0,1,0,2,0,1,0.10419780238092585,True
2,0,0,1,3,0,1,0,2,1,0,0.08593565243445098,True
2,0,0,1,3,0,1,0,3,0,0,0.12419780238092583,True
2,0,0,1,3,0,1,1,0,0,2,0.059476655735492726,True
2,0,0,1,3,0,1,1,0,1,1,0.06996695367571049,True
2,0,0,1,3,0,1,1,0,2,0,0.06971388024109355,True
2,0,0,1,3,0,1,1,1,0,1,0.0794766557354927,True
2,0,0,1,3,0,1,1,1,1,0,0.07670738794865314,True
2,0,0,1,3,0,1,1,2,0,0,0.09036818648847345,True
2,0,0,1,3,0,1,2,0,0,1,0.06996695367670903,True
2,0,0,1,3,0,1,2,0,1,0,0.07215481172439062,True
2,0,0,1,3,0,1,2,1,0,0,0.07959684156473495,True
2,0,0,1,3,0,1,3,0,0,0,0.07420542466872661,True
2,0,0,1,3,0,2,0,0,0,2,0.08419780238092588,True
2,0,0,1,3,0,2,0,0,1,1,0.07947665573328899,True
2,0,0,1,3,0,2,0,0,2,0,0.07331906337393412,True
2,0,0,1,3,0,2,0,1,0,1,0.10419780238092585,True
2,0,0,1,3,0,2,0,1,1,0,0.08593565243445098,True
2,0,0,1,3,0,2,0,2,0,0,0.12419780238092583,True
2,0,0,1,3,0,2,1,0,0,1,0.0794766557354927,True
2,0,0,1,3,0,2,1,0,1,0,0.07670738794865314,True
2,0,0,1,3,0,2,1,1,0,0,0.09036818648847345,True
2,0,0,1,3,0,2,2,0,0,0,0.07959684156473495,True
2,0,0,1,3,0,3,0,0,0,1,0.10419780238092585,True
2,0,0,1,3,0,3,0,0,1,0,0.08593565243445098,True
2,0,0,1,3,0,3,0,1,0,0,0.12419780238092583,True
2,0,0,1,3,0,3,1,0,0,0,0.09036818648847345,True
2,0,0,1,3,0,4,0,0,0,0,0.12419780238092583,True
2,0,0,2,0,2,0,0,0,0,4,0.8799999999999989,False
2,0,0,2,0,2,0,0,0,1,3,0.8999999999999991,False
2,0,0,2,0,2,0,0,0,2,2,0.9199999999999993,False
2,0,0,2,0,2,0,0,0,3,1,0.9399999999999994,False
2,0,0,2,0,2,0,0,0,4,0,0.04593565243445104,True
2,0,0,2,0,2,0,0,1,0,3,0.8999999999999991,False
2,0,0,2,0,2,0,0,1,1,2,0.9199999999999993,False
2,0,0,2,0,2,0,0,1,2,1,0.9399999999999994,False
2,0,0,2,0,2,0,0,1,3,0,0.08419780238092588,True
2,0,0,2,0,2,0,0,2,0,2,0.9199999999999993,False
2,0,0,2,0,2,0,0,2,1,1,0.9399999999999994,False
2,0,0,2,0,2,0,0,2,2,0,0.6140210857592641,False
2,0,0,2,0,2,0,0,3,0,1,0.9399999999999994,False
2,0,0,2,0,2,0,0,3,1,0,0.9530492782592773,False
2,0,0,2,0,2,0,0,4,0,0,0.9599999999999996,False
2,0,0,2,0,2,0,1,0,0,3,0.8999999999999991,False
2,0,0,2,0,2,0,1,0,1,2,0.9199999999999993,False
2,0,0,2,0,2,0,1,0,2,1,0.9399999999999994,False
2,0,0,2,0,2,0,1,0,3,0,0.050368186488473514,True
2,0,0,2,0,2,0,1,1,0,2,0.9199999999999993,False
2,0,0,2,0,2,0,1,1,1,1,0.9399999999999994,False
2,0,0,2,0,2,0,1,1,2,0,0.09110891085260636,True
2,0,0,2,0,2,0,1,2,0,1,0.9399999999999994,False
2,0,0,2,0,2,0,1,2,1,0,0.6209003559660562,False
2,0,0,2,0,2,0,1,3,0,0,0.9599999999999996,False
2,0,0,2,0,2,0,2,0,0,2,0.9199999999999993,False
2,0,0,2,0,2,0,2,0,1,1,0.9399999999999994,False
2,0,0,2,0,2,0,2,0,2,0,0.054085219215830475,True
2,0,0,2,0,2,0,2,1,0,1,0.9399999999999994,False
2,0,0,2,0,2,0,2,1,1,0,0.09565389540794404,True
2,0,0,2,0,2,0,2,2,0,0,0.9599999999999996,False
2,0,0,2,0,2,0,3,0,0,1,0.9399999999999994,False
2,0,0,2,0,2,0,3,0,1,0,0.05646238227625173,True
2,0,0,2,0,2,0,3,1,0,0,0.9599999999999996,False
2,0,0,2,0,2,0,4,0,0,0,0.9599999999999996,False
2,0,0,2,0,2,1,0,0,0,3,0.8999999999999991,False
2,0,0,2,0,2,1,0,0,1,2,0.9199999999999993,False
2,0,0,2,0,2,1,0,0,2,1,0.9399999999999994,False
2,0,0,2,0,2,1,0,0,3,0,0.08419780238092588,True
2,0,0,2,0,2,1,0,1,0,2,0.9199999999999993,False
2,0,0,2,0,2,1,0,1,1,1,0.9399999999999994,False
2,0,0,2,0,2,1,0,1,2,0,0.6140210857592641,False
2,0,0,2,0,2,1,0,2,0,1,0.9399999999999994,False
2,0,0,2,0,2,1,0,2,1,0,0.9527538818359377,False
2,0,0,2,0,2,1,0,3,0,0,0.9599999999999996,False
2,0,0,2,0,2,1,1,0,0,2,0.9199999999999993,False
2,0,0,2,0,2,1,1,0,1,1,0.9399999999999994,False
2,0,0,2,0,2,1,1,0,2,0,0.09110891085260636,True
2,0,0,2,0,2,1,1,1,0,1,0.9399999999999994,False
2,0,0,2,0,2,1,1,1,1,0,0.6202711713321896,False
2,0,0,2,0,2,1,1,2,0,0,0.9599999999999996,False
2,0,0,2,0,2,1,2,0,0,1,0.9399999999999994,False
2,0,0,2,0,2,1,2,0,1,0,0.09512421834481061,True
2,0,0,2,0,2,1,2,1,0,0,0.9599999999999996,False
2,0,0,2,0,2,1,3,0,0,0,0.9599999999999996,False
2,0,0,2,0,2,2,0,0,0,2,0.9199999999999993,False
2,0,0,2,0,2,2,0,0,1,1,0.9399999999999994,False
2,0,0,2,0,2,2,0,0,2,0,0.6140210857592641,False
2,0,0,2,0,2,2,0,1,0,1,0.9399999999999994,False
2,0,0,2,0,2,2,0,1,1,0,0.9523793807983397,False
2,0,0,2,0,2,2,0,2,0,0,0.9599999999999996,False
2,0,0,2,0,2,2,1,0,0,1,0.9399999999999994,False
2,0,0,2,0,2,2,1,0,1,0,0.6196267554668832,False
2,0,0,2,0,2,2,1,1,0,0,0.9599999999999996,False
2,0,0,2,0,2,2,2,0,0,0,0.9599999999999996,False
2,0,0,2,0,2,3,0,0,0,1,0.9399999999999994,False
2,0,0,2,0,2,3,0,0,1,0,0.9519257751464842,False
2,0,0,2,0,2,3,0,1,0,0,0.9599999999999996,False
2,0,0,2,0,2,3,1,0,0,0,0.9599999999999996,False
2,0,0,2,0,2,4,0,0,0,0,0.9599999999999996,False
2,0,0,2,1,1,0,0,0,0,4,0.8999999999999991,False
2,0,0,2,1,1,0,0,0,1,3,0.9199999999999993,False
2,0,0,2,1,1,0,0,0,2,2,0.9399999999999994,False
2,0,0,2,1,1,0,0,0,3,1,0.9599999999999996,False
2,0,0,2,1,1,0,0,0,4,0,0.05965168409282998,True
2,0,0,2,1,1,0,0,1,0,3,0.9199999999999993,False
2,0,0,2,1,1,0,0,1,1,2,0.9399999999999994,False
2,0,0,2,1,1,0,0,1,2,1,0.9599999999999996,False
2,0,0,2,1,1,0,0,1,3,0,0.07947665573328899,True
2,0,0,2,1,1,0,0,2,0,2,0.9399999999999994,False
2,0,0,2,1,1,0,0,2,1,1,0.9599999999999996,False
2,0,0,2,1,1,0,0,2,2,0,0.17196166614481137,True
2,0,0,2,1,1,0,0,3,0,1,0.9599999999999996,False
2,0,0,2,1,1,0,0,3,1,0,0.9702010529677173,False
2,0,0,2,1,1,0,0,4,0,0,0.9799999999999998,False
2,0,0,2,1,1,0,1,0,0,3,0.9199999999999993,False
2,0,0,2,1,1,0,1,0,1,2,0.9399999999999994,False
2,0,0,2,1,1,0,1,0,2,1,0.9599999999999996,False
2,0,0,2,1,1,0,1,0,3,0,0.06363393019300936,True
2,0,0,2,1,1,0,1,1,0,2,0.9399999999999994,False
2,0,0,2,1,1,0,1,1,1,1,0.9599999999999996,False
2,0,0,2,1,1,0,1,1,2,0,0.0854468497373323,True
2,0,0,2,1,1,0,1,2,0,1,0.9599999999999996,False
2,0,0,2,1,1,0,1,2,1,0,0.18417265860440912,True
2,0,0,2,1,1,0,1,3,0,0,0.9799999999999998,False
2,0,0,2,1,1,0,2,0,0,2,0.9399999999999994,False
2,0,0,2,1,1,0,2,0,1,1,0.9599999999999996,False
2,0,0,2,1,1,0,2,0,2,0,0.06700849865022118,True
2,0,0,2,1,1,0,2,1,0,1,0.9599999999999996,False
2,0,0,2,1,1,0,2,1,1,0,0.08989272447509211,True
2,0,0,2,1,1,0,2,2,0,0,0.9799999999999998,False
2,0,0,2,1,1,0,3,0,0,1,0.9599999999999996,False
2,0,0,2,1,1,0,3,0,1,0,0.06956293947299474,True
2,0,0,2,1,1,0,3,1,0,0,0.9799999999999998,False
2,0,0,2,1,1,0,4,0,0,0,0.9799999999999998,False
2,0,0,2,1,1,1,0,0,0,3,0.9199999999999993,False
2,0,0,2,1,1,1,0,0,1,2,0.9399999999999994,False
2,0,0,2,1,1,1,0,0,2,1,0.9599999999999996,False
2,0,0,2,1,1,1,0,0,3,0,0.07947665573328899,True
2,0,0,2,1,1,1,0,1,0,2,0.9399999999999994,False
2,0,0,2,1,1,1,0,1,1,1,0.9599999999999996,False
2,0,0,2,1,1,1,0,1,2,0,0.17196166614481137,True
2,0,0,2,1,1,1,0,2,0,1,0.9599999999999996,False
2,0,0,2,1,1,1,0,2,1,0,0.9695984957607834,False
2,0,0,2,1,1,1,0,3,0,0,0.9799999999999998,False
2,0,0,2,1,1,1,1,0,0,2,0.9399999999999994,False
2,0,0,2,1,1,1,1,0,1,1,0.9599999999999996,False
2,0,0,2,1,1,1,1,0,2,0,0.0854468497373323,True
2,0,0,2,1,1,1,1,1,0,1,0.9599999999999996,False
2,0,0,2,1,1,1,1,1,1,0,0.18312096852325863,True
2,0,0,2,1,1,1,1,2,0,0,0.9799999999999998,False
2,0,0,2,1,1,1,2,0,0,1,0.9599999999999996,False
2,0,0,2,1,1,1,2,0,1,0,0.08942333757373579,True
2,0,0,2,1,1,1,2,1,0,0,0.9799999999999998,False
2,0,0,2,1,1,1,3,0,0,0,0.9799999999999998,False
2,0,0,2,1,1,2,0,0,0,2,0.9399999999999994,False
2,0,0,2,1,1,2,0,0,1,1,0.9599999999999996,False
2,0,0,2,1,1,2,0,0,2,0,0.17196166614481137,True
2,0,0,2,1,1,2,0,1,0,1,0.9599999999999996,False
2,0,0,2,1,1,2,0,1,1,0,0.9689580796627396,False
2,0,0,2,1,1,2,0,2,0,0,0.9799999999999998,False
2,0,0,2,1,1,2,1,0,0,1,0.9599999999999996,False
2,0,0,2,1,1,2,1,0,1,0,0.18204317063034958,True
2,0,0,2,1,1,2,1,1,0,0,0.9799999999999998,False
2,0,0,2,1,1,2,2,0,0,0,0.9799999999999998,False
2,0,0,2,1,1,3,0,0,0,1,0.9599999999999996,False
2,0,0,2,1,1,3,0,0,1,0,0.9682850111068384,False
2,0,0,2,1,1,3,0,1,0,0,0.9799999999999998,False
2,0,0,2,1,1,3,1,0,0,0,0.9799999999999998,False
2,0,0,2,1,1,4,0,0,0,0,0.9799999999999998,False
2,0,0,2,2,0,0,0,0,0,4,0.5740210857592641,False
2,0,0,2,2,0,0,0,0,1,3,0.13196166614481142,True
2,0,0,2,2,0,0,0,0,2,2,0.09329416593524736,True
2,0,0,2,2,0,0,0,0,3,1,0.09213854305545643,True
2,0,0,2,2,0,0,0,0,4,0,0.06687782921992085,True
2,0,0,2,2,0,0,0,1,0,3,0.5940210857592642,False
2,0,0,2,2,0,0,0,1,1,2,0.1519616661448114,True
2,0,0,2,2,0,0,0,1,2,1,0.11329416593524734,True
2,0,0,2,2,0,0,0,1,3,0,0.07331906337393412,True
2,0,0,2,2,0,0,0,2,0,2,0.6140210857592641,False
2,0,0,2,2,0,0,0,2,1,1,0.17196166614481137,True
2,0,0,2,2,0,0,0,2,2,0,0.08593565243445098,True
2,0,0,2,2,0,0,0,3,0,1,0.634021085759264,False
2,0,0,2,2,0,0,0,3,1,0,0.12419780238092583,True
2,0,0,2,2,0,0,0,4,0,0,0.654021085759264,False
2,0,0,2,2,0,0,1,0,0,3,0.13196166614481142,True
2,0,0,2,2,0,0,1,0,1,2,0.09329416593809188,True
2,0,0,2,2,0,0,1,0,2,1,0.09213854305572253,True
2,0,0,2,2,0,0,1,0,3,0,0.06971388024109355,True
2,0,0,2,2,0,0,1,1,0,2,0.1519616661448114,True
2,0,0,2,2,0,0,1,1,1,1,0.11329416593809186,True
2,0,0,2,2,0,0,1,1,2,0,0.07670738794865314,True
2,0,0,2,2,0,0,1,2,0,1,0.17196166614481137,True
2,0,0,2,2,0,0,1,2,1,0,0.09036818648847345,True
2,0,0,2,2,0,0,1,3,0,0,0.1311089108526063,True
2,0,0,2,2,0,0,2,0,0,2,0.0932941659625144,True
2,0,0,2,2,0,0,2,0,1,1,0.09213854305673237,True
2,0,0,2,2,0,0,2,0,2,0,0.07215481172439062,True
2,0,0,2,2,0,0,2,1,0,1,0.11329416596251438,True
2,0,0,2,2,0,0,2,1,1,0,0.07959684156473495,True
2,0,0,2,2,0,0,2,2,0,0,0.09408521921583042,True
2,0,0,2,2,0,0,3,0,0,1,0.09213854310893253,True
2,0,0,2,2,0,0,3,0,1,0,0.07420542466872661,True
2,0,0,2,2,0,0,3,1,0,0,0.082001969424243,True
2,0,0,2,2,0,0,4,0,0,0,0.07587029299360815,True
2,0,0,2,2,0,1,0,0,0,3,0.5940210857592642,False
2,0,0,2,2,0,1,0,0,1,2,0.1519616661448114,True
2,0,0,2,2,0,1,0,0,2,1,0.11329416593524734,True
2,0,0,2,2,0,1,0,0,3,0,0.07331906337393412,True
2,0,0,2,2,0,1,0,1,0,2,0.6140210857592641,False
2,0,0,2,2,0,1,0,1,1,1,0.17196166614481137,True
2,0,0,2,2,0,1,0,1,2,0,0.08593565243445098,True
2,0,0,2,2,0,1,0,2,0,1,0.634021085759264,False
2,0,0,2,2,0,1,0,2,1,0,0.12419780238092583,True
2,0,0,2,2,0,1,0,3,0,0,0.654021085759264,False
2,0,0,2,2,0,1,1,0,0,2,0.1519616661448114,True
2,0,0,2,2,0,1,1,0,1,1,0.11329416593809186,True
2,0,0,2,2,0,1,1,0,2,0,0.07670738794865314,True
2,0,0,2,2,0,1,1,1,0,1,0.17196166614481137,True
2,0,0,2,2,0,1,1,1,1,0,0.09036818648847345,True
2,0,0,2,2,0,1,1,2,0,0,0.1311089108526063,True
2,0,0,2,2,0,1,2,0,0,1,0.11329416596251438,True
2,0,0,2,2,0,1,2,0,1,0,0.07959684156473495,True
2,0,0,2,2,0,1,2,1,0,0,0.09408521921583042,True
2,0,0,2,2,0,1,3,0,0,0,0.082001969424243,True
2,0,0,2,2,0,2,0,0,0,2,0.6140210857592641,False
2,0,0,2,2,0,2,0,0,1,1,0.17196166614481137,True
2,0,0,2,2,0,2,0,0,2,0,0.08593565243445098,True
2,0,0,2,2,0,2,0,1,0,1,0.634021085759264,False
2,0,0,2,2,0,2,0,1,1,0,0.12419780238092583,True
2,0,0,2,2,0,2,0,2,0,0,0.654021085759264,False
2,0,0,2,2,0,2,1,0,0,1,0.17196166614481137,True
2,0,0,2,2,0,2,1,0,1,0,0.09036818648847345,True
2,0,0,2,2,0,2,1,1,0,0,0.1311089108526063,True
2,0,0,2,2,0,2,2,0,0,0,0.09408521921583042,True
2,0,0,2,2,0,3,0,0,0,1,0.634021085759264,False
2,0,0,2,2,0,3,0,0,1,0,0.12419780238092583,True
2,0,0,2,2,0,3,0,1,0,0,0.654021085759264,False
2,0,0,2,2,0,3,1,0,0,0,0.1311089108526063,True
2,0,0,2,2,0,4,0,0,0,0,0.654021085759264,False
2,0,0,3,0,1,0,0,0,0,4,0.8999999999999991,False
2,0,0,3,0,1,0,0,0,1,3,0.9199999999999993,False
2,0,0,3,0,1,0,0,0,2,2,0.9399999999999994,False
2,0,0,3,0,1,0,0,0,3,1,0.9599999999999996,False
2,0,0,3,0,1,0,0,0,4,0,0.065935652434451,True
2,0,0,3,0,1,0,0,1,0,3,0.9199999999999993,False
2,0,0,3,0,1,0,0,1,1,2,0.9399999999999994,False
2,0,0,3,0,1,0,0,1,2,1,0.9599999999999996,False
2,0,0,3,0,1,0,0,1,3,0,0.10419780238092585,True
2,0,0,3,0,1,0,0,2,0,2,0.9399999999999994,False
2,0,0,3,0,1,0,0,2,1,1,0.9599999999999996,False
2,0,0,3,0,1,0,0,2,2,0,0.634021085759264,False
2,0,0,3,0,1,0,0,3,0,1,0.9599999999999996,False
2,0,0,3,0,1,0,0,3,1,0,0.9732655700683597,False
2,0,0,3,0,1,0,0,4,0,0,0.9799999999999998,False
2,0,0,3,0,1,0,1,0,0,3,0.9199999999999993,False
2,0,0,3,0,1,0,1,0,1,2,0.9399999999999994,False
2,0,0,3,0,1,0,1,0,2,1,0.9599999999999996,False
2,0,0,3,0,1,0,1,0,3,0,0.07036818648847347,True
2,0,0,3,0,1,0,1,1,0,2,0.9399999999999994,False
2,0,0,3,0,1,0,1,1,1,1,0.9599999999999996,False
2,0,0,3,0,1,0,1,1,2,0,0.11110891085260632,True
2,0,0,3,0,1,0,1,2,0,1,0.9599999999999996,False
2,0,0,3,0,1,0,1,2,1,0,0.6415146524777454,False
2,0,0,3,0,1,0,1,3,0,0,0.9799999999999998,False
2,0,0,3,0,1,0,2,0,0,2,0.9399999999999994,False
2,0,0,3,0,1,0,2,0,1,1,0.9599999999999996,False
2,0,0,3,0,1,0,2,0,2,0,0.07408521921583044,True
2,0,0,3,0,1,0,2,1,0,1,0.9599999999999996,False
2,0,0,3,0,1,0,2,1,1,0,0.11617590533318295,True
2,0,0,3,0,1,0,2,2,0,0,0.9799999999999998,False
2,0,0,3,0,1,0,3,0,0,1,0.9599999999999996,False
2,0,0,3,0,1,0,3,0,1,0,0.07679800601748547,True
2,0,0,3,0,1,0,3,1,0,0,0.9799999999999998,False
2,0,0,3,0,1,0,4,0,0,0,0.9799999999999998,False
2,0,0,3,0,1,1,0,0,0,3,0.9199999999999993,False
2,0,0,3,0,1,1,0,0,1,2,0.9399999999999994,False
2,0,0,3,0,1,1,0,0,2,1,0.9599999999999996,False
2,0,0,3,0,1,1,0,0,3,0,0.10419780238092585,True
2,0,0,3,0,1,1,0,1,0,2,0.9399999999999994,False
2,0,0,3,0,1,1,0,1,1,1,0.9599999999999996,False
2,0,0,3,0,1,1,0,1,2,0,0.634021085759264,False
2,0,0,3,0,1,1,0,2,0,1,0.9599999999999996,False
2,0,0,3,0,1,1,0,2,1,0,0.9730492782592773,False
2,0,0,3,0,1,1,0,3,0,0,0.9799999999999998,False
2,0,0,3,0,1,1,1,0,0,2,0.9399999999999994,False
2,0,0,3,0,1,1,1,0,1,1,0.9599999999999996,False
2,0,0,3,0,1,1,1,0,2,0,0.11110891085260632,True
2,0,0,3,0,1,1,1,1,0,1,0.9599999999999996,False
2,0,0,3,0,1,1,1,1,1,0,0.6409003559660561,False
2,0,0,3,0,1,1,1,2,0,0,0.9799999999999998,False
2,0,0,3,0,1,1,2,0,0,1,0.9599999999999996,False
2,0,0,3,0,1,1,2,0,1,0,0.11565389540794402,True
2,0,0,3,0,1,1,2,1,0,0,0.9799999999999998,False
2,0,0,3,0,1,1,3,0,0,0,0.9799999999999998,False
2,0,0,3,0,1,2,0,0,0,2,0.9399999999999994,False
2,0,0,3,0,1,2,0,0,1,1,0.9599999999999996,False
2,0,0,3,0,1,2,0,0,2,0,0.634021085759264,False
2,0,0,3,0,1,2,0,1,0,1,0.9599999999999996,False
2,0,0,3,0,1,2,0,1,1,0,0.9727538818359377,False
2,0,0,3,0,1,2,0,2,0,0,0.9799999999999998,False
2,0,0,3,0,1,2,1,0,0,1,0.9599999999999996,False
2,0,0,3,0,1,2,1,0,1,0,0.6402711713321895,False
2,0,0,3,0,1,2,1,1,0,0,0.9799999999999998,False
2,0,0,3,0,1,2,2,0,0,0,0.9799999999999998,False
2,0,0,3,0,1,3,0,0,0,1,0.9599999999999996,False
2,0,0,3,0,1,3,0,0,1,0,0.9723793807983396,False
2,0,0,3,0,1,3,0,1,0,0,0.9799999999999998,False
2,0,0,3,0,1,3,1,0,0,0,0.9799999999999998,False
2,0,0,3,0,1,4,0,0,0,0,0.9799999999999998,False
2,0,0,3,1,0,0,0,0,0,4,0.9123793807983399,False
2,0,0,3,1,0,0,0,0,1,3,0.9289580796627396,False
2,0,0,3,1,0,0,0,0,2,2,0.9458448924779008,False
2,0,0,3,1,0,0,0,0,3,1,0.8675875972762404,False
2,0,0,3,1,0,0,0,0,4,0,0.07331906337393412,True
2,0,0,3,1,0,0,0,1,0,3,0.9327538818359375,False
2,0,0,3,1,0,0,0,1,1,2,0.9495984957607834,False
2,0,0,3,1,0,0,0,1,2,1,0.9630335971030966,False
2,0,0,3,1,0,0,0,1,3,0,0.08593565243445098,True
2,0,0,3,1,0,0,0,2,0,2,0.9530492782592773,False
2,0,0,3,1,0,0,0,2,1,1,0.9702010529677173,False
2,0,0,3,1,0,0,0,2,2,0,0.12419780238092583,True
2,0,0,3,1,0,0,0,3,0,1,0.9732655700683597,False
2,0,0,3,1,0,0,0,3,1,0,0.654021085759264,False
2,0,0,3,1,0,0,0,4,0,0,0.9934027572631832,False
2,0,0,3,1,0,0,1,0,0,3,0.9315156005859379,False
2,0,0,3,1,0,0,1,0,1,2,0.947518846735707,False
2,0,0,3,1,0,0,1,0,2,1,0.8675875972762404,False
2,0,0,3,1,0,0,1,0,3,0,0.07670738794865314,True
2,0,0,3,1,0,0,1,1,0,2,0.9520311141967773,False
2,0,0,3,1,0,0,1,1,1,1,0.9678059371004447,False
2,0,0,3,1,0,0,1,1,2,0,0.09036818648847345,True
2,0,0,3,1,0,0,1,2,0,1,0.9724675231933593,False
2,0,0,3,1,0,0,1,2,1,0,0.1311089108526063,True
2,0,0,3,1,0,0,1,3,0,0,0.6621143924268501,False
2,0,0,3,1,0,0,2,0,0,2,0.9489715459712558,False
2,0,0,3,1,0,0,2,0,1,1,0.8675875972762404,False
2,0,0,3,1,0,0,2,0,2,0,0.07959684156473495,True
2,0,0,3,1,0,0,2,1,0,1,0.9710569763183594,False
2,0,0,3,1,0,0,2,1,1,0,0.09408521921583042,True
2,0,0,3,1,0,0,2,2,0,0,0.13669032891974645,True
2,0,0,3,1,0,0,3,0,0,1,0.8675875972762404,False
2,0,0,3,1,0,0,3,0,1,0,0.082001969424243,True
2,0,0,3,1,0,0,3,1,0,0,0.0971297437922845,True
2,0,0,3,1,0,0,4,0,0,0,0.0839364368504204,True
2,0,0,3,1,0,1,0,0,0,3,0.9323793807983397,False
2,0,0,3,1,0,1,0,0,1,2,0.9489580796627396,False
2,0,0,3,1,0,1,0,0,2,1,0.9658448924779007,False
2,0,0,3,1,0,1,0,0,3,0,0.08593565243445098,True
2,0,0,3,1,0,1,0,1,0,2,0.9527538818359377,False
2,0,0,3,1,0,1,0,1,1,1,0.9695984957607834,False
2,0,0,3,1,0,1,0,1,2,0,0.12419780238092583,True
2,0,0,3,1,0,1,0,2,0,1,0.9730492782592773,False
2,0,0,3,1,0,1,0,2,1,0,0.654021085759264,False
2,0,0,3,1,0,1,0,3,0,0,0.9932655700683598,False
2,0,0,3,1,0,1,1,0,0,2,0.9515156005859379,False
2,0,0,3,1,0,1,1,0,1,1,0.9675188467357069,False
2,0,0,3,1,0,1,1,0,2,0,0.09036818648847345,True
2,0,0,3,1,0,1,1,1,0,1,0.9720311141967772,False
2,0,0,3,1,0,1,1,1,1,0,0.1311089108526063,True
2,0,0,3,1,0,1,1,2,0,0,0.6615146524777453,False
2,0,0,3,1,0,1,2,0,0,1,0.9689715459712558,False
2,0,0,3,1,0,1,2,0,1,0,0.09408521921583042,True
2,0,0,3,1,0,1,2,1,0,0,0.1361759053331829,True
2,0,0,3,1,0,1,3,0,0,0,0.09679800601748545,True
2,0,0,3,1,0,2,0,0,0,2,0.9523793807983397,False
2,0,0,3,1,0,2,0,0,1,1,0.9689580796627396,False
2,0,0,3,1,0,2,0,0,2,0,0.12419780238092583,True
2,0,0,3,1,0,2,0,1,0,1,0.9727538818359377,False
2,0,0,3,1,0,2,0,1,1,0,0.654021085759264,False
2,0,0,3,1,0,2,0,2,0,0,0.9930492782592774,False
2,0,0,3,1,0,2,1,0,0,1,0.9715156005859378,False
2,0,0,3,1,0,2,1,0,1,0,0.1311089108526063,True
2,0,0,3,1,0,2,1,1,0,0,0.660900355966056,False
2,0,0,3,1,0,2,2,0,0,0,0.13565389540794398,True
2,0,0,3,1,0,3,0,0,0,1,0.9723793807983396,False
2,0,0,3,1,0,3,0,0,1,0,0.654021085759264,False
2,0,0,3,1,0,3,0,1,0,0,0.9927538818359378,False
2,0,0,3,1,0,3,1,0,0,0,0.6602711713321894,False
2,0,0,3,1,0,4,0,0,0,0,0.9923793807983395,False
2,0,0,4,0,0,0,0,0,0,4,0.9199999999999993,False
2,0,0,4,0,0,0,0,0,1,3,0.9399999999999994,False
2,0,0,4,0,0,0,0,0,2,2,0.9599999999999996,False
2,0,0,4,0,0,0,0,0,3,1,0.9799999999999998,False
2,0,0,4,0,0,0,0,0,4,0,0.08593565243445098,True
2,0,0,4,0,0,0,0,1,0,3,0.9399999999999994,False
2,0,0,4,0,0,0,0,1,1,2,0.9599999999999996,False
2,0,0,4,0,0,0,0,1,2,1,0.9799999999999998,False
2,0,0,4,0,0,0,0,1,3,0,0.12419780238092583,True
2,0,0,4,0,0,0,0,2,0,2,0.9599999999999996,False
2,0,0,4,0,0,0,0,2,1,1,0.9799999999999998,False
2,0,0,4,0,0,0,0,2,2,0,0.654021085759264,False
2,0,0,4,0,0,0,0,3,0,1,0.9799999999999998,False
2,0,0,4,0,0,0,0,3,1,0,0.9934027572631832,False
2,0,0,4,0,0,0,0,4,0,0,1.0,False
2,0,0,4,0,0,0,1,0,0,3,0.9399999999999994,False
2,0,0,4,0,0,0,1,0,1,2,0.9599999999999996,False
2,0,0,4,0,0,0,1,0,2,1,0.9799999999999998,False
2,0,0,4,0,0,0,1,0,3,0,0.09036818648847345,True
2,0,0,4,0,0,0,1,1,0,2,0.9599999999999996,False
2,0,0,4,0,0,0,1,1,1,1,0.9799999999999998,False
2,0,0,4,0,0,0,1,1,2,0,0.1311089108526063,True
2,0,0,4,0,0,0,1,2,0,1,0.9799999999999998,False
2,0,0,4,0,0,0,1,2,1,0,0.6621143924268501,False
2,0,0,4,0,0,0,1,3,0,0,1.0,False
2,0,0,4,0,0,0,2,0,0,2,0.9599999999999996,False
2,0,0,4,0,0,0,2,0,1,1,0.9799999999999998,False
2,0,0,4,0,0,0,2,0,2,0,0.09408521921583042,True
2,0,0,4,0,0,0,2,1,0,1,0.9799999999999998,False
2,0,0,4,0,0,0,2,1,1,0,0.13669032891974645,True
2,0,0,4,0,0,0,2,2,0,0,1.0,False
2,0,0,4,0,0,0,3,0,0,1,0.9799999999999998,False
2,0,0,4,0,0,0,3,0,1,0,0.0971297437922845,True
2,0,0,4,0,0,0,3,1,0,0,1.0,False
2,0,0,4,0,0,0,4,0,0,0,1.0,False
2,0,0,4,0,0,1,0,0,0,3,0.9399999999999994,False
2,0,0,4,0,0,1,0,0,1,2,0.9599999999999996,False
2,0,0,4,0,0,1,0,0,2,1,0.9799999999999998,False
2,0,0,4,0,0,1,0,0,3,0,0.12419780238092583,True
2,0,0,4,0,0,1,0,1,0,2,0.9599999999999996,False
2,0,0,4,0,0,1,0,1,1,1,0.9799999999999998,False
2,0,0,4,0,0,1,0,1,2,0,0.654021085759264,False
2,0,0,4,0,0,1,0,2,0,1,0.9799999999999998,False
2,0,0,4,0,0,1,0,2,1,0,0.9932655700683598,False
2,0,0,4,0,0,1,0,3,0,0,1.0,False
2,0,0,4,0,0,1,1,0,0,2,0.9599999999999996,False
2,0,0,4,0,0,1,1,0,1,1,0.9799999999999998,False
2,0,0,4,0,0,1,1,0,2,0,0.1311089108526063,True
2,0,0,4,0,0,1,1,1,0,1,0.9799999999999998,False
2,0,0,4,0,0,1,1,1,1,0,0.6615146524777453,False
2,0,0,4,0,0,1,1,2,0,0,1.0,False
2,0,0,4,0,0,1,2,0,0,1,0.9799999999999998,False
2,0,0,4,0,0,1,2,0,1,0,0.1361759053331829,True
2,0,0,4,0,0,1,2,1,0,0,1.0,False
2,0,0,4,0,0,1,3,0,0,0,1.0,False
2,0,0,4,0,0,2,0,0,0,2,0.9599999999999996,False
2,0,0,4,0,0,2,0,0,1,1,0.9799999999999998,False
2,0,0,4,0,0,2,0,0,2,0,0.654021085759264,False
2,0,0,4,0,0,2,0,1,0,1,0.9799999999999998,False
2,0,0,4,0,0,2,0,1,1,0,0.9930492782592774,False
2,0,0,4,0,0,2,0,2,0,0,1.0,False
2,0,0,4,0,0,2,1,0,0,1,0.9799999999999998,False
2,0,0,4,0,0,2,1,0,1,0,0.660900355966056,False
2,0,0,4,0,0,2,1,1,0,0,1.0,False
2,0,0,4,0,0,2,2,0,0,0,1.0,False
2,0,0,4,0,0,3,0,0,0,1,0.9799999999999998,False
2,0,0,4,0,0,3,0,0,1,0,0.9927538818359378,False
2,0,0,4,0,0,3,0,1,0,0,1.0,False
2,0,0,4,0,0,3,1,0,0,0,1.0,False
2,0,0,4,0,0,4,0,0,0,0,1.0,False
2,0,1,0,0,3,0,0,0,0,4,0.8599999999999988,False
2,0,1,0,0,3,0,0,0,1,3,0.8799999999999989,False
2,0,1,0,0,3,0,0,0,2,2,0.8999999999999991,False
2,0,1,0,0,3,0,0,0,3,1,0.9199999999999993,False
2,0,1,0,0,3,0,0,0,4,0,0.019651684093194514,True
2,0,1,0,0,3,0,0,1,0,3,0.8799999999999989,False
2,0,1,0,0,3,0,0,1,1,2,0.8999999999999991,False
2,0,1,0,0,3,0,0,1,2,1,0.9199999999999993,False
2,0,1,0,0,3,0,0,1,3,0,0.03947665573549276,True
2,0,1,0,0,3,0,0,2,0,2,0.8999999999999991,False
2,0,1,0,0,3,0,0,2,1,1,0.9199999999999993,False
2,0,1,0,0,3,0,0,2,2,0,0.13196166614481142,True
2,0,1,0,0,3,0,0,3,0,1,0.9199999999999993,False
2,0,1,0,0,3,0,0,3,1,0,0.9315156005859379,False
2,0,1,0,0,3,0,0,4,0,0,0.9399999999999994,False
2,0,1,0,0,3,0,1,0,0,3,0.8799999999999989,False
2,0,1,0,0,3,0,1,0,1,2,0.8999999999999991,False
2,0,1,0,0,3,0,1,0,2,1,0.9199999999999993,False
2,0,1,0,0,3,0,1,0,3,0,0.02363393019396163,True
2,0,1,0,0,3,0,1,1,0,2,0.8999999999999991,False
2,0,1,0,0,3,0,1,1,1,1,0.9199999999999993,False
2,0,1,0,0,3,0,1,1,2,0,0.045446849768985643,True
2,0,1,0,0,3,0,1,2,0,1,0.9199999999999993,False
2,0,1,0,0,3,0,1,2,1,0,0.14204317063034963,True
2,0,1,0,0,3,0,1,3,0,0,0.9399999999999994,False
2,0,1,0,0,3,0,2,0,0,2,0.8999999999999991,False
2,0,1,0,0,3,0,2,0,1,1,0.9199999999999993,False
2,0,1,0,0,3,0,2,0,2,0,0.027008498725618363,True
2,0,1,0,0,3,0,2,1,0,1,0.9199999999999993,False
2,0,1,0,0,3,0,2,1,1,0,0.04894719976922008,True
2,0,1,0,0,3,0,2,2,0,0,0.9399999999999994,False
2,0,1,0,0,3,0,3,0,0,1,0.9199999999999993,False
2,0,1,0,0,3,0,3,0,1,0,0.028935531952038854,True
2,0,1,0,0,3,0,3,1,0,0,0.9399999999999994,False
2,0,1,0,0,3,0,4,0,0,0,0.9399999999999994,False
2,0,1,0,0,3,1,0,0,0,3,0.8799999999999989,False
2,0,1,0,0,3,1,0,0,1,2,0.8999999999999991,False
2,0,1,0,0,3,1,0,0,2,1,0.9199999999999993,False
2,0,1,0,0,3,1,0,0,3,0,0.03947665573549276,True
2,0,1,0,0,3,1,0,1,0,2,0.8999999999999991,False
2,0,1,0,0,3,1,0,1,1,1,0.9199999999999993,False
2,0,1,0,0,3,1,0,1,2,0,0.13196166614481142,True
2,0,1,0,0,3,1,0,2,0,1,0.9199999999999993,False
2,0,1,0,0,3,1,0,2,1,0,0.93092098236084,False
2,0,1,0,0,3,1,0,3,0,0,0.9399999999999994,False
2,0,1,0,0,3,1,1,0,0,2,0.8999999999999991,False
2,0,1,0,0,3,1,1,0,1,1,0.9199999999999993,False
2,0,1,0,0,3,1,1,0,2,0,0.045446849768985643,True
2,0,1,0,0,3,1,1,1,0,1,0.9199999999999993,False
2,0,1,0,0,3,1,1,1,1,0,0.14093850060599708,True
2,0,1,0,0,3,1,1,2,0,0,0.9399999999999994,False
2,0,1,0,0,3,1,2,0,0,1,0.9199999999999993,False
2,0,1,0,0,3,1,2,0,1,0,0.048471250352182624,True
2,0,1,0,0,3,1,2,1,0,0,0.9399999999999994,False
2,0,1,0,0,3,1,3,0,0,0,0.9399999999999994,False
2,0,1,0,0,3,2,0,0,0,2,0.8999999999999991,False
2,0,1,0,0,3,2,0,0,1,1,0.9199999999999993,False
2,0,1,0,0,3,2,0,0,2,0,0.13196166614481142,True
2,0,1,0,0,3,2,0,1,0,1,0.9199999999999993,False
2,0,1,0,0,3,2,0,1,1,0,0.9303941817124067,False
2,0,1,0,0,3,2,0,2,0,0,0.9399999999999994,False
2,0,1,0,0,3,2,1,0,0,1,0.9199999999999993,False
2,0,1,0,0,3,2,1,0,1,0,0.13980616078150387,True
2,0,1,0,0,3,2,1,1,0,0,0.9399999999999994,False
2,0,1,0,0,3,2,2,0,0,0,0.9399999999999994,False
2,0,1,0,0,3,3,0,0,0,1,0.9199999999999993,False
2,0,1,0,0,3,3,0,0,1,0,0.9301950430836362,False
2,0,1,0,0,3,3,0,1,0,0,0.9399999999999994,False
2,0,1,0,0,3,3,1,0,0,0,0.9399999999999994,False
2,0,1,0,0,3,4,0,0,0,0,0.9399999999999994,False
2,0,1,0,1,2,0,0,0,0,4,0.8799999999999989,False
2,0,1,0,1,2,0,0,0,1,3,0.8999999999999991,False
2,0,1,0,1,2,0,0,0,2,2,0.9199999999999993,False
2,0,1,0,1,2,0,0,0,3,1,0.9399999999999994,False
2,0,1,0,1,2,0,0,0,4,0,0.03615741738557527,True
2,0,1,0,1,2,0,0,1,0,3,0.8999999999999991,False
2,0,1,0,1,2,0,0,1,1,2,0.9199999999999993,False
2,0,1,0,1,2,0,0,1,2,1,0.9399999999999994,False
2,0,1,0,1,2,0,0,1,3,0,0.04996695367571052,True
2,0,1,0,1,2,0,0,2,0,2,0.9199999999999993,False
2,0,1,0,1,2,0,0,2,1,1,0.9399999999999994,False
2,0,1,0,1,2,0,0,2,2,0,0.09329416593809188,True
2,0,1,0,1,2,0,0,3,0,1,0.9399999999999994,False
2,0,1,0,1,2,0,0,3,1,0,0.947518846735707,False
2,0,1,0,1,2,0,0,4,0,0,0.9599999999999996,False
2,0,1,0,1,2,0,1,0,0,3,0.8999999999999991,False
2,0,1,0,1,2,0,1,0,1,2,0.9199999999999993,False
2,0,1,0,1,2,0,1,0,2,1,0.9399999999999994,False
2,0,1,0,1,2,0,1,0,3,0,0.03985648215115607,True
2,0,1,0,1,2,0,1,1,0,2,0.9199999999999993,False
2,0,1,0,1,2,0,1,1,1,1,0.9399999999999994,False
2,0,1,0,1,2,0,1,1,2,0,0.05521585984931544,True
2,0,1,0,1,2,0,1,2,0,1,0.9399999999999994,False
2,0,1,0,1,2,0,1,2,1,0,0.10189165245238269,True
2,0,1,0,1,2,0,1,3,0,0,0.9599999999999996,False
2,0,1,0,1,2,0,2,0,0,2,0.9199999999999993,False
2,0,1,0,1,2,0,2,0,1,1,0.9399999999999994,False
2,0,1,0,1,2,0,2,0,2,0,0.0430246776299018,True
2,0,1,0,1,2,0,2,1,0,1,0.9399999999999994,False
2,0,1,0,1,2,0,2,1,1,0,0.05879711803616286,True
2,0,1,0,1,2,0,2,2,0,0,0.9599999999999996,False
2,0,1,0,1,2,0,3,0,0,1,0.9399999999999994,False
2,0,1,0,1,2,0,3,0,1,0,0.04504410701437511,True
2,0,1,0,1,2,0,3,1,0,0,0.9599999999999996,False
2,0,1,0,1,2,0,4,0,0,0,0.9599999999999996,False
2,0,1,0,1,2,1,0,0,0,3,0.8999999999999991,False
2,0,1,0,1,2,1,0,0,1,2,0.9199999999999993,False
2,0,1,0,1,2,1,0,0,2,1,0.9399999999999994,False
2,0,1,0,1,2,1,0,0,3,0,0.04996695367571052,True
2,0,1,0,1,2,1,0,1,0,2,0.9199999999999993,False
2,0,1,0,1,2,1,0,1,1,1,0.9399999999999994,False
2,0,1,0,1,2,1,0,1,2,0,0.09329416593809188,True
2,0,1,0,1,2,1,0,2,0,1,0.9399999999999994,False
2,0,1,0,1,2,1,0,2,1,0,0.9457956141689824,False
2,0,1,0,1,2,1,0,3,0,0,0.9599999999999996,False
2,0,1,0,1,2,1,1,0,0,2,0.9199999999999993,False
2,0,1,0,1,2,1,1,0,1,1,0.9399999999999994,False
2,0,1,0,1,2,1,1,0,2,0,0.05521585984931544,True
2,0,1,0,1,2,1,1,1,0,1,0.9399999999999994,False
2,0,1,0,1,2,1,1,1,1,0,0.10107293035362314,True
2,0,1,0,1,2,1,1,2,0,0,0.9599999999999996,False
2,0,1,0,1,2,1,2,0,0,1,0.9399999999999994,False
2,0,1,0,1,2,1,2,0,1,0,0.05839192247322112,True
2,0,1,0,1,2,1,2,1,0,0,0.9599999999999996,False
2,0,1,0,1,2,1,3,0,0,0,0.9599999999999996,False
2,0,1,0,1,2,2,0,0,0,2,0.9199999999999993,False
2,0,1,0,1,2,2,0,0,1,1,0.9399999999999994,False
2,0,1,0,1,2,2,0,0,2,0,0.09329416593809188,True
2,0,1,0,1,2,2,0,1,0,1,0.9399999999999994,False
2,0,1,0,1,2,2,0,1,1,0,0.945468271964701,False
2,0,1,0,1,2,2,0,2,0,0,0.9599999999999996,False
2,0,1,0,1,2,2,1,0,0,1,0.9399999999999994,False
2,0,1,0,1,2,2,1,0,1,0,0.10023620813535189,True
2,0,1,0,1,2,2,1,1,0,0,0.9599999999999996,False
2,0,1,0,1,2,2,2,0,0,0,0.9599999999999996,False
2,0,1,0,1,2,3,0,0,0,1,0.9399999999999994,False
2,0,1,0,1,2,3,0,0,1,0,0.9454809336055012,False
2,0,1,0,1,2,3,0,1,0,0,0.9599999999999996,False
2,0,1,0,1,2,3,1,0,0,0,0.9599999999999996,False
2,0,1,0,1,2,4,0,0,0,0,0.9599999999999996,False
2,0,1,0,2,1,0,0,0,0,4,0.8999999999999991,False
2,0,1,0,2,1,0,0,0,1,3,0.9199999999999993,False
2,0,1,0,2,1,0,0,0,2,2,0.9399999999999994,False
2,0,1,0,2,1,0,0,0,3,1,0.9599999999999996,False
2,0,1,0,2,1,0,0,0,4,0,0.05405164373536887,True
2,0,1,0,2,1,0,0,1,0,3,0.9199999999999993,False
2,0,1,0,2,1,0,0,1,1,2,0.9399999999999994,False
2,0,1,0,2,1,0,0,1,2,1,0.9599999999999996,False
2,0,1,0,2,1,0,0,1,3,0,0.06454079135192016,True
2,0,1,0,2,1,0,0,2,0,2,0.9399999999999994,False
2,0,1,0,2,1,0,0,2,1,1,0.9599999999999996,False
2,0,1,0,2,1,0,0,2,2,0,0.09213854305572253,True
2,0,1,0,2,1,0,0,3,0,1,0.9599999999999996,False
2,0,1,0,2,1,0,0,3,1,0,0.8675875972762404,False
2,0,1,0,2,1,0,0,4,0,0,0.9799999999999998,False
2,0,1,0,2,1,0,1,0,0,3,0.9199999999999993,False
2,0,1,0,2,1,0,1,0,1,2,0.9399999999999994,False
2,0,1,0,2,1,0,1,0,2,1,0.9599999999999996,False
2,0,1,0,2,1,0,1,0,3,0,0.0572161474802621,True
2,0,1,0,2,1,0,1,1,0,2,0.9399999999999994,False
2,0,1,0,2,1,0,1,1,1,1,0.9599999999999996,False
2,0,1,0,2,1,0,1,1,2,0,0.06932245867209612,True
2,0,1,0,2,1,0,1,2,0,1,0.9599999999999996,False
2,0,1,0,2,1,0,1,2,1,0,0.09984579030032474,True
2,0,1,0,2,1,0,1,3,0,0,0.9799999999999998,False
2,0,1,0,2,1,0,2,0,0,2,0.9399999999999994,False
2,0,1,0,2,1,0,2,0,1,1,0.9599999999999996,False
2,0,1,0,2,1,0,2,0,2,0,0.060270900345609286,True
2,0,1,0,2,1,0,2,1,0,1,0.9599999999999996,False
2,0,1,0,2,1,0,2,1,1,0,0.07281754111592381,True
2,0,1,0,2,1,0,2,2,0,0,0.9799999999999998,False
2,0,1,0,2,1,0,3,0,0,1,0.9599999999999996,False
2,0,1,0,2,1,0,3,0,1,0,0.06252250976320363,True
2,0,1,0,2,1,0,3,1,0,0,0.9799999999999998,False
2,0,1,0,2,1,0,4,0,0,0,0.9799999999999998,False
2,0,1,0,2,1,1,0,0,0,3,0.9199999999999993,False
2,0,1,0,2,1,1,0,0,1,2,0.9399999999999994,False
2,0,1,0,2,1,1,0,0,2,1,0.9599999999999996,False
2,0,1,0,2,1,1,0,0,3,0,0.06454079135192016,True
2,0,1,0,2,1,1,0,1,0,2,0.9399999999999994,False
2,0,1,0,2,1,1,0,1,1,1,0.9599999999999996,False
2,0,1,0,2,1,1,0,1,2,0,0.09213854305572253,True
2,0,1,0,2,1,1,0,2,0,1,0.9599999999999996,False
2,0,1,0,2,1,1,0,2,1,0,0.86417648610408,False
2,0,1,0,2,1,1,0,3,0,0,0.9799999999999998,False
2,0,1,0,2,1,1,1,0,0,2,0.9399999999999994,False
2,0,1,0,2,1,1,1,0,1,1,0.9599999999999996,False
2,0,1,0,2,1,1,1,0,2,0,0.06932245867209612,True
2,0,1,0,2,1,1,1,1,0,1,0.9599999999999996,False
2,0,1,0,2,1,1,1,1,1,0,0.09917909826500876,True
2,0,1,0,2,1,1,1,2,0,0,0.9799999999999998,False
2,0,1,0,2,1,1,2,0,0,1,0.9599999999999996,False
2,0,1,0,2,1,1,2,0,1,0,0.07247311232132742,True
2,0,1,0,2,1,1,2,1,0,0,0.9799999999999998,False
2,0,1,0,2,1,1,3,0,0,0,0.9799999999999998,False
2,0,1,0,2,1,2,0,0,0,2,0.9399999999999994,False
2,0,1,0,2,1,2,0,0,1,1,0.9599999999999996,False
2,0,1,0,2,1,2,0,0,2,0,0.09213854305572253,True
2,0,1,0,2,1,2,0,1,0,1,0.9599999999999996,False
2,0,1,0,2,1,2,0,1,1,0,0.8618059239880839,False
2,0,1,0,2,1,2,0,2,0,0,0.9799999999999998,False
2,0,1,0,2,1,2,1,0,0,1,0.9599999999999996,False
2,0,1,0,2,1,2,1,0,1,0,0.0984988763196094,True
2,0,1,0,2,1,2,1,1,0,0,0.9799999999999998,False
2,0,1,0,2,1,2,2,0,0,0,0.9799999999999998,False
2,0,1,0,2,1,3,0,0,0,1,0.9599999999999996,False
2,0,1,0,2,1,3,0,0,1,0,0.8601862761101238,False
2,0,1,0,2,1,3,0,1,0,0,0.9799999999999998,False
2,0,1,0,2,1,3,1,0,0,0,0.9799999999999998,False
2,0,1,0,2,1,4,0,0,0,0,0.9799999999999998,False
2,0,1,0,3,0,0,0,0,0,4,0.010368186488473572,True
2,0,1,0,3,0,0,0,0,1,3,0.023633930193009432,True
2,0,1,0,3,0,0,0,0,2,2,0.03985648215098957,True
2,0,1,0,3,0,0,0,0,3,1,0.05721614748025519,True
2,0,1,0,3,0,0,0,0,4,0,0.06234375,True
2,0,1,0,3,0,0,0,1,0,3,0.03036818648847354,True
2,0,1,0,3,0,0,0,1,1,2,0.0436339301930094,True
2,0,1,0,3,0,0,0,1,2,1,0.05985648215098953,True
2,0,1,0,3,0,0,0,1,3,0,0.06537826161156801,True
2,0,1,0,3,0,0,0,2,0,2,0.050368186488473514,True
2,0,1,0,3,0,0,0,2,1,1,0.06363393019300936,True
2,0,1,0,3,0,0,0,2,2,0,0.06971388024109355,True
2,0,1,0,3,0,0,0,3,0,1,0.07036818648847347,True
2,0,1,0,3,0,0,0,3,1,0,0.07670738794865314,True
2,0,1,0,3,0,0,0,4,0,0,0.09036818648847345,True
2,0,1,0,3,0,0,1,0,0,3,0.02363393019396163,True
2,0,1,0,3,0,0,1,0,1,2,0.03985648215115607,True
2,0,1,0,3,0,0,1,0,2,1,0.0572161474802621,True
2,0,1,0,3,0,0,1,0,3,0,0.064375,True
2,0,1,0,3,0,0,1,1,0,2,0.0436339301939616,True
2,0,1,0,3,0,0,1,1,1,1,0.05985648215115604,True
2,0,1,0,3,0,0,1,1,2,0,0.0675572485394852,True
2,0,1,0,3,0,0,1,2,0,1,0.06363393019396156,True
2,0,1,0,3,0,0,1,2,1,0,0.07215481172439062,True
2,0,1,0,3,0,0,1,3,0,0,0.07959684156473495,True
2,0,1,0,3,0,0,2,0,0,2,0.03985648215178883,True
2,0,1,0,3,0,0,2,0,1,1,0.05721614748027702,True
2,0,1,0,3,0,0,2,0,2,0,0.06609375,True
2,0,1,0,3,0,0,2,1,0,1,0.0598564821517888,True
2,0,1,0,3,0,0,2,1,1,0,0.06939751971667098,True
2,0,1,0,3,0,0,2,2,0,0,0.07420542466872661,True
2,0,1,0,3,0,0,3,0,0,1,0.05721614748033375,True
2,0,1,0,3,0,0,3,0,1,0,0.0675,True
2,0,1,0,3,0,0,3,1,0,0,0.07090005893809109,True
2,0,1,0,3,0,0,4,0,0,0,0.06859375,True
2,0,1,0,3,0,1,0,0,0,3,0.03036818648847354,True
2,0,1,0,3,0,1,0,0,1,2,0.0436339301930094,True
2,0,1,0,3,0,1,0,0,2,1,0.05985648215098953,True
2,0,1,0,3,0,1,0,0,3,0,0.06537826161156801,True
2,0,1,0,3,0,1,0,1,0,2,0.050368186488473514,True
2,0,1,0,3,0,1,0,1,1,1,0.06363393019300936,True
2,0,1,0,3,0,1,0,1,2,0,0.06971388024109355,True
2,0,1,0,3,0,1,0,2,0,1,0.07036818648847347,True
2,0,1,0,3,0,1,0,2,1,0,0.07670738794865314,True
2,0,1,0,3,0,1,0,3,0,0,0.09036818648847345,True
2,0,1,0,3,0,1,1,0,0,2,0.0436339301939616,True
2,0,1,0,3,0,1,1,0,1,1,0.05985648215115604,True
2,0,1,0,3,0,1,1,0,2,0,0.0675572485394852,True
2,0,1,0,3,0,1,1,1,0,1,0.06363393019396156,True
2,0,1,0,3,0,1,1,1,1,0,0.07215481172439062,True
2,0,1,0,3,0,1,1,2,0,0,0.07959684156473495,True
2,0,1,0,3,0,1,2,0,0,1,0.0598564821517888,True
2,0,1,0,3,0,1,2,0,1,0,0.06939751971667098,True
2,0,1,0,3,0,1,2,1,0,0,0.07420542466872661,True
2,0,1,0,3,0,1,3,0,0,0,0.07090005893809109,True
2,0,1,0,3,0,2,0,0,0,2,0.050368186488473514,True
2,0,1,0,3,0,2,0,0,1,1,0.06363393019300936,True
2,0,1,0,3,0,2,0,0,2,0,0.06971388024109355,True
2,0,1,0,3,0,2,0,1,0,1,0.07036818648847347,True
2,0,1,0,3,0,2,0,1,1,0,0.07670738794865314,True
2,0,1,0,3,0,2,0,2,0,0,0.09036818648847345,True
2,0,1,0,3,0,2,1,0,0,1,0.06363393019396156,True
2,0,1,0,3,0,2,1,0,1,0,0.07215481172439062,True
2,0,1,0,3,0,2,1,1,0,0,0.07959684156473495,True
2,0,1,0,3,0,2,2,0,0,0,0.07420542466872661,True
2,0,1,0,3,0,3,0,0,0,1,0.07036818648847347,True
2,0,1,0,3,0,3,0,0,1,0,0.07670738794865314,True
2,0,1,0,3,0,3,0,1,0,0,0.09036818648847345,True
2,0,1,0,3,0,3,1,0,0,0,0.07959684156473495,True
2,0,1,0,3,0,4,0,0,0,0,0.09036818648847345,True
2,0,1,1,0,2,0,0,0,0,4,0.8799999999999989,False
2,0,1,1,0,2,0,0,0,1,3,0.8999999999999991,False
2,0,1,1,0,2,0,0,0,2,2,0.9199999999999993,False
2,0,1,1,0,2,0,0,0,3,1,0.9399999999999994,False
2,0,1,1,0,2,0,0,0,4,0,0.03965168409319448,True
2,0,1,1,0,2,0,0,1,0,3,0.8999999999999991,False
2,0,1,1,0,2,0,0,1,1,2,0.9199999999999993,False
2,0,1,1,0,2,0,0,1,2,1,0.9399999999999994,False
2,0,1,1,0,2,0,0,1,3,0,0.059476655735492726,True
2,0,1,1,0,2,0,0,2,0,2,0.9199999999999993,False
2,0,1,1,0,2,0,0,2,1,1,0.9399999999999994,False
2,0,1,1,0,2,0,0,2,2,0,0.1519616661448114,True
2,0,1,1,0,2,0,0,3,0,1,0.9399999999999994,False
2,0,1,1,0,2,0,0,3,1,0,0.9520311141967773,False
2,0,1,1,0,2,0,0,4,0,0,0.9599999999999996,False
2,0,1,1,0,2,0,1,0,0,3,0.8999999999999991,False
2,0,1,1,0,2,0,1,0,1,2,0.9199999999999993,False
2,0,1,1,0,2,0,1,0,2,1,0.9399999999999994,False
2,0,1,1,0,2,0,1,0,3,0,0.0436339301939616,True
2,0,1,1,0,2,0,1,1,0,2,0.9199999999999993,False
2,0,1,1,0,2,0,1,1,1,1,0.9399999999999994,False
2,0,1,1,0,2,0,1,1,2,0,0.06544684976898561,True
2,0,1,1,0,2,0,1,2,0,1,0.9399999999999994,False
2,0,1,1,0,2,0,1,2,1,0,0.16312096852325866,True
2,0,1,1,0,2,0,1,3,0,0,0.9599999999999996,False
2,0,1,1,0,2,0,2,0,0,2,0.9199999999999993,False
2,0,1,1,0,2,0,2,0,1,1,0.9399999999999994,False
2,0,1,1,0,2,0,2,0,2,0,0.04700849872561833,True
2,0,1,1,0,2,0,2,1,0,1,0.9399999999999994,False
2,0,1,1,0,2,0,2,1,1,0,0.06942333796561724,True
2,0,1,1,0,2,0,2,2,0,0,0.9599999999999996,False
2,0,1,1,0,2,0,3,0,0,1,0.9399999999999994,False
2,0,1,1,0,2,0,3,0,1,0,0.04925110766064154,True
2,0,1,1,0,2,0,3,1,0,0,0.9599999999999996,False
2,0,1,1,0,2,0,4,0,0,0,0.9599999999999996,False
2,0,1,1,0,2,1,0,0,0,3,0.8999999999999991,False
2,0,1,1,0,2,1,0,0,1,2,0.9199999999999993,False
2,0,1,1,0,2,1,0,0,2,1,0.9399999999999994,False
2,0,1,1,0,2,1,0,0,3,0,0.059476655735492726,True
2,0,1,1,0,2,1,0,1,0,2,0.9199999999999993,False
2,0,1,1,0,2,1,0,1,1,1,0.9399999999999994,False
2,0,1,1,0,2,1,0,1,2,0,0.1519616661448114,True
2,0,1,1,0,2,1,0,2,0,1,0.9399999999999994,False
2,0,1,1,0,2,1,0,2,1,0,0.9515156005859379,False
2,0,1,1,0,2,1,0,3,0,0,0.9599999999999996,False
2,0,1,1,0,2,1,1,0,0,2,0.9199999999999993,False
2,0,1,1,0,2,1,1,0,1,1,0.9399999999999994,False
2,0,1,1,0,2,1,1,0,2,0,0.06544684976898561,True
2,0,1,1,0,2,1,1,1,0,1,0.9399999999999994,False
2,0,1,1,0,2,1,1,1,1,0,0.16204317063034962,True
2,0,1,1,0,2,1,1,2,0,0,0.9599999999999996,False
2,0,1,1,0,2,1,2,0,0,1,0.9399999999999994,False
2,0,1,1,0,2,1,2,0,1,0,0.06894719976922005,True
2,0,1,1,0,2,1,2,1,0,0,0.9599999999999996,False
2,0,1,1,0,2,1,3,0,0,0,0.9599999999999996,False
2,0,1,1,0,2,2,0,0,0,2,0.9199999999999993,False
2,0,1,1,0,2,2,0,0,1,1,0.9399999999999994,False
2,0,1,1,0,2,2,0,0,2,0,0.1519616661448114,True
2,0,1,1,0,2,2,0,1,0,1,0.9399999999999994,False
2,0,1,1,0,2,2,0,1,1,0,0.95092098236084,False
2,0,1,1,0,2,2,0,2,0,0,0.9599999999999996,False
2,0,1,1,0,2,2,1,0,0,1,0.9399999999999994,False
2,0,1,1,0,2,2,1,0,1,0,0.16093850060599707,True
2,0,1,1,0,2,2,1,1,0,0,0.9599999999999996,False
2,0,1,1,0,2,2,2,0,0,0,0.9599999999999996,False
2,0,1,1,0,2,3,0,0,0,1,0.9399999999999994,False
2,0,1,1,0,2,3,0,0,1,0,0.9503941817124066,False
2,0,1,1,0,2,3,0,1,0,0,0.9599999999999996,False
2,0,1,1,0,2,3,1,0,0,0,0.9599999999999996,False
2,0,1,1,0,2,4,0,0,0,0,0.9599999999999996,False
2,0,1,1,1,1,0,0,0,0,4,0.8999999999999991,False
2,0,1,1,1,1,0,0,0,1,3,0.9199999999999993,False
2,0,1,1,1,1,0,0,0,2,2,0.9399999999999994,False
2,0,1,1,1,1,0,0,0,3,1,0.9599999999999996,False
2,0,1,1,1,1,0,0,0,4,0,0.05615741738557524,True
2,0,1,1,1,1,0,0,1,0,3,0.9199999999999993,False
2,0,1,1,1,1,0,0,1,1,2,0.9399999999999994,False
2,0,1,1,1,1,0,0,1,2,1,0.9599999999999996,False
2,0,1,1,1,1,0,0,1,3,0,0.06996695367571049,True
2,0,1,1,1,1,0,0,2,0,2,0.9399999999999994,False
2,0,1,1,1,1,0,0,2,1,1,0.9599999999999996,False
2,0,1,1,1,1,0,0,2,2,0,0.11329416593809186,True
2,0,1,1,1,1,0,0,3,0,1,0.9599999999999996,False
2,0,1,1,1,1,0,0,3,1,0,0.9678059371004447,False
2,0,1,1,1,1,0,0,4,0,0,0.9799999999999998,False
2,0,1,1,1,1,0,1,0,0,3,0.9199999999999993,False
2,0,1,1,1,1,0,1,0,1,2,0.9399999999999994,False
2,0,1,1,1,1,0,1,0,2,1,0.9599999999999996,False
2,0,1,1,1,1,0,1,0,3,0,0.05985648215115604,True
2,0,1,1,1,1,0,1,1,0,2,0.9399999999999994,False
2,0,1,1,1,1,0,1,1,1,1,0.9599999999999996,False
2,0,1,1,1,1,0,1,1,2,0,0.0752158598493154,True
2,0,1,1,1,1,0,1,2,0,1,0.9599999999999996,False
2,0,1,1,1,1,0,1,2,1,0,0.12269276248261214,True
2,0,1,1,1,1,0,1,3,0,0,0.9799999999999998,False
2,0,1,1,1,1,0,2,0,0,2,0.9399999999999994,False
2,0,1,1,1,1,0,2,0,1,1,0.9599999999999996,False
2,0,1,1,1,1,0,2,0,2,0,0.06302467762990177,True
2,0,1,1,1,1,0,2,1,0,1,0.9599999999999996,False
2,0,1,1,1,1,0,2,1,1,0,0.07919664222276203,True
2,0,1,1,1,1,0,2,2,0,0,0.9799999999999998,False
2,0,1,1,1,1,0,3,0,0,1,0.9599999999999996,False
2,0,1,1,1,1,0,3,0,1,0,0.06531666534865538,True
2,0,1,1,1,1,0,3,1,0,0,0.9799999999999998,False
2,0,1,1,1,1,0,4,0,0,0,0.9799999999999998,False
2,0,1,1,1,1,1,0,0,0,3,0.9199999999999993,False
2,0,1,1,1,1,1,0,0,1,2,0.9399999999999994,False
2,0,1,1,1,1,1,0,0,2,1,0.9599999999999996,False
2,0,1,1,1,1,1,0,0,3,0,0.06996695367571049,True
2,0,1,1,1,1,1,0,1,0,2,0.9399999999999994,False
2,0,1,1,1,1,1,0,1,1,1,0.9599999999999996,False
2,0,1,1,1,1,1,0,1,2,0,0.11329416593809186,True
2,0,1,1,1,1,1,0,2,0,1,0.9599999999999996,False
2,0,1,1,1,1,1,0,2,1,0,0.9675188467357069,False
2,0,1,1,1,1,1,0,3,0,0,0.9799999999999998,False
2,0,1,1,1,1,1,1,0,0,2,0.9399999999999994,False
2,0,1,1,1,1,1,1,0,1,1,0.9599999999999996,False
2,0,1,1,1,1,1,1,0,2,0,0.0752158598493154,True
2,0,1,1,1,1,1,1,1,0,1,0.9599999999999996,False
2,0,1,1,1,1,1,1,1,1,0,0.12189165245238266,True
2,0,1,1,1,1,1,1,2,0,0,0.9799999999999998,False
2,0,1,1,1,1,1,2,0,0,1,0.9599999999999996,False
2,0,1,1,1,1,1,2,0,1,0,0.07879711803616282,True
2,0,1,1,1,1,1,2,1,0,0,0.9799999999999998,False
2,0,1,1,1,1,1,3,0,0,0,0.9799999999999998,False
2,0,1,1,1,1,2,0,0,0,2,0.9399999999999994,False
2,0,1,1,1,1,2,0,0,1,1,0.9599999999999996,False
2,0,1,1,1,1,2,0,0,2,0,0.11329416593809186,True
2,0,1,1,1,1,2,0,1,0,1,0.9599999999999996,False
2,0,1,1,1,1,2,0,1,1,0,0.9657956141689824,False
2,0,1,1,1,1,2,0,2,0,0,0.9799999999999998,False
2,0,1,1,1,1,2,1,0,0,1,0.9599999999999996,False
2,0,1,1,1,1,2,1,0,1,0,0.12107293035362311,True
2,0,1,1,1,1,2,1,1,0,0,0.9799999999999998,False
2,0,1,1,1,1,2,2,0,0,0,0.9799999999999998,False
2,0,1,1,1,1,3,0,0,0,1,0.9599999999999996,False
2,0,1,1,1,1,3,0,0,1,0,0.965468271964701,False
2,0,1,1,1,1,3,0,1,0,0,0.9799999999999998,False
2,0,1,1,1,1,3,1,0,0,0,0.9799999999999998,False
2,0,1,1,1,1,4,0,0,0,0,0.9799999999999998,False
2,0,1,1,2,0,0,0,0,0,4,0.05110891085260643,True
2,0,1,1,2,0,0,0,0,1,3,0.045446849737332366,True
2,0,1,1,2,0,0,0,0,2,2,0.05521585984787743,True
2,0,1,1,2,0,0,0,0,3,1,0.06932245867201677,True
2,0,1,1,2,0,0,0,0,4,0,0.06537826161156801,True
2,0,1,1,2,0,0,0,1,0,3,0.0711089108526064,True
2,0,1,1,2,0,0,0,1,1,2,0.06544684973733234,True
2,0,1,1,2,0,0,0,1,2,1,0.0752158598478774,True
2,0,1,1,2,0,0,0,1,3,0,0.06971388024109355,True
2,0,1,1,2,0,0,0,2,0,2,0.09110891085260636,True
2,0,1,1,2,0,0,0,2,1,1,0.0854468497373323,True
2,0,1,1,2,0,0,0,2,2,0,0.07670738794865314,True
2,0,1,1,2,0,0,0,3,0,1,0.11110891085260632,True
2,0,1,1,2,0,0,0,3,1,0,0.09036818648847345,True
2,0,1,1,2,0,0,0,4,0,0,0.1311089108526063,True
2,0,1,1,2,0,0,1,0,0,3,0.045446849768985643,True
2,0,1,1,2,0,0,1,0,1,2,0.05521585984931544,True
2,0,1,1,2,0,0,1,0,2,1,0.06932245867209612,True
2,0,1,1,2,0,0,1,0,3,0,0.0675572485394852,True
2,0,1,1,2,0,0,1,1,0,2,0.06544684976898561,True
2,0,1,1,2,0,0,1,1,1,1,0.0752158598493154,True
2,0,1,1,2,0,0,1,1,2,0,0.07215481172439062,True
2,0,1,1,2,0,0,1,2,0,1,0.08544684976898557,True
2,0,1,1,2,0,0,1,2,1,0,0.07959684156473495,True
2,0,1,1,2,0,0,1,3,0,0,0.09408521921583042,True
2,0,1,1,2,0,0,2,0,0,2,0.0552158599366939,True
2,0,1,1,2,0,0,2,0,1,1,0.0693224586723977,True
2,0,1,1,2,0,0,2,0,2,0,0.06939751971667098,True
2,0,1,1,2,0,0,2,1,0,1,0.07521585993669387,True
2,0,1,1,2,0,0,2,1,1,0,0.07420542466872661,True
2,0,1,1,2,0,0,2,2,0,0,0.082001969424243,True
2,0,1,1,2,0,0,3,0,0,1,0.06932245870852598,True
2,0,1,1,2,0,0,3,0,1,0,0.07090005893809109,True
2,0,1,1,2,0,0,3,1,0,0,0.07587029299360815,True
2,0,1,1,2,0,0,4,0,0,0,0.0720658091241079,True
2,0,1,1,2,0,1,0,0,0,3,0.0711089108526064,True
2,0,1,1,2,0,1,0,0,1,2,0.06544684973733234,True
2,0,1,1,2,0,1,0,0,2,1,0.0752158598478774,True
2,0,1,1,2,0,1,0,0,3,0,0.06971388024109355,True
2,0,1,1,2,0,1,0,1,0,2,0.09110891085260636,True
2,0,1,1,2,0,1,0,1,1,1,0.0854468497373323,True
2,0,1,1,2,0,1,0,1,2,0,0.07670738794865314,True
2,0,1,1,2,0,1,0,2,0,1,0.11110891085260632,True
2,0,1,1,2,0,1,0,2,1,0,0.09036818648847345,True
2,0,1,1,2,0,1,0,3,0,0,0.1311089108526063,True
2,0,1,1,2,0,1,1,0,0,2,0.06544684976898561,True
2,0,1,1,2,0,1,1,0,1,1,0.0752158598493154,True
2,0,1,1,2,0,1,1,0,2,0,0.07215481172439062,True
2,0,1,1,2,0,1,1,1,0,1,0.08544684976898557,True
2,0,1,1,2,0,1,1,1,1,0,0.07959684156473495,True
2,0,1,1,2,0,1,1,2,0,0,0.09408521921583042,True
2,0,1,1,2,0,1,2,0,0,1,0.07521585993669387,True
2,0,1,1,2,0,1,2,0,1,0,0.07420542466872661,True
2,0,1,1,2,0,1,2,1,0,0,0.082001969424243,True
2,0,1,1,2,0,1,3,0,0,0,0.07587029299360815,True
2,0,1,1,2,0,2,0,0,0,2,0.09110891085260636,True
2,0,1,1,2,0,2,0,0,1,1,0.0854468497373323,True
2,0,1,1,2,0,2,0,0,2,0,0.07670738794865314,True
2,0,1,1,2,0,2,0,1,0,1,0.11110891085260632,True
2,0,1,1,2,0,2,0,1,1,0,0.09036818648847345,True
2,0,1,1,2,0,2,0,2,0,0,0.1311089108526063,True
2,0,1,1,2,0,2,1,0,0,1,0.08544684976898557,True
2,0,1,1,2,0,2,1,0,1,0,0.07959684156473495,True
2,0,1,1,2,0,2,1,1,0,0,0.09408521921583042,True
2,0,1,1,2,0,2,2,0,0,0,0.082001969424243,True
2,0,1,1,2,0,3,0,0,0,1,0.11110891085260632,True
2,0,1,1,2,0,3,0,0,1,0,0.09036818648847345,True
2,0,1,1,2,0,3,0,1,0,0,0.1311089108526063,True
2,0,1,1,2,0,3,1,0,0,0,0.09408521921583042,True
2,0,1,1,2,0,4,0,0,0,0,0.1311089108526063,True
2,0,1,2,0,1,0,0,0,0,4,0.8999999999999991,False
2,0,1,2,0,1,0,0,0,1,3,0.9199999999999993,False
2,0,1,2,0,1,0,0,0,2,2,0.9399999999999994,False
2,0,1,2,0,1,0,0,0,3,1,0.9599999999999996,False
2,0,1,2,0,1,0,0,0,4,0,0.05965168409319445,True
2,0,1,2,0,1,0,0,1,0,3,0.9199999999999993,False
2,0,1,2,0,1,0,0,1,1,2,0.9399999999999994,False
2,0,1,2,0,1,0,0,1,2,1,0.9599999999999996,False
2,0,1,2,0,1,0,0,1,3,0,0.0794766557354927,True
2,0,1,2,0,1,0,0,2,0,2,0.9399999999999994,False
2,0,1,2,0,1,0,0,2,1,1,0.9599999999999996,False
2,0,1,2,0,1,0,0,2,2,0,0.17196166614481137,True
2,0,1,2,0,1,0,0,3,0,1,0.9599999999999996,False
2,0,1,2,0,1,0,0,3,1,0,0.9724675231933593,False
2,0,1,2,0,1,0,0,4,0,0,0.9799999999999998,False
2,0,1,2,0,1,0,1,0,0,3,0.9199999999999993,False
2,0,1,2,0,1,0,1,0,1,2,0.9399999999999994,False
2,0,1,2,0,1,0,1,0,2,1,0.9599999999999996,False
2,0,1,2,0,1,0,1,0,3,0,0.06363393019396156,True
2,0,1,2,0,1,0,1,1,0,2,0.9399999999999994,False
2,0,1,2,0,1,0,1,1,1,1,0.9599999999999996,False
2,0,1,2,0,1,0,1,1,2,0,0.08544684976898557,True
2,0,1,2,0,1,0,1,2,0,1,0.9599999999999996,False
2,0,1,2,0,1,0,1,2,1,0,0.18417265860440912,True
2,0,1,2,0,1,0,1,3,0,0,0.9799999999999998,False
2,0,1,2,0,1,0,2,0,0,2,0.9399999999999994,False
2,0,1,2,0,1,0,2,0,1,1,0.9599999999999996,False
2,0,1,2,0,1,0,2,0,2,0,0.0670084987256183,True
2,0,1,2,0,1,0,2,1,0,1,0.9599999999999996,False
2,0,1,2,0,1,0,2,1,1,0,0.08989272487458612,True
2,0,1,2,0,1,0,2,2,0,0,0.9799999999999998,False
2,0,1,2,0,1,0,3,0,0,1,0.9599999999999996,False
2,0,1,2,0,1,0,3,0,1,0,0.06956305199787882,True
2,0,1,2,0,1,0,3,1,0,0,0.9799999999999998,False
2,0,1,2,0,1,0,4,0,0,0,0.9799999999999998,False
2,0,1,2,0,1,1,0,0,0,3,0.9199999999999993,False
2,0,1,2,0,1,1,0,0,1,2,0.9399999999999994,False
2,0,1,2,0,1,1,0,0,2,1,0.9599999999999996,False
2,0,1,2,0,1,1,0,0,3,0,0.0794766557354927,True
2,0,1,2,0,1,1,0,1,0,2,0.9399999999999994,False
2,0,1,2,0,1,1,0,1,1,1,0.9599999999999996,False
2,0,1,2,0,1,1,0,1,2,0,0.17196166614481137,True
2,0,1,2,0,1,1,0,2,0,1,0.9599999999999996,False
2,0,1,2,0,1,1,0,2,1,0,0.9720311141967772,False
2,0,1,2,0,1,1,0,3,0,0,0.9799999999999998,False
2,0,1,2,0,1,1,1,0,0,2,0.9399999999999994,False
2,0,1,2,0,1,1,1,0,1,1,0.9599999999999996,False
2,0,1,2,0,1,1,1,0,2,0,0.08544684976898557,True
2,0,1,2,0,1,1,1,1,0,1,0.9599999999999996,False
2,0,1,2,0,1,1,1,1,1,0,0.18312096852325863,True
2,0,1,2,0,1,1,1,2,0,0,0.9799999999999998,False
2,0,1,2,0,1,1,2,0,0,1,0.9599999999999996,False
2,0,1,2,0,1,1,2,0,1,0,0.0894233379656172,True
2,0,1,2,0,1,1,2,1,0,0,0.9799999999999998,False
2,0,1,2,0,1,1,3,0,0,0,0.9799999999999998,False
2,0,1,2,0,1,2,0,0,0,2,0.9399999999999994,False
2,0,1,2,0,1,2,0,0,1,1,0.9599999999999996,False
2,0,1,2,0,1,2,0,0,2,0,0.17196166614481137,True
2,0,1,2,0,1,2,0,1,0,1,0.9599999999999996,False
2,0,1,2,0,1,2,0,1,1,0,0.9715156005859378,False
2,0,1,2,0,1,2,0,2,0,0,0.9799999999999998,False
2,0,1,2,0,1,2,1,0,0,1,0.9599999999999996,False
2,0,1,2,0,1,2,1,0,1,0,0.18204317063034958,True
2,0,1,2,0,1,2,1,1,0,0,0.9799999999999998,False
2,0,1,2,0,1,2,2,0,0,0,0.9799999999999998,False
2,0,1,2,0,1,3,0,0,0,1,0.9599999999999996,False
2,0,1,2,0,1,3,0,0,1,0,0.9709209823608398,False
2,0,1,2,0,1,3,0,1,0,0,0.9799999999999998,False
2,0,1,2,0,1,3,1,0,0,0,0.9799999999999998,False
2,0,1,2,0,1,4,0,0,0,0,0.9799999999999998,False
2,0,1,2,1,0,0,0,0,0,4,0.5796267554668832,False
2,0,1,2,1,0,0,0,0,1,3,0.14204317063034963,True
2,0,1,2,1,0,0,0,0,2,2,0.1018916524308793,True
2,0,1,2,1,0,0,0,0,3,1,0.09984579029943323,True
2,0,1,2,1,0,0,0,0,4,0,0.06971388024109355,True
2,0,1,2,1,0,0,0,1,0,3,0.6002711713321895,False
2,0,1,2,1,0,0,0,1,1,2,0.16312096852325866,True
2,0,1,2,1,0,0,0,1,2,1,0.12269276246051355,True
2,0,1,2,1,0,0,0,1,3,0,0.07670738794865314,True
2,0,1,2,1,0,0,0,2,0,2,0.6209003559660562,False
2,0,1,2,1,0,0,0,2,1,1,0.18417265860440912,True
2,0,1,2,1,0,0,0,2,2,0,0.09036818648847345,True
2,0,1,2,1,0,0,0,3,0,1,0.6415146524777454,False
2,0,1,2,1,0,0,0,3,1,0,0.1311089108526063,True
2,0,1,2,1,0,0,0,4,0,0,0.6621143924268501,False
2,0,1,2,1,0,0,1,0,0,3,0.14204317063034963,True
2,0,1,2,1,0,0,1,0,1,2,0.10189165245238269,True
2,0,1,2,1,0,0,1,0,2,1,0.09984579030032474,True
2,0,1,2,1,0,0,1,0,3,0,0.07215481172439062,True
2,0,1,2,1,0,0,1,1,0,2,0.16312096852325866,True
2,0,1,2,1,0,0,1,1,1,1,0.12269276248261214,True
2,0,1,2,1,0,0,1,1,2,0,0.07959684156473495,True
2,0,1,2,1,0,0,1,2,0,1,0.18417265860440912,True
2,0,1,2,1,0,0,1,2,1,0,0.09408521921583042,True
2,0,1,2,1,0,0,1,3,0,0,0.13669032891974645,True
2,0,1,2,1,0,0,2,0,0,2,0.10189165266014052,True
2,0,1,2,1,0,0,2,0,1,1,0.09984579034396811,True
2,0,1,2,1,0,0,2,0,2,0,0.07420542466872661,True
2,0,1,2,1,0,0,2,1,0,1,0.12269276269612016,True
2,0,1,2,1,0,0,2,1,1,0,0.082001969424243,True
2,0,1,2,1,0,0,2,2,0,0,0.0971297437922845,True
2,0,1,2,1,0,0,3,0,0,1,0.09984581648070308,True
2,0,1,2,1,0,0,3,0,1,0,0.07587029299360815,True
2,0,1,2,1,0,0,3,1,0,0,0.0839364368504204,True
2,0,1,2,1,0,0,4,0,0,0,0.07715414077486629,True
2,0,1,2,1,0,1,0,0,0,3,0.5996267554668832,False
2,0,1,2,1,0,1,0,0,1,2,0.16204317063034962,True
2,0,1,2,1,0,1,0,0,2,1,0.12189165243087928,True
2,0,1,2,1,0,1,0,0,3,0,0.07670738794865314,True
2,0,1,2,1,0,1,0,1,0,2,0.6202711713321896,False
2,0,1,2,1,0,1,0,1,1,1,0.18312096852325863,True
2,0,1,2,1,0,1,0,1,2,0,0.09036818648847345,True
2,0,1,2,1,0,1,0,2,0,1,0.6409003559660561,False
2,0,1,2,1,0,1,0,2,1,0,0.1311089108526063,True
2,0,1,2,1,0,1,0,3,0,0,0.6615146524777453,False
2,0,1,2,1,0,1,1,0,0,2,0.16204317063034962,True
2,0,1,2,1,0,1,1,0,1,1,0.12189165245238266,True
2,0,1,2,1,0,1,1,0,2,0,0.07959684156473495,True
2,0,1,2,1,0,1,1,1,0,1,0.18312096852325863,True
2,0,1,2,1,0,1,1,1,1,0,0.09408521921583042,True
2,0,1,2,1,0,1,1,2,0,0,0.1361759053331829,True
2,0,1,2,1,0,1,2,0,0,1,0.12189165266014049,True
2,0,1,2,1,0,1,2,0,1,0,0.082001969424243,True
2,0,1,2,1,0,1,2,1,0,0,0.09679800601748545,True
2,0,1,2,1,0,1,3,0,0,0,0.08368131099099546,True
2,0,1,2,1,0,2,0,0,0,2,0.6196267554668832,False
2,0,1,2,1,0,2,0,0,1,1,0.18204317063034958,True
2,0,1,2,1,0,2,0,0,2,0,0.09036818648847345,True
2,0,1,2,1,0,2,0,1,0,1,0.6402711713321895,False
2,0,1,2,1,0,2,0,1,1,0,0.1311089108526063,True
2,0,1,2,1,0,2,0,2,0,0,0.660900355966056,False
2,0,1,2,1,0,2,1,0,0,1,0.18204317063034958,True
2,0,1,2,1,0,2,1,0,1,0,0.09408521921583042,True
2,0,1,2,1,0,2,1,1,0,0,0.13565389540794398,True
2,0,1,2,1,0,2,2,0,0,0,0.09646238227625167,True
2,0,1,2,1,0,3,0,0,0,1,0.6396267554668831,False
2,0,1,2,1,0,3,0,0,1,0,0.1311089108526063,True
2,0,1,2,1,0,3,0,1,0,0,0.6602711713321894,False
2,0,1,2,1,0,3,1,0,0,0,0.13512421834481053,True
2,0,1,2,1,0,4,0,0,0,0,0.6596267554668831,False
2,0,1,3,0,0,0,0,0,0,4,0.9199999999999993,False
2,0,1,3,0,0,0,0,0,1,3,0.9399999999999994,False
2,0,1,3,0,0,0,0,0,2,2,0.9599999999999996,False
2,0,1,3,0,0,0,0,0,3,1,0.9799999999999998,False
2,0,1,3,0,0,0,0,0,4,0,0.07670738794865314,True
2,0,1,3,0,0,0,0,1,0,3,0.9399999999999994,False
2,0,1,3,0,0,0,0,1,1,2,0.9599999999999996,False
2,0,1,3,0,0,0,0,1,2,1,0.9799999999999998,False
2,0,1,3,0,0,0,0,1,3,0,0.09036818648847345,True
2,0,1,3,0,0,0,0,2,0,2,0.9599999999999996,False
2,0,1,3,0,0,0,0,2,1,1,0.9799999999999998,False
2,0,1,3,0,0,0,0,2,2,0,0.1311089108526063,True
2,0,1,3,0,0,0,0,3,0,1,0.9799999999999998,False
2,0,1,3,0,0,0,0,3,1,0,0.6621143924268501,False
2,0,1,3,0,0,0,0,4,0,0,1.0,False
2,0,1,3,0,0,0,1,0,0,3,0.9399999999999994,False
2,0,1,3,0,0,0,1,0,1,2,0.9599999999999996,False
2,0,1,3,0,0,0,1,0,2,1,0.9799999999999998,False
2,0,1,3,0,0,0,1,0,3,0,0.07959684156473495,True
2,0,1,3,0,0,0,1,1,0,2,0.9599999999999996,False
2,0,1,3,0,0,0,1,1,1,1,0.9799999999999998,False
2,0,1,3,0,0,0,1,1,2,0,0.09408521921583042,True
2,0,1,3,0,0,0,1,2,0,1,0.9799999999999998,False
2,0,1,3,0,0,0,1,2,1,0,0.13669032891974645,True
2,0,1,3,0,0,0,1,3,0,0,1.0,False
2,0,1,3,0,0,0,2,0,0,2,0.9599999999999996,False
2,0,1,3,0,0,0,2,0,1,1,0.9799999999999998,False
2,0,1,3,0,0,0,2,0,2,0,0.082001969424243,True
2,0,1,3,0,0,0,2,1,0,1,0.9799999999999998,False
2,0,1,3,0,0,0,2,1,1,0,0.0971297437922845,True
2,0,1,3,0,0,0,2,2,0,0,1.0,False
2,0,1,3,0,0,0,3,0,0,1,0.9799999999999998,False
2,0,1,3,0,0,0,3,0,1,0,0.0839364368504204,True
2,0,1,3,0,0,0,3,1,0,0,1.0,False
2,0,1,3,0,0,0,4,0,0,0,1.0,False
2,0,1,3,0,0,1,0,0,0,3,0.9399999999999994,False
2,0,1,3,0,0,1,0,0,1,2,0.9599999999999996,False
2,0,1,3,0,0,1,0,0,2,1,0.9799999999999998,False
2,0,1,3,0,0,1,0,0,3,0,0.09036818648847345,True
2,0,1,3,0,0,1,0,1,0,2,0.9599999999999996,False
2,0,1,3,0,0,1,0,1,1,1,0.9799999999999998,False
2,0,1,3,0,0,1,0,1,2,0,0.1311089108526063,True
2,0,1,3,0,0,1,0,2,0,1,0.9799999999999998,False
2,0,1,3,0,0,1,0,2,1,0,0.6615146524777453,False
2,0,1,3,0,0,1,0,3,0,0,1.0,False
2,0,1,3,0,0,1,1,0,0,2,0.9599999999999996,False
2,0,1,3,0,0,1,1,0,1,1,0.9799999999999998,False
2,0,1,3,0,0,1,1,0,2,0,0.09408521921583042,True
2,0,1,3,0,0,1,1,1,0,1,0.9799999999999998,False
2,0,1,3,0,0,1,1,1,1,0,0.1361759053331829,True
2,0,1,3,0,0,1,1,2,0,0,1.0,False
2,0,1,3,0,0,1,2,0,0,1,0.9799999999999998,False
2,0,1,3,0,0,1,2,0,1,0,0.09679800601748545,True
2,0,1,3,0,0,1,2,1,0,0,1.0,False
2,0,1,3,0,0,1,3,0,0,0,1.0,False
2,0,1,3,0,0,2,0,0,0,2,0.9599999999999996,False
2,0,1,3,0,0,2,0,0,1,1,0.9799999999999998,False
2,0,1,3,0,0,2,0,0,2,0,0.1311089108526063,True
2,0,1,3,0,0,2,0,1,0,1,0.9799999999999998,False
2,0,1,3,0,0,2,0,1,1,0,0.660900355966056,False
2,0,1,3,0,0,2,0,2,0,0,1.0,False
2,0,1,3,0,0,2,1,0,0,1,0.9799999999999998,False
2,0,1,3,0,0,2,1,0,1,0,0.13565389540794398,True
2,0,1,3,0,0,2,1,1,0,0,1.0,False
2,0,1,3,0,0,2,2,0,0,0,1.0,False
2,0,1,3,0,0,3,0,0,0,1,0.9799999999999998,False
2,0,1,3,0,0,3,0,0,1,0,0.6602711713321894,False
2,0,1,3,0,0,3,0,1,0,0,1.0,False
2,0,1,3,0,0,3,1,0,0,0,1.0,False
2,0,1,3,0,0,4,0,0,0,0,1.0,False
2,0,2,0,0,2,0,0,0,0,4,0.8799999999999989,False
2,0,2,0,0,2,0,0,0,1,3,0.8999999999999991,False
2,0,2,0,0,2,0,0,0,2,2,0.9199999999999993,False
2,0,2,0,0,2,0,0,0,3,1,0.9399999999999994,False
2,0,2,0,0,2,0,0,0,4,0,0.03615741738568025,True
2,0,2,0,0,2,0,0,1,0,3,0.8999999999999991,False
2,0,2,0,0,2,0,0,1,1,2,0.9199999999999993,False
2,0,2,0,0,2,0,0,1,2,1,0.9399999999999994,False
2,0,2,0,0,2,0,0,1,3,0,0.04996695367670908,True
2,0,2,0,0,2,0,0,2,0,2,0.9199999999999993,False
2,0,2,0,0,2,0,0,2,1,1,0.9399999999999994,False
2,0,2,0,0,2,0,0,2,2,0,0.0932941659625144,True
2,0,2,0,0,2,0,0,3,0,1,0.9399999999999994,False
2,0,2,0,0,2,0,0,3,1,0,0.9489715459712558,False
2,0,2,0,0,2,0,0,4,0,0,0.9599999999999996,False
2,0,2,0,0,2,0,1,0,0,3,0.8999999999999991,False
2,0,2,0,0,2,0,1,0,1,2,0.9199999999999993,False
2,0,2,0,0,2,0,1,0,2,1,0.9399999999999994,False
2,0,2,0,0,2,0,1,0,3,0,0.03985648215178883,True
2,0,2,0,0,2,0,1,1,0,2,0.9199999999999993,False
2,0,2,0,0,2,0,1,1,1,1,0.9399999999999994,False
2,0,2,0,0,2,0,1,1,2,0,0.0552158599366939,True
2,0,2,0,0,2,0,1,2,0,1,0.9399999999999994,False
2,0,2,0,0,2,0,1,2,1,0,0.10189165266014052,True
2,0,2,0,0,2,0,1,3,0,0,0.9599999999999996,False
2,0,2,0,0,2,0,2,0,0,2,0.9199999999999993,False
2,0,2,0,0,2,0,2,0,1,1,0.9399999999999994,False
2,0,2,0,0,2,0,2,0,2,0,0.04302467766849804,True
2,0,2,0,0,2,0,2,1,0,1,0.9399999999999994,False
2,0,2,0,0,2,0,2,1,1,0,0.05879716858119852,True
2,0,2,0,0,2,0,2,2,0,0,0.9599999999999996,False
2,0,2,0,0,2,0,3,0,0,1,0.9399999999999994,False
2,0,2,0,0,2,0,3,0,1,0,0.045044517698808954,True
2,0,2,0,0,2,0,3,1,0,0,0.9599999999999996,False
2,0,2,0,0,2,0,4,0,0,0,0.9599999999999996,False
2,0,2,0,0,2,1,0,0,0,3,0.8999999999999991,False
2,0,2,0,0,2,1,0,0,1,2,0.9199999999999993,False
2,0,2,0,0,2,1,0,0,2,1,0.9399999999999994,False
2,0,2,0,0,2,1,0,0,3,0,0.04996695367670908,True
2,0,2,0,0,2,1,0,1,0,2,0.9199999999999993,False
2,0,2,0,0,2,1,0,1,1,1,0.9399999999999994,False
2,0,2,0,0,2,1,0,1,2,0,0.0932941659625144,True
2,0,2,0,0,2,1,0,2,0,1,0.9399999999999994,False
2,0,2,0,0,2,1,0,2,1,0,0.9480473011759504,False
2,0,2,0,0,2,1,0,3,0,0,0.9599999999999996,False
2,0,2,0,0,2,1,1,0,0,2,0.9199999999999993,False
2,0,2,0,0,2,1,1,0,1,1,0.9399999999999994,False
2,0,2,0,0,2,1,1,0,2,0,0.0552158599366939,True
2,0,2,0,0,2,1,1,1,0,1,0.9399999999999994,False
2,0,2,0,0,2,1,1,1,1,0,0.1010729305555038,True
2,0,2,0,0,2,1,1,2,0,0,0.9599999999999996,False
2,0,2,0,0,2,1,2,0,0,1,0.9399999999999994,False
2,0,2,0,0,2,1,2,0,1,0,0.05839197171929704,True
2,0,2,0,0,2,1,2,1,0,0,0.9599999999999996,False
2,0,2,0,0,2,1,3,0,0,0,0.9599999999999996,False
2,0,2,0,0,2,2,0,0,0,2,0.9199999999999993,False
2,0,2,0,0,2,2,0,0,1,1,0.9399999999999994,False
2,0,2,0,0,2,2,0,0,2,0,0.0932941659625144,True
2,0,2,0,0,2,2,0,1,0,1,0.9399999999999994,False
2,0,2,0,0,2,2,0,1,1,0,0.9482188478362775,False
2,0,2,0,0,2,2,0,2,0,0,0.9599999999999996,False
2,0,2,0,0,2,2,1,0,0,1,0.9399999999999994,False
2,0,2,0,0,2,2,1,0,1,0,0.10023620833122461,True
2,0,2,0,0,2,2,1,1,0,0,0.9599999999999996,False
2,0,2,0,0,2,2,2,0,0,0,0.9599999999999996,False
2,0,2,0,0,2,3,0,0,0,1,0.9399999999999994,False
2,0,2,0,0,2,3,0,0,1,0,0.9485310060283868,False
2,0,2,0,0,2,3,0,1,0,0,0.9599999999999996,False
2,0,2,0,0,2,3,1,0,0,0,0.9599999999999996,False
2,0,2,0,0,2,4,0,0,0,0,0.9599999999999996,False
2,0,2,0,1,1,0,0,0,0,4,0.8999999999999991,False
2,0,2,0,1,1,0,0,0,1,3,0.9199999999999993,False
2,0,2,0,1,1,0,0,0,2,2,0.9399999999999994,False
2,0,2,0,1,1,0,0,0,3,1,0.9599999999999996,False
2,0,2,0,1,1,0,0,0,4,0,0.0540516437353953,True
2,0,2,0,1,1,0,0,1,0,3,0.9199999999999993,False
2,0,2,0,1,1,0,0,1,1,2,0.9399999999999994,False
2,0,2,0,1,1,0,0,1,2,1,0.9599999999999996,False
2,0,2,0,1,1,0,0,1,3,0,0.06454079135204926,True
2,0,2,0,1,1,0,0,2,0,2,0.9399999999999994,False
2,0,2,0,1,1,0,0,2,1,1,0.9599999999999996,False
2,0,2,0,1,1,0,0,2,2,0,0.09213854305673237,True
2,0,2,0,1,1,0,0,3,0,1,0.9599999999999996,False
2,0,2,0,1,1,0,0,3,1,0,0.8675875972762404,False
2,0,2,0,1,1,0,0,4,0,0,0.9799999999999998,False
2,0,2,0,1,1,0,1,0,0,3,0.9199999999999993,False
2,0,2,0,1,1,0,1,0,1,2,0.9399999999999994,False
2,0,2,0,1,1,0,1,0,2,1,0.9599999999999996,False
2,0,2,0,1,1,0,1,0,3,0,0.05721614748027702,True
2,0,2,0,1,1,0,1,1,0,2,0.9399999999999994,False
2,0,2,0,1,1,0,1,1,1,1,0.9599999999999996,False
2,0,2,0,1,1,0,1,1,2,0,0.0693224586723977,True
2,0,2,0,1,1,0,1,2,0,1,0.9599999999999996,False
2,0,2,0,1,1,0,1,2,1,0,0.09984579034396811,True
2,0,2,0,1,1,0,1,3,0,0,0.9799999999999998,False
2,0,2,0,1,1,0,2,0,0,2,0.9399999999999994,False
2,0,2,0,1,1,0,2,0,1,1,0.9599999999999996,False
2,0,2,0,1,1,0,2,0,2,0,0.06027090034572886,True
2,0,2,0,1,1,0,2,1,0,1,0.9599999999999996,False
2,0,2,0,1,1,0,2,1,1,0,0.07281754116431832,True
2,0,2,0,1,1,0,2,2,0,0,0.9799999999999998,False
2,0,2,0,1,1,0,3,0,0,1,0.9599999999999996,False
2,0,2,0,1,1,0,3,0,1,0,0.06252250979782525,True
2,0,2,0,1,1,0,3,1,0,0,0.9799999999999998,False
2,0,2,0,1,1,0,4,0,0,0,0.9799999999999998,False
2,0,2,0,1,1,1,0,0,0,3,0.9199999999999993,False
2,0,2,0,1,1,1,0,0,1,2,0.9399999999999994,False
2,0,2,0,1,1,1,0,0,2,1,0.9599999999999996,False
2,0,2,0,1,1,1,0,0,3,0,0.06454079135204926,True
2,0,2,0,1,1,1,0,1,0,2,0.9399999999999994,False
2,0,2,0,1,1,1,0,1,1,1,0.9599999999999996,False
2,0,2,0,1,1,1,0,1,2,0,0.09213854305673237,True
2,0,2,0,1,1,1,0,2,0,1,0.9599999999999996,False
2,0,2,0,1,1,1,0,2,1,0,0.86417648610408,False
2,0,2,0,1,1,1,0,3,0,0,0.9799999999999998,False
2,0,2,0,1,1,1,1,0,0,2,0.9399999999999994,False
2,0,2,0,1,1,1,1,0,1,1,0.9599999999999996,False
2,0,2,0,1,1,1,1,0,2,0,0.0693224586723977,True
2,0,2,0,1,1,1,1,1,0,1,0.9599999999999996,False
2,0,2,0,1,1,1,1,1,1,0,0.09917909830685775,True
2,0,2,0,1,1,1,1,2,0,0,0.9799999999999998,False
2,0,2,0,1,1,1,2,0,0,1,0.9599999999999996,False
2,0,2,0,1,1,1,2,0,1,0,0.07247311236829869,True
2,0,2,0,1,1,1,2,1,0,0,0.9799999999999998,False
2,0,2,0,1,1,1,3,0,0,0,0.9799999999999998,False
2,0,2,0,1,1,2,0,0,0,2,0.9399999999999994,False
2,0,2,0,1,1,2,0,0,1,1,0.9599999999999996,False
2,0,2,0,1,1,2,0,0,2,0,0.09213854305673237,True
2,0,2,0,1,1,2,0,1,0,1,0.9599999999999996,False
2,0,2,0,1,1,2,0,1,1,0,0.8618059239880839,False
2,0,2,0,1,1,2,0,2,0,0,0.9799999999999998,False
2,0,2,0,1,1,2,1,0,0,1,0.9599999999999996,False
2,0,2,0,1,1,2,1,0,1,0,0.09849887635963182,True
2,0,2,0,1,1,2,1,1,0,0,0.9799999999999998,False
2,0,2,0,1,1,2,2,0,0,0,0.9799999999999998,False
2,0,2,0,1,1,3,0,0,0,1,0.9599999999999996,False
2,0,2,0,1,1,3,0,0,1,0,0.8601862761101238,False
2,0,2,0,1,1,3,0,1,0,0,0.9799999999999998,False
2,0,2,0,1,1,3,1,0,0,0,0.9799999999999998,False
2,0,2,0,1,1,4,0,0,0,0,0.9799999999999998,False
2,0,2,0,2,0,0,0,0,0,4,0.014085219215830542,True
2,0,2,0,2,0,0,0,0,1,3,0.027008498650221247,True
2,0,2,0,2,0,0,0,0,2,2,0.04302467762959568,True
2,0,2,0,2,0,0,0,0,3,1,0.060270900345577846,True
2,0,2,0,2,0,0,0,0,4,0,0.064375,True
2,0,2,0,2,0,0,0,1,0,3,0.034085219215830506,True
2,0,2,0,2,0,0,0,1,1,2,0.04700849865022121,True
2,0,2,0,2,0,0,0,1,2,1,0.06302467762959565,True
2,0,2,0,2,0,0,0,1,3,0,0.0675572485394852,True
2,0,2,0,2,0,0,0,2,0,2,0.054085219215830475,True
2,0,2,0,2,0,0,0,2,1,1,0.06700849865022118,True
2,0,2,0,2,0,0,0,2,2,0,0.07215481172439062,True
2,0,2,0,2,0,0,0,3,0,1,0.07408521921583044,True
2,0,2,0,2,0,0,0,3,1,0,0.07959684156473495,True
2,0,2,0,2,0,0,0,4,0,0,0.09408521921583042,True
2,0,2,0,2,0,0,1,0,0,3,0.027008498725618363,True
2,0,2,0,2,0,0,1,0,1,2,0.0430246776299018,True
2,0,2,0,2,0,0,1,0,2,1,0.060270900345609286,True
2,0,2,0,2,0,0,1,0,3,0,0.06609375,True
2,0,2,0,2,0,0,1,1,0,2,0.04700849872561833,True
2,0,2,0,2,0,0,1,1,1,1,0.06302467762990177,True
2,0,2,0,2,0,0,1,1,2,0,0.06939751971667098,True
2,0,2,0,2,0,0,1,2,0,1,0.0670084987256183,True
2,0,2,0,2,0,0,1,2,1,0,0.07420542466872661,True
2,0,2,0,2,0,0,1,3,0,0,0.082001969424243,True
2,0,2,0,2,0,0,2,0,0,2,0.04302467766849804,True
2,0,2,0,2,0,0,2,0,1,1,0.06027090034572886,True
2,0,2,0,2,0,0,2,0,2,0,0.0675,True
2,0,2,0,2,0,0,2,1,0,1,0.06302467766849801,True
2,0,2,0,2,0,0,2,1,1,0,0.07090005893809109,True
2,0,2,0,2,0,0,2,2,0,0,0.07587029299360815,True
2,0,2,0,2,0,0,3,0,0,1,0.060270900369512305,True
2,0,2,0,2,0,0,3,0,1,0,0.06859375,True
2,0,2,0,2,0,0,3,1,0,0,0.0720658091241079,True
2,0,2,0,2,0,0,4,0,0,0,0.069375,True
2,0,2,0,2,0,1,0,0,0,3,0.034085219215830506,True
2,0,2,0,2,0,1,0,0,1,2,0.04700849865022121,True
2,0,2,0,2,0,1,0,0,2,1,0.06302467762959565,True
2,0,2,0,2,0,1,0,0,3,0,0.0675572485394852,True
2,0,2,0,2,0,1,0,1,0,2,0.054085219215830475,True
2,0,2,0,2,0,1,0,1,1,1,0.06700849865022118,True
2,0,2,0,2,0,1,0,1,2,0,0.07215481172439062,True
2,0,2,0,2,0,1,0,2,0,1,0.07408521921583044,True
2,0,2,0,2,0,1,0,2,1,0,0.07959684156473495,True
2,0,2,0,2,0,1,0,3,0,0,0.09408521921583042,True
2,0,2,0,2,0,1,1,0,0,2,0.04700849872561833,True
2,0,2,0,2,0,1,1,0,1,1,0.06302467762990177,True
2,0,2,0,2,0,1,1,0,2,0,0.06939751971667098,True
2,0,2,0,2,0,1,1,1,0,1,0.0670084987256183,True
2,0,2,0,2,0,1,1,1,1,0,0.07420542466872661,True
2,0,2,0,2,0,1,1,2,0,0,0.082001969424243,True
2,0,2,0,2,0,1,2,0,0,1,0.06302467766849801,True
2,0,2,0,2,0,1,2,0,1,0,0.07090005893809109,True
2,0,2,0,2,0,1,2,1,0,0,0.07587029299360815,True
2,0,2,0,2,0,1,3,0,0,0,0.0720658091241079,True
2,0,2,0,2,0,2,0,0,0,2,0.054085219215830475,True
2,0,2,0,2,0,2,0,0,1,1,0.06700849865022118,True
2,0,2,0,2,0,2,0,0,2,0,0.07215481172439062,True
2,0,2,0,2,0,2,0,1,0,1,0.07408521921583044,True
2,0,2,0,2,0,2,0,1,1,0,0.07959684156473495,True
2,0,2,0,2,0,2,0,2,0,0,0.09408521921583042,True
2,0,2,0,2,0,2,1,0,0,1,0.0670084987256183,True
2,0,2,0,2,0,2,1,0,1,0,0.07420542466872661,True
2,0,2,0,2,0,2,1,1,0,0,0.082001969424243,True
2,0,2,0,2,0,2,2,0,0,0,0.07587029299360815,True
2,0,2,0,2,0,3,0,0,0,1,0.07408521921583044,True
2,0,2,0,2,0,3,0,0,1,0,0.07959684156473495,True
2,0,2,0,2,0,3,0,1,0,0,0.09408521921583042,True
2,0,2,0,2,0,3,1,0,0,0,0.082001969424243,True
2,0,2,0,2,0,4,0,0,0,0,0.09408521921583042,True
2,0,2,1,0,1,0,0,0,0,4,0.8999999999999991,False
2,0,2,1,0,1,0,0,0,1,3,0.9199999999999993,False
2,0,2,1,0,1,0,0,0,2,2,0.9399999999999994,False
2,0,2,1,0,1,0,0,0,3,1,0.9599999999999996,False
2,0,2,1,0,1,0,0,0,4,0,0.05615741738568022,True
2,0,2,1,0,1,0,0,1,0,3,0.9199999999999993,False
2,0,2,1,0,1,0,0,1,1,2,0.9399999999999994,False
2,0,2,1,0,1,0,0,1,2,1,0.9599999999999996,False
2,0,2,1,0,1,0,0,1,3,0,0.06996695367670903,True
2,0,2,1,0,1,0,0,2,0,2,0.9399999999999994,False
2,0,2,1,0,1,0,0,2,1,1,0.9599999999999996,False
2,0,2,1,0,1,0,0,2,2,0,0.11329416596251438,True
2,0,2,1,0,1,0,0,3,0,1,0.9599999999999996,False
2,0,2,1,0,1,0,0,3,1,0,0.9710569763183594,False
2,0,2,1,0,1,0,0,4,0,0,0.9799999999999998,False
2,0,2,1,0,1,0,1,0,0,3,0.9199999999999993,False
2,0,2,1,0,1,0,1,0,1,2,0.9399999999999994,False
2,0,2,1,0,1,0,1,0,2,1,0.9599999999999996,False
2,0,2,1,0,1,0,1,0,3,0,0.0598564821517888,True
2,0,2,1,0,1,0,1,1,0,2,0.9399999999999994,False
2,0,2,1,0,1,0,1,1,1,1,0.9599999999999996,False
2,0,2,1,0,1,0,1,1,2,0,0.07521585993669387,True
2,0,2,1,0,1,0,1,2,0,1,0.9599999999999996,False
2,0,2,1,0,1,0,1,2,1,0,0.12269276269612016,True
2,0,2,1,0,1,0,1,3,0,0,0.9799999999999998,False
2,0,2,1,0,1,0,2,0,0,2,0.9399999999999994,False
2,0,2,1,0,1,0,2,0,1,1,0.9599999999999996,False
2,0,2,1,0,1,0,2,0,2,0,0.06302467766849801,True
2,0,2,1,0,1,0,2,1,0,1,0.9599999999999996,False
2,0,2,1,0,1,0,2,1,1,0,0.07919669405387325,True
2,0,2,1,0,1,0,2,2,0,0,0.9799999999999998,False
2,0,2,1,0,1,0,3,0,0,1,0.9599999999999996,False
2,0,2,1,0,1,0,3,0,1,0,0.06531708753604994,True
2,0,2,1,0,1,0,3,1,0,0,0.9799999999999998,False
2,0,2,1,0,1,0,4,0,0,0,0.9799999999999998,False
2,0,2,1,0,1,1,0,0,0,3,0.9199999999999993,False
2,0,2,1,0,1,1,0,0,1,2,0.9399999999999994,False
2,0,2,1,0,1,1,0,0,2,1,0.9599999999999996,False
2,0,2,1,0,1,1,0,0,3,0,0.06996695367670903,True
2,0,2,1,0,1,1,0,1,0,2,0.9399999999999994,False
2,0,2,1,0,1,1,0,1,1,1,0.9599999999999996,False
2,0,2,1,0,1,1,0,1,2,0,0.11329416596251438,True
2,0,2,1,0,1,1,0,2,0,1,0.9599999999999996,False
2,0,2,1,0,1,1,0,2,1,0,0.9689715459712558,False
2,0,2,1,0,1,1,0,3,0,0,0.9799999999999998,False
2,0,2,1,0,1,1,1,0,0,2,0.9399999999999994,False
2,0,2,1,0,1,1,1,0,1,1,0.9599999999999996,False
2,0,2,1,0,1,1,1,0,2,0,0.07521585993669387,True
2,0,2,1,0,1,1,1,1,0,1,0.9599999999999996,False
2,0,2,1,0,1,1,1,1,1,0,0.12189165266014049,True
2,0,2,1,0,1,1,1,2,0,0,0.9799999999999998,False
2,0,2,1,0,1,1,2,0,0,1,0.9599999999999996,False
2,0,2,1,0,1,1,2,0,1,0,0.07879716858119849,True
2,0,2,1,0,1,1,2,1,0,0,0.9799999999999998,False
2,0,2,1,0,1,1,3,0,0,0,0.9799999999999998,False
2,0,2,1,0,1,2,0,0,0,2,0.9399999999999994,False
2,0,2,1,0,1,2,0,0,1,1,0.9599999999999996,False
2,0,2,1,0,1,2,0,0,2,0,0.11329416596251438,True
2,0,2,1,0,1,2,0,1,0,1,0.9599999999999996,False
2,0,2,1,0,1,2,0,1,1,0,0.9680473011759502,False
2,0,2,1,0,1,2,0,2,0,0,0.9799999999999998,False
2,0,2,1,0,1,2,1,0,0,1,0.9599999999999996,False
2,0,2,1,0,1,2,1,0,1,0,0.12107293055550378,True
2,0,2,1,0,1,2,1,1,0,0,0.9799999999999998,False
2,0,2,1,0,1,2,2,0,0,0,0.9799999999999998,False
2,0,2,1,0,1,3,0,0,0,1,0.9599999999999996,False
2,0,2,1,0,1,3,0,0,1,0,0.9682188478362774,False
2,0,2,1,0,1,3,0,1,0,0,0.9799999999999998,False
2,0,2,1,0,1,3,1,0,0,0,0.9799999999999998,False
2,0,2,1,0,1,4,0,0,0,0,0.9799999999999998,False
2,0,2,1,1,0,0,0,0,0,4,0.054586792004403153,True
2,0,2,1,1,0,0,0,0,1,3,0.04894719938504072,True
2,0,2,1,1,0,0,0,0,2,2,0.05879711798215974,True
2,0,2,1,1,0,0,0,0,3,1,0.07281754111551987,True
2,0,2,1,1,0,0,0,0,4,0,0.0675572485394852,True
2,0,2,1,1,0,0,0,1,0,3,0.07512421834481063,True
2,0,2,1,1,0,0,0,1,1,2,0.06942333757373582,True
2,0,2,1,1,0,0,0,1,2,1,0.07919664216738485,True
2,0,2,1,1,0,0,0,1,3,0,0.07215481172439062,True
2,0,2,1,1,0,0,0,2,0,2,0.09565389540794404,True
2,0,2,1,1,0,0,0,2,1,1,0.08989272447509211,True
2,0,2,1,1,0,0,0,2,2,0,0.07959684156473495,True
2,0,2,1,1,0,0,0,3,0,1,0.11617590533318295,True
2,0,2,1,1,0,0,0,3,1,0,0.09408521921583042,True
2,0,2,1,1,0,0,0,4,0,0,0.13669032891974645,True
2,0,2,1,1,0,0,1,0,0,3,0.04894719976922008,True
2,0,2,1,1,0,0,1,0,1,2,0.05879711803616286,True
2,0,2,1,1,0,0,1,0,2,1,0.07281754111592381,True
2,0,2,1,1,0,0,1,0,3,0,0.06939751971667098,True
2,0,2,1,1,0,0,1,1,0,2,0.06942333796561724,True
2,0,2,1,1,0,0,1,1,1,1,0.07919664222276203,True
2,0,2,1,1,0,0,1,1,2,0,0.07420542466872661,True
2,0,2,1,1,0,0,1,2,0,1,0.08989272487458612,True
2,0,2,1,1,0,0,1,2,1,0,0.082001969424243,True
2,0,2,1,1,0,0,1,3,0,0,0.0971297437922845,True
2,0,2,1,1,0,0,2,0,0,2,0.05879716858119852,True
2,0,2,1,1,0,0,2,0,1,1,0.07281754116431832,True
2,0,2,1,1,0,0,2,0,2,0,0.07090005893809109,True
2,0,2,1,1,0,0,2,1,0,1,0.07919669405387325,True
2,0,2,1,1,0,0,2,1,1,0,0.07587029299360815,True
2,0,2,1,1,0,0,2,2,0,0,0.0839364368504204,True
2,0,2,1,1,0,0,3,0,0,1,0.07281791431806164,True
2,0,2,1,1,0,0,3,0,1,0,0.0720658091241079,True
2,0,2,1,1,0,0,3,1,0,0,0.07715414077486629,True
2,0,2,1,1,0,0,4,0,0,0,0.07289613730471707,True
2,0,2,1,1,0,1,0,0,0,3,0.07458679200440312,True
2,0,2,1,1,0,1,0,0,1,2,0.06894719938504068,True
2,0,2,1,1,0,1,0,0,2,1,0.0787971179821597,True
2,0,2,1,1,0,1,0,0,3,0,0.07215481172439062,True
2,0,2,1,1,0,1,0,1,0,2,0.09512421834481061,True
2,0,2,1,1,0,1,0,1,1,1,0.08942333757373579,True
2,0,2,1,1,0,1,0,1,2,0,0.07959684156473495,True
2,0,2,1,1,0,1,0,2,0,1,0.11565389540794402,True
2,0,2,1,1,0,1,0,2,1,0,0.09408521921583042,True
2,0,2,1,1,0,1,0,3,0,0,0.1361759053331829,True
2,0,2,1,1,0,1,1,0,0,2,0.06894719976922005,True
2,0,2,1,1,0,1,1,0,1,1,0.07879711803616282,True
2,0,2,1,1,0,1,1,0,2,0,0.07420542466872661,True
2,0,2,1,1,0,1,1,1,0,1,0.0894233379656172,True
2,0,2,1,1,0,1,1,1,1,0,0.082001969424243,True
2,0,2,1,1,0,1,1,2,0,0,0.09679800601748545,True
2,0,2,1,1,0,1,2,0,0,1,0.07879716858119849,True
2,0,2,1,1,0,1,2,0,1,0,0.07587029299360815,True
2,0,2,1,1,0,1,2,1,0,0,0.08368131099099546,True
2,0,2,1,1,0,1,3,0,0,0,0.07693906743340787,True
2,0,2,1,1,0,2,0,0,0,2,0.09458679200440309,True
2,0,2,1,1,0,2,0,0,1,1,0.08894719938504064,True
2,0,2,1,1,0,2,0,0,2,0,0.07959684156473495,True
2,0,2,1,1,0,2,0,1,0,1,0.11512421834481057,True
2,0,2,1,1,0,2,0,1,1,0,0.09408521921583042,True
2,0,2,1,1,0,2,0,2,0,0,0.13565389540794398,True
2,0,2,1,1,0,2,1,0,0,1,0.08894719976922001,True
2,0,2,1,1,0,2,1,0,1,0,0.082001969424243,True
2,0,2,1,1,0,2,1,1,0,0,0.09646238227625167,True
2,0,2,1,1,0,2,2,0,0,0,0.0834234564400263,True
2,0,2,1,1,0,3,0,0,0,1,0.11458679200440305,True
2,0,2,1,1,0,3,0,0,1,0,0.09408521921583042,True
2,0,2,1,1,0,3,0,1,0,0,0.13512421834481053,True
2,0,2,1,1,0,3,1,0,0,0,0.0961228541437403,True
2,0,2,1,1,0,4,0,0,0,0,0.13458679200440304,True
2,0,2,2,0,0,0,0,0,0,4,0.9199999999999993,False
2,0,2,2,0,0,0,0,0,1,3,0.9399999999999994,False
2,0,2,2,0,0,0,0,0,2,2,0.9599999999999996,False
2,0,2,2,0,0,0,0,0,3,1,0.9799999999999998,False
2,0,2,2,0,0,0,0,0,4,0,0.07215481172439062,True
2,0,2,2,0,0,0,0,1,0,3,0.9399999999999994,False
2,0,2,2,0,0,0,0,1,1,2,0.9599999999999996,False
2,0,2,2,0,0,0,0,1,2,1,0.9799999999999998,False
2,0,2,2,0,0,0,0,1,3,0,0.07959684156473495,True
2,0,2,2,0,0,0,0,2,0,2,0.9599999999999996,False
2,0,2,2,0,0,0,0,2,1,1,0.9799999999999998,False
2,0,2,2,0,0,0,0,2,2,0,0.09408521921583042,True
2,0,2,2,0,0,0,0,3,0,1,0.9799999999999998,False
2,0,2,2,0,0,0,0,3,1,0,0.13669032891974645,True
2,0,2,2,0,0,0,0,4,0,0,1.0,False
2,0,2,2,0,0,0,1,0,0,3,0.9399999999999994,False
2,0,2,2,0,0,0,1,0,1,2,0.9599999999999996,False
2,0,2,2,0,0,0,1,0,2,1,0.9799999999999998,False
2,0,2,2,0,0,0,1,0,3,0,0.07420542466872661,True
2,0,2,2,0,0,0,1,1,0,2,0.9599999999999996,False
2,0,2,2,0,0,0,1,1,1,1,0.9799999999999998,False
2,0,2,2,0,0,0,1,1,2,0,0.082001969424243,True
2,0,2,2,0,0,0,1,2,0,1,0.9799999999999998,False
2,0,2,2,0,0,0,1,2,1,0,0.0971297437922845,True
2,0,2,2,0,0,0,1,3,0,0,1.0,False
2,0,2,2,0,0,0,2,0,0,2,0.9599999999999996,False
2,0,2,2,0,0,0,2,0,1,1,0.9799999999999998,False
2,0,2,2,0,0,0,2,0,2,0,0.07587029299360815,True
2,0,2,2,0,0,0,2,1,0,1,0.9799999999999998,False
2,0,2,2,0,0,0,2,1,1,0,0.0839364368504204,True
2,0,2,2,0,0,0,2,2,0,0,1.0,False
2,0,2,2,0,0,0,3,0,0,1,0.9799999999999998,False
2,0,2,2,0,0,0,3,0,1,0,0.07715414077486629,True
2,0,2,2,0,0,0,3,1,0,0,1.0,False
2,0,2,2,0,0,0,4,0,0,0,1.0,False
2,0,2,2,0,0,1,0,0,0,3,0.9399999999999994,False
2,0,2,2,0,0,1,0,0,1,2,0.9599999999999996,False
2,0,2,2,0,0,1,0,0,2,1,0.9799999999999998,False
2,0,2,2,0,0,1,0,0,3,0,0.07959684156473495,True
2,0,2,2,0,0,1,0,1,0,2,0.9599999999999996,False
2,0,2,2,0,0,1,0,1,1,1,0.9799999999999998,False
2,0,2,2,0,0,1,0,1,2,0,0.09408521921583042,True
2,0,2,2,0,0,1,0,2,0,1,0.9799999999999998,False
2,0,2,2,0,0,1,0,2,1,0,0.1361759053331829,True
2,0,2,2,0,0,1,0,3,0,0,1.0,False
2,0,2,2,0,0,1,1,0,0,2,0.9599999999999996,False
2,0,2,2,0,0,1,1,0,1,1,0.9799999999999998,False
2,0,2,2,0,0,1,1,0,2,0,0.082001969424243,True
2,0,2,2,0,0,1,1,1,0,1,0.9799999999999998,False
2,0,2,2,0,0,1,1,1,1,0,0.09679800601748545,True
2,0,2,2,0,0,1,1,2,0,0,1.0,False
2,0,2,2,0,0,1,2,0,0,1,0.9799999999999998,False
2,0,2,2,0,0,1,2,0,1,0,0.08368131099099546,True
2,0,2,2,0,0,1,2,1,0,0,1.0,False
2,0,2,2,0,0,1,3,0,0,0,1.0,False
2,0,2,2,0,0,2,0,0,0,2,0.9599999999999996,False
2,0,2,2,0,0,2,0,0,1,1,0.9799999999999998,False
2,0,2,2,0,0,2,0,0,2,0,0.09408521921583042,True
2,0,2,2,0,0,2,0,1,0,1,0.9799999999999998,False
2,0,2,2,0,0,2,0,1,1,0,0.13565389540794398,True
2,0,2,2,0,0,2,0,2,0,0,1.0,False
2,0,2,2,0,0,2,1,0,0,1,0.9799999999999998,False
2,0,2,2,0,0,2,1,0,1,0,0.09646238227625167,True
2,0,2,2,0,0,2,1,1,0,0,1.0,False
2,0,2,2,0,0,2,2,0,0,0,1.0,False
2,0,2,2,0,0,3,0,0,0,1,0.9799999999999998,False
2,0,2,2,0,0,3,0,0,1,0,0.13512421834481053,True
2,0,2,2,0,0,3,0,1,0,0,1.0,False
2,0,2,2,0,0,3,1,0,0,0,1.0,False
2,0,2,2,0,0,4,0,0,0,0,1.0,False
2,0,3,0,0,1,0,0,0,0,4,0.8999999999999991,False
2,0,3,0,0,1,0,0,0,1,3,0.9199999999999993,False
2,0,3,0,0,1,0,0,0,2,2,0.9399999999999994,False
2,0,3,0,0,1,0,0,0,3,1,0.9599999999999996,False
2,0,3,0,0,1,0,0,0,4,0,0.054051643735452515,True
2,0,3,0,0,1,0,0,1,0,3,0.9199999999999993,False
2,0,3,0,0,1,0,0,1,1,2,0.9399999999999994,False
2,0,3,0,0,1,0,0,1,2,1,0.9599999999999996,False
2,0,3,0,0,1,0,0,1,3,0,0.06454079135253994,True
2,0,3,0,0,1,0,0,2,0,2,0.9399999999999994,False
2,0,3,0,0,1,0,0,2,1,1,0.9599999999999996,False
2,0,3,0,0,1,0,0,2,2,0,0.09213854310893253,True
2,0,3,0,0,1,0,0,3,0,1,0.9599999999999996,False
2,0,3,0,0,1,0,0,3,1,0,0.8675875972762404,False
2,0,3,0,0,1,0,0,4,0,0,0.9799999999999998,False
2,0,3,0,0,1,0,1,0,0,3,0.9199999999999993,False
2,0,3,0,0,1,0,1,0,1,2,0.9399999999999994,False
2,0,3,0,0,1,0,1,0,2,1,0.9599999999999996,False
2,0,3,0,0,1,0,1,0,3,0,0.05721614748033375,True
2,0,3,0,0,1,0,1,1,0,2,0.9399999999999994,False
2,0,3,0,0,1,0,1,1,1,1,0.9599999999999996,False
2,0,3,0,0,1,0,1,1,2,0,0.06932245870852598,True
2,0,3,0,0,1,0,1,2,0,1,0.9599999999999996,False
2,0,3,0,0,1,0,1,2,1,0,0.09984581648070308,True
2,0,3,0,0,1,0,1,3,0,0,0.9799999999999998,False
2,0,3,0,0,1,0,2,0,0,2,0.9399999999999994,False
2,0,3,0,0,1,0,2,0,1,1,0.9599999999999996,False
2,0,3,0,0,1,0,2,0,2,0,0.060270900369512305,True
2,0,3,0,0,1,0,2,1,0,1,0.9599999999999996,False
2,0,3,0,0,1,0,2,1,1,0,0.07281791431806164,True
2,0,3,0,0,1,0,2,2,0,0,0.9799999999999998,False
2,0,3,0,0,1,0,3,0,0,1,0.9599999999999996,False
2,0,3,0,0,1,0,3,0,1,0,0.06252373337474174,True
2,0,3,0,0,1,0,3,1,0,0,0.9799999999999998,False
2,0,3,0,0,1,0,4,0,0,0,0.9799999999999998,False
2,0,3,0,0,1,1,0,0,0,3,0.9199999999999993,False
2,0,3,0,0,1,1,0,0,1,2,0.9399999999999994,False
2,0,3,0,0,1,1,0,0,2,1,0.9599999999999996,False
2,0,3,0,0,1,1,0,0,3,0,0.06454079135253994,True
2,0,3,0,0,1,1,0,1,0,2,0.9399999999999994,False
2,0,3,0,0,1,1,0,1,1,1,0.9599999999999996,False
2,0,3,0,0,1,1,0,1,2,0,0.09213854310893253,True
2,0,3,0,0,1,1,0,2,0,1,0.9599999999999996,False
2,0,3,0,0,1,1,0,2,1,0,0.86417648610408,False
2,0,3,0,0,1,1,0,3,0,0,0.9799999999999998,False
2,0,3,0,0,1,1,1,0,0,2,0.9399999999999994,False
2,0,3,0,0,1,1,1,0,1,1,0.9599999999999996,False
2,0,3,0,0,1,1,1,0,2,0,0.06932245870852598,True
2,0,3,0,0,1,1,1,1,0,1,0.9599999999999996,False
2,0,3,0,0,1,1,1,1,1,0,0.0991791233689995,True
2,0,3,0,0,1,1,1,2,0,0,0.9799999999999998,False
2,0,3,0,0,1,1,2,0,0,1,0.9599999999999996,False
2,0,3,0,0,1,1,2,0,1,0,0.07247347454786707,True
2,0,3,0,0,1,1,2,1,0,0,0.9799999999999998,False
2,0,3,0,0,1,1,3,0,0,0,0.9799999999999998,False
2,0,3,0,0,1,2,0,0,0,2,0.9399999999999994,False
2,0,3,0,0,1,2,0,0,1,1,0.9599999999999996,False
2,0,3,0,0,1,2,0,0,2,0,0.09213854310893253,True
2,0,3,0,0,1,2,0,1,0,1,0.9599999999999996,False
2,0,3,0,0,1,2,0,1,1,0,0.8618059239880839,False
2,0,3,0,0,1,2,0,2,0,0,0.9799999999999998,False
2,0,3,0,0,1,2,1,0,0,1,0.9599999999999996,False
2,0,3,0,0,1,2,1,0,1,0,0.09849890032790233,True
2,0,3,0,0,1,2,1,1,0,0,0.9799999999999998,False
2,0,3,0,0,1,2,2,0,0,0,0.9799999999999998,False
2,0,3,0,0,1,3,0,0,0,1,0.9599999999999996,False
2,0,3,0,0,1,3,0,0,1,0,0.8601862761101238,False
2,0,3,0,0,1,3,0,1,0,0,0.9799999999999998,False
2,0,3,0,0,1,3,1,0,0,0,0.9799999999999998,False
2,0,3,0,0,1,4,0,0,0,0,0.9799999999999998,False
2,0,3,0,1,0,0,0,0,0,4,0.015779403046403396,True
2,0,3,0,1,0,0,0,0,1,3,0.0289354247035778,True
2,0,3,0,1,0,0,0,0,2,2,0.045044106968614016,True
2,0,3,0,1,0,0,0,0,3,1,0.06252250976302957,True
2,0,3,0,1,0,0,0,0,4,0,0.06609375,True
2,0,3,0,1,0,0,0,1,0,3,0.03612285414374039,True
2,0,3,0,1,0,0,0,1,1,2,0.04925099776460491,True
2,0,3,0,1,0,0,0,1,2,1,0.06531666530161254,True
2,0,3,0,1,0,0,0,1,3,0,0.06939751971667098,True
2,0,3,0,1,0,0,0,2,0,2,0.05646238227625173,True
2,0,3,0,1,0,0,0,2,1,1,0.06956293947299474,True
2,0,3,0,1,0,0,0,2,2,0,0.07420542466872661,True
2,0,3,0,1,0,0,0,3,0,1,0.07679800601748547,True
2,0,3,0,1,0,0,0,3,1,0,0.082001969424243,True
2,0,3,0,1,0,0,0,4,0,0,0.0971297437922845,True
2,0,3,0,1,0,0,1,0,0,3,0.028935531952038854,True
2,0,3,0,1,0,0,1,0,1,2,0.04504410701437511,True
2,0,3,0,1,0,0,1,0,2,1,0.06252250976320363,True
2,0,3,0,1,0,0,1,0,3,0,0.0675,True
2,0,3,0,1,0,0,1,1,0,2,0.04925110766064154,True
2,0,3,0,1,0,0,1,1,1,1,0.06531666534865538,True
2,0,3,0,1,0,0,1,1,2,0,0.07090005893809109,True
2,0,3,0,1,0,0,1,2,0,1,0.06956305199787882,True
2,0,3,0,1,0,0,1,2,1,0,0.07587029299360815,True
2,0,3,0,1,0,0,1,3,0,0,0.0839364368504204,True
2,0,3,0,1,0,0,2,0,0,2,0.045044517698808954,True
2,0,3,0,1,0,0,2,0,1,1,0.06252250979782525,True
2,0,3,0,1,0,0,2,0,2,0,0.06859375,True
2,0,3,0,1,0,0,2,1,0,1,0.06531708753604994,True
2,0,3,0,1,0,0,2,1,1,0,0.0720658091241079,True
2,0,3,0,1,0,0,2,2,0,0,0.07715414077486629,True
2,0,3,0,1,0,0,3,0,0,1,0.06252373337474174,True
2,0,3,0,1,0,0,3,0,1,0,0.069375,True
2,0,3,0,1,0,0,3,1,0,0,0.07289613730471707,True
2,0,3,0,1,0,0,4,0,0,0,0.06984375,True
2,0,3,0,1,0,1,0,0,0,3,0.03577940304640336,True
2,0,3,0,1,0,1,0,0,1,2,0.048935424703577764,True
2,0,3,0,1,0,1,0,0,2,1,0.06504410696861398,True
2,0,3,0,1,0,1,0,0,3,0,0.06939751971667098,True
2,0,3,0,1,0,1,0,1,0,2,0.05612285414374035,True
2,0,3,0,1,0,1,0,1,1,1,0.06925099776460487,True
2,0,3,0,1,0,1,0,1,2,0,0.07420542466872661,True
2,0,3,0,1,0,1,0,2,0,1,0.0764623822762517,True
2,0,3,0,1,0,1,0,2,1,0,0.082001969424243,True
2,0,3,0,1,0,1,0,3,0,0,0.09679800601748545,True
2,0,3,0,1,0,1,1,0,0,2,0.04893553195203882,True
2,0,3,0,1,0,1,1,0,1,1,0.06504410701437509,True
2,0,3,0,1,0,1,1,0,2,0,0.07090005893809109,True
2,0,3,0,1,0,1,1,1,0,1,0.0692511076606415,True
2,0,3,0,1,0,1,1,1,1,0,0.07587029299360815,True
2,0,3,0,1,0,1,1,2,0,0,0.08368131099099546,True
2,0,3,0,1,0,1,2,0,0,1,0.06504451769880892,True
2,0,3,0,1,0,1,2,0,1,0,0.0720658091241079,True
2,0,3,0,1,0,1,2,1,0,0,0.07693906743340787,True
2,0,3,0,1,0,1,3,0,0,0,0.07270371876406487,True
2,0,3,0,1,0,2,0,0,0,2,0.05577940304640333,True
2,0,3,0,1,0,2,0,0,1,1,0.06893542470357773,True
2,0,3,0,1,0,2,0,0,2,0,0.07420542466872661,True
2,0,3,0,1,0,2,0,1,0,1,0.07612285414374033,True
2,0,3,0,1,0,2,0,1,1,0,0.082001969424243,True
2,0,3,0,1,0,2,0,2,0,0,0.09646238227625167,True
2,0,3,0,1,0,2,1,0,0,1,0.06893553195203879,True
2,0,3,0,1,0,2,1,0,1,0,0.07587029299360815,True
2,0,3,0,1,0,2,1,1,0,0,0.0834234564400263,True
2,0,3,0,1,0,2,2,0,0,0,0.07672192886070908,True
2,0,3,0,1,0,3,0,0,0,1,0.0757794030464033,True
2,0,3,0,1,0,3,0,0,1,0,0.082001969424243,True
2,0,3,0,1,0,3,0,1,0,0,0.0961228541437403,True
2,0,3,0,1,0,3,1,0,0,0,0.08316295079267534,True
2,0,3,0,1,0,4,0,0,0,0,0.09577940304640327,True
2,0,3,1,0,0,0,0,0,0,4,0.9199999999999993,False
2,0,3,1,0,0,0,0,0,1,3,0.9399999999999994,False
2,0,3,1,0,0,0,0,0,2,2,0.9599999999999996,False
2,0,3,1,0,0,0,0,0,3,1,0.9799999999999998,False
2,0,3,1,0,0,0,0,0,4,0,0.06939751971667098,True
2,0,3,1,0,0,0,0,1,0,3,0.9399999999999994,False
2,0,3,1,0,0,0,0,1,1,2,0.9599999999999996,False
2,0,3,1,0,0,0,0,1,2,1,0.9799999999999998,False
2,0,3,1,0,0,0,0,1,3,0,0.07420542466872661,True
2,0,3,1,0,0,0,0,2,0,2,0.9599999999999996,False
2,0,3,1,0,0,0,0,2,1,1,0.9799999999999998,False
2,0,3,1,0,0,0,0,2,2,0,0.082001969424243,True
2,0,3,1,0,0,0,0,3,0,1,0.9799999999999998,False
2,0,3,1,0,0,0,0,3,1,0,0.0971297437922845,True
2,0,3,1,0,0,0,0,4,0,0,1.0,False
2,0,3,1,0,0,0,1,0,0,3,0.9399999999999994,False
2,0,3,1,0,0,0,1,0,1,2,0.9599999999999996,False
2,0,3,1,0,0,0,1,0,2,1,0.9799999999999998,False
2,0,3,1,0,0,0,1,0,3,0,0.07090005893809109,True
2,0,3,1,0,0,0,1,1,0,2,0.9599999999999996,False
2,0,3,1,0,0,0,1,1,1,1,0.9799999999999998,False
2,0,3,1,0,0,0,1,1,2,0,0.07587029299360815,True
2,0,3,1,0,0,0,1,2,0,1,0.9799999999999998,False
2,0,3,1,0,0,0,1,2,1,0,0.0839364368504204,True
2,0,3,1,0,0,0,1,3,0,0,1.0,False
2,0,3,1,0,0,0,2,0,0,2,0.9599999999999996,False
2,0,3,1,0,0,0,2,0,1,1,0.9799999999999998,False
2,0,3,1,0,0,0,2,0,2,0,0.0720658091241079,True
2,0,3,1,0,0,0,2,1,0,1,0.9799999999999998,False
2,0,3,1,0,0,0,2,1,1,0,0.07715414077486629,True
2,0,3,1,0,0,0,2,2,0,0,1.0,False
2,0,3,1,0,0,0,3,0,0,1,0.9799999999999998,False
2,0,3,1,0,0,0,3,0,1,0,0.07289613730471707,True
2,0,3,1,0,0,0,3,1,0,0,1.0,False
2,0,3,1,0,0,0,4,0,0,0,1.0,False
2,0,3,1,0,0,1,0,0,0,3,0.9399999999999994,False
2,0,3,1,0,0,1,0,0,1,2,0.9599999999999996,False
2,0,3,1,0,0,1,0,0,2,1,0.9799999999999998,False
2,0,3,1,0,0,1,0,0,3,0,0.07420542466872661,True
2,0,3,1,0,0,1,0,1,0,2,0.9599999999999996,False
2,0,3,1,0,0,1,0,1,1,1,0.9799999999999998,False
2,0,3,1,0,0,1,0,1,2,0,0.082001969424243,True
2,0,3,1,0,0,1,0,2,0,1,0.9799999999999998,False
2,0,3,1,0,0,1,0,2,1,0,0.09679800601748545,True
2,0,3,1,0,0,1,0,3,0,0,1.0,False
2,0,3,1,0,0,1,1,0,0,2,0.9599999999999996,False
2,0,3,1,0,0,1,1,0,1,1,0.9799999999999998,False
2,0,3,1,0,0,1,1,0,2,0,0.07587029299360815,True
2,0,3,1,0,0,1,1,1,0,1,0.9799999999999998,False
2,0,3,1,0,0,1,1,1,1,0,0.08368131099099546,True
2,0,3,1,0,0,1,1,2,0,0,1.0,False
2,0,3,1,0,0,1,2,0,0,1,0.9799999999999998,False
2,0,3,1,0,0,1,2,0,1,0,0.07693906743340787,True
2,0,3,1,0,0,1,2,1,0,0,1.0,False
2,0,3,1,0,0,1,3,0,0,0,1.0,False
2,0,3,1,0,0,2,0,0,0,2,0.9599999999999996,False
2,0,3,1,0,0,2,0,0,1,1,0.9799999999999998,False
2,0,3,1,0,0,2,0,0,2,0,0.082001969424243,True
2,0,3,1,0,0,2,0,1,0,1,0.9799999999999998,False
2,0,3,1,0,0,2,0,1,1,0,0.09646238227625167,True
2,0,3,1,0,0,2,0,2,0,0,1.0,False
2,0,3,1,0,0,2,1,0,0,1,0.9799999999999998,False
2,0,3,1,0,0,2,1,0,1,0,0.0834234564400263,True
2,0,3,1,0,0,2,1,1,0,0,1.0,False
2,0,3,1,0,0,2,2,0,0,0,1.0,False
2,0,3,1,0,0,3,0,0,0,1,0.9799999999999998,False
2,0,3,1,0,0,3,0,0,1,0,0.0961228541437403,True
2,0,3,1,0,0,3,0,1,0,0,1.0,False
2,0,3,1,0,0,3,1,0,0,0,1.0,False
2,0,3,1,0,0,4,0,0,0,0,1.0,False
2,0,4,0,0,0,0,0,0,0,4,0.9199999999999993,False
2,0,4,0,0,0,0,0,0,1,3,0.9399999999999994,False
2,0,4,0,0,0,0,0,0,2,2,0.9599999999999996,False
2,0,4,0,0,0,0,0,0,3,1,0.9799999999999998,False
2,0,4,0,0,0,0,0,0,4,0,0.0675,True
2,0,4,0,0,0,0,0,1,0,3,0.9399999999999994,False
2,0,4,0,0,0,0,0,1,1,2,0.9599999999999996,False
2,0,4,0,0,0,0,0,1,2,1,0.9799999999999998,False
2,0,4,0,0,0,0,0,1,3,0,0.07090005893809109,True
2,0,4,0,0,0,0,0,2,0,2,0.9599999999999996,False
2,0,4,0,0,0,0,0,2,1,1,0.9799999999999998,False
2,0,4,0,0,0,0,0,2,2,0,0.07587029299360815,True
2,0,4,0,0,0,0,0,3,0,1,0.9799999999999998,False
2,0,4,0,0,0,0,0,3,1,0,0.0839364368504204,True
2,0,4,0,0,0,0,0,4,0,0,1.0,False
2,0,4,0,0,0,0,1,0,0,3,0.9399999999999994,False
2,0,4,0,0,0,0,1,0,1,2,0.9599999999999996,False
2,0,4,0,0,0,0,1,0,2,1,0.9799999999999998,False
2,0,4,0,0,0,0,1,0,3,0,0.06859375,True
2,0,4,0,0,0,0,1,1,0,2,0.9599999999999996,False
2,0,4,0,0,0,0,1,1,1,1,0.9799999999999998,False
2,0,4,0,0,0,0,1,1,2,0,0.0720658091241079,True
2,0,4,0,0,0,0,1,2,0,1,0.9799999999999998,False
2,0,4,0,0,0,0,1,2,1,0,0.07715414077486629,True
2,0,4,0,0,0,0,1,3,0,0,1.0,False
2,0,4,0,0,0,0,2,0,0,2,0.9599999999999996,False
2,0,4,0,0,0,0,2,0,1,1,0.9799999999999998,False
2,0,4,0,0,0,0,2,0,2,0,0.069375,True
2,0,4,0,0,0,0,2,1,0,1,0.9799999999999998,False
2,0,4,0,0,0,0,2,1,1,0,0.07289613730471707,True
2,0,4,0,0,0,0,2,2,0,0,1.0,False
2,0,4,0,0,0,0,3,0,0,1,0.9799999999999998,False
2,0,4,0,0,0,0,3,0,1,0,0.06984375,True
2,0,4,0,0,0,0,3,1,0,0,1.0,False
2,0,4,0,0,0,0,4,0,0,0,1.0,False
2,0,4,0,0,0,1,0,0,0,3,0.9399999999999994,False
2,0,4,0,0,0,1,0,0,1,2,0.9599999999999996,False
2,0,4,0,0,0,1,0,0,2,1,0.9799999999999998,False
2,0,4,0,0,0,1,0,0,3,0,0.07090005893809109,True
2,0,4,0,0,0,1,0,1,0,2,0.9599999999999996,False
2,0,4,0,0,0,1,0,1,1,1,0.9799999999999998,False
2,0,4,0,0,0,1,0,1,2,0,0.07587029299360815,True
2,0,4,0,0,0,1,0,2,0,1,0.9799999999999998,False
2,0,4,0,0,0,1,0,2,1,0,0.08368131099099546,True
2,0,4,0,0,0,1,0,3,0,0,1.0,False
2,0,4,0,0,0,1,1,0,0,2,0.9599999999999996,False
2,0,4,0,0,0,1,1,0,1,1,0.9799999999999998,False
2,0,4,0,0,0,1,1,0,2,0,0.0720658091241079,True
2,0,4,0,0,0,1,1,1,0,1,0.9799999999999998,False
2,0,4,0,0,0,1,1,1,1,0,0.07693906743340787,True
2,0,4,0,0,0,1,1,2,0,0,1.0,False
2,0,4,0,0,0,1,2,0,0,1,0.9799999999999998,False
2,0,4,0,0,0,1,2,0,1,0,0.07270371876406487,True
2,0,4,0,0,0,1,2,1,0,0,1.0,False
2,0,4,0,0,0,1,3,0,0,0,1.0,False
2,0,4,0,0,0,2,0,0,0,2,0.9599999999999996,False
2,0,4,0,0,0,2,0,0,1,1,0.9799999999999998,False
2,0,4,0,0,0,2,0,0,2,0,0.07587029299360815,True
2,0,4,0,0,0,2,0,1,0,1,0.9799999999999998,False
2,0,4,0,0,0,2,0,1,1,0,0.0834234564400263,True
2,0,4,0,0,0,2,0,2,0,0,1.0,False
2,0,4,0,0,0,2,1,0,0,1,0.9799999999999998,False
2,0,4,0,0,0,2,1,0,1,0,0.07672192886070908,True
2,0,4,0,0,0,2,1,1,0,0,1.0,False
2,0,4,0,0,0,2,2,0,0,0,1.0,False
2,0,4,0,0,0,3,0,0,0,1,0.9799999999999998,False
2,0,4,0,0,0,3,0,0,1,0,0.08316295079267534,True
2,0,4,0,0,0,3,0,1,0,0,1.0,False
2,0,4,0,0,0,3,1,0,0,0,1.0,False
2,0,4,0,0,0,4,0,0,0,0,1.0,False
2,1,0,0,0,3,0,0,0,0,4,0.8599999999999988,False
2,1,0,0,0,3,0,0,0,1,3,0.8799999999999989,False
2,1,0,0,0,3,0,0,0,2,2,0.8999999999999991,False
2,1,0,0,0,3,0,0,0,3,1,0.9199999999999993,False
2,1,0,0,0,3,0,0,0,4,0,0.02593565243445107,True
2,1,0,0,0,3,0,0,1,0,3,0.8799999999999989,False
2,1,0,0,0,3,0,0,1,1,2,0.8999999999999991,False
2,1,0,0,0,3,0,0,1,2,1,0.9199999999999993,False
2,1,0,0,0,3,0,0,1,3,0,0.0641978023809259,True
2,1,0,0,0,3,0,0,2,0,2,0.8999999999999991,False
2,1,0,0,0,3,0,0,2,1,1,0.9199999999999993,False
2,1,0,0,0,3,0,0,2,2,0,0.5940210857592642,False
2,1,0,0,0,3,0,0,3,0,1,0.9199999999999993,False
2,1,0,0,0,3,0,0,3,1,0,0.9323793807983397,False
2,1,0,0,0,3,0,0,4,0,0,0.9399999999999994,False
2,1,0,0,0,3,0,1,0,0,3,0.8799999999999989,False
2,1,0,0,0,3,0,1,0,1,2,0.8999999999999991,False
2,1,0,0,0,3,0,1,0,2,1,0.9199999999999993,False
2,1,0,0,0,3,0,1,0,3,0,0.03036818648847354,True
2,1,0,0,0,3,0,1,1,0,2,0.8999999999999991,False
2,1,0,0,0,3,0,1,1,1,1,0.9199999999999993,False
2,1,0,0,0,3,0,1,1,2,0,0.0711089108526064,True
2,1,0,0,0,3,0,1,2,0,1,0.9199999999999993,False
2,1,0,0,0,3,0,1,2,1,0,0.5996267554668832,False
2,1,0,0,0,3,0,1,3,0,0,0.9399999999999994,False
2,1,0,0,0,3,0,2,0,0,2,0.8999999999999991,False
2,1,0,0,0,3,0,2,0,1,1,0.9199999999999993,False
2,1,0,0,0,3,0,2,0,2,0,0.034085219215830506,True
2,1,0,0,0,3,0,2,1,0,1,0.9199999999999993,False
2,1,0,0,0,3,0,2,1,1,0,0.07458679200440312,True
2,1,0,0,0,3,0,2,2,0,0,0.9399999999999994,False
2,1,0,0,0,3,0,3,0,0,1,0.9199999999999993,False
2,1,0,0,0,3,0,3,0,1,0,0.03577940304640336,True
2,1,0,0,0,3,0,3,1,0,0,0.9399999999999994,False
2,1,0,0,0,3,0,4,0,0,0,0.9399999999999994,False
2,1,0,0,0,3,1,0,0,0,3,0.8799999999999989,False
2,1,0,0,0,3,1,0,0,1,2,0.8999999999999991,False
2,1,0,0,0,3,1,0,0,2,1,0.9199999999999993,False
2,1,0,0,0,3,1,0,0,3,0,0.0641978023809259,True
2,1,0,0,0,3,1,0,1,0,2,0.8999999999999991,False
2,1,0,0,0,3,1,0,1,1,1,0.9199999999999993,False
2,1,0,0,0,3,1,0,1,2,0,0.5940210857592642,False
2,1,0,0,0,3,1,0,2,0,1,0.9199999999999993,False
2,1,0,0,0,3,1,0,2,1,0,0.9319257751464844,False
2,1,0,0,0,3,1,0,3,0,0,0.9399999999999994,False
2,1,0,0,0,3,1,1,0,0,2,0.8999999999999991,False
2,1,0,0,0,3,1,1,0,1,1,0.9199999999999993,False
2,1,0,0,0,3,1,1,0,2,0,0.0711089108526064,True
2,1,0,0,0,3,1,1,1,0,1,0.9199999999999993,False
2,1,0,0,0,3,1,1,1,1,0,0.5989667531692705,False
2,1,0,0,0,3,1,1,2,0,0,0.9399999999999994,False
2,1,0,0,0,3,1,2,0,0,1,0.9199999999999993,False
2,1,0,0,0,3,1,2,0,1,0,0.07404153287771337,True
2,1,0,0,0,3,1,2,1,0,0,0.9399999999999994,False
2,1,0,0,0,3,1,3,0,0,0,0.9399999999999994,False
2,1,0,0,0,3,2,0,0,0,2,0.8999999999999991,False
2,1,0,0,0,3,2,0,0,1,1,0.9199999999999993,False
2,1,0,0,0,3,2,0,0,2,0,0.5940210857592642,False
2,1,0,0,0,3,2,0,1,0,1,0.9199999999999993,False
2,1,0,0,0,3,2,0,1,1,0,0.9313930648803714,False
2,1,0,0,0,3,2,0,2,0,0,0.9399999999999994,False
2,1,0,0,0,3,2,1,0,0,1,0.9199999999999993,False
2,1,0,0,0,3,2,1,0,1,0,0.5982907965727763,False
2,1,0,0,0,3,2,1,1,0,0,0.9399999999999994,False
2,1,0,0,0,3,2,2,0,0,0,0.9399999999999994,False
2,1,0,0,0,3,3,0,0,0,1,0.9199999999999993,False
2,1,0,0,0,3,3,0,0,1,0,0.9307812500000001,False
2,1,0,0,0,3,3,0,1,0,0,0.9399999999999994,False
2,1,0,0,0,3,3,1,0,0,0,0.9399999999999994,False
2,1,0,0,0,3,4,0,0,0,0,0.9399999999999994,False
2,1,0,0,1,2,0,0,0,0,4,0.8799999999999989,False
2,1,0,0,1,2,0,0,0,1,3,0.8999999999999991,False
2,1,0,0,1,2,0,0,0,2,2,0.9199999999999993,False
2,1,0,0,1,2,0,0,0,3,1,0.9399999999999994,False
2,1,0,0,1,2,0,0,0,4,0,0.03965168409283001,True
2,1,0,0,1,2,0,0,1,0,3,0.8999999999999991,False
2,1,0,0,1,2,0,0,1,1,2,0.9199999999999993,False
2,1,0,0,1,2,0,0,1,2,1,0.9399999999999994,False
2,1,0,0,1,2,0,0,1,3,0,0.05947665573328902,True
2,1,0,0,1,2,0,0,2,0,2,0.9199999999999993,False
2,1,0,0,1,2,0,0,2,1,1,0.9399999999999994,False
2,1,0,0,1,2,0,0,2,2,0,0.1519616661448114,True
2,1,0,0,1,2,0,0,3,0,1,0.9399999999999994,False
2,1,0,0,1,2,0,0,3,1,0,0.9489580796627396,False
2,1,0,0,1,2,0,0,4,0,0,0.9599999999999996,False
2,1,0,0,1,2,0,1,0,0,3,0.8999999999999991,False
2,1,0,0,1,2,0,1,0,1,2,0.9199999999999993,False
2,1,0,0,1,2,0,1,0,2,1,0.9399999999999994,False
2,1,0,0,1,2,0,1,0,3,0,0.0436339301930094,True
2,1,0,0,1,2,0,1,1,0,2,0.9199999999999993,False
2,1,0,0,1,2,0,1,1,1,1,0.9399999999999994,False
2,1,0,0,1,2,0,1,1,2,0,0.06544684973733234,True
2,1,0,0,1,2,0,1,2,0,1,0.9399999999999994,False
2,1,0,0,1,2,0,1,2,1,0,0.16204317063034962,True
2,1,0,0,1,2,0,1,3,0,0,0.9599999999999996,False
2,1,0,0,1,2,0,2,0,0,2,0.9199999999999993,False
2,1,0,0,1,2,0,2,0,1,1,0.9399999999999994,False
2,1,0,0,1,2,0,2,0,2,0,0.04700849865022121,True
2,1,0,0,1,2,0,2,1,0,1,0.9399999999999994,False
2,1,0,0,1,2,0,2,1,1,0,0.06894719938504068,True
2,1,0,0,1,2,0,2,2,0,0,0.9599999999999996,False
2,1,0,0,1,2,0,3,0,0,1,0.9399999999999994,False
2,1,0,0,1,2,0,3,0,1,0,0.048935424703577764,True
2,1,0,0,1,2,0,3,1,0,0,0.9599999999999996,False
2,1,0,0,1,2,0,4,0,0,0,0.9599999999999996,False
2,1,0,0,1,2,1,0,0,0,3,0.8999999999999991,False
2,1,0,0,1,2,1,0,0,1,2,0.9199999999999993,False
2,1,0,0,1,2,1,0,0,2,1,0.9399999999999994,False
2,1,0,0,1,2,1,0,0,3,0,0.05947665573328902,True
2,1,0,0,1,2,1,0,1,0,2,0.9199999999999993,False
2,1,0,0,1,2,1,0,1,1,1,0.9399999999999994,False
2,1,0,0,1,2,1,0,1,2,0,0.1519616661448114,True
2,1,0,0,1,2,1,0,2,0,1,0.9399999999999994,False
2,1,0,0,1,2,1,0,2,1,0,0.9482850111068383,False
2,1,0,0,1,2,1,0,3,0,0,0.9599999999999996,False
2,1,0,0,1,2,1,1,0,0,2,0.9199999999999993,False
2,1,0,0,1,2,1,1,0,1,1,0.9399999999999994,False
2,1,0,0,1,2,1,1,0,2,0,0.06544684973733234,True
2,1,0,0,1,2,1,1,1,0,1,0.9399999999999994,False
2,1,0,0,1,2,1,1,1,1,0,0.16093850060599707,True
2,1,0,0,1,2,1,1,2,0,0,0.9599999999999996,False
2,1,0,0,1,2,1,2,0,0,1,0.9399999999999994,False
2,1,0,0,1,2,1,2,0,1,0,0.06847124997537705,True
2,1,0,0,1,2,1,2,1,0,0,0.9599999999999996,False
2,1,0,0,1,2,1,3,0,0,0,0.9599999999999996,False
2,1,0,0,1,2,2,0,0,0,2,0.9199999999999993,False
2,1,0,0,1,2,2,0,0,1,1,0.9399999999999994,False
2,1,0,0,1,2,2,0,0,2,0,0.1519616661448114,True
2,1,0,0,1,2,2,0,1,0,1,0.9399999999999994,False
2,1,0,0,1,2,2,0,1,1,0,0.9480975349622451,False
2,1,0,0,1,2,2,0,2,0,0,0.9599999999999996,False
2,1,0,0,1,2,2,1,0,0,1,0.9399999999999994,False
2,1,0,0,1,2,2,1,0,1,0,0.15980616078150384,True
2,1,0,0,1,2,2,1,1,0,0,0.9599999999999996,False
2,1,0,0,1,2,2,2,0,0,0,0.9599999999999996,False
2,1,0,0,1,2,3,0,0,0,1,0.9399999999999994,False
2,1,0,0,1,2,3,0,0,1,0,0.946859022262575,False
2,1,0,0,1,2,3,0,1,0,0,0.9599999999999996,False
2,1,0,0,1,2,3,1,0,0,0,0.9599999999999996,False
2,1,0,0,1,2,4,0,0,0,0,0.9599999999999996,False
2,1,0,0,2,1,0,0,0,0,4,0.8999999999999991,False
2,1,0,0,2,1,0,0,0,1,3,0.9199999999999993,False
2,1,0,0,2,1,0,0,0,2,2,0.9399999999999994,False
2,1,0,0,2,1,0,0,0,3,1,0.9599999999999996,False
2,1,0,0,2,1,0,0,0,4,0,0.056157417385526806,True
2,1,0,0,2,1,0,0,1,0,3,0.9199999999999993,False
2,1,0,0,2,1,0,0,1,1,2,0.9399999999999994,False
2,1,0,0,2,1,0,0,1,2,1,0.9599999999999996,False
2,1,0,0,2,1,0,0,1,3,0,0.06996695367544749,True
2,1,0,0,2,1,0,0,2,0,2,0.9399999999999994,False
2,1,0,0,2,1,0,0,2,1,1,0.9599999999999996,False
2,1,0,0,2,1,0,0,2,2,0,0.11329416593524734,True
2,1,0,0,2,1,0,0,3,0,1,0.9599999999999996,False
2,1,0,0,2,1,0,0,3,1,0,0.9658448924779007,False
2,1,0,0,2,1,0,0,4,0,0,0.9799999999999998,False
2,1,0,0,2,1,0,1,0,0,3,0.9199999999999993,False
2,1,0,0,2,1,0,1,0,1,2,0.9399999999999994,False
2,1,0,0,2,1,0,1,0,2,1,0.9599999999999996,False
2,1,0,0,2,1,0,1,0,3,0,0.05985648215098953,True
2,1,0,0,2,1,0,1,1,0,2,0.9399999999999994,False
2,1,0,0,2,1,0,1,1,1,1,0.9599999999999996,False
2,1,0,0,2,1,0,1,1,2,0,0.0752158598478774,True
2,1,0,0,2,1,0,1,2,0,1,0.9599999999999996,False
2,1,0,0,2,1,0,1,2,1,0,0.12189165243087928,True
2,1,0,0,2,1,0,1,3,0,0,0.9799999999999998,False
2,1,0,0,2,1,0,2,0,0,2,0.9399999999999994,False
2,1,0,0,2,1,0,2,0,1,1,0.9599999999999996,False
2,1,0,0,2,1,0,2,0,2,0,0.06302467762959565,True
2,1,0,0,2,1,0,2,1,0,1,0.9599999999999996,False
2,1,0,0,2,1,0,2,1,1,0,0.0787971179821597,True
2,1,0,0,2,1,0,2,2,0,0,0.9799999999999998,False
2,1,0,0,2,1,0,3,0,0,1,0.9599999999999996,False
2,1,0,0,2,1,0,3,0,1,0,0.06504410696861398,True
2,1,0,0,2,1,0,3,1,0,0,0.9799999999999998,False
2,1,0,0,2,1,0,4,0,0,0,0.9799999999999998,False
2,1,0,0,2,1,1,0,0,0,3,0.9199999999999993,False
2,1,0,0,2,1,1,0,0,1,2,0.9399999999999994,False
2,1,0,0,2,1,1,0,0,2,1,0.9599999999999996,False
2,1,0,0,2,1,1,0,0,3,0,0.06996695367544749,True
2,1,0,0,2,1,1,0,1,0,2,0.9399999999999994,False
2,1,0,0,2,1,1,0,1,1,1,0.9599999999999996,False
2,1,0,0,2,1,1,0,1,2,0,0.11329416593524734,True
2,1,0,0,2,1,1,0,2,0,1,0.9599999999999996,False
2,1,0,0,2,1,1,0,2,1,0,0.9629571722273702,False
2,1,0,0,2,1,1,0,3,0,0,0.9799999999999998,False
2,1,0,0,2,1,1,1,0,0,2,0.9399999999999994,False
2,1,0,0,2,1,1,1,0,1,1,0.9599999999999996,False
2,1,0,0,2,1,1,1,0,2,0,0.0752158598478774,True
2,1,0,0,2,1,1,1,1,0,1,0.9599999999999996,False
2,1,0,0,2,1,1,1,1,1,0,0.12107293033272798,True
2,1,0,0,2,1,1,1,2,0,0,0.9799999999999998,False
2,1,0,0,2,1,1,2,0,0,1,0.9599999999999996,False
2,1,0,0,2,1,1,2,0,1,0,0.0783919224206058,True
2,1,0,0,2,1,1,2,1,0,0,0.9799999999999998,False
2,1,0,0,2,1,1,3,0,0,0,0.9799999999999998,False
2,1,0,0,2,1,2,0,0,0,2,0.9399999999999994,False
2,1,0,0,2,1,2,0,0,1,1,0.9599999999999996,False
2,1,0,0,2,1,2,0,0,2,0,0.11329416593524734,True
2,1,0,0,2,1,2,0,1,0,1,0.9599999999999996,False
2,1,0,0,2,1,2,0,1,1,0,0.9614526579650509,False
2,1,0,0,2,1,2,0,2,0,0,0.9799999999999998,False
2,1,0,0,2,1,2,1,0,0,1,0.9599999999999996,False
2,1,0,0,2,1,2,1,0,1,0,0.1202362081150786,True
2,1,0,0,2,1,2,1,1,0,0,0.9799999999999998,False
2,1,0,0,2,1,2,2,0,0,0,0.9799999999999998,False
2,1,0,0,2,1,3,0,0,0,1,0.9599999999999996,False
2,1,0,0,2,1,3,0,0,1,0,0.9604788402540894,False
2,1,0,0,2,1,3,0,1,0,0,0.9799999999999998,False
2,1,0,0,2,1,3,1,0,0,0,0.9799999999999998,False
2,1,0,0,2,1,4,0,0,0,0,0.9799999999999998,False
2,1,0,0,3,0,0,0,0,0,4,0.044197802380925945,True
2,1,0,0,3,0,0,0,0,1,3,0.039476655733289054,True
2,1,0,0,3,0,0,0,0,2,2,0.04996695367544751,True
2,1,0,0,3,0,0,0,0,3,1,0.06454079135186055,True
2,1,0,0,3,0,0,0,0,4,0,0.06285953409608667,True
2,1,0,0,3,0,0,0,1,0,3,0.0641978023809259,True
2,1,0,0,3,0,0,0,1,1,2,0.05947665573328902,True
2,1,0,0,3,0,0,0,1,2,1,0.06996695367544749,True
2,1,0,0,3,0,0,0,1,3,0,0.06687782921992085,True
2,1,0,0,3,0,0,0,2,0,2,0.08419780238092588,True
2,1,0,0,3,0,0,0,2,1,1,0.07947665573328899,True
2,1,0,0,3,0,0,0,2,2,0,0.07331906337393412,True
2,1,0,0,3,0,0,0,3,0,1,0.10419780238092585,True
2,1,0,0,3,0,0,0,3,1,0,0.08593565243445098,True
2,1,0,0,3,0,0,0,4,0,0,0.12419780238092583,True
2,1,0,0,3,0,0,1,0,0,3,0.03947665573549276,True
2,1,0,0,3,0,0,1,0,1,2,0.04996695367571052,True
2,1,0,0,3,0,0,1,0,2,1,0.06454079135192016,True
2,1,0,0,3,0,0,1,0,3,0,0.06537826161156801,True
2,1,0,0,3,0,0,1,1,0,2,0.059476655735492726,True
2,1,0,0,3,0,0,1,1,1,1,0.06996695367571049,True
2,1,0,0,3,0,0,1,1,2,0,0.06971388024109355,True
2,1,0,0,3,0,0,1,2,0,1,0.0794766557354927,True
2,1,0,0,3,0,0,1,2,1,0,0.07670738794865314,True
2,1,0,0,3,0,0,1,3,0,0,0.09036818648847345,True
2,1,0,0,3,0,0,2,0,0,2,0.04996695367670908,True
2,1,0,0,3,0,0,2,0,1,1,0.06454079135204926,True
2,1,0,0,3,0,0,2,0,2,0,0.0675572485394852,True
2,1,0,0,3,0,0,2,1,0,1,0.06996695367670903,True
2,1,0,0,3,0,0,2,1,1,0,0.07215481172439062,True
2,1,0,0,3,0,0,2,2,0,0,0.07959684156473495,True
2,1,0,0,3,0,0,3,0,0,1,0.06454079135253994,True
2,1,0,0,3,0,0,3,0,1,0,0.06939751971667098,True
2,1,0,0,3,0,0,3,1,0,0,0.07420542466872661,True
2,1,0,0,3,0,0,4,0,0,0,0.07090005893809109,True
2,1,0,0,3,0,1,0,0,0,3,0.0641978023809259,True
2,1,0,0,3,0,1,0,0,1,2,0.05947665573328902,True
2,1,0,0,3,0,1,0,0,2,1,0.06996695367544749,True
2,1,0,0,3,0,1,0,0,3,0,0.06687782921992085,True
2,1,0,0,3,0,1,0,1,0,2,0.08419780238092588,True
2,1,0,0,3,0,1,0,1,1,1,0.07947665573328899,True
2,1,0,0,3,0,1,0,1,2,0,0.07331906337393412,True
2,1,0,0,3,0,1,0,2,0,1,0.10419780238092585,True
2,1,0,0,3,0,1,0,2,1,0,0.08593565243445098,True
2,1,0,0,3,0,1,0,3,0,0,0.12419780238092583,True
2,1,0,0,3,0,1,1,0,0,2,0.059476655735492726,True
2,1,0,0,3,0,1,1,0,1,1,0.06996695367571049,True
2,1,0,0,3,0,1,1,0,2,0,0.06971388024109355,True
2,1,0,0,3,0,1,1,1,0,1,0.0794766557354927,True
2,1,0,0,3,0,1,1,1,1,0,0.07670738794865314,True
2,1,0,0,3,0,1,1,2,0,0,0.09036818648847345,True
2,1,0,0,3,0,1,2,0,0,1,0.06996695367670903,True
2,1,0,0,3,0,1,2,0,1,0,0.07215481172439062,True
2,1,0,0,3,0,1,2,1,0,0,0.07959684156473495,True
2,1,0,0,3,0,1,3,0,0,0,0.07420542466872661,True
2,1,0,0,3,0,2,0,0,0,2,0.08419780238092588,True
2,1,0,0,3,0,2,0,0,1,1,0.07947665573328899,True
2,1,0,0,3,0,2,0,0,2,0,0.07331906337393412,True
2,1,0,0,3,0,2,0,1,0,1,0.10419780238092585,True
2,1,0,0,3,0,2,0,1,1,0,0.08593565243445098,True
2,1,0,0,3,0,2,0,2,0,0,0.12419780238092583,True
2,1,0,0,3,0,2,1,0,0,1,0.0794766557354927,True
2,1,0,0,3,0,2,1,0,1,0,0.07670738794865314,True
2,1,0,0,3,0,2,1,1,0,0,0.09036818648847345,True
2,1,0,0,3,0,2,2,0,0,0,0.07959684156473495,True
2,1,0,0,3,0,3,0,0,0,1,0.10419780238092585,True
2,1,0,0,3,0,3,0,0,1,0,0.08593565243445098,True
2,1,0,0,3,0,3,0,1,0,0,0.12419780238092583,True
2,1,0,0,3,0,3,1,0,0,0,0.09036818648847345,True
2,1,0,0,3,0,4,0,0,0,0,0.12419780238092583,True
2,1,0,1,0,2,0,0,0,0,4,0.8799999999999989,False
2,1,0,1,0,2,0,0,0,1,3,0.8999999999999991,False
2,1,0,1,0,2,0,0,0,2,2,0.9199999999999993,False
2,1,0,1,0,2,0,0,0,3,1,0.9399999999999994,False
2,1,0,1,0,2,0,0,0,4,0,0.04593565243445104,True
2,1,0,1,0,2,0,0,1,0,3,0.8999999999999991,False
2,1,0,1,0,2,0,0,1,1,2,0.9199999999999993,False
2,1,0,1,0,2,0,0,1,2,1,0.9399999999999994,False
2,1,0,1,0,2,0,0,1,3,0,0.08419780238092588,True
2,1,0,1,0,2,0,0,2,0,2,0.9199999999999993,False
2,1,0,1,0,2,0,0,2,1,1,0.9399999999999994,False
2,1,0,1,0,2,0,0,2,2,0,0.6140210857592641,False
2,1,0,1,0,2,0,0,3,0,1,0.9399999999999994,False
2,1,0,1,0,2,0,0,3,1,0,0.9527538818359377,False
2,1,0,1,0,2,0,0,4,0,0,0.9599999999999996,False
2,1,0,1,0,2,0,1,0,0,3,0.8999999999999991,False
2,1,0,1,0,2,0,1,0,1,2,0.9199999999999993,False
2,1,0,1,0,2,0,1,0,2,1,0.9399999999999994,False
2,1,0,1,0,2,0,1,0,3,0,0.050368186488473514,True
2,1,0,1,0,2,0,1,1,0,2,0.9199999999999993,False
2,1,0,1,0,2,0,1,1,1,1,0.9399999999999994,False
2,1,0,1,0,2,0,1,1,2,0,0.09110891085260636,True
2,1,0,1,0,2,0,1,2,0,1,0.9399999999999994,False
2,1,0,1,0,2,0,1,2,1,0,0.6202711713321896,False
2,1,0,1,0,2,0,1,3,0,0,0.9599999999999996,False
2,1,0,1,0,2,0,2,0,0,2,0.9199999999999993,False
2,1,0,1,0,2,0,2,0,1,1,0.9399999999999994,False
2,1,0,1,0,2,0,2,0,2,0,0.054085219215830475,True
2,1,0,1,0,2,0,2,1,0,1,0.9399999999999994,False
2,1,0,1,0,2,0,2,1,1,0,0.09512421834481061,True
2,1,0,1,0,2,0,2,2,0,0,0.9599999999999996,False
2,1,0,1,0,2,0,3,0,0,1,0.9399999999999994,False
2,1,0,1,0,2,0,3,0,1,0,0.05612285414374035,True
2,1,0,1,0,2,0,3,1,0,0,0.9599999999999996,False
2,1,0,1,0,2,0,4,0,0,0,0.9599999999999996,False
2,1,0,1,0,2,1,0,0,0,3,0.8999999999999991,False
2,1,0,1,0,2,1,0,0,1,2,0.9199999999999993,False
2,1,0,1,0,2,1,0,0,2,1,0.9399999999999994,False
2,1,0,1,0,2,1,0,0,3,0,0.08419780238092588,True
2,1,0,1,0,2,1,0,1,0,2,0.9199999999999993,False
2,1,0,1,0,2,1,0,1,1,1,0.9399999999999994,False
2,1,0,1,0,2,1,0,1,2,0,0.6140210857592641,False
2,1,0,1,0,2,1,0,2,0,1,0.9399999999999994,False
2,1,0,1,0,2,1,0,2,1,0,0.9523793807983397,False
2,1,0,1,0,2,1,0,3,0,0,0.9599999999999996,False
2,1,0,1,0,2,1,1,0,0,2,0.9199999999999993,False
2,1,0,1,0,2,1,1,0,1,1,0.9399999999999994,False
2,1,0,1,0,2,1,1,0,2,0,0.09110891085260636,True
2,1,0,1,0,2,1,1,1,0,1,0.9399999999999994,False
2,1,0,1,0,2,1,1,1,1,0,0.6196267554668832,False
2,1,0,1,0,2,1,1,2,0,0,0.9599999999999996,False
2,1,0,1,0,2,1,2,0,0,1,0.9399999999999994,False
2,1,0,1,0,2,1,2,0,1,0,0.09458679200440309,True
2,1,0,1,0,2,1,2,1,0,0,0.9599999999999996,False
2,1,0,1,0,2,1,3,0,0,0,0.9599999999999996,False
2,1,0,1,0,2,2,0,0,0,2,0.9199999999999993,False
2,1,0,1,0,2,2,0,0,1,1,0.9399999999999994,False
2,1,0,1,0,2,2,0,0,2,0,0.6140210857592641,False
2,1,0,1,0,2,2,0,1,0,1,0.9399999999999994,False
2,1,0,1,0,2,2,0,1,1,0,0.9519257751464842,False
2,1,0,1,0,2,2,0,2,0,0,0.9599999999999996,False
2,1,0,1,0,2,2,1,0,0,1,0.9399999999999994,False
2,1,0,1,0,2,2,1,0,1,0,0.6189667531692705,False
2,1,0,1,0,2,2,1,1,0,0,0.9599999999999996,False
2,1,0,1,0,2,2,2,0,0,0,0.9599999999999996,False
2,1,0,1,0,2,3,0,0,0,1,0.9399999999999994,False
2,1,0,1,0,2,3,0,0,1,0,0.9513930648803715,False
2,1,0,1,0,2,3,0,1,0,0,0.9599999999999996,False
2,1,0,1,0,2,3,1,0,0,0,0.9599999999999996,False
2,1,0,1,0,2,4,0,0,0,0,0.9599999999999996,False
2,1,0,1,1,1,0,0,0,0,4,0.8999999999999991,False
2,1,0,1,1,1,0,0,0,1,3,0.9199999999999993,False
2,1,0,1,1,1,0,0,0,2,2,0.9399999999999994,False
2,1,0,1,1,1,0,0,0,3,1,0.9599999999999996,False
2,1,0,1,1,1,0,0,0,4,0,0.05965168409282998,True
2,1,0,1,1,1,0,0,1,0,3,0.9199999999999993,False
2,1,0,1,1,1,0,0,1,1,2,0.9399999999999994,False
2,1,0,1,1,1,0,0,1,2,1,0.9599999999999996,False
2,1,0,1,1,1,0,0,1,3,0,0.07947665573328899,True
2,1,0,1,1,1,0,0,2,0,2,0.9399999999999994,False
2,1,0,1,1,1,0,0,2,1,1,0.9599999999999996,False
2,1,0,1,1,1,0,0,2,2,0,0.17196166614481137,True
2,1,0,1,1,1,0,0,3,0,1,0.9599999999999996,False
2,1,0,1,1,1,0,0,3,1,0,0.9695984957607834,False
2,1,0,1,1,1,0,0,4,0,0,0.9799999999999998,False
2,1,0,1,1,1,0,1,0,0,3,0.9199999999999993,False
2,1,0,1,1,1,0,1,0,1,2,0.9399999999999994,False
2,1,0,1,1,1,0,1,0,2,1,0.9599999999999996,False
2,1,0,1,1,1,0,1,0,3,0,0.06363393019300936,True
2,1,0,1,1,1,0,1,1,0,2,0.9399999999999994,False
2,1,0,1,1,1,0,1,1,1,1,0.9599999999999996,False
2,1,0,1,1,1,0,1,1,2,0,0.0854468497373323,True
2,1,0,1,1,1,0,1,2,0,1,0.9599999999999996,False
2,1,0,1,1,1,0,1,2,1,0,0.18312096852325863,True
2,1,0,1,1,1,0,1,3,0,0,0.9799999999999998,False
2,1,0,1,1,1,0,2,0,0,2,0.9399999999999994,False
2,1,0,1,1,1,0,2,0,1,1,0.9599999999999996,False
2,1,0,1,1,1,0,2,0,2,0,0.06700849865022118,True
2,1,0,1,1,1,0,2,1,0,1,0.9599999999999996,False
2,1,0,1,1,1,0,2,1,1,0,0.08942333757373579,True
2,1,0,1,1,1,0,2,2,0,0,0.9799999999999998,False
2,1,0,1,1,1,0,3,0,0,1,0.9599999999999996,False
2,1,0,1,1,1,0,3,0,1,0,0.06925099776460487,True
2,1,0,1,1,1,0,3,1,0,0,0.9799999999999998,False
2,1,0,1,1,1,0,4,0,0,0,0.9799999999999998,False
2,1,0,1,1,1,1,0,0,0,3,0.9199999999999993,False
2,1,0,1,1,1,1,0,0,1,2,0.9399999999999994,False
2,1,0,1,1,1,1,0,0,2,1,0.9599999999999996,False
2,1,0,1,1,1,1,0,0,3,0,0.07947665573328899,True
2,1,0,1,1,1,1,0,1,0,2,0.9399999999999994,False
2,1,0,1,1,1,1,0,1,1,1,0.9599999999999996,False
2,1,0,1,1,1,1,0,1,2,0,0.17196166614481137,True
2,1,0,1,1,1,1,0,2,0,1,0.9599999999999996,False
2,1,0,1,1,1,1,0,2,1,0,0.9689580796627396,False
2,1,0,1,1,1,1,0,3,0,0,0.9799999999999998,False
2,1,0,1,1,1,1,1,0,0,2,0.9399999999999994,False
2,1,0,1,1,1,1,1,0,1,1,0.9599999999999996,False
2,1,0,1,1,1,1,1,0,2,0,0.0854468497373323,True
2,1,0,1,1,1,1,1,1,0,1,0.9599999999999996,False
2,1,0,1,1,1,1,1,1,1,0,0.18204317063034958,True
2,1,0,1,1,1,1,1,2,0,0,0.9799999999999998,False
2,1,0,1,1,1,1,2,0,0,1,0.9599999999999996,False
2,1,0,1,1,1,1,2,0,1,0,0.08894719938504064,True
2,1,0,1,1,1,1,2,1,0,0,0.9799999999999998,False
2,1,0,1,1,1,1,3,0,0,0,0.9799999999999998,False
2,1,0,1,1,1,2,0,0,0,2,0.9399999999999994,False
2,1,0,1,1,1,2,0,0,1,1,0.9599999999999996,False
2,1,0,1,1,1,2,0,0,2,0,0.17196166614481137,True
2,1,0,1,1,1,2,0,1,0,1,0.9599999999999996,False
2,1,0,1,1,1,2,0,1,1,0,0.9682850111068384,False
2,1,0,1,1,1,2,0,2,0,0,0.9799999999999998,False
2,1,0,1,1,1,2,1,0,0,1,0.9599999999999996,False
2,1,0,1,1,1,2,1,0,1,0,0.18093850060599703,True
2,1,0,1,1,1,2,1,1,0,0,0.9799999999999998,False
2,1,0,1,1,1,2,2,0,0,0,0.9799999999999998,False
2,1,0,1,1,1,3,0,0,0,1,0.9599999999999996,False
2,1,0,1,1,1,3,0,0,1,0,0.9680975349622452,False
2,1,0,1,1,1,3,0,1,0,0,0.9799999999999998,False
2,1,0,1,1,1,3,1,0,0,0,0.9799999999999998,False
2,1,0,1,1,1,4,0,0,0,0,0.9799999999999998,False
2,1,0,1,2,0,0,0,0,0,4,0.5740210857592641,False
2,1,0,1,2,0,0,0,0,1,3,0.13196166614481142,True
2,1,0,1,2,0,0,0,0,2,2,0.09329416593524736,True
2,1,0,1,2,0,0,0,0,3,1,0.09213854305545643,True
2,1,0,1,2,0,0,0,0,4,0,0.06687782921992085,True
2,1,0,1,2,0,0,0,1,0,3,0.5940210857592642,False
2,1,0,1,2,0,0,0,1,1,2,0.1519616661448114,True
2,1,0,1,2,0,0,0,1,2,1,0.11329416593524734,True
2,1,0,1,2,0,0,0,1,3,0,0.07331906337393412,True
2,1,0,1,2,0,0,0,2,0,2,0.6140210857592641,False
2,1,0,1,2,0,0,0,2,1,1,0.17196166614481137,True
2,1,0,1,2,0,0,0,2,2,0,0.08593565243445098,True
2,1,0,1,2,0,0,0,3,0,1,0.634021085759264,False
2,1,0,1,2,0,0,0,3,1,0,0.12419780238092583,True
2,1,0,1,2,0,0,0,4,0,0,0.654021085759264,False
2,1,0,1,2,0,0,1,0,0,3,0.13196166614481142,True
2,1,0,1,2,0,0,1,0,1,2,0.09329416593809188,True
2,1,0,1,2,0,0,1,0,2,1,0.09213854305572253,True
2,1,0,1,2,0,0,1,0,3,0,0.06971388024109355,True
2,1,0,1,2,0,0,1,1,0,2,0.1519616661448114,True
2,1,0,1,2,0,0,1,1,1,1,0.11329416593809186,True
2,1,0,1,2,0,0,1,1,2,0,0.07670738794865314,True
2,1,0,1,2,0,0,1,2,0,1,0.17196166614481137,True
2,1,0,1,2,0,0,1,2,1,0,0.09036818648847345,True
2,1,0,1,2,0,0,1,3,0,0,0.1311089108526063,True
2,1,0,1,2,0,0,2,0,0,2,0.0932941659625144,True
2,1,0,1,2,0,0,2,0,1,1,0.09213854305673237,True
2,1,0,1,2,0,0,2,0,2,0,0.07215481172439062,True
2,1,0,1,2,0,0,2,1,0,1,0.11329416596251438,True
2,1,0,1,2,0,0,2,1,1,0,0.07959684156473495,True
2,1,0,1,2,0,0,2,2,0,0,0.09408521921583042,True
2,1,0,1,2,0,0,3,0,0,1,0.09213854310893253,True
2,1,0,1,2,0,0,3,0,1,0,0.07420542466872661,True
2,1,0,1,2,0,0,3,1,0,0,0.082001969424243,True
2,1,0,1,2,0,0,4,0,0,0,0.07587029299360815,True
2,1,0,1,2,0,1,0,0,0,3,0.5940210857592642,False
2,1,0,1,2,0,1,0,0,1,2,0.1519616661448114,True
2,1,0,1,2,0,1,0,0,2,1,0.11329416593524734,True
2,1,0,1,2,0,1,0,0,3,0,0.07331906337393412,True
2,1,0,1,2,0,1,0,1,0,2,0.6140210857592641,False
2,1,0,1,2,0,1,0,1,1,1,0.17196166614481137,True
2,1,0,1,2,0,1,0,1,2,0,0.08593565243445098,True
2,1,0,1,2,0,1,0,2,0,1,0.634021085759264,False
2,1,0,1,2,0,1,0,2,1,0,0.12419780238092583,True
2,1,0,1,2,0,1,0,3,0,0,0.654021085759264,False
2,1,0,1,2,0,1,1,0,0,2,0.1519616661448114,True
2,1,0,1,2,0,1,1,0,1,1,0.11329416593809186,True
2,1,0,1,2,0,1,1,0,2,0,0.07670738794865314,True
2,1,0,1,2,0,1,1,1,0,1,0.17196166614481137,True
2,1,0,1,2,0,1,1,1,1,0,0.09036818648847345,True
2,1,0,1,2,0,1,1,2,0,0,0.1311089108526063,True
2,1,0,1,2,0,1,2,0,0,1,0.11329416596251438,True
2,1,0,1,2,0,1,2,0,1,0,0.07959684156473495,True
2,1,0,1,2,0,1,2,1,0,0,0.09408521921583042,True
2,1,0,1,2,0,1,3,0,0,0,0.082001969424243,True
2,1,0,1,2,0,2,0,0,0,2,0.6140210857592641,False
2,1,0,1,2,0,2,0,0,1,1,0.17196166614481137,True
2,1,0,1,2,0,2,0,0,2,0,0.08593565243445098,True
2,1,0,1,2,0,2,0,1,0,1,0.634021085759264,False
2,1,0,1,2,0,2,0,1,1,0,0.12419780238092583,True
2,1,0,1,2,0,2,0,2,0,0,0.654021085759264,False
2,1,0,1,2,0,2,1,0,0,1,0.17196166614481137,True
2,1,0,1,2,0,2,1,0,1,0,0.09036818648847345,True
2,1,0,1,2,0,2,1,1,0,0,0.1311089108526063,True
2,1,0,1,2,0,2,2,0,0,0,0.09408521921583042,True
2,1,0,1,2,0,3,0,0,0,1,0.634021085759264,False
2,1,0,1,2,0,3,0,0,1,0,0.12419780238092583,True
2,1,0,1,2,0,3,0,1,0,0,0.654021085759264,False
2,1,0,1,2,0,3,1,0,0,0,0.1311089108526063,True
2,1,0,1,2,0,4,0,0,0,0,0.654021085759264,False
2,1,0,2,0,1,0,0,0,0,4,0.8999999999999991,False
2,1,0,2,0,1,0,0,0,1,3,0.9199999999999993,False
2,1,0,2,0,1,0,0,0,2,2,0.9399999999999994,False
2,1,0,2,0,1,0,0,0,3,1,0.9599999999999996,False
2,1,0,2,0,1,0,0,0,4,0,0.065935652434451,True
2,1,0,2,0,1,0,0,1,0,3,0.9199999999999993,False
2,1,0,2,0,1,0,0,1,1,2,0.9399999999999994,False
2,1,0,2,0,1,0,0,1,2,1,0.9599999999999996,False
2,1,0,2,0,1,0,0,1,3,0,0.10419780238092585,True
2,1,0,2,0,1,0,0,2,0,2,0.9399999999999994,False
2,1,0,2,0,1,0,0,2,1,1,0.9599999999999996,False
2,1,0,2,0,1,0,0,2,2,0,0.634021085759264,False
2,1,0,2,0,1,0,0,3,0,1,0.9599999999999996,False
2,1,0,2,0,1,0,0,3,1,0,0.9730492782592773,False
2,1,0,2,0,1,0,0,4,0,0,0.9799999999999998,False
2,1,0,2,0,1,0,1,0,0,3,0.9199999999999993,False
2,1,0,2,0,1,0,1,0,1,2,0.9399999999999994,False
2,1,0,2,0,1,0,1,0,2,1,0.9599999999999996,False
2,1,0,2,0,1,0,1,0,3,0,0.07036818648847347,True
2,1,0,2,0,1,0,1,1,0,2,0.9399999999999994,False
2,1,0,2,0,1,0,1,1,1,1,0.9599999999999996,False
2,1,0,2,0,1,0,1,1,2,0,0.11110891085260632,True
2,1,0,2,0,1,0,1,2,0,1,0.9599999999999996,False
2,1,0,2,0,1,0,1,2,1,0,0.6409003559660561,False
2,1,0,2,0,1,0,1,3,0,0,0.9799999999999998,False
2,1,0,2,0,1,0,2,0,0,2,0.9399999999999994,False
2,1,0,2,0,1,0,2,0,1,1,0.9599999999999996,False
2,1,0,2,0,1,0,2,0,2,0,0.07408521921583044,True
2,1,0,2,0,1,0,2,1,0,1,0.9599999999999996,False
2,1,0,2,0,1,0,2,1,1,0,0.11565389540794402,True
2,1,0,2,0,1,0,2,2,0,0,0.9799999999999998,False
2,1,0,2,0,1,0,3,0,0,1,0.9599999999999996,False
2,1,0,2,0,1,0,3,0,1,0,0.0764623822762517,True
2,1,0,2,0,1,0,3,1,0,0,0.9799999999999998,False
2,1,0,2,0,1,0,4,0,0,0,0.9799999999999998,False
2,1,0,2,0,1,1,0,0,0,3,0.9199999999999993,False
2,1,0,2,0,1,1,0,0,1,2,0.9399999999999994,False
2,1,0,2,0,1,1,0,0,2,1,0.9599999999999996,False
2,1,0,2,0,1,1,0,0,3,0,0.10419780238092585,True
2,1,0,2,0,1,1,0,1,0,2,0.9399999999999994,False
2,1,0,2,0,1,1,0,1,1,1,0.9599999999999996,False
2,1,0,2,0,1,1,0,1,2,0,0.634021085759264,False
2,1,0,2,0,1,1,0,2,0,1,0.9599999999999996,False
2,1,0,2,0,1,1,0,2,1,0,0.9727538818359377,False
2,1,0,2,0,1,1,0,3,0,0,0.9799999999999998,False
2,1,0,2,0,1,1,1,0,0,2,0.9399999999999994,False
2,1,0,2,0,1,1,1,0,1,1,0.9599999999999996,False
2,1,0,2,0,1,1,1,0,2,0,0.11110891085260632,True
2,1,0,2,0,1,1,1,1,0,1,0.9599999999999996,False
2,1,0,2,0,1,1,1,1,1,0,0.6402711713321895,False
2,1,0,2,0,1,1,1,2,0,0,0.9799999999999998,False
2,1,0,2,0,1,1,2,0,0,1,0.9599999999999996,False
2,1,0,2,0,1,1,2,0,1,0,0.11512421834481057,True
2,1,0,2,0,1,1,2,1,0,0,0.9799999999999998,False
2,1,0,2,0,1,1,3,0,0,0,0.9799999999999998,False
2,1,0,2,0,1,2,0,0,0,2,0.9399999999999994,False
2,1,0,2,0,1,2,0,0,1,1,0.9599999999999996,False
2,1,0,2,0,1,2,0,0,2,0,0.634021085759264,False
2,1,0,2,0,1,2,0,1,0,1,0.9599999999999996,False
2,1,0,2,0,1,2,0,1,1,0,0.9723793807983396,False
2,1,0,2,0,1,2,0,2,0,0,0.9799999999999998,False
2,1,0,2,0,1,2,1,0,0,1,0.9599999999999996,False
2,1,0,2,0,1,2,1,0,1,0,0.6396267554668831,False
2,1,0,2,0,1,2,1,1,0,0,0.9799999999999998,False
2,1,0,2,0,1,2,2,0,0,0,0.9799999999999998,False
2,1,0,2,0,1,3,0,0,0,1,0.9599999999999996,False
2,1,0,2,0,1,3,0,0,1,0,0.9719257751464841,False
2,1,0,2,0,1,3,0,1,0,0,0.9799999999999998,False
2,1,0,2,0,1,3,1,0,0,0,0.9799999999999998,False
2,1,0,2,0,1,4,0,0,0,0,0.9799999999999998,False
2,1,0,2,1,0,0,0,0,0,4,0.9119257751464845,False
2,1,0,2,1,0,0,0,0,1,3,0.9282850111068383,False
2,1,0,2,1,0,0,0,0,2,2,0.9429571722273702,False
2,1,0,2,1,0,0,0,0,3,1,0.86417648610408,False
2,1,0,2,1,0,0,0,0,4,0,0.07331906337393412,True
2,1,0,2,1,0,0,0,1,0,3,0.9323793807983397,False
2,1,0,2,1,0,0,0,1,1,2,0.9489580796627396,False
2,1,0,2,1,0,0,0,1,2,1,0.9658448924779007,False
2,1,0,2,1,0,0,0,1,3,0,0.08593565243445098,True
2,1,0,2,1,0,0,0,2,0,2,0.9527538818359377,False
2,1,0,2,1,0,0,0,2,1,1,0.9695984957607834,False
2,1,0,2,1,0,0,0,2,2,0,0.12419780238092583,True
2,1,0,2,1,0,0,0,3,0,1,0.9730492782592773,False
2,1,0,2,1,0,0,0,3,1,0,0.654021085759264,False
2,1,0,2,1,0,0,0,4,0,0,0.9932655700683598,False
2,1,0,2,1,0,0,1,0,0,3,0.93092098236084,False
2,1,0,2,1,0,0,1,0,1,2,0.9457956141689824,False
2,1,0,2,1,0,0,1,0,2,1,0.86417648610408,False
2,1,0,2,1,0,0,1,0,3,0,0.07670738794865314,True
2,1,0,2,1,0,0,1,1,0,2,0.9515156005859379,False
2,1,0,2,1,0,0,1,1,1,1,0.9675188467357069,False
2,1,0,2,1,0,0,1,1,2,0,0.09036818648847345,True
2,1,0,2,1,0,0,1,2,0,1,0.9720311141967772,False
2,1,0,2,1,0,0,1,2,1,0,0.1311089108526063,True
2,1,0,2,1,0,0,1,3,0,0,0.6615146524777453,False
2,1,0,2,1,0,0,2,0,0,2,0.9480473011759504,False
2,1,0,2,1,0,0,2,0,1,1,0.86417648610408,False
2,1,0,2,1,0,0,2,0,2,0,0.07959684156473495,True
2,1,0,2,1,0,0,2,1,0,1,0.9689715459712558,False
2,1,0,2,1,0,0,2,1,1,0,0.09408521921583042,True
2,1,0,2,1,0,0,2,2,0,0,0.1361759053331829,True
2,1,0,2,1,0,0,3,0,0,1,0.86417648610408,False
2,1,0,2,1,0,0,3,0,1,0,0.082001969424243,True
2,1,0,2,1,0,0,3,1,0,0,0.09679800601748545,True
2,1,0,2,1,0,0,4,0,0,0,0.08368131099099546,True
2,1,0,2,1,0,1,0,0,0,3,0.9319257751464844,False
2,1,0,2,1,0,1,0,0,1,2,0.9482850111068383,False
2,1,0,2,1,0,1,0,0,2,1,0.9629571722273702,False
2,1,0,2,1,0,1,0,0,3,0,0.08593565243445098,True
2,1,0,2,1,0,1,0,1,0,2,0.9523793807983397,False
2,1,0,2,1,0,1,0,1,1,1,0.9689580796627396,False
2,1,0,2,1,0,1,0,1,2,0,0.12419780238092583,True
2,1,0,2,1,0,1,0,2,0,1,0.9727538818359377,False
2,1,0,2,1,0,1,0,2,1,0,0.654021085759264,False
2,1,0,2,1,0,1,0,3,0,0,0.9930492782592774,False
2,1,0,2,1,0,1,1,0,0,2,0.95092098236084,False
2,1,0,2,1,0,1,1,0,1,1,0.9657956141689824,False
2,1,0,2,1,0,1,1,0,2,0,0.09036818648847345,True
2,1,0,2,1,0,1,1,1,0,1,0.9715156005859378,False
2,1,0,2,1,0,1,1,1,1,0,0.1311089108526063,True
2,1,0,2,1,0,1,1,2,0,0,0.660900355966056,False
2,1,0,2,1,0,1,2,0,0,1,0.9680473011759502,False
2,1,0,2,1,0,1,2,0,1,0,0.09408521921583042,True
2,1,0,2,1,0,1,2,1,0,0,0.13565389540794398,True
2,1,0,2,1,0,1,3,0,0,0,0.09646238227625167,True
2,1,0,2,1,0,2,0,0,0,2,0.9519257751464842,False
2,1,0,2,1,0,2,0,0,1,1,0.9682850111068384,False
2,1,0,2,1,0,2,0,0,2,0,0.12419780238092583,True
2,1,0,2,1,0,2,0,1,0,1,0.9723793807983396,False
2,1,0,2,1,0,2,0,1,1,0,0.654021085759264,False
2,1,0,2,1,0,2,0,2,0,0,0.9927538818359378,False
2,1,0,2,1,0,2,1,0,0,1,0.9709209823608398,False
2,1,0,2,1,0,2,1,0,1,0,0.1311089108526063,True
2,1,0,2,1,0,2,1,1,0,0,0.6602711713321894,False
2,1,0,2,1,0,2,2,0,0,0,0.13512421834481053,True
2,1,0,2,1,0,3,0,0,0,1,0.9719257751464841,False
2,1,0,2,1,0,3,0,0,1,0,0.654021085759264,False
2,1,0,2,1,0,3,0,1,0,0,0.9923793807983395,False
2,1,0,2,1,0,3,1,0,0,0,0.6596267554668831,False
2,1,0,2,1,0,4,0,0,0,0,0.9919257751464841,False
2,1,0,3,0,0,0,0,0,0,4,0.9199999999999993,False
2,1,0,3,0,0,0,0,0,1,3,0.9399999999999994,False
2,1,0,3,0,0,0,0,0,2,2,0.9599999999999996,False
2,1,0,3,0,0,0,0,0,3,1,0.9799999999999998,False
2,1,0,3,0,0,0,0,0,4,0,0.08593565243445098,True
2,1,0,3,0,0,0,0,1,0,3,0.9399999999999994,False
2,1,0,3,0,0,0,0,1,1,2,0.9599999999999996,False
2,1,0,3,0,0,0,0,1,2,1,0.9799999999999998,False
2,1,0,3,0,0,0,0,1,3,0,0.12419780238092583,True
2,1,0,3,0,0,0,0,2,0,2,0.9599999999999996,False
2,1,0,3,0,0,0,0,2,1,1,0.9799999999999998,False
2,1,0,3,0,0,0,0,2,2,0,0.654021085759264,False
2,1,0,3,0,0,0,0,3,0,1,0.9799999999999998,False
2,1,0,3,0,0,0,0,3,1,0,0.9932655700683598,False
2,1,0,3,0,0,0,0,4,0,0,1.0,False
2,1,0,3,0,0,0,1,0,0,3,0.9399999999999994,False
2,1,0,3,0,0,0,1,0,1,2,0.9599999999999996,False
2,1,0,3,0,0,0,1,0,2,1,0.9799999999999998,False
2,1,0,3,0,0,0,1,0,3,0,0.09036818648847345,True
2,1,0,3,0,0,0,1,1,0,2,0.9599999999999996,False
2,1,0,3,0,0,0,1,1,1,1,0.9799999999999998,False
2,1,0,3,0,0,0,1,1,2,0,0.1311089108526063,True
2,1,0,3,0,0,0,1,2,0,1,0.9799999999999998,False
2,1,0,3,0,0,0,1,2,1,0,0.6615146524777453,False
2,1,0,3,0,0,0,1,3,0,0,1.0,False
2,1,0,3,0,0,0,2,0,0,2,0.9599999999999996,False
2,1,0,3,0,0,0,2,0,1,1,0.9799999999999998,False
2,1,0,3,0,0,0,2,0,2,0,0.09408521921583042,True
2,1,0,3,0,0,0,2,1,0,1,0.9799999999999998,False
2,1,0,3,0,0,0,2,1,1,0,0.1361759053331829,True
2,1,0,3,0,0,0,2,2,0,0,1.0,False
2,1,0,3,0,0,0,3,0,0,1,0.9799999999999998,False
2,1,0,3,0,0,0,3,0,1,0,0.09679800601748545,True
2,1,0,3,0,0,0,3,1,0,0,1.0,False
2,1,0,3,0,0,0,4,0,0,0,1.0,False
2,1,0,3,0,0,1,0,0,0,3,0.9399999999999994,False
2,1,0,3,0,0,1,0,0,1,2,0.9599999999999996,False
2,1,0,3,0,0,1,0,0,2,1,0.9799999999999998,False
2,1,0,3,0,0,1,0,0,3,0,0.12419780238092583,True
2,1,0,3,0,0,1,0,1,0,2,0.9599999999999996,False
2,1,0,3,0,0,1,0,1,1,1,0.9799999999999998,False
2,1,0,3,0,0,1,0,1,2,0,0.654021085759264,False
2,1,0,3,0,0,1,0,2,0,1,0.9799999999999998,False
2,1,0,3,0,0,1,0,2,1,0,0.9930492782592774,False
2,1,0,3,0,0,1,0,3,0,0,1.0,False
2,1,0,3,0,0,1,1,0,0,2,0.9599999999999996,False
2,1,0,3,0,0,1,1,0,1,1,0.9799999999999998,False
2,1,0,3,0,0,1,1,0,2,0,0.1311089108526063,True
2,1,0,3,0,0,1,1,1,0,1,0.9799999999999998,False
2,1,0,3,0,0,1,1,1,1,0,0.660900355966056,False
2,1,0,3,0,0,1,1,2,0,0,1.0,False
2,1,0,3,0,0,1,2,0,0,1,0.9799999999999998,False
2,1,0,3,0,0,1,2,0,1,0,0.13565389540794398,True
2,1,0,3,0,0,1,2,1,0,0,1.0,False
2,1,0,3,0,0,1,3,0,0,0,1.0,False
2,1,0,3,0,0,2,0,0,0,2,0.9599999999999996,False
2,1,0,3,0,0,2,0,0,1,1,0.9799999999999998,False
2,1,0,3,0,0,2,0,0,2,0,0.654021085759264,False
2,1,0,3,0,0,2,0,1,0,1,0.9799999999999998,False
2,1,0,3,0,0,2,0,1,1,0,0.9927538818359378,False
2,1,0,3,0,0,2,0,2,0,0,1.0,False
2,1,0,3,0,0,2,1,0,0,1,0.9799999999999998,False
2,1,0,3,0,0,2,1,0,1,0,0.6602711713321894,False
2,1,0,3,0,0,2,1,1,0,0,1.0,False
2,1,0,3,0,0,2,2,0,0,0,1.0,False
2,1,0,3,0,0,3,0,0,0,1,0.9799999999999998,False
2,1,0,3,0,0,3,0,0,1,0,0.9923793807983395,False
2,1,0,3,0,0,3,0,1,0,0,1.0,False
2,1,0,3,0,0,3,1,0,0,0,1.0,False
2,1,0,3,0,0,4,0,0,0,0,1.0,False
2,1,1,0,0,2,0,0,0,0,4,0.8799999999999989,False
2,1,1,0,0,2,0,0,0,1,3,0.8999999999999991,False
2,1,1,0,0,2,0,0,0,2,2,0.9199999999999993,False
2,1,1,0,0,2,0,0,0,3,1,0.9399999999999994,False
2,1,1,0,0,2,0,0,0,4,0,0.03965168409319448,True
2,1,1,0,0,2,0,0,1,0,3,0.8999999999999991,False
2,1,1,0,0,2,0,0,1,1,2,0.9199999999999993,False
2,1,1,0,0,2,0,0,1,2,1,0.9399999999999994,False
2,1,1,0,0,2,0,0,1,3,0,0.059476655735492726,True
2,1,1,0,0,2,0,0,2,0,2,0.9199999999999993,False
2,1,1,0,0,2,0,0,2,1,1,0.9399999999999994,False
2,1,1,0,0,2,0,0,2,2,0,0.1519616661448114,True
2,1,1,0,0,2,0,0,3,0,1,0.9399999999999994,False
2,1,1,0,0,2,0,0,3,1,0,0.9515156005859379,False
2,1,1,0,0,2,0,0,4,0,0,0.9599999999999996,False
2,1,1,0,0,2,0,1,0,0,3,0.8999999999999991,False
2,1,1,0,0,2,0,1,0,1,2,0.9199999999999993,False
2,1,1,0,0,2,0,1,0,2,1,0.9399999999999994,False
2,1,1,0,0,2,0,1,0,3,0,0.0436339301939616,True
2,1,1,0,0,2,0,1,1,0,2,0.9199999999999993,False
2,1,1,0,0,2,0,1,1,1,1,0.9399999999999994,False
2,1,1,0,0,2,0,1,1,2,0,0.06544684976898561,True
2,1,1,0,0,2,0,1,2,0,1,0.9399999999999994,False
2,1,1,0,0,2,0,1,2,1,0,0.16204317063034962,True
2,1,1,0,0,2,0,1,3,0,0,0.9599999999999996,False
2,1,1,0,0,2,0,2,0,0,2,0.9199999999999993,False
2,1,1,0,0,2,0,2,0,1,1,0.9399999999999994,False
2,1,1,0,0,2,0,2,0,2,0,0.04700849872561833,True
2,1,1,0,0,2,0,2,1,0,1,0.9399999999999994,False
2,1,1,0,0,2,0,2,1,1,0,0.06894719976922005,True
2,1,1,0,0,2,0,2,2,0,0,0.9599999999999996,False
2,1,1,0,0,2,0,3,0,0,1,0.9399999999999994,False
2,1,1,0,0,2,0,3,0,1,0,0.04893553195203882,True
2,1,1,0,0,2,0,3,1,0,0,0.9599999999999996,False
2,1,1,0,0,2,0,4,0,0,0,0.9599999999999996,False
2,1,1,0,0,2,1,0,0,0,3,0.8999999999999991,False
2,1,1,0,0,2,1,0,0,1,2,0.9199999999999993,False
2,1,1,0,0,2,1,0,0,2,1,0.9399999999999994,False
2,1,1,0,0,2,1,0,0,3,0,0.059476655735492726,True
2,1,1,0,0,2,1,0,1,0,2,0.9199999999999993,False
2,1,1,0,0,2,1,0,1,1,1,0.9399999999999994,False
2,1,1,0,0,2,1,0,1,2,0,0.1519616661448114,True
2,1,1,0,0,2,1,0,2,0,1,0.9399999999999994,False
2,1,1,0,0,2,1,0,2,1,0,0.95092098236084,False
2,1,1,0,0,2,1,0,3,0,0,0.9599999999999996,False
2,1,1,0,0,2,1,1,0,0,2,0.9199999999999993,False
2,1,1,0,0,2,1,1,0,1,1,0.9399999999999994,False
2,1,1,0,0,2,1,1,0,2,0,0.06544684976898561,True
2,1,1,0,0,2,1,1,1,0,1,0.9399999999999994,False
2,1,1,0,0,2,1,1,1,1,0,0.16093850060599707,True
2,1,1,0,0,2,1,1,2,0,0,0.9599999999999996,False
2,1,1,0,0,2,1,2,0,0,1,0.9399999999999994,False
2,1,1,0,0,2,1,2,0,1,0,0.0684712503521826,True
2,1,1,0,0,2,1,2,1,0,0,0.9599999999999996,False
2,1,1,0,0,2,1,3,0,0,0,0.9599999999999996,False
2,1,1,0,0,2,2,0,0,0,2,0.9199999999999993,False
2,1,1,0,0,2,2,0,0,1,1,0.9399999999999994,False
2,1,1,0,0,2,2,0,0,2,0,0.1519616661448114,True
2,1,1,0,0,2,2,0,1,0,1,0.9399999999999994,False
2,1,1,0,0,2,2,0,1,1,0,0.9503941817124066,False
2,1,1,0,0,2,2,0,2,0,0,0.9599999999999996,False
2,1,1,0,0,2,2,1,0,0,1,0.9399999999999994,False
2,1,1,0,0,2,2,1,0,1,0,0.15980616078150384,True
2,1,1,0,0,2,2,1,1,0,0,0.9599999999999996,False
2,1,1,0,0,2,2,2,0,0,0,0.9599999999999996,False
2,1,1,0,0,2,3,0,0,0,1,0.9399999999999994,False
2,1,1,0,0,2,3,0,0,1,0,0.9501950430836361,False
2,1,1,0,0,2,3,0,1,0,0,0.9599999999999996,False
2,1,1,0,0,2,3,1,0,0,0,0.9599999999999996,False
2,1,1,0,0,2,4,0,0,0,0,0.9599999999999996,False
2,1,1,0,1,1,0,0,0,0,4,0.8999999999999991,False
2,1,1,0,1,1,0,0,0,1,3,0.9199999999999993,False
2,1,1,0,1,1,0,0,0,2,2,0.9399999999999994,False
2,1,1,0,1,1,0,0,0,3,1,0.9599999999999996,False
2,1,1,0,1,1,0,0,0,4,0,0.05615741738557524,True
2,1,1,0,1,1,0,0,1,0,3,0.9199999999999993,False
2,1,1,0,1,1,0,0,1,1,2,0.9399999999999994,False
2,1,1,0,1,1,0,0,1,2,1,0.9599999999999996,False
2,1,1,0,1,1,0,0,1,3,0,0.06996695367571049,True
2,1,1,0,1,1,0,0,2,0,2,0.9399999999999994,False
2,1,1,0,1,1,0,0,2,1,1,0.9599999999999996,False
2,1,1,0,1,1,0,0,2,2,0,0.11329416593809186,True
2,1,1,0,1,1,0,0,3,0,1,0.9599999999999996,False
2,1,1,0,1,1,0,0,3,1,0,0.9675188467357069,False
2,1,1,0,1,1,0,0,4,0,0,0.9799999999999998,False
2,1,1,0,1,1,0,1,0,0,3,0.9199999999999993,False
2,1,1,0,1,1,0,1,0,1,2,0.9399999999999994,False
2,1,1,0,1,1,0,1,0,2,1,0.9599999999999996,False
2,1,1,0,1,1,0,1,0,3,0,0.05985648215115604,True
2,1,1,0,1,1,0,1,1,0,2,0.9399999999999994,False
2,1,1,0,1,1,0,1,1,1,1,0.9599999999999996,False
2,1,1,0,1,1,0,1,1,2,0,0.0752158598493154,True
2,1,1,0,1,1,0,1,2,0,1,0.9599999999999996,False
2,1,1,0,1,1,0,1,2,1,0,0.12189165245238266,True
2,1,1,0,1,1,0,1,3,0,0,0.9799999999999998,False
2,1,1,0,1,1,0,2,0,0,2,0.9399999999999994,False
2,1,1,0,1,1,0,2,0,1,1,0.9599999999999996,False
2,1,1,0,1,1,0,2,0,2,0,0.06302467762990177,True
2,1,1,0,1,1,0,2,1,0,1,0.9599999999999996,False
2,1,1,0,1,1,0,2,1,1,0,0.07879711803616282,True
2,1,1,0,1,1,0,2,2,0,0,0.9799999999999998,False
2,1,1,0,1,1,0,3,0,0,1,0.9599999999999996,False
2,1,1,0,1,1,0,3,0,1,0,0.06504410701437509,True
2,1,1,0,1,1,0,3,1,0,0,0.9799999999999998,False
2,1,1,0,1,1,0,4,0,0,0,0.9799999999999998,False
2,1,1,0,1,1,1,0,0,0,3,0.9199999999999993,False
2,1,1,0,1,1,1,0,0,1,2,0.9399999999999994,False
2,1,1,0,1,1,1,0,0,2,1,0.9599999999999996,False
2,1,1,0,1,1,1,0,0,3,0,0.06996695367571049,True
2,1,1,0,1,1,1,0,1,0,2,0.9399999999999994,False
2,1,1,0,1,1,1,0,1,1,1,0.9599999999999996,False
2,1,1,0,1,1,1,0,1,2,0,0.11329416593809186,True
2,1,1,0,1,1,1,0,2,0,1,0.9599999999999996,False
2,1,1,0,1,1,1,0,2,1,0,0.9657956141689824,False
2,1,1,0,1,1,1,0,3,0,0,0.9799999999999998,False
2,1,1,0,1,1,1,1,0,0,2,0.9399999999999994,False
2,1,1,0,1,1,1,1,0,1,1,0.9599999999999996,False
2,1,1,0,1,1,1,1,0,2,0,0.0752158598493154,True
2,1,1,0,1,1,1,1,1,0,1,0.9599999999999996,False
2,1,1,0,1,1,1,1,1,1,0,0.12107293035362311,True
2,1,1,0,1,1,1,1,2,0,0,0.9799999999999998,False
2,1,1,0,1,1,1,2,0,0,1,0.9599999999999996,False
2,1,1,0,1,1,1,2,0,1,0,0.07839192247322109,True
2,1,1,0,1,1,1,2,1,0,0,0.9799999999999998,False
2,1,1,0,1,1,1,3,0,0,0,0.9799999999999998,False
2,1,1,0,1,1,2,0,0,0,2,0.9399999999999994,False
2,1,1,0,1,1,2,0,0,1,1,0.9599999999999996,False
2,1,1,0,1,1,2,0,0,2,0,0.11329416593809186,True
2,1,1,0,1,1,2,0,1,0,1,0.9599999999999996,False
2,1,1,0,1,1,2,0,1,1,0,0.965468271964701,False
2,1,1,0,1,1,2,0,2,0,0,0.9799999999999998,False
2,1,1,0,1,1,2,1,0,0,1,0.9599999999999996,False
2,1,1,0,1,1,2,1,0,1,0,0.12023620813535187,True
2,1,1,0,1,1,2,1,1,0,0,0.9799999999999998,False
2,1,1,0,1,1,2,2,0,0,0,0.9799999999999998,False
2,1,1,0,1,1,3,0,0,0,1,0.9599999999999996,False
2,1,1,0,1,1,3,0,0,1,0,0.9654809336055012,False
2,1,1,0,1,1,3,0,1,0,0,0.9799999999999998,False
2,1,1,0,1,1,3,1,0,0,0,0.9799999999999998,False
2,1,1,0,1,1,4,0,0,0,0,0.9799999999999998,False
2,1,1,0,2,0,0,0,0,0,4,0.05110891085260643,True
2,1,1,0,2,0,0,0,0,1,3,0.045446849737332366,True
2,1,1,0,2,0,0,0,0,2,2,0.05521585984787743,True
2,1,1,0,2,0,0,0,0,3,1,0.06932245867201677,True
2,1,1,0,2,0,0,0,0,4,0,0.06537826161156801,True
2,1,1,0,2,0,0,0,1,0,3,0.0711089108526064,True
2,1,1,0,2,0,0,0,1,1,2,0.06544684973733234,True
2,1,1,0,2,0,0,0,1,2,1,0.0752158598478774,True
2,1,1,0,2,0,0,0,1,3,0,0.06971388024109355,True
2,1,1,0,2,0,0,0,2,0,2,0.09110891085260636,True
2,1,1,0,2,0,0,0,2,1,1,0.0854468497373323,True
2,1,1,0,2,0,0,0,2,2,0,0.07670738794865314,True
2,1,1,0,2,0,0,0,3,0,1,0.11110891085260632,True
2,1,1,0,2,0,0,0,3,1,0,0.09036818648847345,True
2,1,1,0,2,0,0,0,4,0,0,0.1311089108526063,True
2,1,1,0,2,0,0,1,0,0,3,0.045446849768985643,True
2,1,1,0,2,0,0,1,0,1,2,0.05521585984931544,True
2,1,1,0,2,0,0,1,0,2,1,0.06932245867209612,True
2,1,1,0,2,0,0,1,0,3,0,0.0675572485394852,True
2,1,1,0,2,0,0,1,1,0,2,0.06544684976898561,True
2,1,1,0,2,0,0,1,1,1,1,0.0752158598493154,True
2,1,1,0,2,0,0,1,1,2,0,0.07215481172439062,True
2,1,1,0,2,0,0,1,2,0,1,0.08544684976898557,True
2,1,1,0,2,0,0,1,2,1,0,0.07959684156473495,True
2,1,1,0,2,0,0,1,3,0,0,0.09408521921583042,True
2,1,1,0,2,0,0,2,0,0,2,0.0552158599366939,True
2,1,1,0,2,0,0,2,0,1,1,0.0693224586723977,True
2,1,1,0,2,0,0,2,0,2,0,0.06939751971667098,True
2,1,1,0,2,0,0,2,1,0,1,0.07521585993669387,True
2,1,1,0,2,0,0,2,1,1,0,0.07420542466872661,True
2,1,1,0,2,0,0,2,2,0,0,0.082001969424243,True
2,1,1,0,2,0,0,3,0,0,1,0.06932245870852598,True
2,1,1,0,2,0,0,3,0,1,0,0.07090005893809109,True
2,1,1,0,2,0,0,3,1,0,0,0.07587029299360815,True
2,1,1,0,2,0,0,4,0,0,0,0.0720658091241079,True
2,1,1,0,2,0,1,0,0,0,3,0.0711089108526064,True
2,1,1,0,2,0,1,0,0,1,2,0.06544684973733234,True
2,1,1,0,2,0,1,0,0,2,1,0.0752158598478774,True
2,1,1,0,2,0,1,0,0,3,0,0.06971388024109355,True
2,1,1,0,2,0,1,0,1,0,2,0.09110891085260636,True
2,1,1,0,2,0,1,0,1,1,1,0.0854468497373323,True
2,1,1,0,2,0,1,0,1,2,0,0.07670738794865314,True
2,1,1,0,2,0,1,0,2,0,1,0.11110891085260632,True
2,1,1,0,2,0,1,0,2,1,0,0.09036818648847345,True
2,1,1,0,2,0,1,0,3,0,0,0.1311089108526063,True
2,1,1,0,2,0,1,1,0,0,2,0.06544684976898561,True
2,1,1,0,2,0,1,1,0,1,1,0.0752158598493154,True
2,1,1,0,2,0,1,1,0,2,0,0.07215481172439062,True
2,1,1,0,2,0,1,1,1,0,1,0.08544684976898557,True
2,1,1,0,2,0,1,1,1,1,0,0.07959684156473495,True
2,1,1,0,2,0,1,1,2,0,0,0.09408521921583042,True
2,1,1,0,2,0,1,2,0,0,1,0.07521585993669387,True
2,1,1,0,2,0,1,2,0,1,0,0.07420542466872661,True
2,1,1,0,2,0,1,2,1,0,0,0.082001969424243,True
2,1,1,0,2,0,1,3,0,0,0,0.07587029299360815,True
2,1,1,0,2,0,2,0,0,0,2,0.09110891085260636,True
2,1,1,0,2,0,2,0,0,1,1,0.0854468497373323,True
2,1,1,0,2,0,2,0,0,2,0,0.07670738794865314,True
2,1,1,0,2,0,2,0,1,0,1,0.11110891085260632,True
2,1,1,0,2,0,2,0,1,1,0,0.09036818648847345,True
2,1,1,0,2,0,2,0,2,0,0,0.1311089108526063,True
2,1,1,0,2,0,2,1,0,0,1,0.08544684976898557,True
2,1,1,0,2,0,2,1,0,1,0,0.07959684156473495,True
2,1,1,0,2,0,2,1,1,0,0,0.09408521921583042,True
2,1,1,0,2,0,2,2,0,0,0,0.082001969424243,True
2,1,1,0,2,0,3,0,0,0,1,0.11110891085260632,True
2,1,1,0,2,0,3,0,0,1,0,0.09036818648847345,True
2,1,1,0,2,0,3,0,1,0,0,0.1311089108526063,True
2,1,1,0,2,0,3,1,0,0,0,0.09408521921583042,True
2,1,1,0,2,0,4,0,0,0,0,0.1311089108526063,True
2,1,1,1,0,1,0,0,0,0,4,0.8999999999999991,False
2,1,1,1,0,1,0,0,0,1,3,0.9199999999999993,False
2,1,1,1,0,1,0,0,0,2,2,0.9399999999999994,False
2,1,1,1,0,1,0,0,0,3,1,0.9599999999999996,False
2,1,1,1,0,1,0,0,0,4,0,0.05965168409319445,True
2,1,1,1,0,1,0,0,1,0,3,0.9199999999999993,False
2,1,1,1,0,1,0,0,1,1,2,0.9399999999999994,False
2,1,1,1,0,1,0,0,1,2,1,0.9599999999999996,False
2,1,1,1,0,1,0,0,1,3,0,0.0794766557354927,True
2,1,1,1,0,1,0,0,2,0,2,0.9399999999999994,False
2,1,1,1,0,1,0,0,2,1,1,0.9599999999999996,False
2,1,1,1,0,1,0,0,2,2,0,0.17196166614481137,True
2,1,1,1,0,1,0,0,3,0,1,0.9599999999999996,False
2,1,1,1,0,1,0,0,3,1,0,0.9720311141967772,False
2,1,1,1,0,1,0,0,4,0,0,0.9799999999999998,False
2,1,1,1,0,1,0,1,0,0,3,0.9199999999999993,False
2,1,1,1,0,1,0,1,0,1,2,0.9399999999999994,False
2,1,1,1,0,1,0,1,0,2,1,0.9599999999999996,False
2,1,1,1,0,1,0,1,0,3,0,0.06363393019396156,True
2,1,1,1,0,1,0,1,1,0,2,0.9399999999999994,False
2,1,1,1,0,1,0,1,1,1,1,0.9599999999999996,False
2,1,1,1,0,1,0,1,1,2,0,0.08544684976898557,True
2,1,1,1,0,1,0,1,2,0,1,0.9599999999999996,False
2,1,1,1,0,1,0,1,2,1,0,0.18312096852325863,True
2,1,1,1,0,1,0,1,3,0,0,0.9799999999999998,False
2,1,1,1,0,1,0,2,0,0,2,0.9399999999999994,False
2,1,1,1,0,1,0,2,0,1,1,0.9599999999999996,False
2,1,1,1,0,1,0,2,0,2,0,0.0670084987256183,True
2,1,1,1,0,1,0,2,1,0,1,0.9599999999999996,False
2,1,1,1,0,1,0,2,1,1,0,0.0894233379656172,True
2,1,1,1,0,1,0,2,2,0,0,0.9799999999999998,False
2,1,1,1,0,1,0,3,0,0,1,0.9599999999999996,False
2,1,1,1,0,1,0,3,0,1,0,0.0692511076606415,True
2,1,1,1,0,1,0,3,1,0,0,0.9799999999999998,False
2,1,1,1,0,1,0,4,0,0,0,0.9799999999999998,False
2,1,1,1,0,1,1,0,0,0,3,0.9199999999999993,False
2,1,1,1,0,1,1,0,0,1,2,0.9399999999999994,False
2,1,1,1,0,1,1,0,0,2,1,0.9599999999999996,False
2,1,1,1,0,1,1,0,0,3,0,0.0794766557354927,True
2,1,1,1,0,1,1,0,1,0,2,0.9399999999999994,False
2,1,1,1,0,1,1,0,1,1,1,0.9599999999999996,False
2,1,1,1,0,1,1,0,1,2,0,0.17196166614481137,True
2,1,1,1,0,1,1,0,2,0,1,0.9599999999999996,False
2,1,1,1,0,1,1,0,2,1,0,0.9715156005859378,False
2,1,1,1,0,1,1,0,3,0,0,0.9799999999999998,False
2,1,1,1,0,1,1,1,0,0,2,0.9399999999999994,False
2,1,1,1,0,1,1,1,0,1,1,0.9599999999999996,False
2,1,1,1,0,1,1,1,0,2,0,0.08544684976898557,True
2,1,1,1,0,1,1,1,1,0,1,0.9599999999999996,False
2,1,1,1,0,1,1,1,1,1,0,0.18204317063034958,True
2,1,1,1,0,1,1,1,2,0,0,0.9799999999999998,False
2,1,1,1,0,1,1,2,0,0,1,0.9599999999999996,False
2,1,1,1,0,1,1,2,0,1,0,0.08894719976922001,True
2,1,1,1,0,1,1,2,1,0,0,0.9799999999999998,False
2,1,1,1,0,1,1,3,0,0,0,0.9799999999999998,False
2,1,1,1,0,1,2,0,0,0,2,0.9399999999999994,False
2,1,1,1,0,1,2,0,0,1,1,0.9599999999999996,False
2,1,1,1,0,1,2,0,0,2,0,0.17196166614481137,True
2,1,1,1,0,1,2,0,1,0,1,0.9599999999999996,False
2,1,1,1,0,1,2,0,1,1,0,0.9709209823608398,False
2,1,1,1,0,1,2,0,2,0,0,0.9799999999999998,False
2,1,1,1,0,1,2,1,0,0,1,0.9599999999999996,False
2,1,1,1,0,1,2,1,0,1,0,0.18093850060599703,True
2,1,1,1,0,1,2,1,1,0,0,0.9799999999999998,False
2,1,1,1,0,1,2,2,0,0,0,0.9799999999999998,False
2,1,1,1,0,1,3,0,0,0,1,0.9599999999999996,False
2,1,1,1,0,1,3,0,0,1,0,0.9703941817124067,False
2,1,1,1,0,1,3,0,1,0,0,0.9799999999999998,False
2,1,1,1,0,1,3,1,0,0,0,0.9799999999999998,False
2,1,1,1,0,1,4,0,0,0,0,0.9799999999999998,False
2,1,1,1,1,0,0,0,0,0,4,0.5789667531692706,False
2,1,1,1,1,0,0,0,0,1,3,0.14093850060599708,True
2,1,1,1,1,0,0,0,0,2,2,0.10107293033272802,True
2,1,1,1,1,0,0,0,0,3,1,0.09917909826415391,True
2,1,1,1,1,0,0,0,0,4,0,0.06971388024109355,True
2,1,1,1,1,0,0,0,1,0,3,0.5996267554668832,False
2,1,1,1,1,0,0,0,1,1,2,0.16204317063034962,True
2,1,1,1,1,0,0,0,1,2,1,0.12189165243087928,True
2,1,1,1,1,0,0,0,1,3,0,0.07670738794865314,True
2,1,1,1,1,0,0,0,2,0,2,0.6202711713321896,False
2,1,1,1,1,0,0,0,2,1,1,0.18312096852325863,True
2,1,1,1,1,0,0,0,2,2,0,0.09036818648847345,True
2,1,1,1,1,0,0,0,3,0,1,0.6409003559660561,False
2,1,1,1,1,0,0,0,3,1,0,0.1311089108526063,True
2,1,1,1,1,0,0,0,4,0,0,0.6615146524777453,False
2,1,1,1,1,0,0,1,0,0,3,0.14093850060599708,True
2,1,1,1,1,0,0,1,0,1,2,0.10107293035362314,True
2,1,1,1,1,0,0,1,0,2,1,0.09917909826500876,True
2,1,1,1,1,0,0,1,0,3,0,0.07215481172439062,True
2,1,1,1,1,0,0,1,1,0,2,0.16204317063034962,True
2,1,1,1,1,0,0,1,1,1,1,0.12189165245238266,True
2,1,1,1,1,0,0,1,1,2,0,0.07959684156473495,True
2,1,1,1,1,0,0,1,2,0,1,0.18312096852325863,True
2,1,1,1,1,0,0,1,2,1,0,0.09408521921583042,True
2,1,1,1,1,0,0,1,3,0,0,0.1361759053331829,True
2,1,1,1,1,0,0,2,0,0,2,0.1010729305555038,True
2,1,1,1,1,0,0,2,0,1,1,0.09917909830685775,True
2,1,1,1,1,0,0,2,0,2,0,0.07420542466872661,True
2,1,1,1,1,0,0,2,1,0,1,0.12189165266014049,True
2,1,1,1,1,0,0,2,1,1,0,0.082001969424243,True
2,1,1,1,1,0,0,2,2,0,0,0.09679800601748545,True
2,1,1,1,1,0,0,3,0,0,1,0.0991791233689995,True
2,1,1,1,1,0,0,3,0,1,0,0.07587029299360815,True
2,1,1,1,1,0,0,3,1,0,0,0.08368131099099546,True
2,1,1,1,1,0,0,4,0,0,0,0.07693906743340787,True
2,1,1,1,1,0,1,0,0,0,3,0.5989667531692705,False
2,1,1,1,1,0,1,0,0,1,2,0.16093850060599707,True
2,1,1,1,1,0,1,0,0,2,1,0.12107293033272798,True
2,1,1,1,1,0,1,0,0,3,0,0.07670738794865314,True
2,1,1,1,1,0,1,0,1,0,2,0.6196267554668832,False
2,1,1,1,1,0,1,0,1,1,1,0.18204317063034958,True
2,1,1,1,1,0,1,0,1,2,0,0.09036818648847345,True
2,1,1,1,1,0,1,0,2,0,1,0.6402711713321895,False
2,1,1,1,1,0,1,0,2,1,0,0.1311089108526063,True
2,1,1,1,1,0,1,0,3,0,0,0.660900355966056,False
2,1,1,1,1,0,1,1,0,0,2,0.16093850060599707,True
2,1,1,1,1,0,1,1,0,1,1,0.12107293035362311,True
2,1,1,1,1,0,1,1,0,2,0,0.07959684156473495,True
2,1,1,1,1,0,1,1,1,0,1,0.18204317063034958,True
2,1,1,1,1,0,1,1,1,1,0,0.09408521921583042,True
2,1,1,1,1,0,1,1,2,0,0,0.13565389540794398,True
2,1,1,1,1,0,1,2,0,0,1,0.12107293055550378,True
2,1,1,1,1,0,1,2,0,1,0,0.082001969424243,True
2,1,1,1,1,0,1,2,1,0,0,0.09646238227625167,True
2,1,1,1,1,0,1,3,0,0,0,0.0834234564400263,True
2,1,1,1,1,0,2,0,0,0,2,0.6189667531692705,False
2,1,1,1,1,0,2,0,0,1,1,0.18093850060599703,True
2,1,1,1,1,0,2,0,0,2,0,0.09036818648847345,True
2,1,1,1,1,0,2,0,1,0,1,0.6396267554668831,False
2,1,1,1,1,0,2,0,1,1,0,0.1311089108526063,True
2,1,1,1,1,0,2,0,2,0,0,0.6602711713321894,False
2,1,1,1,1,0,2,1,0,0,1,0.18093850060599703,True
2,1,1,1,1,0,2,1,0,1,0,0.09408521921583042,True
2,1,1,1,1,0,2,1,1,0,0,0.13512421834481053,True
2,1,1,1,1,0,2,2,0,0,0,0.0961228541437403,True
2,1,1,1,1,0,3,0,0,0,1,0.6389667531692705,False
2,1,1,1,1,0,3,0,0,1,0,0.1311089108526063,True
2,1,1,1,1,0,3,0,1,0,0,0.6596267554668831,False
2,1,1,1,1,0,3,1,0,0,0,0.13458679200440304,True
2,1,1,1,1,0,4,0,0,0,0,0.6589667531692706,False
2,1,1,2,0,0,0,0,0,0,4,0.9199999999999993,False
2,1,1,2,0,0,0,0,0,1,3,0.9399999999999994,False
2,1,1,2,0,0,0,0,0,2,2,0.9599999999999996,False
2,1,1,2,0,0,0,0,0,3,1,0.9799999999999998,False
2,1,1,2,0,0,0,0,0,4,0,0.07670738794865314,True
2,1,1,2,0,0,0,0,1,0,3,0.9399999999999994,False
2,1,1,2,0,0,0,0,1,1,2,0.9599999999999996,False
2,1,1,2,0,0,0,0,1,2,1,0.9799999999999998,False
2,1,1,2,0,0,0,0,1,3,0,0.09036818648847345,True
2,1,1,2,0,0,0,0,2,0,2,0.9599999999999996,False
2,1,1,2,0,0,0,0,2,1,1,0.9799999999999998,False
2,1,1,2,0,0,0,0,2,2,0,0.1311089108526063,True
2,1,1,2,0,0,0,0,3,0,1,0.9799999999999998,False
2,1,1,2,0,0,0,0,3,1,0,0.6615146524777453,False
2,1,1,2,0,0,0,0,4,0,0,1.0,False
2,1,1,2,0,0,0,1,0,0,3,0.9399999999999994,False
2,1,1,2,0,0,0,1,0,1,2,0.9599999999999996,False
2,1,1,2,0,0,0,1,0,2,1,0.9799999999999998,False
2,1,1,2,0,0,0,1,0,3,0,0.07959684156473495,True
2,1,1,2,0,0,0,1,1,0,2,0.9599999999999996,False
2,1,1,2,0,0,0,1,1,1,1,0.9799999999999998,False
2,1,1,2,0,0,0,1,1,2,0,0.09408521921583042,True
2,1,1,2,0,0,0,1,2,0,1,0.9799999999999998,False
2,1,1,2,0,0,0,1,2,1,0,0.1361759053331829,True
2,1,1,2,0,0,0,1,3,0,0,1.0,False
2,1,1,2,0,0,0,2,0,0,2,0.9599999999999996,False
2,1,1,2,0,0,0,2,0,1,1,0.9799999999999998,False
2,1,1,2,0,0,0,2,0,2,0,0.082001969424243,True
2,1,1,2,0,0,0,2,1,0,1,0.9799999999999998,False
2,1,1,2,0,0,0,2,1,1,0,0.09679800601748545,True
2,1,1,2,0,0,0,2,2,0,0,1.0,False
2,1,1,2,0,0,0,3,0,0,1,0.9799999999999998,False
2,1,1,2,0,0,0,3,0,1,0,0.08368131099099546,True
2,1,1,2,0,0,0,3,1,0,0,1.0,False
2,1,1,2,0,0,0,4,0,0,0,1.0,False
2,1,1,2,0,0,1,0,0,0,3,0.9399999999999994,False
2,1,1,2,0,0,1,0,0,1,2,0.9599999999999996,False
2,1,1,2,0,0,1,0,0,2,1,0.9799999999999998,False
2,1,1,2,0,0,1,0,0,3,0,0.09036818648847345,True
2,1,1,2,0,0,1,0,1,0,2,0.9599999999999996,False
2,1,1,2,0,0,1,0,1,1,1,0.9799999999999998,False
2,1,1,2,0,0,1,0,1,2,0,0.1311089108526063,True
2,1,1,2,0,0,1,0,2,0,1,0.9799999999999998,False
2,1,1,2,0,0,1,0,2,1,0,0.660900355966056,False
2,1,1,2,0,0,1,0,3,0,0,1.0,False
2,1,1,2,0,0,1,1,0,0,2,0.9599999999999996,False
2,1,1,2,0,0,1,1,0,1,1,0.9799999999999998,False
2,1,1,2,0,0,1,1,0,2,0,0.09408521921583042,True
2,1,1,2,0,0,1,1,1,0,1,0.9799999999999998,False
2,1,1,2,0,0,1,1,1,1,0,0.13565389540794398,True
2,1,1,2,0,0,1,1,2,0,0,1.0,False
2,1,1,2,0,0,1,2,0,0,1,0.9799999999999998,False
2,1,1,2,0,0,1,2,0,1,0,0.09646238227625167,True
2,1,1,2,0,0,1,2,1,0,0,1.0,False
2,1,1,2,0,0,1,3,0,0,0,1.0,False
2,1,1,2,0,0,2,0,0,0,2,0.9599999999999996,False
2,1,1,2,0,0,2,0,0,1,1,0.9799999999999998,False
2,1,1,2,0,0,2,0,0,2,0,0.1311089108526063,True
2,1,1,2,0,0,2,0,1,0,1,0.9799999999999998,False
2,1,1,2,0,0,2,0,1,1,0,0.6602711713321894,False
2,1,1,2,0,0,2,0,2,0,0,1.0,False
2,1,1,2,0,0,2,1,0,0,1,0.9799999999999998,False
2,1,1,2,0,0,2,1,0,1,0,0.13512421834481053,True
2,1,1,2,0,0,2,1,1,0,0,1.0,False
2,1,1,2,0,0,2,2,0,0,0,1.0,False
2,1,1,2,0,0,3,0,0,0,1,0.9799999999999998,False
2,1,1,2,0,0,3,0,0,1,0,0.6596267554668831,False
2,1,1,2,0,0,3,0,1,0,0,1.0,False
2,1,1,2,0,0,3,1,0,0,0,1.0,False
2,1,1,2,0,0,4,0,0,0,0,1.0,False
2,1,2,0,0,1,0,0,0,0,4,0.8999999999999991,False
2,1,2,0,0,1,0,0,0,1,3,0.9199999999999993,False
2,1,2,0,0,1,0,0,0,2,2,0.9399999999999994,False
2,1,2,0,0,1,0,0,0,3,1,0.9599999999999996,False
2,1,2,0,0,1,0,0,0,4,0,0.05615741738568022,True
2,1,2,0,0,1,0,0,1,0,3,0.9199999999999993,False
2,1,2,0,0,1,0,0,1,1,2,0.9399999999999994,False
2,1,2,0,0,1,0,0,1,2,1,0.9599999999999996,False
2,1,2,0,0,1,0,0,1,3,0,0.06996695367670903,True
2,1,2,0,0,1,0,0,2,0,2,0.9399999999999994,False
2,1,2,0,0,1,0,0,2,1,1,0.9599999999999996,False
2,1,2,0,0,1,0,0,2,2,0,0.11329416596251438,True
2,1,2,0,0,1,0,0,3,0,1,0.9599999999999996,False
2,1,2,0,0,1,0,0,3,1,0,0.9689715459712558,False
2,1,2,0,0,1,0,0,4,0,0,0.9799999999999998,False
2,1,2,0,0,1,0,1,0,0,3,0.9199999999999993,False
2,1,2,0,0,1,0,1,0,1,2,0.9399999999999994,False
2,1,2,0,0,1,0,1,0,2,1,0.9599999999999996,False
2,1,2,0,0,1,0,1,0,3,0,0.0598564821517888,True
2,1,2,0,0,1,0,1,1,0,2,0.9399999999999994,False
2,1,2,0,0,1,0,1,1,1,1,0.9599999999999996,False
2,1,2,0,0,1,0,1,1,2,0,0.07521585993669387,True
2,1,2,0,0,1,0,1,2,0,1,0.9599999999999996,False
2,1,2,0,0,1,0,1,2,1,0,0.12189165266014049,True
2,1,2,0,0,1,0,1,3,0,0,0.9799999999999998,False
2,1,2,0,0,1,0,2,0,0,2,0.9399999999999994,False
2,1,2,0,0,1,0,2,0,1,1,0.9599999999999996,False
2,1,2,0,0,1,0,2,0,2,0,0.06302467766849801,True
2,1,2,0,0,1,0,2,1,0,1,0.9599999999999996,False
2,1,2,0,0,1,0,2,1,1,0,0.07879716858119849,True
2,1,2,0,0,1,0,2,2,0,0,0.9799999999999998,False
2,1,2,0,0,1,0,3,0,0,1,0.9599999999999996,False
2,1,2,0,0,1,0,3,0,1,0,0.06504451769880892,True
2,1,2,0,0,1,0,3,1,0,0,0.9799999999999998,False
2,1,2,0,0,1,0,4,0,0,0,0.9799999999999998,False
2,1,2,0,0,1,1,0,0,0,3,0.9199999999999993,False
2,1,2,0,0,1,1,0,0,1,2,0.9399999999999994,False
2,1,2,0,0,1,1,0,0,2,1,0.9599999999999996,False
2,1,2,0,0,1,1,0,0,3,0,0.06996695367670903,True
2,1,2,0,0,1,1,0,1,0,2,0.9399999999999994,False
2,1,2,0,0,1,1,0,1,1,1,0.9599999999999996,False
2,1,2,0,0,1,1,0,1,2,0,0.11329416596251438,True
2,1,2,0,0,1,1,0,2,0,1,0.9599999999999996,False
2,1,2,0,0,1,1,0,2,1,0,0.9680473011759502,False
2,1,2,0,0,1,1,0,3,0,0,0.9799999999999998,False
2,1,2,0,0,1,1,1,0,0,2,0.9399999999999994,False
2,1,2,0,0,1,1,1,0,1,1,0.9599999999999996,False
2,1,2,0,0,1,1,1,0,2,0,0.07521585993669387,True
2,1,2,0,0,1,1,1,1,0,1,0.9599999999999996,False
2,1,2,0,0,1,1,1,1,1,0,0.12107293055550378,True
2,1,2,0,0,1,1,1,2,0,0,0.9799999999999998,False
2,1,2,0,0,1,1,2,0,0,1,0.9599999999999996,False
2,1,2,0,0,1,1,2,0,1,0,0.078391971719297,True
2,1,2,0,0,1,1,2,1,0,0,0.9799999999999998,False
2,1,2,0,0,1,1,3,0,0,0,0.9799999999999998,False
2,1,2,0,0,1,2,0,0,0,2,0.9399999999999994,False
2,1,2,0,0,1,2,0,0,1,1,0.9599999999999996,False
2,1,2,0,0,1,2,0,0,2,0,0.11329416596251438,True
2,1,2,0,0,1,2,0,1,0,1,0.9599999999999996,False
2,1,2,0,0,1,2,0,1,1,0,0.9682188478362774,False
2,1,2,0,0,1,2,0,2,0,0,0.9799999999999998,False
2,1,2,0,0,1,2,1,0,0,1,0.9599999999999996,False
2,1,2,0,0,1,2,1,0,1,0,0.12023620833122457,True
2,1,2,0,0,1,2,1,1,0,0,0.9799999999999998,False
2,1,2,0,0,1,2,2,0,0,0,0.9799999999999998,False
2,1,2,0,0,1,3,0,0,0,1,0.9599999999999996,False
2,1,2,0,0,1,3,0,0,1,0,0.9685310060283868,False
2,1,2,0,0,1,3,0,1,0,0,0.9799999999999998,False
2,1,2,0,0,1,3,1,0,0,0,0.9799999999999998,False
2,1,2,0,0,1,4,0,0,0,0,0.9799999999999998,False
2,1,2,0,1,0,0,0,0,0,4,0.05404153287771339,True
2,1,2,0,1,0,0,0,0,1,3,0.048471249975377086,True
2,1,2,0,1,0,0,0,0,2,2,0.05839192242060584,True
2,1,2,0,1,0,0,0,0,3,1,0.07247311232093537,True
2,1,2,0,1,0,0,0,0,4,0,0.0675572485394852,True
2,1,2,0,1,0,0,0,1,0,3,0.07458679200440312,True
2,1,2,0,1,0,0,0,1,1,2,0.06894719938504068,True
2,1,2,0,1,0,0,0,1,2,1,0.0787971179821597,True
2,1,2,0,1,0,0,0,1,3,0,0.07215481172439062,True
2,1,2,0,1,0,0,0,2,0,2,0.09512421834481061,True
2,1,2,0,1,0,0,0,2,1,1,0.08942333757373579,True
2,1,2,0,1,0,0,0,2,2,0,0.07959684156473495,True
2,1,2,0,1,0,0,0,3,0,1,0.11565389540794402,True
2,1,2,0,1,0,0,0,3,1,0,0.09408521921583042,True
2,1,2,0,1,0,0,0,4,0,0,0.1361759053331829,True
2,1,2,0,1,0,0,1,0,0,3,0.048471250352182624,True
2,1,2,0,1,0,0,1,0,1,2,0.05839192247322112,True
2,1,2,0,1,0,0,1,0,2,1,0.07247311232132742,True
2,1,2,0,1,0,0,1,0,3,0,0.06939751971667098,True
2,1,2,0,1,0,0,1,1,0,2,0.06894719976922005,True
2,1,2,0,1,0,0,1,1,1,1,0.07879711803616282,True
2,1,2,0,1,0,0,1,1,2,0,0.07420542466872661,True
2,1,2,0,1,0,0,1,2,0,1,0.0894233379656172,True
2,1,2,0,1,0,0,1,2,1,0,0.082001969424243,True
2,1,2,0,1,0,0,1,3,0,0,0.09679800601748545,True
2,1,2,0,1,0,0,2,0,0,2,0.05839197171929704,True
2,1,2,0,1,0,0,2,0,1,1,0.07247311236829869,True
2,1,2,0,1,0,0,2,0,2,0,0.07090005893809109,True
2,1,2,0,1,0,0,2,1,0,1,0.07879716858119849,True
2,1,2,0,1,0,0,2,1,1,0,0.07587029299360815,True
2,1,2,0,1,0,0,2,2,0,0,0.08368131099099546,True
2,1,2,0,1,0,0,3,0,0,1,0.07247347454786707,True
2,1,2,0,1,0,0,3,0,1,0,0.0720658091241079,True
2,1,2,0,1,0,0,3,1,0,0,0.07693906743340787,True
2,1,2,0,1,0,0,4,0,0,0,0.07270371876406487,True
2,1,2,0,1,0,1,0,0,0,3,0.07404153287771337,True
2,1,2,0,1,0,1,0,0,1,2,0.06847124997537705,True
2,1,2,0,1,0,1,0,0,2,1,0.0783919224206058,True
2,1,2,0,1,0,1,0,0,3,0,0.07215481172439062,True
2,1,2,0,1,0,1,0,1,0,2,0.09458679200440309,True
2,1,2,0,1,0,1,0,1,1,1,0.08894719938504064,True
2,1,2,0,1,0,1,0,1,2,0,0.07959684156473495,True
2,1,2,0,1,0,1,0,2,0,1,0.11512421834481057,True
2,1,2,0,1,0,1,0,2,1,0,0.09408521921583042,True
2,1,2,0,1,0,1,0,3,0,0,0.13565389540794398,True
2,1,2,0,1,0,1,1,0,0,2,0.0684712503521826,True
2,1,2,0,1,0,1,1,0,1,1,0.07839192247322109,True
2,1,2,0,1,0,1,1,0,2,0,0.07420542466872661,True
2,1,2,0,1,0,1,1,1,0,1,0.08894719976922001,True
2,1,2,0,1,0,1,1,1,1,0,0.082001969424243,True
2,1,2,0,1,0,1,1,2,0,0,0.09646238227625167,True
2,1,2,0,1,0,1,2,0,0,1,0.078391971719297,True
2,1,2,0,1,0,1,2,0,1,0,0.07587029299360815,True
2,1,2,0,1,0,1,2,1,0,0,0.0834234564400263,True
2,1,2,0,1,0,1,3,0,0,0,0.07672192886070908,True
2,1,2,0,1,0,2,0,0,0,2,0.09404153287771334,True
2,1,2,0,1,0,2,0,0,1,1,0.08847124997537702,True
2,1,2,0,1,0,2,0,0,2,0,0.07959684156473495,True
2,1,2,0,1,0,2,0,1,0,1,0.11458679200440305,True
2,1,2,0,1,0,2,0,1,1,0,0.09408521921583042,True
2,1,2,0,1,0,2,0,2,0,0,0.13512421834481053,True
2,1,2,0,1,0,2,1,0,0,1,0.08847125035218256,True
2,1,2,0,1,0,2,1,0,1,0,0.082001969424243,True
2,1,2,0,1,0,2,1,1,0,0,0.0961228541437403,True
2,1,2,0,1,0,2,2,0,0,0,0.08316295079267534,True
2,1,2,0,1,0,3,0,0,0,1,0.11404153287771329,True
2,1,2,0,1,0,3,0,0,1,0,0.09408521921583042,True
2,1,2,0,1,0,3,0,1,0,0,0.13458679200440304,True
2,1,2,0,1,0,3,1,0,0,0,0.09577940304640327,True
2,1,2,0,1,0,4,0,0,0,0,0.13404153287771328,True
2,1,2,1,0,0,0,0,0,0,4,0.9199999999999993,False
2,1,2,1,0,0,0,0,0,1,3,0.9399999999999994,False
2,1,2,1,0,0,0,0,0,2,2,0.9599999999999996,False
2,1,2,1,0,0,0,0,0,3,1,0.9799999999999998,False
2,1,2,1,0,0,0,0,0,4,0,0.07215481172439062,True
2,1,2,1,0,0,0,0,1,0,3,0.9399999999999994,False
2,1,2,1,0,0,0,0,1,1,2,0.9599999999999996,False
2,1,2,1,0,0,0,0,1,2,1,0.9799999999999998,False
2,1,2,1,0,0,0,0,1,3,0,0.07959684156473495,True
2,1,2,1,0,0,0,0,2,0,2,0.9599999999999996,False
2,1,2,1,0,0,0,0,2,1,1,0.9799999999999998,False
2,1,2,1,0,0,0,0,2,2,0,0.09408521921583042,True
2,1,2,1,0,0,0,0,3,0,1,0.9799999999999998,False
2,1,2,1,0,0,0,0,3,1,0,0.1361759053331829,True
2,1,2,1,0,0,0,0,4,0,0,1.0,False
2,1,2,1,0,0,0,1,0,0,3,0.9399999999999994,False
2,1,2,1,0,0,0,1,0,1,2,0.9599999999999996,False
2,1,2,1,0,0,0,1,0,2,1,0.9799999999999998,False
2,1,2,1,0,0,0,1,0,3,0,0.07420542466872661,True
2,1,2,1,0,0,0,1,1,0,2,0.9599999999999996,False
2,1,2,1,0,0,0,1,1,1,1,0.9799999999999998,False
2,1,2,1,0,0,0,1,1,2,0,0.082001969424243,True
2,1,2,1,0,0,0,1,2,0,1,0.9799999999999998,False
2,1,2,1,0,0,0,1,2,1,0,0.09679800601748545,True
2,1,2,1,0,0,0,1,3,0,0,1.0,False
2,1,2,1,0,0,0,2,0,0,2,0.9599999999999996,False
2,1,2,1,0,0,0,2,0,1,1,0.9799999999999998,False
2,1,2,1,0,0,0,2,0,2,0,0.07587029299360815,True
2,1,2,1,0,0,0,2,1,0,1,0.9799999999999998,False
2,1,2,1,0,0,0,2,1,1,0,0.08368131099099546,True
2,1,2,1,0,0,0,2,2,0,0,1.0,False
2,1,2,1,0,0,0,3,0,0,1,0.9799999999999998,False
2,1,2,1,0,0,0,3,0,1,0,0.07693906743340787,True
2,1,2,1,0,0,0,3,1,0,0,1.0,False
2,1,2,1,0,0,0,4,0,0,0,1.0,False
2,1,2,1,0,0,1,0,0,0,3,0.9399999999999994,False
2,1,2,1,0,0,1,0,0,1,2,0.9599999999999996,False
2,1,2,1,0,0,1,0,0,2,1,0.9799999999999998,False
2,1,2,1,0,0,1,0,0,3,0,0.07959684156473495,True
2,1,2,1,0,0,1,0,1,0,2,0.9599999999999996,False
2,1,2,1,0,0,1,0,1,1,1,0.9799999999999998,False
2,1,2,1,0,0,1,0,1,2,0,0.09408521921583042,True
2,1,2,1,0,0,1,0,2,0,1,0.9799999999999998,False
2,1,2,1,0,0,1,0,2,1,0,0.13565389540794398,True
2,1,2,1,0,0,1,0,3,0,0,1.0,False
2,1,2,1,0,0,1,1,0,0,2,0.9599999999999996,False
2,1,2,1,0,0,1,1,0,1,1,0.9799999999999998,False
2,1,2,1,0,0,1,1,0,2,0,0.082001969424243,True
2,1,2,1,0,0,1,1,1,0,1,0.9799999999999998,False
2,1,2,1,0,0,1,1,1,1,0,0.09646238227625167,True
2,1,2,1,0,0,1,1,2,0,0,1.0,False
2,1,2,1,0,0,1,2,0,0,1,0.9799999999999998,False
2,1,2,1,0,0,1,2,0,1,0,0.0834234564400263,True
2,1,2,1,0,0,1,2,1,0,0,1.0,False
2,1,2,1,0,0,1,3,0,0,0,1.0,False
2,1,2,1,0,0,2,0,0,0,2,0.9599999999999996,False
2,1,2,1,0,0,2,0,0,1,1,0.9799999999999998,False
2,1,2,1,0,0,2,0,0,2,0,0.09408521921583042,True
2,1,2,1,0,0,2,0,1,0,1,0.9799999999999998,False
2,1,2,1,0,0,2,0,1,1,0,0.13512421834481053,True
2,1,2,1,0,0,2,0,2,0,0,1.0,False
2,1,2,1,0,0,2,1,0,0,1,0.9799999999999998,False
2,1,2,1,0,0,2,1,0,1,0,0.0961228541437403,True
2,1,2,1,0,0,2,1,1,0,0,1.0,False
2,1,2,1,0,0,2,2,0,0,0,1.0,False
2,1,2,1,0,0,3,0,0,0,1,0.9799999999999998,False
2,1,2,1,0,0,3,0,0,1,0,0.13458679200440304,True
2,1,2,1,0,0,3,0,1,0,0,1.0,False
2,1,2,1,0,0,3,1,0,0,0,1.0,False
2,1,2,1,0,0,4,0,0,0,0,1.0,False
2,1,3,0,0,0,0,0,0,0,4,0.9199999999999993,False
2,1,3,0,0,0,0,0,0,1,3,0.9399999999999994,False
2,1,3,0,0,0,0,0,0,2,2,0.9599999999999996,False
2,1,3,0,0,0,0,0,0,3,1,0.9799999999999998,False
2,1,3,0,0,0,0,0,0,4,0,0.06939751971667098,True
2,1,3,0,0,0,0,0,1,0,3,0.9399999999999994,False
2,1,3,0,0,0,0,0,1,1,2,0.9599999999999996,False
2,1,3,0,0,0,0,0,1,2,1,0.9799999999999998,False
2,1,3,0,0,0,0,0,1,3,0,0.07420542466872661,True
2,1,3,0,0,0,0,0,2,0,2,0.9599999999999996,False
2,1,3,0,0,0,0,0,2,1,1,0.9799999999999998,False
2,1,3,0,0,0,0,0,2,2,0,0.082001969424243,True
2,1,3,0,0,0,0,0,3,0,1,0.9799999999999998,False
2,1,3,0,0,0,0,0,3,1,0,0.09679800601748545,True
2,1,3,0,0,0,0,0,4,0,0,1.0,False
2,1,3,0,0,0,0,1,0,0,3,0.9399999999999994,False
2,1,3,0,0,0,0,1,0,1,2,0.9599999999999996,False
2,1,3,0,0,0,0,1,0,2,1,0.9799999999999998,False
2,1,3,0,0,0,0,1,0,3,0,0.07090005893809109,True
2,1,3,0,0,0,0,1,1,0,2,0.9599999999999996,False
2,1,3,0,0,0,0,1,1,1,1,0.9799999999999998,False
2,1,3,0,0,0,0,1,1,2,0,0.07587029299360815,True
2,1,3,0,0,0,0,1,2,0,1,0.9799999999999998,False
2,1,3,0,0,0,0,1,2,1,0,0.08368131099099546,True
2,1,3,0,0,0,0,1,3,0,0,1.0,False
2,1,3,0,0,0,0,2,0,0,2,0.9599999999999996,False
2,1,3,0,0,0,0,2,0,1,1,0.9799999999999998,False
2,1,3,0,0,0,0,2,0,2,0,0.0720658091241079,True
2,1,3,0,0,0,0,2,1,0,1,0.9799999999999998,False
2,1,3,0,0,0,0,2,1,1,0,0.07693906743340787,True
2,1,3,0,0,0,0,2,2,0,0,1.0,False
2,1,3,0,0,0,0,3,0,0,1,0.9799999999999998,False
2,1,3,0,0,0,0,3,0,1,0,0.07270371876406487,True
2,1,3,0,0,0,0,3,1,0,0,1.0,False
2,1,3,0,0,0,0,4,0,0,0,1.0,False
2,1,3,0,0,0,1,0,0,0,3,0.9399999999999994,False
2,1,3,0,0,0,1,0,0,1,2,0.9599999999999996,False
2,1,3,0,0,0,1,0,0,2,1,0.9799999999999998,False
2,1,3,0,0,0,1,0,0,3,0,0.07420542466872661,True
2,1,3,0,0,0,1,0,1,0,2,0.9599999999999996,False
2,1,3,0,0,0,1,0,1,1,1,0.9799999999999998,False
2,1,3,0,0,0,1,0,1,2,0,0.082001969424243,True
2,1,3,0,0,0,1,0,2,0,1,0.9799999999999998,False
2,1,3,0,0,0,1,0,2,1,0,0.09646238227625167,True
2,1,3,0,0,0,1,0,3,0,0,1.0,False
2,1,3,0,0,0,1,1,0,0,2,0.9599999999999996,False
2,1,3,0,0,0,1,1,0,1,1,0.9799999999999998,False
2,1,3,0,0,0,1,1,0,2,0,0.07587029299360815,True
2,1,3,0,0,0,1,1,1,0,1,0.9799999999999998,False
2,1,3,0,0,0,1,1,1,1,0,0.0834234564400263,True
2,1,3,0,0,0,1,1,2,0,0,1.0,False
2,1,3,0,0,0,1,2,0,0,1,0.9799999999999998,False
2,1,3,0,0,0,1,2,0,1,0,0.07672192886070908,True
2,1,3,0,0,0,1,2,1,0,0,1.0,False
2,1,3,0,0,0,1,3,0,0,0,1.0,False
2,1,3,0,0,0,2,0,0,0,2,0.9599999999999996,False
2,1,3,0,0,0,2,0,0,1,1,0.9799999999999998,False
2,1,3,0,0,0,2,0,0,2,0,0.082001969424243,True
2,1,3,0,0,0,2,0,1,0,1,0.9799999999999998,False
2,1,3,0,0,0,2,0,1,1,0,0.0961228541437403,True
2,1,3,0,0,0,2,0,2,0,0,1.0,False
2,1,3,0,0,0,2,1,0,0,1,0.9799999999999998,False
2,1,3,0,0,0,2,1,0,1,0,0.08316295079267534,True
2,1,3,0,0,0,2,1,1,0,0,1.0,False
2,1,3,0,0,0,2,2,0,0,0,1.0,False
2,1,3,0,0,0,3,0,0,0,1,0.9799999999999998,False
2,1,3,0,0,0,3,0,0,1,0,0.09577940304640327,True
2,1,3,0,0,0,3,0,1,0,0,1.0,False
2,1,3,0,0,0,3,1,0,0,0,1.0,False
2,1,3,0,0,0,4,0,0,0,0,1.0,False
2,2,0,0,0,2,0,0,0,0,4,0.8799999999999989,False
2,2,0,0,0,2,0,0,0,1,3,0.8999999999999991,False
2,2,0,0,0,2,0,0,0,2,2,0.9199999999999993,False
2,2,0,0,0,2,0,0,0,3,1,0.9399999999999994,False
2,2,0,0,0,2,0,0,0,4,0,0.04593565243445104,True
2,2,0,0,0,2,0,0,1,0,3,0.8999999999999991,False
2,2,0,0,0,2,0,0,1,1,2,0.9199999999999993,False
2,2,0,0,0,2,0,0,1,2,1,0.9399999999999994,False
2,2,0,0,0,2,0,0,1,3,0,0.08419780238092588,True
2,2,0,0,0,2,0,0,2,0,2,0.9199999999999993,False
2,2,0,0,0,2,0,0,2,1,1,0.9399999999999994,False
2,2,0,0,0,2,0,0,2,2,0,0.6140210857592641,False
2,2,0,0,0,2,0,0,3,0,1,0.9399999999999994,False
2,2,0,0,0,2,0,0,3,1,0,0.9523793807983397,False
2,2,0,0,0,2,0,0,4,0,0,0.9599999999999996,False
2,2,0,0,0,2,0,1,0,0,3,0.8999999999999991,False
2,2,0,0,0,2,0,1,0,1,2,0.9199999999999993,False
2,2,0,0,0,2,0,1,0,2,1,0.9399999999999994,False
2,2,0,0,0,2,0,1,0,3,0,0.050368186488473514,True
2,2,0,0,0,2,0,1,1,0,2,0.9199999999999993,False
2,2,0,0,0,2,0,1,1,1,1,0.9399999999999994,False
2,2,0,0,0,2,0,1,1,2,0,0.09110891085260636,True
2,2,0,0,0,2,0,1,2,0,1,0.9399999999999994,False
2,2,0,0,0,2,0,1,2,1,0,0.6196267554668832,False
2,2,0,0,0,2,0,1,3,0,0,0.9599999999999996,False
2,2,0,0,0,2,0,2,0,0,2,0.9199999999999993,False
2,2,0,0,0,2,0,2,0,1,1,0.9399999999999994,False
2,2,0,0,0,2,0,2,0,2,0,0.054085219215830475,True
2,2,0,0,0,2,0,2,1,0,1,0.9399999999999994,False
2,2,0,0,0,2,0,2,1,1,0,0.09458679200440309,True
2,2,0,0,0,2,0,2,2,0,0,0.9599999999999996,False
2,2,0,0,0,2,0,3,0,0,1,0.9399999999999994,False
2,2,0,0,0,2,0,3,0,1,0,0.05577940304640333,True
2,2,0,0,0,2,0,3,1,0,0,0.9599999999999996,False
2,2,0,0,0,2,0,4,0,0,0,0.9599999999999996,False
2,2,0,0,0,2,1,0,0,0,3,0.8999999999999991,False
2,2,0,0,0,2,1,0,0,1,2,0.9199999999999993,False
2,2,0,0,0,2,1,0,0,2,1,0.9399999999999994,False
2,2,0,0,0,2,1,0,0,3,0,0.08419780238092588,True
2,2,0,0,0,2,1,0,1,0,2,0.9199999999999993,False
2,2,0,0,0,2,1,0,1,1,1,0.9399999999999994,False
2,2,0,0,0,2,1,0,1,2,0,0.6140210857592641,False
2,2,0,0,0,2,1,0,2,0,1,0.9399999999999994,False
2,2,0,0,0,2,1,0,2,1,0,0.9519257751464842,False
2,2,0,0,0,2,1,0,3,0,0,0.9599999999999996,False
2,2,0,0,0,2,1,1,0,0,2,0.9199999999999993,False
2,2,0,0,0,2,1,1,0,1,1,0.9399999999999994,False
2,2,0,0,0,2,1,1,0,2,0,0.09110891085260636,True
2,2,0,0,0,2,1,1,1,0,1,0.9399999999999994,False
2,2,0,0,0,2,1,1,1,1,0,0.6189667531692705,False
2,2,0,0,0,2,1,1,2,0,0,0.9599999999999996,False
2,2,0,0,0,2,1,2,0,0,1,0.9399999999999994,False
2,2,0,0,0,2,1,2,0,1,0,0.09404153287771334,True
2,2,0,0,0,2,1,2,1,0,0,0.9599999999999996,False
2,2,0,0,0,2,1,3,0,0,0,0.9599999999999996,False
2,2,0,0,0,2,2,0,0,0,2,0.9199999999999993,False
2,2,0,0,0,2,2,0,0,1,1,0.9399999999999994,False
2,2,0,0,0,2,2,0,0,2,0,0.6140210857592641,False
2,2,0,0,0,2,2,0,1,0,1,0.9399999999999994,False
2,2,0,0,0,2,2,0,1,1,0,0.9513930648803715,False
2,2,0,0,0,2,2,0,2,0,0,0.9599999999999996,False
2,2,0,0,0,2,2,1,0,0,1,0.9399999999999994,False
2,2,0,0,0,2,2,1,0,1,0,0.6182907965727762,False
2,2,0,0,0,2,2,1,1,0,0,0.9599999999999996,False
2,2,0,0,0,2,2,2,0,0,0,0.9599999999999996,False
2,2,0,0,0,2,3,0,0,0,1,0.9399999999999994,False
2,2,0,0,0,2,3,0,0,1,0,0.9507812500000001,False
2,2,0,0,0,2,3,0,1,0,0,0.9599999999999996,False
2,2,0,0,0,2,3,1,0,0,0,0.9599999999999996,False
2,2,0,0,0,2,4,0,0,0,0,0.9599999999999996,False
2,2,0,0,1,1,0,0,0,0,4,0.8999999999999991,False
2,2,0,0,1,1,0,0,0,1,3,0.9199999999999993,False
2,2,0,0,1,1,0,0,0,2,2,0.9399999999999994,False
2,2,0,0,1,1,0,0,0,3,1,0.9599999999999996,False
2,2,0,0,1,1,0,0,0,4,0,0.05965168409282998,True
2,2,0,0,1,1,0,0,1,0,3,0.9199999999999993,False
2,2,0,0,1,1,0,0,1,1,2,0.9399999999999994,False
2,2,0,0,1,1,0,0,1,2,1,0.9599999999999996,False
2,2,0,0,1,1,0,0,1,3,0,0.07947665573328899,True
2,2,0,0,1,1,0,0,2,0,2,0.9399999999999994,False
2,2,0,0,1,1,0,0,2,1,1,0.9599999999999996,False
2,2,0,0,1,1,0,0,2,2,0,0.17196166614481137,True
2,2,0,0,1,1,0,0,3,0,1,0.9599999999999996,False
2,2,0,0,1,1,0,0,3,1,0,0.9689580796627396,False
2,2,0,0,1,1,0,0,4,0,0,0.9799999999999998,False
2,2,0,0,1,1,0,1,0,0,3,0.9199999999999993,False
2,2,0,0,1,1,0,1,0,1,2,0.9399999999999994,False
2,2,0,0,1,1,0,1,0,2,1,0.9599999999999996,False
2,2,0,0,1,1,0,1,0,3,0,0.06363393019300936,True
2,2,0,0,1,1,0,1,1,0,2,0.9399999999999994,False
2,2,0,0,1,1,0,1,1,1,1,0.9599999999999996,False
2,2,0,0,1,1,0,1,1,2,0,0.0854468497373323,True
2,2,0,0,1,1,0,1,2,0,1,0.9599999999999996,False
2,2,0,0,1,1,0,1,2,1,0,0.18204317063034958,True
2,2,0,0,1,1,0,1,3,0,0,0.9799999999999998,False
2,2,0,0,1,1,0,2,0,0,2,0.9399999999999994,False
2,2,0,0,1,1,0,2,0,1,1,0.9599999999999996,False
2,2,0,0,1,1,0,2,0,2,0,0.06700849865022118,True
2,2,0,0,1,1,0,2,1,0,1,0.9599999999999996,False
2,2,0,0,1,1,0,2,1,1,0,0.08894719938504064,True
2,2,0,0,1,1,0,2,2,0,0,0.9799999999999998,False
2,2,0,0,1,1,0,3,0,0,1,0.9599999999999996,False
2,2,0,0,1,1,0,3,0,1,0,0.06893542470357773,True
2,2,0,0,1,1,0,3,1,0,0,0.9799999999999998,False
2,2,0,0,1,1,0,4,0,0,0,0.9799999999999998,False
2,2,0,0,1,1,1,0,0,0,3,0.9199999999999993,False
2,2,0,0,1,1,1,0,0,1,2,0.9399999999999994,False
2,2,0,0,1,1,1,0,0,2,1,0.9599999999999996,False
2,2,0,0,1,1,1,0,0,3,0,0.07947665573328899,True
2,2,0,0,1,1,1,0,1,0,2,0.9399999999999994,False
2,2,0,0,1,1,1,0,1,1,1,0.9599999999999996,False
2,2,0,0,1,1,1,0,1,2,0,0.17196166614481137,True
2,2,0,0,1,1,1,0,2,0,1,0.9599999999999996,False
2,2,0,0,1,1,1,0,2,1,0,0.9682850111068384,False
2,2,0,0,1,1,1,0,3,0,0,0.9799999999999998,False
2,2,0,0,1,1,1,1,0,0,2,0.9399999999999994,False
2,2,0,0,1,1,1,1,0,1,1,0.9599999999999996,False
2,2,0,0,1,1,1,1,0,2,0,0.0854468497373323,True
2,2,0,0,1,1,1,1,1,0,1,0.9599999999999996,False
2,2,0,0,1,1,1,1,1,1,0,0.18093850060599703,True
2,2,0,0,1,1,1,1,2,0,0,0.9799999999999998,False
2,2,0,0,1,1,1,2,0,0,1,0.9599999999999996,False
2,2,0,0,1,1,1,2,0,1,0,0.08847124997537702,True
2,2,0,0,1,1,1,2,1,0,0,0.9799999999999998,False
2,2,0,0,1,1,1,3,0,0,0,0.9799999999999998,False
2,2,0,0,1,1,2,0,0,0,2,0.9399999999999994,False
2,2,0,0,1,1,2,0,0,1,1,0.9599999999999996,False
2,2,0,0,1,1,2,0,0,2,0,0.17196166614481137,True
2,2,0,0,1,1,2,0,1,0,1,0.9599999999999996,False
2,2,0,0,1,1,2,0,1,1,0,0.9680975349622452,False
2,2,0,0,1,1,2,0,2,0,0,0.9799999999999998,False
2,2,0,0,1,1,2,1,0,0,1,0.9599999999999996,False
2,2,0,0,1,1,2,1,0,1,0,0.17980616078150383,True
2,2,0,0,1,1,2,1,1,0,0,0.9799999999999998,False
2,2,0,0,1,1,2,2,0,0,0,0.9799999999999998,False
2,2,0,0,1,1,3,0,0,0,1,0.9599999999999996,False
2,2,0,0,1,1,3,0,0,1,0,0.9668590222625749,False
2,2,0,0,1,1,3,0,1,0,0,0.9799999999999998,False
2,2,0,0,1,1,3,1,0,0,0,0.9799999999999998,False
2,2,0,0,1,1,4,0,0,0,0,0.9799999999999998,False
2,2,0,0,2,0,0,0,0,0,4,0.5740210857592641,False
2,2,0,0,2,0,0,0,0,1,3,0.13196166614481142,True
2,2,0,0,2,0,0,0,0,2,2,0.09329416593524736,True
2,2,0,0,2,0,0,0,0,3,1,0.09213854305545643,True
2,2,0,0,2,0,0,0,0,4,0,0.06687782921992085,True
2,2,0,0,2,0,0,0,1,0,3,0.5940210857592642,False
2,2,0,0,2,0,0,0,1,1,2,0.1519616661448114,True
2,2,0,0,2,0,0,0,1,2,1,0.11329416593524734,True
2,2,0,0,2,0,0,0,1,3,0,0.07331906337393412,True
2,2,0,0,2,0,0,0,2,0,2,0.6140210857592641,False
2,2,0,0,2,0,0,0,2,1,1,0.17196166614481137,True
2,2,0,0,2,0,0,0,2,2,0,0.08593565243445098,True
2,2,0,0,2,0,0,0,3,0,1,0.634021085759264,False
2,2,0,0,2,0,0,0,3,1,0,0.12419780238092583,True
2,2,0,0,2,0,0,0,4,0,0,0.654021085759264,False
2,2,0,0,2,0,0,1,0,0,3,0.13196166614481142,True
2,2,0,0,2,0,0,1,0,1,2,0.09329416593809188,True
2,2,0,0,2,0,0,1,0,2,1,0.09213854305572253,True
2,2,0,0,2,0,0,1,0,3,0,0.06971388024109355,True
2,2,0,0,2,0,0,1,1,0,2,0.1519616661448114,True
2,2,0,0,2,0,0,1,1,1,1,0.11329416593809186,True
2,2,0,0,2,0,0,1,1,2,0,0.07670738794865314,True
2,2,0,0,2,0,0,1,2,0,1,0.17196166614481137,True
2,2,0,0,2,0,0,1,2,1,0,0.09036818648847345,True
2,2,0,0,2,0,0,1,3,0,0,0.1311089108526063,True
2,2,0,0,2,0,0,2,0,0,2,0.0932941659625144,True
2,2,0,0,2,0,0,2,0,1,1,0.09213854305673237,True
2,2,0,0,2,0,0,2,0,2,0,0.07215481172439062,True
2,2,0,0,2,0,0,2,1,0,1,0.11329416596251438,True
2,2,0,0,2,0,0,2,1,1,0,0.07959684156473495,True
2,2,0,0,2,0,0,2,2,0,0,0.09408521921583042,True
2,2,0,0,2,0,0,3,0,0,1,0.09213854310893253,True
2,2,0,0,2,0,0,3,0,1,0,0.07420542466872661,True
2,2,0,0,2,0,0,3,1,0,0,0.082001969424243,True
2,2,0,0,2,0,0,4,0,0,0,0.07587029299360815,True
2,2,0,0,2,0,1,0,0,0,3,0.5940210857592642,False
2,2,0,0,2,0,1,0,0,1,2,0.1519616661448114,True
2,2,0,0,2,0,1,0,0,2,1,0.11329416593524734,True
2,2,0,0,2,0,1,0,0,3,0,0.07331906337393412,True
2,2,0,0,2,0,1,0,1,0,2,0.6140210857592641,False
2,2,0,0,2,0,1,0,1,1,1,0.17196166614481137,True
2,2,0,0,2,0,1,0,1,2,0,0.08593565243445098,True
2,2,0,0,2,0,1,0,2,0,1,0.634021085759264,False
2,2,0,0,2,0,1,0,2,1,0,0.12419780238092583,True
2,2,0,0,2,0,1,0,3,0,0,0.654021085759264,False
2,2,0,0,2,0,1,1,0,0,2,0.1519616661448114,True
2,2,0,0,2,0,1,1,0,1,1,0.11329416593809186,True
2,2,0,0,2,0,1,1,0,2,0,0.07670738794865314,True
2,2,0,0,2,0,1,1,1,0,1,0.17196166614481137,True
2,2,0,0,2,0,1,1,1,1,0,0.09036818648847345,True
2,2,0,0,2,0,1,1,2,0,0,0.1311089108526063,True
2,2,0,0,2,0,1,2,0,0,1,0.11329416596251438,True
2,2,0,0,2,0,1,2,0,1,0,0.07959684156473495,True
2,2,0,0,2,0,1,2,1,0,0,0.09408521921583042,True
2,2,0,0,2,0,1,3,0,0,0,0.082001969424243,True
2,2,0,0,2,0,2,0,0,0,2,0.6140210857592641,False
2,2,0,0,2,0,2,0,0,1,1,0.17196166614481137,True
2,2,0,0,2,0,2,0,0,2,0,0.08593565243445098,True
2,2,0,0,2,0,2,0,1,0,1,0.634021085759264,False
2,2,0,0,2,0,2,0,1,1,0,0.12419780238092583,True
2,2,0,0,2,0,2,0,2,0,0,0.654021085759264,False
2,2,0,0,2,0,2,1,0,0,1,0.17196166614481137,True
2,2,0,0,2,0,2,1,0,1,0,0.09036818648847345,True
2,2,0,0,2,0,2,1,1,0,0,0.1311089108526063,True
2,2,0,0,2,0,2,2,0,0,0,0.09408521921583042,True
2,2,0,0,2,0,3,0,0,0,1,0.634021085759264,False
2,2,0,0,2,0,3,0,0,1,0,0.12419780238092583,True
2,2,0,0,2,0,3,0,1,0,0,0.654021085759264,False
2,2,0,0,2,0,3,1,0,0,0,0.1311089108526063,True
2,2,0,0,2,0,4,0,0,0,0,0.654021085759264,False
2,2,0,1,0,1,0,0,0,0,4,0.8999999999999991,False
2,2,0,1,0,1,0,0,0,1,3,0.9199999999999993,False
2,2,0,1,0,1,0,0,0,2,2,0.9399999999999994,False
2,2,0,1,0,1,0,0,0,3,1,0.9599999999999996,False
2,2,0,1,0,1,0,0,0,4,0,0.065935652434451,True
2,2,0,1,0,1,0,0,1,0,3,0.9199999999999993,False
2,2,0,1,0,1,0,0,1,1,2,0.9399999999999994,False
2,2,0,1,0,1,0,0,1,2,1,0.9599999999999996,False
2,2,0,1,0,1,0,0,1,3,0,0.10419780238092585,True
2,2,0,1,0,1,0,0,2,0,2,0.9399999999999994,False
2,2,0,1,0,1,0,0,2,1,1,0.9599999999999996,False
2,2,0,1,0,1,0,0,2,2,0,0.634021085759264,False
2,2,0,1,0,1,0,0,3,0,1,0.9599999999999996,False
2,2,0,1,0,1,0,0,3,1,0,0.9727538818359377,False
2,2,0,1,0,1,0,0,4,0,0,0.9799999999999998,False
2,2,0,1,0,1,0,1,0,0,3,0.9199999999999993,False
2,2,0,1,0,1,0,1,0,1,2,0.9399999999999994,False
2,2,0,1,0,1,0,1,0,2,1,0.9599999999999996,False
2,2,0,1,0,1,0,1,0,3,0,0.07036818648847347,True
2,2,0,1,0,1,0,1,1,0,2,0.9399999999999994,False
2,2,0,1,0,1,0,1,1,1,1,0.9599999999999996,False
2,2,0,1,0,1,0,1,1,2,0,0.11110891085260632,True
2,2,0,1,0,1,0,1,2,0,1,0.9599999999999996,False
2,2,0,1,0,1,0,1,2,1,0,0.6402711713321895,False
2,2,0,1,0,1,0,1,3,0,0,0.9799999999999998,False
2,2,0,1,0,1,0,2,0,0,2,0.9399999999999994,False
2,2,0,1,0,1,0,2,0,1,1,0.9599999999999996,False
2,2,0,1,0,1,0,2,0,2,0,0.07408521921583044,True
2,2,0,1,0,1,0,2,1,0,1,0.9599999999999996,False
2,2,0,1,0,1,0,2,1,1,0,0.11512421834481057,True
2,2,0,1,0,1,0,2,2,0,0,0.9799999999999998,False
2,2,0,1,0,1,0,3,0,0,1,0.9599999999999996,False
2,2,0,1,0,1,0,3,0,1,0,0.07612285414374033,True
2,2,0,1,0,1,0,3,1,0,0,0.9799999999999998,False
2,2,0,1,0,1,0,4,0,0,0,0.9799999999999998,False
2,2,0,1,0,1,1,0,0,0,3,0.9199999999999993,False
2,2,0,1,0,1,1,0,0,1,2,0.9399999999999994,False
2,2,0,1,0,1,1,0,0,2,1,0.9599999999999996,False
2,2,0,1,0,1,1,0,0,3,0,0.10419780238092585,True
2,2,0,1,0,1,1,0,1,0,2,0.9399999999999994,False
2,2,0,1,0,1,1,0,1,1,1,0.9599999999999996,False
2,2,0,1,0,1,1,0,1,2,0,0.634021085759264,False
2,2,0,1,0,1,1,0,2,0,1,0.9599999999999996,False
2,2,0,1,0,1,1,0,2,1,0,0.9723793807983396,False
2,2,0,1,0,1,1,0,3,0,0,0.9799999999999998,False
2,2,0,1,0,1,1,1,0,0,2,0.9399999999999994,False
2,2,0,1,0,1,1,1,0,1,1,0.9599999999999996,False
2,2,0,1,0,1,1,1,0,2,0,0.11110891085260632,True
2,2,0,1,0,1,1,1,1,0,1,0.9599999999999996,False
2,2,0,1,0,1,1,1,1,1,0,0.6396267554668831,False
2,2,0,1,0,1,1,1,2,0,0,0.9799999999999998,False
2,2,0,1,0,1,1,2,0,0,1,0.9599999999999996,False
2,2,0,1,0,1,1,2,0,1,0,0.11458679200440305,True
2,2,0,1,0,1,1,2,1,0,0,0.9799999999999998,False
2,2,0,1,0,1,1,3,0,0,0,0.9799999999999998,False
2,2,0,1,0,1,2,0,0,0,2,0.9399999999999994,False
2,2,0,1,0,1,2,0,0,1,1,0.9599999999999996,False
2,2,0,1,0,1,2,0,0,2,0,0.634021085759264,False
2,2,0,1,0,1,2,0,1,0,1,0.9599999999999996,False
2,2,0,1,0,1,2,0,1,1,0,0.9719257751464841,False
2,2,0,1,0,1,2,0,2,0,0,0.9799999999999998,False
2,2,0,1,0,1,2,1,0,0,1,0.9599999999999996,False
2,2,0,1,0,1,2,1,0,1,0,0.6389667531692705,False
2,2,0,1,0,1,2,1,1,0,0,0.9799999999999998,False
2,2,0,1,0,1,2,2,0,0,0,0.9799999999999998,False
2,2,0,1,0,1,3,0,0,0,1,0.9599999999999996,False
2,2,0,1,0,1,3,0,0,1,0,0.9713930648803714,False
2,2,0,1,0,1,3,0,1,0,0,0.9799999999999998,False
2,2,0,1,0,1,3,1,0,0,0,0.9799999999999998,False
2,2,0,1,0,1,4,0,0,0,0,0.9799999999999998,False
2,2,0,1,1,0,0,0,0,0,4,0.9113930648803714,False
2,2,0,1,1,0,0,0,0,1,3,0.9280975349622452,False
2,2,0,1,1,0,0,0,0,2,2,0.9414526579650508,False
2,2,0,1,1,0,0,0,0,3,1,0.8618059239880839,False
2,2,0,1,1,0,0,0,0,4,0,0.07331906337393412,True
2,2,0,1,1,0,0,0,1,0,3,0.9319257751464844,False
2,2,0,1,1,0,0,0,1,1,2,0.9482850111068383,False
2,2,0,1,1,0,0,0,1,2,1,0.9629571722273702,False
2,2,0,1,1,0,0,0,1,3,0,0.08593565243445098,True
2,2,0,1,1,0,0,0,2,0,2,0.9523793807983397,False
2,2,0,1,1,0,0,0,2,1,1,0.9689580796627396,False
2,2,0,1,1,0,0,0,2,2,0,0.12419780238092583,True
2,2,0,1,1,0,0,0,3,0,1,0.9727538818359377,False
2,2,0,1,1,0,0,0,3,1,0,0.654021085759264,False
2,2,0,1,1,0,0,0,4,0,0,0.9930492782592774,False
2,2,0,1,1,0,0,1,0,0,3,0.9303941817124067,False
2,2,0,1,1,0,0,1,0,1,2,0.945468271964701,False
2,2,0,1,1,0,0,1,0,2,1,0.8618059239880839,False
2,2,0,1,1,0,0,1,0,3,0,0.07670738794865314,True
2,2,0,1,1,0,0,1,1,0,2,0.95092098236084,False
2,2,0,1,1,0,0,1,1,1,1,0.9657956141689824,False
2,2,0,1,1,0,0,1,1,2,0,0.09036818648847345,True
2,2,0,1,1,0,0,1,2,0,1,0.9715156005859378,False
2,2,0,1,1,0,0,1,2,1,0,0.1311089108526063,True
2,2,0,1,1,0,0,1,3,0,0,0.660900355966056,False
2,2,0,1,1,0,0,2,0,0,2,0.9482188478362775,False
2,2,0,1,1,0,0,2,0,1,1,0.8618059239880839,False
2,2,0,1,1,0,0,2,0,2,0,0.07959684156473495,True
2,2,0,1,1,0,0,2,1,0,1,0.9680473011759502,False
2,2,0,1,1,0,0,2,1,1,0,0.09408521921583042,True
2,2,0,1,1,0,0,2,2,0,0,0.13565389540794398,True
2,2,0,1,1,0,0,3,0,0,1,0.8618059239880839,False
2,2,0,1,1,0,0,3,0,1,0,0.082001969424243,True
2,2,0,1,1,0,0,3,1,0,0,0.09646238227625167,True
2,2,0,1,1,0,0,4,0,0,0,0.0834234564400263,True
2,2,0,1,1,0,1,0,0,0,3,0.9313930648803714,False
2,2,0,1,1,0,1,0,0,1,2,0.9480975349622451,False
2,2,0,1,1,0,1,0,0,2,1,0.9614526579650509,False
2,2,0,1,1,0,1,0,0,3,0,0.08593565243445098,True
2,2,0,1,1,0,1,0,1,0,2,0.9519257751464842,False
2,2,0,1,1,0,1,0,1,1,1,0.9682850111068384,False
2,2,0,1,1,0,1,0,1,2,0,0.12419780238092583,True
2,2,0,1,1,0,1,0,2,0,1,0.9723793807983396,False
2,2,0,1,1,0,1,0,2,1,0,0.654021085759264,False
2,2,0,1,1,0,1,0,3,0,0,0.9927538818359378,False
2,2,0,1,1,0,1,1,0,0,2,0.9503941817124066,False
2,2,0,1,1,0,1,1,0,1,1,0.965468271964701,False
2,2,0,1,1,0,1,1,0,2,0,0.09036818648847345,True
2,2,0,1,1,0,1,1,1,0,1,0.9709209823608398,False
2,2,0,1,1,0,1,1,1,1,0,0.1311089108526063,True
2,2,0,1,1,0,1,1,2,0,0,0.6602711713321894,False
2,2,0,1,1,0,1,2,0,0,1,0.9682188478362774,False
2,2,0,1,1,0,1,2,0,1,0,0.09408521921583042,True
2,2,0,1,1,0,1,2,1,0,0,0.13512421834481053,True
2,2,0,1,1,0,1,3,0,0,0,0.0961228541437403,True
2,2,0,1,1,0,2,0,0,0,2,0.9513930648803715,False
2,2,0,1,1,0,2,0,0,1,1,0.9680975349622452,False
2,2,0,1,1,0,2,0,0,2,0,0.12419780238092583,True
2,2,0,1,1,0,2,0,1,0,1,0.9719257751464841,False
2,2,0,1,1,0,2,0,1,1,0,0.654021085759264,False
2,2,0,1,1,0,2,0,2,0,0,0.9923793807983395,False
2,2,0,1,1,0,2,1,0,0,1,0.9703941817124067,False
2,2,0,1,1,0,2,1,0,1,0,0.1311089108526063,True
2,2,0,1,1,0,2,1,1,0,0,0.6596267554668831,False
2,2,0,1,1,0,2,2,0,0,0,0.13458679200440304,True
2,2,0,1,1,0,3,0,0,0,1,0.9713930648803714,False
2,2,0,1,1,0,3,0,0,1,0,0.654021085759264,False
2,2,0,1,1,0,3,0,1,0,0,0.9919257751464841,False
2,2,0,1,1,0,3,1,0,0,0,0.6589667531692706,False
2,2,0,1,1,0,4,0,0,0,0,0.9913930648803714,False
2,2,0,2,0,0,0,0,0,0,4,0.9199999999999993,False
2,2,0,2,0,0,0,0,0,1,3,0.9399999999999994,False
2,2,0,2,0,0,0,0,0,2,2,0.9599999999999996,False
2,2,0,2,0,0,0,0,0,3,1,0.9799999999999998,False
2,2,0,2,0,0,0,0,0,4,0,0.08593565243445098,True
2,2,0,2,0,0,0,0,1,0,3,0.9399999999999994,False
2,2,0,2,0,0,0,0,1,1,2,0.9599999999999996,False
2,2,0,2,0,0,0,0,1,2,1,0.9799999999999998,False
2,2,0,2,0,0,0,0,1,3,0,0.12419780238092583,True
2,2,0,2,0,0,0,0,2,0,2,0.9599999999999996,False
2,2,0,2,0,0,0,0,2,1,1,0.9799999999999998,False
2,2,0,2,0,0,0,0,2,2,0,0.654021085759264,False
2,2,0,2,0,0,0,0,3,0,1,0.9799999999999998,False
2,2,0,2,0,0,0,0,3,1,0,0.9930492782592774,False
2,2,0,2,0,0,0,0,4,0,0,1.0,False
2,2,0,2,0,0,0,1,0,0,3,0.9399999999999994,False
2,2,0,2,0,0,0,1,0,1,2,0.9599999999999996,False
2,2,0,2,0,0,0,1,0,2,1,0.9799999999999998,False
2,2,0,2,0,0,0,1,0,3,0,0.09036818648847345,True
2,2,0,2,0,0,0,1,1,0,2,0.9599999999999996,False
2,2,0,2,0,0,0,1,1,1,1,0.9799999999999998,False
2,2,0,2,0,0,0,1,1,2,0,0.1311089108526063,True
2,2,0,2,0,0,0,1,2,0,1,0.9799999999999998,False
2,2,0,2,0,0,0,1,2,1,0,0.660900355966056,False
2,2,0,2,0,0,0,1,3,0,0,1.0,False
2,2,0,2,0,0,0,2,0,0,2,0.9599999999999996,False
2,2,0,2,0,0,0,2,0,1,1,0.9799999999999998,False
2,2,0,2,0,0,0,2,0,2,0,0.09408521921583042,True
2,2,0,2,0,0,0,2,1,0,1,0.9799999999999998,False
2,2,0,2,0,0,0,2,1,1,0,0.13565389540794398,True
2,2,0,2,0,0,0,2,2,0,0,1.0,False
2,2,0,2,0,0,0,3,0,0,1,0.9799999999999998,False
2,2,0,2,0,0,0,3,0,1,0,0.09646238227625167,True
2,2,0,2,0,0,0,3,1,0,0,1.0,False
2,2,0,2,0,0,0,4,0,0,0,1.0,False
2,2,0,2,0,0,1,0,0,0,3,0.9399999999999994,False
2,2,0,2,0,0,1,0,0,1,2,0.9599999999999996,False
2,2,0,2,0,0,1,0,0,2,1,0.9799999999999998,False
2,2,0,2,0,0,1,0,0,3,0,0.12419780238092583,True
2,2,0,2,0,0,1,0,1,0,2,0.9599999999999996,False
2,2,0,2,0,0,1,0,1,1,1,0.9799999999999998,False
2,2,0,2,0,0,1,0,1,2,0,0.654021085759264,False
2,2,0,2,0,0,1,0,2,0,1,0.9799999999999998,False
2,2,0,2,0,0,1,0,2,1,0,0.9927538818359378,False
2,2,0,2,0,0,1,0,3,0,0,1.0,False
2,2,0,2,0,0,1,1,0,0,2,0.9599999999999996,False
2,2,0,2,0,0,1,1,0,1,1,0.9799999999999998,False
2,2,0,2,0,0,1,1,0,2,0,0.1311089108526063,True
2,2,0,2,0,0,1,1,1,0,1,0.9799999999999998,False
2,2,0,2,0,0,1,1,1,1,0,0.6602711713321894,False
2,2,0,2,0,0,1,1,2,0,0,1.0,False
2,2,0,2,0,0,1,2,0,0,1,0.9799999999999998,False
2,2,0,2,0,0,1,2,0,1,0,0.13512421834481053,True
2,2,0,2,0,0,1,2,1,0,0,1.0,False
2,2,0,2,0,0,1,3,0,0,0,1.0,False
2,2,0,2,0,0,2,0,0,0,2,0.9599999999999996,False
2,2,0,2,0,0,2,0,0,1,1,0.9799999999999998,False
2,2,0,2,0,0,2,0,0,2,0,0.654021085759264,False
2,2,0,2,0,0,2,0,1,0,1,0.9799999999999998,False
2,2,0,2,0,0,2,0,1,1,0,0.9923793807983395,False
2,2,0,2,0,0,2,0,2,0,0,1.0,False
2,2,0,2,0,0,2,1,0,0,1,0.9799999999999998,False
2,2,0,2,0,0,2,1,0,1,0,0.6596267554668831,False
2,2,0,2,0,0,2,1,1,0,0,1.0,False
2,2,0,2,0,0,2,2,0,0,0,1.0,False
2,2,0,2,0,0,3,0,0,0,1,0.9799999999999998,False
2,2,0,2,0,0,3,0,0,1,0,0.9919257751464841,False
2,2,0,2,0,0,3,0,1,0,0,1.0,False
2,2,0,2,0,0,3,1,0,0,0,1.0,False
2,2,0,2,0,0,4,0,0,0,0,1.0,False
2,2,1,0,0,1,0,0,0,0,4,0.8999999999999991,False
2,2,1,0,0,1,0,0,0,1,3,0.9199999999999993,False
2,2,1,0,0,1,0,0,0,2,2,0.9399999999999994,False
2,2,1,0,0,1,0,0,0,3,1,0.9599999999999996,False
2,2,1,0,0,1,0,0,0,4,0,0.05965168409319445,True
2,2,1,0,0,1,0,0,1,0,3,0.9199999999999993,False
2,2,1,0,0,1,0,0,1,1,2,0.9399999999999994,False
2,2,1,0,0,1,0,0,1,2,1,0.9599999999999996,False
2,2,1,0,0,1,0,0,1,3,0,0.0794766557354927,True
2,2,1,0,0,1,0,0,2,0,2,0.9399999999999994,False
2,2,1,0,0,1,0,0,2,1,1,0.9599999999999996,False
2,2,1,0,0,1,0,0,2,2,0,0.17196166614481137,True
2,2,1,0,0,1,0,0,3,0,1,0.9599999999999996,False
2,2,1,0,0,1,0,0,3,1,0,0.9715156005859378,False
2,2,1,0,0,1,0,0,4,0,0,0.9799999999999998,False
2,2,1,0,0,1,0,1,0,0,3,0.9199999999999993,False
2,2,1,0,0,1,0,1,0,1,2,0.9399999999999994,False
2,2,1,0,0,1,0,1,0,2,1,0.9599999999999996,False
2,2,1,0,0,1,0,1,0,3,0,0.06363393019396156,True
2,2,1,0,0,1,0,1,1,0,2,0.9399999999999994,False
2,2,1,0,0,1,0,1,1,1,1,0.9599999999999996,False
2,2,1,0,0,1,0,1,1,2,0,0.08544684976898557,True
2,2,1,0,0,1,0,1,2,0,1,0.9599999999999996,False
2,2,1,0,0,1,0,1,2,1,0,0.18204317063034958,True
2,2,1,0,0,1,0,1,3,0,0,0.9799999999999998,False
2,2,1,0,0,1,0,2,0,0,2,0.9399999999999994,False
2,2,1,0,0,1,0,2,0,1,1,0.9599999999999996,False
2,2,1,0,0,1,0,2,0,2,0,0.0670084987256183,True
2,2,1,0,0,1,0,2,1,0,1,0.9599999999999996,False
2,2,1,0,0,1,0,2,1,1,0,0.08894719976922001,True
2,2,1,0,0,1,0,2,2,0,0,0.9799999999999998,False
2,2,1,0,0,1,0,3,0,0,1,0.9599999999999996,False
2,2,1,0,0,1,0,3,0,1,0,0.06893553195203879,True
2,2,1,0,0,1,0,3,1,0,0,0.9799999999999998,False
2,2,1,0,0,1,0,4,0,0,0,0.9799999999999998,False
2,2,1,0,0,1,1,0,0,0,3,0.9199999999999993,False
2,2,1,0,0,1,1,0,0,1,2,0.9399999999999994,False
2,2,1,0,0,1,1,0,0,2,1,0.9599999999999996,False
2,2,1,0,0,1,1,0,0,3,0,0.0794766557354927,True
2,2,1,0,0,1,1,0,1,0,2,0.9399999999999994,False
2,2,1,0,0,1,1,0,1,1,1,0.9599999999999996,False
2,2,1,0,0,1,1,0,1,2,0,0.17196166614481137,True
2,2,1,0,0,1,1,0,2,0,1,0.9599999999999996,False
2,2,1,0,0,1,1,0,2,1,0,0.9709209823608398,False
2,2,1,0,0,1,1,0,3,0,0,0.9799999999999998,False
2,2,1,0,0,1,1,1,0,0,2,0.9399999999999994,False
2,2,1,0,0,1,1,1,0,1,1,0.9599999999999996,False
2,2,1,0,0,1,1,1,0,2,0,0.08544684976898557,True
2,2,1,0,0,1,1,1,1,0,1,0.9599999999999996,False
2,2,1,0,0,1,1,1,1,1,0,0.18093850060599703,True
2,2,1,0,0,1,1,1,2,0,0,0.9799999999999998,False
2,2,1,0,0,1,1,2,0,0,1,0.9599999999999996,False
2,2,1,0,0,1,1,2,0,1,0,0.08847125035218256,True
2,2,1,0,0,1,1,2,1,0,0,0.9799999999999998,False
2,2,1,0,0,1,1,3,0,0,0,0.9799999999999998,False
2,2,1,0,0,1,2,0,0,0,2,0.9399999999999994,False
2,2,1,0,0,1,2,0,0,1,1,0.9599999999999996,False
2,2,1,0,0,1,2,0,0,2,0,0.17196166614481137,True
2,2,1,0,0,1,2,0,1,0,1,0.9599999999999996,False
2,2,1,0,0,1,2,0,1,1,0,0.9703941817124067,False
2,2,1,0,0,1,2,0,2,0,0,0.9799999999999998,False
2,2,1,0,0,1,2,1,0,0,1,0.9599999999999996,False
2,2,1,0,0,1,2,1,0,1,0,0.17980616078150383,True
2,2,1,0,0,1,2,1,1,0,0,0.9799999999999998,False
2,2,1,0,0,1,2,2,0,0,0,0.9799999999999998,False
2,2,1,0,0,1,3,0,0,0,1,0.9599999999999996,False
2,2,1,0,0,1,3,0,0,1,0,0.9701950430836361,False
2,2,1,0,0,1,3,0,1,0,0,0.9799999999999998,False
2,2,1,0,0,1,3,1,0,0,0,0.9799999999999998,False
2,2,1,0,0,1,4,0,0,0,0,0.9799999999999998,False
2,2,1,0,1,0,0,0,0,0,4,0.5782907965727764,False
2,2,1,0,1,0,0,0,0,1,3,0.13980616078150387,True
2,2,1,0,1,0,0,0,0,2,2,0.10023620811507862,True
2,2,1,0,1,0,0,0,0,3,1,0.09849887631879185,True
2,2,1,0,1,0,0,0,0,4,0,0.06971388024109355,True
2,2,1,0,1,0,0,0,1,0,3,0.5989667531692705,False
2,2,1,0,1,0,0,0,1,1,2,0.16093850060599707,True
2,2,1,0,1,0,0,0,1,2,1,0.12107293033272798,True
2,2,1,0,1,0,0,0,1,3,0,0.07670738794865314,True
2,2,1,0,1,0,0,0,2,0,2,0.6196267554668832,False
2,2,1,0,1,0,0,0,2,1,1,0.18204317063034958,True
2,2,1,0,1,0,0,0,2,2,0,0.09036818648847345,True
2,2,1,0,1,0,0,0,3,0,1,0.6402711713321895,False
2,2,1,0,1,0,0,0,3,1,0,0.1311089108526063,True
2,2,1,0,1,0,0,0,4,0,0,0.660900355966056,False
2,2,1,0,1,0,0,1,0,0,3,0.13980616078150387,True
2,2,1,0,1,0,0,1,0,1,2,0.10023620813535189,True
2,2,1,0,1,0,0,1,0,2,1,0.0984988763196094,True
2,2,1,0,1,0,0,1,0,3,0,0.07215481172439062,True
2,2,1,0,1,0,0,1,1,0,2,0.16093850060599707,True
2,2,1,0,1,0,0,1,1,1,1,0.12107293035362311,True
2,2,1,0,1,0,0,1,1,2,0,0.07959684156473495,True
2,2,1,0,1,0,0,1,2,0,1,0.18204317063034958,True
2,2,1,0,1,0,0,1,2,1,0,0.09408521921583042,True
2,2,1,0,1,0,0,1,3,0,0,0.13565389540794398,True
2,2,1,0,1,0,0,2,0,0,2,0.10023620833122461,True
2,2,1,0,1,0,0,2,0,1,1,0.09849887635963182,True
2,2,1,0,1,0,0,2,0,2,0,0.07420542466872661,True
2,2,1,0,1,0,0,2,1,0,1,0.12107293055550378,True
2,2,1,0,1,0,0,2,1,1,0,0.082001969424243,True
2,2,1,0,1,0,0,2,2,0,0,0.09646238227625167,True
2,2,1,0,1,0,0,3,0,0,1,0.09849890032790233,True
2,2,1,0,1,0,0,3,0,1,0,0.07587029299360815,True
2,2,1,0,1,0,0,3,1,0,0,0.0834234564400263,True
2,2,1,0,1,0,0,4,0,0,0,0.07672192886070908,True
2,2,1,0,1,0,1,0,0,0,3,0.5982907965727763,False
2,2,1,0,1,0,1,0,0,1,2,0.15980616078150384,True
2,2,1,0,1,0,1,0,0,2,1,0.1202362081150786,True
2,2,1,0,1,0,1,0,0,3,0,0.07670738794865314,True
2,2,1,0,1,0,1,0,1,0,2,0.6189667531692705,False
2,2,1,0,1,0,1,0,1,1,1,0.18093850060599703,True
2,2,1,0,1,0,1,0,1,2,0,0.09036818648847345,True
2,2,1,0,1,0,1,0,2,0,1,0.6396267554668831,False
2,2,1,0,1,0,1,0,2,1,0,0.1311089108526063,True
2,2,1,0,1,0,1,0,3,0,0,0.6602711713321894,False
2,2,1,0,1,0,1,1,0,0,2,0.15980616078150384,True
2,2,1,0,1,0,1,1,0,1,1,0.12023620813535187,True
2,2,1,0,1,0,1,1,0,2,0,0.07959684156473495,True
2,2,1,0,1,0,1,1,1,0,1,0.18093850060599703,True
2,2,1,0,1,0,1,1,1,1,0,0.09408521921583042,True
2,2,1,0,1,0,1,1,2,0,0,0.13512421834481053,True
2,2,1,0,1,0,1,2,0,0,1,0.12023620833122457,True
2,2,1,0,1,0,1,2,0,1,0,0.082001969424243,True
2,2,1,0,1,0,1,2,1,0,0,0.0961228541437403,True
2,2,1,0,1,0,1,3,0,0,0,0.08316295079267534,True
2,2,1,0,1,0,2,0,0,0,2,0.6182907965727762,False
2,2,1,0,1,0,2,0,0,1,1,0.17980616078150383,True
2,2,1,0,1,0,2,0,0,2,0,0.09036818648847345,True
2,2,1,0,1,0,2,0,1,0,1,0.6389667531692705,False
2,2,1,0,1,0,2,0,1,1,0,0.1311089108526063,True
2,2,1,0,1,0,2,0,2,0,0,0.6596267554668831,False
2,2,1,0,1,0,2,1,0,0,1,0.17980616078150383,True
2,2,1,0,1,0,2,1,0,1,0,0.09408521921583042,True
2,2,1,0,1,0,2,1,1,0,0,0.13458679200440304,True
2,2,1,0,1,0,2,2,0,0,0,0.09577940304640327,True
2,2,1,0,1,0,3,0,0,0,1,0.6382907965727762,False
2,2,1,0,1,0,3,0,0,1,0,0.1311089108526063,True
2,2,1,0,1,0,3,0,1,0,0,0.6589667531692706,False
2,2,1,0,1,0,3,1,0,0,0,0.13404153287771328,True
2,2,1,0,1,0,4,0,0,0,0,0.6582907965727761,False
2,2,1,1,0,0,0,0,0,0,4,0.9199999999999993,False
2,2,1,1,0,0,0,0,0,1,3,0.9399999999999994,False
2,2,1,1,0,0,0,0,0,2,2,0.9599999999999996,False
2,2,1,1,0,0,0,0,0,3,1,0.9799999999999998,False
2,2,1,1,0,0,0,0,0,4,0,0.07670738794865314,True
2,2,1,1,0,0,0,0,1,0,3,0.9399999999999994,False
2,2,1,1,0,0,0,0,1,1,2,0.9599999999999996,False
2,2,1,1,0,0,0,0,1,2,1,0.9799999999999998,False
2,2,1,1,0,0,0,0,1,3,0,0.09036818648847345,True
2,2,1,1,0,0,0,0,2,0,2,0.9599999999999996,False
2,2,1,1,0,0,0,0,2,1,1,0.9799999999999998,False
2,2,1,1,0,0,0,0,2,2,0,0.1311089108526063,True
2,2,1,1,0,0,0,0,3,0,1,0.9799999999999998,False
2,2,1,1,0,0,0,0,3,1,0,0.660900355966056,False
2,2,1,1,0,0,0,0,4,0,0,1.0,False
2,2,1,1,0,0,0,1,0,0,3,0.9399999999999994,False
2,2,1,1,0,0,0,1,0,1,2,0.9599999999999996,False
2,2,1,1,0,0,0,1,0,2,1,0.9799999999999998,False
2,2,1,1,0,0,0,1,0,3,0,0.07959684156473495,True
2,2,1,1,0,0,0,1,1,0,2,0.9599999999999996,False
2,2,1,1,0,0,0,1,1,1,1,0.9799999999999998,False
2,2,1,1,0,0,0,1,1,2,0,0.09408521921583042,True
2,2,1,1,0,0,0,1,2,0,1,0.9799999999999998,False
2,2,1,1,0,0,0,1,2,1,0,0.13565389540794398,True
2,2,1,1,0,0,0,1,3,0,0,1.0,False
2,2,1,1,0,0,0,2,0,0,2,0.9599999999999996,False
2,2,1,1,0,0,0,2,0,1,1,0.9799999999999998,False
2,2,1,1,0,0,0,2,0,2,0,0.082001969424243,True
2,2,1,1,0,0,0,2,1,0,1,0.9799999999999998,False
2,2,1,1,0,0,0,2,1,1,0,0.09646238227625167,True
2,2,1,1,0,0,0,2,2,0,0,1.0,False
2,2,1,1,0,0,0,3,0,0,1,0.9799999999999998,False
2,2,1,1,0,0,0,3,0,1,0,0.0834234564400263,True
2,2,1,1,0,0,0,3,1,0,0,1.0,False
2,2,1,1,0,0,0,4,0,0,0,1.0,False
2,2,1,1,0,0,1,0,0,0,3,0.9399999999999994,False
2,2,1,1,0,0,1,0,0,1,2,0.9599999999999996,False
2,2,1,1,0,0,1,0,0,2,1,0.9799999999999998,False
2,2,1,1,0,0,1,0,0,3,0,0.09036818648847345,True
2,2,1,1,0,0,1,0,1,0,2,0.9599999999999996,False
2,2,1,1,0,0,1,0,1,1,1,0.9799999999999998,False
2,2,1,1,0,0,1,0,1,2,0,0.1311089108526063,True
2,2,1,1,0,0,1,0,2,0,1,0.9799999999999998,False
2,2,1,1,0,0,1,0,2,1,0,0.6602711713321894,False
2,2,1,1,0,0,1,0,3,0,0,1.0,False
2,2,1,1,0,0,1,1,0,0,2,0.9599999999999996,False
2,2,1,1,0,0,1,1,0,1,1,0.9799999999999998,False
2,2,1,1,0,0,1,1,0,2,0,0.09408521921583042,True
2,2,1,1,0,0,1,1,1,0,1,0.9799999999999998,False
2,2,1,1,0,0,1,1,1,1,0,0.13512421834481053,True
2,2,1,1,0,0,1,1,2,0,0,1.0,False
2,2,1,1,0,0,1,2,0,0,1,0.9799999999999998,False
2,2,1,1,0,0,1,2,0,1,0,0.0961228541437403,True
2,2,1,1,0,0,1,2,1,0,0,1.0,False
2,2,1,1,0,0,1,3,0,0,0,1.0,False
2,2,1,1,0,0,2,0,0,0,2,0.9599999999999996,False
2,2,1,1,0,0,2,0,0,1,1,0.9799999999999998,False
2,2,1,1,0,0,2,0,0,2,0,0.1311089108526063,True
2,2,1,1,0,0,2,0,1,0,1,0.9799999999999998,False
2,2,1,1,0,0,2,0,1,1,0,0.6596267554668831,False
2,2,1,1,0,0,2,0,2,0,0,1.0,False
2,2,1,1,0,0,2,1,0,0,1,0.9799999999999998,False
2,2,1,1,0,0,2,1,0,1,0,0.13458679200440304,True
2,2,1,1,0,0,2,1,1,0,0,1.0,False
2,2,1,1,0,0,2,2,0,0,0,1.0,False
2,2,1,1,0,0,3,0,0,0,1,0.9799999999999998,False
2,2,1,1,0,0,3,0,0,1,0,0.6589667531692706,False
2,2,1,1,0,0,3,0,1,0,0,1.0,False
2,2,1,1,0,0,3,1,0,0,0,1.0,False
2,2,1,1,0,0,4,0,0,0,0,1.0,False
2,2,2,0,0,0,0,0,0,0,4,0.9199999999999993,False
2,2,2,0,0,0,0,0,0,1,3,0.9399999999999994,False
2,2,2,0,0,0,0,0,0,2,2,0.9599999999999996,False
2,2,2,0,0,0,0,0,0,3,1,0.9799999999999998,False
2,2,2,0,0,0,0,0,0,4,0,0.07215481172439062,True
2,2,2,0,0,0,0,0,1,0,3,0.9399999999999994,False
2,2,2,0,0,0,0,0,1,1,2,0.9599999999999996,False
2,2,2,0,0,0,0,0,1,2,1,0.9799999999999998,False
2,2,2,0,0,0,0,0,1,3,0,0.07959684156473495,True
2,2,2,0,0,0,0,0,2,0,2,0.9599999999999996,False
2,2,2,0,0,0,0,0,2,1,1,0.9799999999999998,False
2,2,2,0,0,0,0,0,2,2,0,0.09408521921583042,True
2,2,2,0,0,0,0,0,3,0,1,0.9799999999999998,False
2,2,2,0,0,0,0,0,3,1,0,0.13565389540794398,True
2,2,2,0,0,0,0,0,4,0,0,1.0,False
2,2,2,0,0,0,0,1,0,0,3,0.9399999999999994,False
2,2,2,0,0,0,0,1,0,1,2,0.9599999999999996,False
2,2,2,0,0,0,0,1,0,2,1,0.9799999999999998,False
2,2,2,0,0,0,0,1,0,3,0,0.07420542466872661,True
2,2,2,0,0,0,0,1,1,0,2,0.9599999999999996,False
2,2,2,0,0,0,0,1,1,1,1,0.9799999999999998,False
2,2,2,0,0,0,0,1,1,2,0,0.082001969424243,True
2,2,2,0,0,0,0,1,2,0,1,0.9799999999999998,False
2,2,2,0,0,0,0,1,2,1,0,0.09646238227625167,True
2,2,2,0,0,0,0,1,3,0,0,1.0,False
2,2,2,0,0,0,0,2,0,0,2,0.9599999999999996,False
2,2,2,0,0,0,0,2,0,1,1,0.9799999999999998,False
2,2,2,0,0,0,0,2,0,2,0,0.07587029299360815,True
2,2,2,0,0,0,0,2,1,0,1,0.9799999999999998,False
2,2,2,0,0,0,0,2,1,1,0,0.0834234564400263,True
2,2,2,0,0,0,0,2,2,0,0,1.0,False
2,2,2,0,0,0,0,3,0,0,1,0.9799999999999998,False
2,2,2,0,0,0,0,3,0,1,0,0.07672192886070908,True
2,2,2,0,0,0,0,3,1,0,0,1.0,False
2,2,2,0,0,0,0,4,0,0,0,1.0,False
2,2,2,0,0,0,1,0,0,0,3,0.9399999999999994,False
2,2,2,0,0,0,1,0,0,1,2,0.9599999999999996,False
2,2,2,0,0,0,1,0,0,2,1,0.9799999999999998,False
2,2,2,0,0,0,1,0,0,3,0,0.07959684156473495,True
2,2,2,0,0,0,1,0,1,0,2,0.9599999999999996,False
2,2,2,0,0,0,1,0,1,1,1,0.9799999999999998,False
2,2,2,0,0,0,1,0,1,2,0,0.09408521921583042,True
2,2,2,0,0,0,1,0,2,0,1,0.9799999999999998,False
2,2,2,0,0,0,1,0,2,1,0,0.13512421834481053,True
2,2,2,0,0,0,1,0,3,0,0,1.0,False
2,2,2,0,0,0,1,1,0,0,2,0.9599999999999996,False
2,2,2,0,0,0,1,1,0,1,1,0.9799999999999998,False
2,2,2,0,0,0,1,1,0,2,0,0.082001969424243,True
2,2,2,0,0,0,1,1,1,0,1,0.9799999999999998,False
2,2,2,0,0,0,1,1,1,1,0,0.0961228541437403,True
2,2,2,0,0,0,1,1,2,0,0,1.0,False
2,2,2,0,0,0,1,2,0,0,1,0.9799999999999998,False
2,2,2,0,0,0,1,2,0,1,0,0.08316295079267534,True
2,2,2,0,0,0,1,2,1,0,0,1.0,False
2,2,2,0,0,0,1,3,0,0,0,1.0,False
2,2,2,0,0,0,2,0,0,0,2,0.9599999999999996,False
2,2,2,0,0,0,2,0,0,1,1,0.9799999999999998,False
2,2,2,0,0,0,2,0,0,2,0,0.09408521921583042,True
2,2,2,0,0,0,2,0,1,0,1,0.9799999999999998,False
2,2,2,0,0,0,2,0,1,1,0,0.13458679200440304,True
2,2,2,0,0,0,2,0,2,0,0,1.0,False
2,2,2,0,0,0,2,1,0,0,1,0.9799999999999998,False
2,2,2,0,0,0,2,1,0,1,0,0.09577940304640327,True
2,2,2,0,0,0,2,1,1,0,0,1.0,False
2,2,2,0,0,0,2,2,0,0,0,1.0,False
2,2,2,0,0,0,3,0,0,0,1,0.9799999999999998,False
2,2,2,0,0,0,3,0,0,1,0,0.13404153287771328,True
2,2,2,0,0,0,3,0,1,0,0,1.0,False
2,2,2,0,0,0,3,1,0,0,0,1.0,False
2,2,2,0,0,0,4,0,0,0,0,1.0,False
2,3,0,0,0,1,0,0,0,0,4,0.8999999999999991,False
2,3,0,0,0,1,0,0,0,1,3,0.9199999999999993,False
2,3,0,0,0,1,0,0,0,2,2,0.9399999999999994,False
2,3,0,0,0,1,0,0,0,3,1,0.9599999999999996,False
2,3,0,0,0,1,0,0,0,4,0,0.065935652434451,True
2,3,0,0,0,1,0,0,1,0,3,0.9199999999999993,False
2,3,0,0,0,1,0,0,1,1,2,0.9399999999999994,False
2,3,0,0,0,1,0,0,1,2,1,0.9599999999999996,False
2,3,0,0,0,1,0,0,1,3,0,0.10419780238092585,True
2,3,0,0,0,1,0,0,2,0,2,0.9399999999999994,False
2,3,0,0,0,1,0,0,2,1,1,0.9599999999999996,False
2,3,0,0,0,1,0,0,2,2,0,0.634021085759264,False
2,3,0,0,0,1,0,0,3,0,1,0.9599999999999996,False
2,3,0,0,0,1,0,0,3,1,0,0.9723793807983396,False
2,3,0,0,0,1,0,0,4,0,0,0.9799999999999998,False
2,3,0,0,0,1,0,1,0,0,3,0.9199999999999993,False
2,3,0,0,0,1,0,1,0,1,2,0.9399999999999994,False
2,3,0,0,0,1,0,1,0,2,1,0.9599999999999996,False
2,3,0,0,0,1,0,1,0,3,0,0.07036818648847347,True
2,3,0,0,0,1,0,1,1,0,2,0.9399999999999994,False
2,3,0,0,0,1,0,1,1,1,1,0.9599999999999996,False
2,3,0,0,0,1,0,1,1,2,0,0.11110891085260632,True
2,3,0,0,0,1,0,1,2,0,1,0.9599999999999996,False
2,3,0,0,0,1,0,1,2,1,0,0.6396267554668831,False
2,3,0,0,0,1,0,1,3,0,0,0.9799999999999998,False
2,3,0,0,0,1,0,2,0,0,2,0.9399999999999994,False
2,3,0,0,0,1,0,2,0,1,1,0.9599999999999996,False
2,3,0,0,0,1,0,2,0,2,0,0.07408521921583044,True
2,3,0,0,0,1,0,2,1,0,1,0.9599999999999996,False
2,3,0,0,0,1,0,2,1,1,0,0.11458679200440305,True
2,3,0,0,0,1,0,2,2,0,0,0.9799999999999998,False
2,3,0,0,0,1,0,3,0,0,1,0.9599999999999996,False
2,3,0,0,0,1,0,3,0,1,0,0.0757794030464033,True
2,3,0,0,0,1,0,3,1,0,0,0.9799999999999998,False
2,3,0,0,0,1,0,4,0,0,0,0.9799999999999998,False
2,3,0,0,0,1,1,0,0,0,3,0.9199999999999993,False
2,3,0,0,0,1,1,0,0,1,2,0.9399999999999994,False
2,3,0,0,0,1,1,0,0,2,1,0.9599999999999996,False
2,3,0,0,0,1,1,0,0,3,0,0.10419780238092585,True
2,3,0,0,0,1,1,0,1,0,2,0.9399999999999994,False
2,3,0,0,0,1,1,0,1,1,1,0.9599999999999996,False
2,3,0,0,0,1,1,0,1,2,0,0.634021085759264,False
2,3,0,0,0,1,1,0,2,0,1,0.9599999999999996,False
2,3,0,0,0,1,1,0,2,1,0,0.9719257751464841,False
2,3,0,0,0,1,1,0,3,0,0,0.9799999999999998,False
2,3,0,0,0,1,1,1,0,0,2,0.9399999999999994,False
2,3,0,0,0,1,1,1,0,1,1,0.9599999999999996,False
2,3,0,0,0,1,1,1,0,2,0,0.11110891085260632,True
2,3,0,0,0,1,1,1,1,0,1,0.9599999999999996,False
2,3,0,0,0,1,1,1,1,1,0,0.6389667531692705,False
2,3,0,0,0,1,1,1,2,0,0,0.9799999999999998,False
2,3,0,0,0,1,1,2,0,0,1,0.9599999999999996,False
2,3,0,0,0,1,1,2,0,1,0,0.11404153287771329,True
2,3,0,0,0,1,1,2,1,0,0,0.9799999999999998,False
2,3,0,0,0,1,1,3,0,0,0,0.9799999999999998,False
2,3,0,0,0,1,2,0,0,0,2,0.9399999999999994,False
2,3,0,0,0,1,2,0,0,1,1,0.9599999999999996,False
2,3,0,0,0,1,2,0,0,2,0,0.634021085759264,False
2,3,0,0,0,1,2,0,1,0,1,0.9599999999999996,False
2,3,0,0,0,1,2,0,1,1,0,0.9713930648803714,False
2,3,0,0,0,1,2,0,2,0,0,0.9799999999999998,False
2,3,0,0,0,1,2,1,0,0,1,0.9599999999999996,False
2,3,0,0,0,1,2,1,0,1,0,0.6382907965727762,False
2,3,0,0,0,1,2,1,1,0,0,0.9799999999999998,False
2,3,0,0,0,1,2,2,0,0,0,0.9799999999999998,False
2,3,0,0,0,1,3,0,0,0,1,0.9599999999999996,False
2,3,0,0,0,1,3,0,0,1,0,0.97078125,False
2,3,0,0,0,1,3,0,1,0,0,0.9799999999999998,False
2,3,0,0,0,1,3,1,0,0,0,0.9799999999999998,False
2,3,0,0,0,1,4,0,0,0,0,0.9799999999999998,False
2,3,0,0,1,0,0,0,0,0,4,0.9107812500000002,False
2,3,0,0,1,0,0,0,0,1,3,0.926859022262575,False
2,3,0,0,1,0,0,0,0,2,2,0.9404788402540893,False
2,3,0,0,1,0,0,0,0,3,1,0.8601862761101238,False
2,3,0,0,1,0,0,0,0,4,0,0.07331906337393412,True
2,3,0,0,1,0,0,0,1,0,3,0.9313930648803714,False
2,3,0,0,1,0,0,0,1,1,2,0.9480975349622451,False
2,3,0,0,1,0,0,0,1,2,1,0.9614526579650509,False
2,3,0,0,1,0,0,0,1,3,0,0.08593565243445098,True
2,3,0,0,1,0,0,0,2,0,2,0.9519257751464842,False
2,3,0,0,1,0,0,0,2,1,1,0.9682850111068384,False
2,3,0,0,1,0,0,0,2,2,0,0.12419780238092583,True
2,3,0,0,1,0,0,0,3,0,1,0.9723793807983396,False
2,3,0,0,1,0,0,0,3,1,0,0.654021085759264,False
2,3,0,0,1,0,0,0,4,0,0,0.9927538818359378,False
2,3,0,0,1,0,0,1,0,0,3,0.9301950430836362,False
2,3,0,0,1,0,0,1,0,1,2,0.9454809336055012,False
2,3,0,0,1,0,0,1,0,2,1,0.8601862761101238,False
2,3,0,0,1,0,0,1,0,3,0,0.07670738794865314,True
2,3,0,0,1,0,0,1,1,0,2,0.9503941817124066,False
2,3,0,0,1,0,0,1,1,1,1,0.965468271964701,False
2,3,0,0,1,0,0,1,1,2,0,0.09036818648847345,True
2,3,0,0,1,0,0,1,2,0,1,0.9709209823608398,False
2,3,0,0,1,0,0,1,2,1,0,0.1311089108526063,True
2,3,0,0,1,0,0,1,3,0,0,0.6602711713321894,False
2,3,0,0,1,0,0,2,0,0,2,0.9485310060283868,False
2,3,0,0,1,0,0,2,0,1,1,0.8601862761101238,False
2,3,0,0,1,0,0,2,0,2,0,0.07959684156473495,True
2,3,0,0,1,0,0,2,1,0,1,0.9682188478362774,False
2,3,0,0,1,0,0,2,1,1,0,0.09408521921583042,True
2,3,0,0,1,0,0,2,2,0,0,0.13512421834481053,True
2,3,0,0,1,0,0,3,0,0,1,0.8601862761101238,False
2,3,0,0,1,0,0,3,0,1,0,0.082001969424243,True
2,3,0,0,1,0,0,3,1,0,0,0.0961228541437403,True
2,3,0,0,1,0,0,4,0,0,0,0.08316295079267534,True
2,3,0,0,1,0,1,0,0,0,3,0.9307812500000001,False
2,3,0,0,1,0,1,0,0,1,2,0.946859022262575,False
2,3,0,0,1,0,1,0,0,2,1,0.9604788402540894,False
2,3,0,0,1,0,1,0,0,3,0,0.08593565243445098,True
2,3,0,0,1,0,1,0,1,0,2,0.9513930648803715,False
2,3,0,0,1,0,1,0,1,1,1,0.9680975349622452,False
2,3,0,0,1,0,1,0,1,2,0,0.12419780238092583,True
2,3,0,0,1,0,1,0,2,0,1,0.9719257751464841,False
2,3,0,0,1,0,1,0,2,1,0,0.654021085759264,False
2,3,0,0,1,0,1,0,3,0,0,0.9923793807983395,False
2,3,0,0,1,0,1,1,0,0,2,0.9501950430836361,False
2,3,0,0,1,0,1,1,0,1,1,0.9654809336055012,False
2,3,0,0,1,0,1,1,0,2,0,0.09036818648847345,True
2,3,0,0,1,0,1,1,1,0,1,0.9703941817124067,False
2,3,0,0,1,0,1,1,1,1,0,0.1311089108526063,True
2,3,0,0,1,0,1,1,2,0,0,0.6596267554668831,False
2,3,0,0,1,0,1,2,0,0,1,0.9685310060283868,False
2,3,0,0,1,0,1,2,0,1,0,0.09408521921583042,True
2,3,0,0,1,0,1,2,1,0,0,0.13458679200440304,True
2,3,0,0,1,0,1,3,0,0,0,0.09577940304640327,True
2,3,0,0,1,0,2,0,0,0,2,0.9507812500000001,False
2,3,0,0,1,0,2,0,0,1,1,0.9668590222625749,False
2,3,0,0,1,0,2,0,0,2,0,0.12419780238092583,True
2,3,0,0,1,0,2,0,1,0,1,0.9713930648803714,False
2,3,0,0,1,0,2,0,1,1,0,0.654021085759264,False
2,3,0,0,1,0,2,0,2,0,0,0.9919257751464841,False
2,3,0,0,1,0,2,1,0,0,1,0.9701950430836361,False
2,3,0,0,1,0,2,1,0,1,0,0.1311089108526063,True
2,3,0,0,1,0,2,1,1,0,0,0.6589667531692706,False
2,3,0,0,1,0,2,2,0,0,0,0.13404153287771328,True
2,3,0,0,1,0,3,0,0,0,1,0.97078125,False
2,3,0,0,1,0,3,0,0,1,0,0.654021085759264,False
2,3,0,0,1,0,3,0,1,0,0,0.9913930648803714,False
2,3,0,0,1,0,3,1,0,0,0,0.6582907965727761,False
2,3,0,0,1,0,4,0,0,0,0,0.99078125,False
2,3,0,1,0,0,0,0,0,0,4,0.9199999999999993,False
2,3,0,1,0,0,0,0,0,1,3,0.9399999999999994,False
2,3,0,1,0,0,0,0,0,2,2,0.9599999999999996,False
2,3,0,1,0,0,0,0,0,3,1,0.9799999999999998,False
2,3,0,1,0,0,0,0,0,4,0,0.08593565243445098,True
2,3,0,1,0,0,0,0,1,0,3,0.9399999999999994,False
2,3,0,1,0,0,0,0,1,1,2,0.9599999999999996,False
2,3,0,1,0,0,0,0,1,2,1,0.9799999999999998,False
2,3,0,1,0,0,0,0,1,3,0,0.12419780238092583,True
2,3,0,1,0,0,0,0,2,0,2,0.9599999999999996,False
2,3,0,1,0,0,0,0,2,1,1,0.9799999999999998,False
2,3,0,1,0,0,0,0,2,2,0,0.654021085759264,False
2,3,0,1,0,0,0,0,3,0,1,0.9799999999999998,False
2,3,0,1,0,0,0,0,3,1,0,0.9927538818359378,False
2,3,0,1,0,0,0,0,4,0,0,1.0,False
2,3,0,1,0,0,0,1,0,0,3,0.9399999999999994,False
2,3,0,1,0,0,0,1,0,1,2,0.9599999999999996,False
2,3,0,1,0,0,0,1,0,2,1,0.9799999999999998,False
2,3,0,1,0,0,0,1,0,3,0,0.09036818648847345,True
2,3,0,1,0,0,0,1,1,0,2,0.9599999999999996,False
2,3,0,1,0,0,0,1,1,1,1,0.9799999999999998,False
2,3,0,1,0,0,0,1,1,2,0,0.1311089108526063,True
2,3,0,1,0,0,0,1,2,0,1,0.9799999999999998,False
2,3,0,1,0,0,0,1,2,1,0,0.6602711713321894,False
2,3,0,1,0,0,0,1,3,0,0,1.0,False
2,3,0,1,0,0,0,2,0,0,2,0.9599999999999996,False
2,3,0,1,0,0,0,2,0,1,1,0.9799999999999998,False
2,3,0,1,0,0,0,2,0,2,0,0.09408521921583042,True
2,3,0,1,0,0,0,2,1,0,1,0.9799999999999998,False
2,3,0,1,0,0,0,2,1,1,0,0.13512421834481053,True
2,3,0,1,0,0,0,2,2,0,0,1.0,False
2,3,0,1,0,0,0,3,0,0,1,0.9799999999999998,False
2,3,0,1,0,0,0,3,0,1,0,0.0961228541437403,True
2,3,0,1,0,0,0,3,1,0,0,1.0,False
2,3,0,1,0,0,0,4,0,0,0,1.0,False
2,3,0,1,0,0,1,0,0,0,3,0.9399999999999994,False
2,3,0,1,0,0,1,0,0,1,2,0.9599999999999996,False
2,3,0,1,0,0,1,0,0,2,1,0.9799999999999998,False
2,3,0,1,0,0,1,0,0,3,0,0.12419780238092583,True
2,3,0,1,0,0,1,0,1,0,2,0.9599999999999996,False
2,3,0,1,0,0,1,0,1,1,1,0.9799999999999998,False
2,3,0,1,0,0,1,0,1,2,0,0.654021085759264,False
2,3,0,1,0,0,1,0,2,0,1,0.9799999999999998,False
2,3,0,1,0,0,1,0,2,1,0,0.9923793807983395,False
2,3,0,1,0,0,1,0,3,0,0,1.0,False
2,3,0,1,0,0,1,1,0,0,2,0.9599999999999996,False
2,3,0,1,0,0,1,1,0,1,1,0.9799999999999998,False
2,3,0,1,0,0,1,1,0,2,0,0.1311089108526063,True
2,3,0,1,0,0,1,1,1,0,1,0.9799999999999998,False
2,3,0,1,0,0,1,1,1,1,0,0.6596267554668831,False
2,3,0,1,0,0,1,1,2,0,0,1.0,False
2,3,0,1,0,0,1,2,0,0,1,0.9799999999999998,False
2,3,0,1,0,0,1,2,0,1,0,0.13458679200440304,True
2,3,0,1,0,0,1,2,1,0,0,1.0,False
2,3,0,1,0,0,1,3,0,0,0,1.0,False
2,3,0,1,0,0,2,0,0,0,2,0.9599999999999996,False
2,3,0,1,0,0,2,0,0,1,1,0.9799999999999998,False
2,3,0,1,0,0,2,0,0,2,0,0.654021085759264,False
2,3,0,1,0,0,2,0,1,0,1,0.9799999999999998,False
2,3,0,1,0,0,2,0,1,1,0,0.9919257751464841,False
2,3,0,1,0,0,2,0,2,0,0,1.0,False
2,3,0,1,0,0,2,1,0,0,1,0.9799999999999998,False
2,3,0,1,0,0,2,1,0,1,0,0.6589667531692706,False
2,3,0,1,0,0,2,1,1,0,0,1.0,False
2,3,0,1,0,0,2,2,0,0,0,1.0,False
2,3,0,1,0,0,3,0,0,0,1,0.9799999999999998,False
2,3,0,1,0,0,3,0,0,1,0,0.9913930648803714,False
2,3,0,1,0,0,3,0,1,0,0,1.0,False
2,3,0,1,0,0,3,1,0,0,0,1.0,False
2,3,0,1,0,0,4,0,0,0,0,1.0,False
2,3,1,0,0,0,0,0,0,0,4,0.9199999999999993,False
2,3,1,0,0,0,0,0,0,1,3,0.9399999999999994,False
2,3,1,0,0,0,0,0,0,2,2,0.9599999999999996,False
2,3,1,0,0,0,0,0,0,3,1,0.9799999999999998,False
2,3,1,0,0,0,0,0,0,4,0,0.07670738794865314,True
2,3,1,0,0,0,0,0,1,0,3,0.9399999999999994,False
2,3,1,0,0,0,0,0,1,1,2,0.9599999999999996,False
2,3,1,0,0,0,0,0,1,2,1,0.9799999999999998,False
2,3,1,0,0,0,0,0,1,3,0,0.09036818648847345,True
2,3,1,0,0,0,0,0,2,0,2,0.9599999999999996,False
2,3,1,0,0,0,0,0,2,1,1,0.9799999999999998,False
2,3,1,0,0,0,0,0,2,2,0,0.1311089108526063,True
2,3,1,0,0,0,0,0,3,0,1,0.9799999999999998,False
2,3,1,0,0,0,0,0,3,1,0,0.6602711713321894,False
2,3,1,0,0,0,0,0,4,0,0,1.0,False
2,3,1,0,0,0,0,1,0,0,3,0.9399999999999994,False
2,3,1,0,0,0,0,1,0,1,2,0.9599999999999996,False
2,3,1,0,0,0,0,1,0,2,1,0.9799999999999998,False
2,3,1,0,0,0,0,1,0,3,0,0.07959684156473495,True
2,3,1,0,0,0,0,1,1,0,2,0.9599999999999996,False
2,3,1,0,0,0,0,1,1,1,1,0.9799999999999998,False
2,3,1,0,0,0,0,1,1,2,0,0.09408521921583042,True
2,3,1,0,0,0,0,1,2,0,1,0.9799999999999998,False
2,3,1,0,0,0,0,1,2,1,0,0.13512421834481053,True
2,3,1,0,0,0,0,1,3,0,0,1.0,False
2,3,1,0,0,0,0,2,0,0,2,0.9599999999999996,False
2,3,1,0,0,0,0,2,0,1,1,0.9799999999999998,False
2,3,1,0,0,0,0,2,0,2,0,0.082001969424243,True
2,3,1,0,0,0,0,2,1,0,1,0.9799999999999998,False
2,3,1,0,0,0,0,2,1,1,0,0.0961228541437403,True
2,3,1,0,0,0,0,2,2,0,0,1.0,False
2,3,1,0,0,0,0,3,0,0,1,0.9799999999999998,False
2,3,1,0,0,0,0,3,0,1,0,0.08316295079267534,True
2,3,1,0,0,0,0,3,1,0,0,1.0,False
2,3,1,0,0,0,0,4,0,0,0,1.0,False
2,3,1,0,0,0,1,0,0,0,3,0.9399999999999994,False
2,3,1,0,0,0,1,0,0,1,2,0.9599999999999996,False
2,3,1,0,0,0,1,0,0,2,1,0.9799999999999998,False
2,3,1,0,0,0,1,0,0,3,0,0.09036818648847345,True
2,3,1,0,0,0,1,0,1,0,2,0.9599999999999996,False
2,3,1,0,0,0,1,0,1,1,1,0.9799999999999998,False
2,3,1,0,0,0,1,0,1,2,0,0.1311089108526063,True
2,3,1,0,0,0,1,0,2,0,1,0.9799999999999998,False
2,3,1,0,0,0,1,0,2,1,0,0.6596267554668831,False
2,3,1,0,0,0,1,0,3,0,0,1.0,False
2,3,1,0,0,0,1,1,0,0,2,0.9599999999999996,False
2,3,1,0,0,0,1,1,0,1,1,0.9799999999999998,False
2,3,1,0,0,0,1,1,0,2,0,0.09408521921583042,True
2,3,1,0,0,0,1,1,1,0,1,0.9799999999999998,False
2,3,1,0,0,0,1,1,1,1,0,0.13458679200440304,True
2,3,1,0,0,0,1,1,2,0,0,1.0,False
2,3,1,0,0,0,1,2,0,0,1,0.9799999999999998,False
2,3,1,0,0,0,1,2,0,1,0,0.09577940304640327,True
2,3,1,0,0,0,1,2,1,0,0,1.0,False
2,3,1,0,0,0,1,3,0,0,0,1.0,False
2,3,1,0,0,0,2,0,0,0,2,0.9599999999999996,False
2,3,1,0,0,0,2,0,0,1,1,0.9799999999999998,False
2,3,1,0,0,0,2,0,0,2,0,0.1311089108526063,True
2,3,1,0,0,0,2,0,1,0,1,0.9799999999999998,False
2,3,1,0,0,0,2,0,1,1,0,0.6589667531692706,False
2,3,1,0,0,0,2,0,2,0,0,1.0,False
2,3,1,0,0,0,2,1,0,0,1,0.9799999999999998,False
2,3,1,0,0,0,2,1,0,1,0,0.13404153287771328,True
2,3,1,0,0,0,2,1,1,0,0,1.0,False
2,3,1,0,0,0,2,2,0,0,0,1.0,False
2,3,1,0,0,0,3,0,0,0,1,0.9799999999999998,False
2,3,1,0,0,0,3,0,0,1,0,0.6582907965727761,False
2,3,1,0,0,0,3,0,1,0,0,1.0,False
2,3,1,0,0,0,3,1,0,0,0,1.0,False
2,3,1,0,0,0,4,0,0,0,0,1.0,False
2,4,0,0,0,0,0,0,0,0,4,0.9199999999999993,False
2,4,0,0,0,0,0,0,0,1,3,0.9399999999999994,False
2,4,0,0,0,0,0,0,0,2,2,0.9599999999999996,False
2,4,0,0,0,0,0,0,0,3,1,0.9799999999999998,False
2,4,0,0,0,0,0,0,0,4,0,0.08593565243445098,True
2,4,0,0,0,0,0,0,1,0,3,0.9399999999999994,False
2,4,0,0,0,0,0,0,1,1,2,0.9599999999999996,False
2,4,0,0,0,0,0,0,1,2,1,0.9799999999999998,False
2,4,0,0,0,0,0,0,1,3,0,0.12419780238092583,True
2,4,0,0,0,0,0,0,2,0,2,0.9599999999999996,False
2,4,0,0,0,0,0,0,2,1,1,0.9799999999999998,False
2,4,0,0,0,0,0,0,2,2,0,0.654021085759264,False
2,4,0,0,0,0,0,0,3,0,1,0.9799999999999998,False
2,4,0,0,0,0,0,0,3,1,0,0.9923793807983395,False
2,4,0,0,0,0,0,0,4,0,0,1.0,False
2,4,0,0,0,0,0,1,0,0,3,0.9399999999999994,False
2,4,0,0,0,0,0,1,0,1,2,0.9599999999999996,False
2,4,0,0,0,0,0,1,0,2,1,0.9799999999999998,False
2,4,0,0,0,0,0,1,0,3,0,0.09036818648847345,True
2,4,0,0,0,0,0,1,1,0,2,0.9599999999999996,False
2,4,0,0,0,0,0,1,1,1,1,0.9799999999999998,False
2,4,0,0,0,0,0,1,1,2,0,0.1311089108526063,True
2,4,0,0,0,0,0,1,2,0,1,0.9799999999999998,False
2,4,0,0,0,0,0,1,2,1,0,0.6596267554668831,False
2,4,0,0,0,0,0,1,3,0,0,1.0,False
2,4,0,0,0,0,0,2,0,0,2,0.9599999999999996,False
2,4,0,0,0,0,0,2,0,1,1,0.9799999999999998,False
2,4,0,0,0,0,0,2,0,2,0,0.09408521921583042,True
2,4,0,0,0,0,0,2,1,0,1,0.9799999999999998,False
2,4,0,0,0,0,0,2,1,1,0,0.13458679200440304,True
2,4,0,0,0,0,0,2,2,0,0,1.0,False
2,4,0,0,0,0,0,3,0,0,1,0.9799999999999998,False
2,4,0,0,0,0,0,3,0,1,0,0.09577940304640327,True
2,4,0,0,0,0,0,3,1,0,0,1.0,False
2,4,0,0,0,0,0,4,0,0,0,1.0,False
2,4,0,0,0,0,1,0,0,0,3,0.9399999999999994,False
2,4,0,0,0,0,1,0,0,1,2,0.9599999999999996,False
2,4,0,0,0,0,1,0,0,2,1,0.9799999999999998,False
2,4,0,0,0,0,1,0,0,3,0,0.12419780238092583,True
2,4,0,0,0,0,1,0,1,0,2,0.9599999999999996,False
2,4,0,0,0,0,1,0,1,1,1,0.9799999999999998,False
2,4,0,0,0,0,1,0,1,2,0,0.654021085759264,False
2,4,0,0,0,0,1,0,2,0,1,0.9799999999999998,False
2,4,0,0,0,0,1,0,2,1,0,0.9919257751464841,False
2,4,0,0,0,0,1,0,3,0,0,1.0,False
2,4,0,0,0,0,1,1,0,0,2,0.9599999999999996,False
2,4,0,0,0,0,1,1,0,1,1,0.9799999999999998,False
2,4,0,0,0,0,1,1,0,2,0,0.1311089108526063,True
2,4,0,0,0,0,1,1,1,0,1,0.9799999999999998,False
2,4,0,0,0,0,1,1,1,1,0,0.6589667531692706,False
2,4,0,0,0,0,1,1,2,0,0,1.0,False
2,4,0,0,0,0,1,2,0,0,1,0.9799999999999998,False
2,4,0,0,0,0,1,2,0,1,0,0.13404153287771328,True
2,4,0,0,0,0,1,2,1,0,0,1.0,False
2,4,0,0,0,0,1,3,0,0,0,1.0,False
2,4,0,0,0,0,2,0,0,0,2,0.9599999999999996,False
2,4,0,0,0,0,2,0,0,1,1,0.9799999999999998,False
2,4,0,0,0,0,2,0,0,2,0,0.654021085759264,False
2,4,0,0,0,0,2,0,1,0,1,0.9799999999999998,False
2,4,0,0,0,0,2,0,1,1,0,0.9913930648803714,False
2,4,0,0,0,0,2,0,2,0,0,1.0,False
2,4,0,0,0,0,2,1,0,0,1,0.9799999999999998,False
2,4,0,0,0,0,2,1,0,1,0,0.6582907965727761,False
2,4,0,0,0,0,2,1,1,0,0,1.0,False
2,4,0,0,0,0,2,2,0,0,0,1.0,False
2,4,0,0,0,0,3,0,0,0,1,0.9799999999999998,False
2,4,0,0,0,0,3,0,0,1,0,0.99078125,False
2,4,0,0,0,0,3,0,1,0,0,1.0,False
2,4,0,0,0,0,3,1,0,0,0,1.0,False
2,4,0,0,0,0,4,0,0,0,0,1.0,False
